ISO-10303-21;
HEADER;
/* Generated by software containing ST-Developer
 * from STEP Tools, Inc. (www.steptools.com) 
 */
/* OPTION: using custom renumber hook */

FILE_DESCRIPTION(
/* description */ ('STEP AP242 Edition 2',
'CAx-IF Rec.Pracs.---Representation and Presentation of Product Manufa
cturing Information (PMI)---4.0---2014-10-13',
'CAx-IF Rec.Pracs.---3D Tessellated Geometry---0.4---2014-09-14','2;1',
'CAx-IF Rec.Pracs.---User Defined Attributes---1.5---2016-08-15'),
/* implementation_level */ '2;1');

FILE_NAME(
/* name */ 'Case - Bottom_shell',
/* time_stamp */ '2026-09-21T04:08:50Z',
/* author */ (''),
/* organization */ (''),
/* preprocessor_version */ 'ST-DEVELOPER v20',
/* originating_system */ 'ONSHAPE BY PTC INC, 1.221',
/* authorisation */ '  ');

FILE_SCHEMA (('AP242_MANAGED_MODEL_BASED_3D_ENGINEERING_MIM_LF { 1 0 10303 442 3 1 4 }'));
ENDSEC;

DATA;
#10=SHAPE_REPRESENTATION_RELATIONSHIP('','',#1727,#11);
#11=ADVANCED_BREP_SHAPE_REPRESENTATION('',(#1725),#3014);
#12=TOROIDAL_SURFACE('',#1880,0.00120927192823269,0.0004);
#13=TOROIDAL_SURFACE('',#1887,0.0012092719282327,0.0004);
#14=TOROIDAL_SURFACE('',#1888,0.00120927192823269,0.0004);
#15=TOROIDAL_SURFACE('',#1895,0.0012092719282327,0.0004);
#16=DEGENERATE_TOROIDAL_SURFACE('',#1838,0.002,0.003,.T.);
#17=DEGENERATE_TOROIDAL_SURFACE('',#1845,0.002,0.003,.T.);
#18=DEGENERATE_TOROIDAL_SURFACE('',#1847,0.002,0.003,.T.);
#19=DEGENERATE_TOROIDAL_SURFACE('',#1853,0.002,0.003,.T.);
#20=DEGENERATE_TOROIDAL_SURFACE('',#1857,2.4999999999987E-5,0.00085,.T.);
#21=DEGENERATE_TOROIDAL_SURFACE('',#1865,2.50000000000009E-5,0.00085,.T.);
#22=DEGENERATE_TOROIDAL_SURFACE('',#1870,2.4999999999987E-5,0.00085,.T.);
#23=DEGENERATE_TOROIDAL_SURFACE('',#1878,2.50000000000009E-5,0.00085,.T.);
#24=CONICAL_SURFACE('',#1827,0.004,0.785398163397439);
#25=CONICAL_SURFACE('',#1829,0.004,0.785398163397438);
#26=CONICAL_SURFACE('',#1833,0.004,0.785398163397438);
#27=CONICAL_SURFACE('',#1835,0.004,0.785398163397438);
#28=CONICAL_SURFACE('',#1897,0.00234999999616329,0.785398163397448);
#29=CONICAL_SURFACE('',#1899,0.00234999999616329,0.785398163397448);
#30=CONICAL_SURFACE('',#1901,0.00234999999616329,0.785398163397448);
#31=CONICAL_SURFACE('',#1903,0.00234999999616329,0.785398163397448);
#32=CONICAL_SURFACE('',#1922,0.00225,0.785398163397449);
#33=CONICAL_SURFACE('',#1923,0.00225,0.785398163397449);
#34=CONICAL_SURFACE('',#1924,0.0021,0.785398163397446);
#35=CONICAL_SURFACE('',#1925,0.0021,0.785398163397446);
#36=CONICAL_SURFACE('',#1926,0.0012,0.785398163397448);
#37=SPHERICAL_SURFACE('',#1812,0.002);
#38=SPHERICAL_SURFACE('',#1818,0.002);
#39=SPHERICAL_SURFACE('',#1819,0.002);
#40=SPHERICAL_SURFACE('',#1825,0.002);
#41=ELLIPSE('',#1786,0.00784888527117071,0.00555);
#42=ELLIPSE('',#1787,0.00784888527117071,0.00555);
#43=CIRCLE('',#1732,0.002);
#44=CIRCLE('',#1734,0.002);
#45=CIRCLE('',#1736,0.0012092719282327);
#46=CIRCLE('',#1737,0.00120927192823269);
#47=CIRCLE('',#1739,0.0012092719282327);
#48=CIRCLE('',#1740,0.00120927192823269);
#49=CIRCLE('',#1746,0.0026);
#50=CIRCLE('',#1747,0.0026);
#51=CIRCLE('',#1748,0.004);
#52=CIRCLE('',#1749,0.004);
#53=CIRCLE('',#1750,0.004);
#54=CIRCLE('',#1751,0.004);
#55=CIRCLE('',#1753,0.00284999999616329);
#56=CIRCLE('',#1754,0.00284999999616329);
#57=CIRCLE('',#1755,0.00284999999616329);
#58=CIRCLE('',#1756,0.00284999999616329);
#59=CIRCLE('',#1757,0.005);
#60=CIRCLE('',#1758,0.005);
#61=CIRCLE('',#1759,0.005);
#62=CIRCLE('',#1760,0.005);
#63=CIRCLE('',#1762,0.0012);
#64=CIRCLE('',#1763,0.0012);
#65=CIRCLE('',#1764,0.00225);
#66=CIRCLE('',#1765,0.002);
#67=CIRCLE('',#1766,0.002);
#68=CIRCLE('',#1767,0.00225);
#69=CIRCLE('',#1768,0.00234999999616329);
#70=CIRCLE('',#1769,0.00234999999616329);
#71=CIRCLE('',#1770,0.00234999999616329);
#72=CIRCLE('',#1771,0.00234999999616329);
#73=CIRCLE('',#1772,0.002);
#74=CIRCLE('',#1773,0.002);
#75=CIRCLE('',#1776,0.00555);
#76=CIRCLE('',#1778,0.00275);
#77=CIRCLE('',#1779,0.00275);
#78=CIRCLE('',#1782,0.00555);
#79=CIRCLE('',#1789,0.005);
#80=CIRCLE('',#1791,0.005);
#81=CIRCLE('',#1793,0.005);
#82=CIRCLE('',#1795,0.005);
#83=CIRCLE('',#1797,0.002);
#84=CIRCLE('',#1799,0.002);
#85=CIRCLE('',#1801,0.002);
#86=CIRCLE('',#1803,0.002);
#87=CIRCLE('',#1805,0.00284999999616329);
#88=CIRCLE('',#1807,0.00284999999616329);
#89=CIRCLE('',#1809,0.00284999999616329);
#90=CIRCLE('',#1811,0.00284999999616329);
#91=CIRCLE('',#1813,0.002);
#92=CIRCLE('',#1814,0.002);
#93=CIRCLE('',#1816,0.002);
#94=CIRCLE('',#1820,0.002);
#95=CIRCLE('',#1822,0.002);
#96=CIRCLE('',#1824,0.002);
#97=CIRCLE('',#1828,0.00412132034355966);
#98=CIRCLE('',#1830,0.00412132034355967);
#99=CIRCLE('',#1834,0.00412132034355967);
#100=CIRCLE('',#1836,0.00412132034355967);
#101=CIRCLE('',#1839,0.003);
#102=CIRCLE('',#1840,0.003);
#103=CIRCLE('',#1842,0.003);
#104=CIRCLE('',#1844,0.003);
#105=CIRCLE('',#1846,0.003);
#106=CIRCLE('',#1848,0.003);
#107=CIRCLE('',#1850,0.003);
#108=CIRCLE('',#1852,0.003);
#109=CIRCLE('',#1855,2.4999999999987E-5);
#110=CIRCLE('',#1856,2.50000000000009E-5);
#111=CIRCLE('',#1858,0.00085);
#112=CIRCLE('',#1859,0.000830304911198224);
#113=CIRCLE('',#1860,0.00085);
#114=CIRCLE('',#1862,0.00085);
#115=CIRCLE('',#1864,0.00085);
#116=CIRCLE('',#1866,0.000830304911198238);
#117=CIRCLE('',#1868,2.50000000000009E-5);
#118=CIRCLE('',#1869,2.4999999999987E-5);
#119=CIRCLE('',#1871,0.00085);
#120=CIRCLE('',#1872,0.000830304911198224);
#121=CIRCLE('',#1873,0.00085);
#122=CIRCLE('',#1875,0.00085);
#123=CIRCLE('',#1877,0.00085);
#124=CIRCLE('',#1879,0.000830304911198237);
#125=CIRCLE('',#1881,0.0004);
#126=CIRCLE('',#1882,0.0004);
#127=CIRCLE('',#1884,0.0004);
#128=CIRCLE('',#1886,0.0004);
#129=CIRCLE('',#1889,0.0004);
#130=CIRCLE('',#1890,0.0004);
#131=CIRCLE('',#1892,0.0004);
#132=CIRCLE('',#1894,0.0004);
#133=CIRCLE('',#1906,0.00275);
#134=CIRCLE('',#1908,0.00275);
#135=CIRCLE('',#1910,0.0012);
#136=CIRCLE('',#1912,0.0012);
#137=CIRCLE('',#1914,0.0021);
#138=CIRCLE('',#1915,0.0021);
#139=CIRCLE('',#1918,0.0021);
#140=CIRCLE('',#1919,0.0021);
#141=CIRCLE('',#1921,0.0017);
#142=CYLINDRICAL_SURFACE('',#1731,0.002);
#143=CYLINDRICAL_SURFACE('',#1733,0.002);
#144=CYLINDRICAL_SURFACE('',#1785,0.00555);
#145=CYLINDRICAL_SURFACE('',#1788,0.005);
#146=CYLINDRICAL_SURFACE('',#1790,0.005);
#147=CYLINDRICAL_SURFACE('',#1792,0.005);
#148=CYLINDRICAL_SURFACE('',#1794,0.005);
#149=CYLINDRICAL_SURFACE('',#1796,0.002);
#150=CYLINDRICAL_SURFACE('',#1798,0.002);
#151=CYLINDRICAL_SURFACE('',#1800,0.002);
#152=CYLINDRICAL_SURFACE('',#1802,0.002);
#153=CYLINDRICAL_SURFACE('',#1804,0.00284999999616329);
#154=CYLINDRICAL_SURFACE('',#1806,0.00284999999616329);
#155=CYLINDRICAL_SURFACE('',#1808,0.00284999999616329);
#156=CYLINDRICAL_SURFACE('',#1810,0.00284999999616329);
#157=CYLINDRICAL_SURFACE('',#1815,0.002);
#158=CYLINDRICAL_SURFACE('',#1817,0.002);
#159=CYLINDRICAL_SURFACE('',#1821,0.002);
#160=CYLINDRICAL_SURFACE('',#1823,0.002);
#161=CYLINDRICAL_SURFACE('',#1841,0.003);
#162=CYLINDRICAL_SURFACE('',#1843,0.003);
#163=CYLINDRICAL_SURFACE('',#1849,0.003);
#164=CYLINDRICAL_SURFACE('',#1851,0.003);
#165=CYLINDRICAL_SURFACE('',#1861,0.00085);
#166=CYLINDRICAL_SURFACE('',#1863,0.00085);
#167=CYLINDRICAL_SURFACE('',#1874,0.00085);
#168=CYLINDRICAL_SURFACE('',#1876,0.00085);
#169=CYLINDRICAL_SURFACE('',#1883,0.0004);
#170=CYLINDRICAL_SURFACE('',#1885,0.0004);
#171=CYLINDRICAL_SURFACE('',#1891,0.0004);
#172=CYLINDRICAL_SURFACE('',#1893,0.0004);
#173=CYLINDRICAL_SURFACE('',#1905,0.00275);
#174=CYLINDRICAL_SURFACE('',#1907,0.00275);
#175=CYLINDRICAL_SURFACE('',#1909,0.0012);
#176=CYLINDRICAL_SURFACE('',#1911,0.0012);
#177=CYLINDRICAL_SURFACE('',#1913,0.0021);
#178=CYLINDRICAL_SURFACE('',#1917,0.0021);
#179=B_SPLINE_CURVE_WITH_KNOTS('',3,(#2491,#2492,#2493,#2494),
 .UNSPECIFIED.,.F.,.F.,(4,4),(0.,0.000733296025083881),.UNSPECIFIED.);
#180=B_SPLINE_CURVE_WITH_KNOTS('',3,(#2505,#2506,#2507,#2508),
 .UNSPECIFIED.,.F.,.F.,(4,4),(0.,0.000733296025083881),.UNSPECIFIED.);
#181=B_SPLINE_CURVE_WITH_KNOTS('',3,(#2516,#2517,#2518,#2519,#2520),
 .UNSPECIFIED.,.F.,.F.,(4,1,4),(0.,0.00158149477523507,0.00316298955047014),
 .UNSPECIFIED.);
#182=B_SPLINE_CURVE_WITH_KNOTS('',3,(#2529,#2530,#2531,#2532,#2533),
 .UNSPECIFIED.,.F.,.F.,(4,1,4),(0.,0.00158149477523508,0.00316298955047015),
 .UNSPECIFIED.);
#183=B_SPLINE_CURVE_WITH_KNOTS('',3,(#2741,#2742,#2743,#2744),
 .UNSPECIFIED.,.F.,.F.,(4,4),(0.,0.000733296025083885),.UNSPECIFIED.);
#184=B_SPLINE_CURVE_WITH_KNOTS('',3,(#2759,#2760,#2761,#2762),
 .UNSPECIFIED.,.F.,.F.,(4,4),(0.,0.000733296025083881),.UNSPECIFIED.);
#185=B_SPLINE_CURVE_WITH_KNOTS('',3,(#2799,#2800,#2801,#2802,#2803,#2804),
 .UNSPECIFIED.,.F.,.F.,(4,1,1,4),(0.,0.000791043581979389,0.00158208716395878,
0.00316417432791755),.UNSPECIFIED.);
#186=B_SPLINE_CURVE_WITH_KNOTS('',3,(#2809,#2810,#2811,#2812,#2813,#2814),
 .UNSPECIFIED.,.F.,.F.,(4,1,1,4),(0.,0.000791043581979388,0.00158208716395878,
0.00316417432791755),.UNSPECIFIED.);
#187=ORIENTED_EDGE('',*,*,#667,.F.);
#188=ORIENTED_EDGE('',*,*,#668,.T.);
#189=ORIENTED_EDGE('',*,*,#669,.F.);
#190=ORIENTED_EDGE('',*,*,#670,.T.);
#191=ORIENTED_EDGE('',*,*,#671,.T.);
#192=ORIENTED_EDGE('',*,*,#672,.T.);
#193=ORIENTED_EDGE('',*,*,#673,.T.);
#194=ORIENTED_EDGE('',*,*,#674,.T.);
#195=ORIENTED_EDGE('',*,*,#675,.T.);
#196=ORIENTED_EDGE('',*,*,#676,.T.);
#197=ORIENTED_EDGE('',*,*,#675,.F.);
#198=ORIENTED_EDGE('',*,*,#677,.T.);
#199=ORIENTED_EDGE('',*,*,#678,.F.);
#200=ORIENTED_EDGE('',*,*,#679,.F.);
#201=ORIENTED_EDGE('',*,*,#680,.F.);
#202=ORIENTED_EDGE('',*,*,#681,.T.);
#203=ORIENTED_EDGE('',*,*,#682,.F.);
#204=ORIENTED_EDGE('',*,*,#683,.T.);
#205=ORIENTED_EDGE('',*,*,#684,.T.);
#206=ORIENTED_EDGE('',*,*,#685,.T.);
#207=ORIENTED_EDGE('',*,*,#686,.T.);
#208=ORIENTED_EDGE('',*,*,#687,.T.);
#209=ORIENTED_EDGE('',*,*,#688,.T.);
#210=ORIENTED_EDGE('',*,*,#689,.T.);
#211=ORIENTED_EDGE('',*,*,#690,.T.);
#212=ORIENTED_EDGE('',*,*,#691,.T.);
#213=ORIENTED_EDGE('',*,*,#692,.T.);
#214=ORIENTED_EDGE('',*,*,#693,.T.);
#215=ORIENTED_EDGE('',*,*,#694,.T.);
#216=ORIENTED_EDGE('',*,*,#695,.T.);
#217=ORIENTED_EDGE('',*,*,#696,.T.);
#218=ORIENTED_EDGE('',*,*,#697,.T.);
#219=ORIENTED_EDGE('',*,*,#698,.T.);
#220=ORIENTED_EDGE('',*,*,#699,.F.);
#221=ORIENTED_EDGE('',*,*,#700,.T.);
#222=ORIENTED_EDGE('',*,*,#701,.T.);
#223=ORIENTED_EDGE('',*,*,#702,.T.);
#224=ORIENTED_EDGE('',*,*,#703,.T.);
#225=ORIENTED_EDGE('',*,*,#704,.T.);
#226=ORIENTED_EDGE('',*,*,#705,.T.);
#227=ORIENTED_EDGE('',*,*,#706,.T.);
#228=ORIENTED_EDGE('',*,*,#707,.T.);
#229=ORIENTED_EDGE('',*,*,#708,.T.);
#230=ORIENTED_EDGE('',*,*,#709,.T.);
#231=ORIENTED_EDGE('',*,*,#710,.T.);
#232=ORIENTED_EDGE('',*,*,#711,.F.);
#233=ORIENTED_EDGE('',*,*,#712,.T.);
#234=ORIENTED_EDGE('',*,*,#713,.T.);
#235=ORIENTED_EDGE('',*,*,#714,.T.);
#236=ORIENTED_EDGE('',*,*,#715,.F.);
#237=ORIENTED_EDGE('',*,*,#716,.T.);
#238=ORIENTED_EDGE('',*,*,#717,.T.);
#239=ORIENTED_EDGE('',*,*,#718,.T.);
#240=ORIENTED_EDGE('',*,*,#719,.T.);
#241=ORIENTED_EDGE('',*,*,#720,.T.);
#242=ORIENTED_EDGE('',*,*,#721,.T.);
#243=ORIENTED_EDGE('',*,*,#722,.T.);
#244=ORIENTED_EDGE('',*,*,#723,.T.);
#245=ORIENTED_EDGE('',*,*,#724,.T.);
#246=ORIENTED_EDGE('',*,*,#725,.T.);
#247=ORIENTED_EDGE('',*,*,#726,.F.);
#248=ORIENTED_EDGE('',*,*,#727,.T.);
#249=ORIENTED_EDGE('',*,*,#699,.T.);
#250=ORIENTED_EDGE('',*,*,#728,.T.);
#251=ORIENTED_EDGE('',*,*,#729,.T.);
#252=ORIENTED_EDGE('',*,*,#730,.T.);
#253=ORIENTED_EDGE('',*,*,#691,.F.);
#254=ORIENTED_EDGE('',*,*,#731,.T.);
#255=ORIENTED_EDGE('',*,*,#715,.T.);
#256=ORIENTED_EDGE('',*,*,#732,.T.);
#257=ORIENTED_EDGE('',*,*,#707,.F.);
#258=ORIENTED_EDGE('',*,*,#733,.T.);
#259=ORIENTED_EDGE('',*,*,#703,.F.);
#260=ORIENTED_EDGE('',*,*,#734,.T.);
#261=ORIENTED_EDGE('',*,*,#711,.T.);
#262=ORIENTED_EDGE('',*,*,#735,.T.);
#263=ORIENTED_EDGE('',*,*,#736,.T.);
#264=ORIENTED_EDGE('',*,*,#737,.T.);
#265=ORIENTED_EDGE('',*,*,#738,.T.);
#266=ORIENTED_EDGE('',*,*,#672,.F.);
#267=ORIENTED_EDGE('',*,*,#739,.T.);
#268=ORIENTED_EDGE('',*,*,#740,.T.);
#269=ORIENTED_EDGE('',*,*,#741,.T.);
#270=ORIENTED_EDGE('',*,*,#669,.T.);
#271=ORIENTED_EDGE('',*,*,#742,.T.);
#272=ORIENTED_EDGE('',*,*,#743,.T.);
#273=ORIENTED_EDGE('',*,*,#744,.T.);
#274=ORIENTED_EDGE('',*,*,#745,.T.);
#275=ORIENTED_EDGE('',*,*,#746,.T.);
#276=ORIENTED_EDGE('',*,*,#747,.T.);
#277=ORIENTED_EDGE('',*,*,#748,.T.);
#278=ORIENTED_EDGE('',*,*,#749,.T.);
#279=ORIENTED_EDGE('',*,*,#750,.T.);
#280=ORIENTED_EDGE('',*,*,#751,.T.);
#281=ORIENTED_EDGE('',*,*,#752,.T.);
#282=ORIENTED_EDGE('',*,*,#753,.T.);
#283=ORIENTED_EDGE('',*,*,#754,.T.);
#284=ORIENTED_EDGE('',*,*,#755,.T.);
#285=ORIENTED_EDGE('',*,*,#756,.T.);
#286=ORIENTED_EDGE('',*,*,#757,.F.);
#287=ORIENTED_EDGE('',*,*,#758,.T.);
#288=ORIENTED_EDGE('',*,*,#759,.F.);
#289=ORIENTED_EDGE('',*,*,#726,.T.);
#290=ORIENTED_EDGE('',*,*,#760,.T.);
#291=ORIENTED_EDGE('',*,*,#761,.T.);
#292=ORIENTED_EDGE('',*,*,#762,.T.);
#293=ORIENTED_EDGE('',*,*,#763,.T.);
#294=ORIENTED_EDGE('',*,*,#764,.T.);
#295=ORIENTED_EDGE('',*,*,#765,.T.);
#296=ORIENTED_EDGE('',*,*,#766,.T.);
#297=ORIENTED_EDGE('',*,*,#729,.F.);
#298=ORIENTED_EDGE('',*,*,#767,.T.);
#299=ORIENTED_EDGE('',*,*,#768,.F.);
#300=ORIENTED_EDGE('',*,*,#769,.T.);
#301=ORIENTED_EDGE('',*,*,#770,.T.);
#302=ORIENTED_EDGE('',*,*,#771,.F.);
#303=ORIENTED_EDGE('',*,*,#772,.F.);
#304=ORIENTED_EDGE('',*,*,#773,.T.);
#305=ORIENTED_EDGE('',*,*,#774,.T.);
#306=ORIENTED_EDGE('',*,*,#775,.F.);
#307=ORIENTED_EDGE('',*,*,#682,.T.);
#308=ORIENTED_EDGE('',*,*,#776,.T.);
#309=ORIENTED_EDGE('',*,*,#777,.T.);
#310=ORIENTED_EDGE('',*,*,#778,.T.);
#311=ORIENTED_EDGE('',*,*,#678,.T.);
#312=ORIENTED_EDGE('',*,*,#779,.T.);
#313=ORIENTED_EDGE('',*,*,#780,.T.);
#314=ORIENTED_EDGE('',*,*,#781,.T.);
#315=ORIENTED_EDGE('',*,*,#740,.F.);
#316=ORIENTED_EDGE('',*,*,#782,.T.);
#317=ORIENTED_EDGE('',*,*,#783,.T.);
#318=ORIENTED_EDGE('',*,*,#784,.T.);
#319=ORIENTED_EDGE('',*,*,#743,.F.);
#320=ORIENTED_EDGE('',*,*,#785,.T.);
#321=ORIENTED_EDGE('',*,*,#786,.F.);
#322=ORIENTED_EDGE('',*,*,#680,.T.);
#323=ORIENTED_EDGE('',*,*,#787,.T.);
#324=ORIENTED_EDGE('',*,*,#755,.F.);
#325=ORIENTED_EDGE('',*,*,#788,.F.);
#326=ORIENTED_EDGE('',*,*,#789,.T.);
#327=ORIENTED_EDGE('',*,*,#757,.T.);
#328=ORIENTED_EDGE('',*,*,#790,.T.);
#329=ORIENTED_EDGE('',*,*,#791,.T.);
#330=ORIENTED_EDGE('',*,*,#792,.T.);
#331=ORIENTED_EDGE('',*,*,#793,.T.);
#332=ORIENTED_EDGE('',*,*,#759,.T.);
#333=ORIENTED_EDGE('',*,*,#794,.T.);
#334=ORIENTED_EDGE('',*,*,#795,.T.);
#335=ORIENTED_EDGE('',*,*,#754,.F.);
#336=ORIENTED_EDGE('',*,*,#796,.T.);
#337=ORIENTED_EDGE('',*,*,#764,.F.);
#338=ORIENTED_EDGE('',*,*,#797,.T.);
#339=ORIENTED_EDGE('',*,*,#744,.F.);
#340=ORIENTED_EDGE('',*,*,#788,.T.);
#341=ORIENTED_EDGE('',*,*,#714,.F.);
#342=ORIENTED_EDGE('',*,*,#798,.T.);
#343=ORIENTED_EDGE('',*,*,#704,.F.);
#344=ORIENTED_EDGE('',*,*,#732,.F.);
#345=ORIENTED_EDGE('',*,*,#706,.F.);
#346=ORIENTED_EDGE('',*,*,#799,.T.);
#347=ORIENTED_EDGE('',*,*,#700,.F.);
#348=ORIENTED_EDGE('',*,*,#733,.F.);
#349=ORIENTED_EDGE('',*,*,#702,.F.);
#350=ORIENTED_EDGE('',*,*,#800,.T.);
#351=ORIENTED_EDGE('',*,*,#708,.F.);
#352=ORIENTED_EDGE('',*,*,#734,.F.);
#353=ORIENTED_EDGE('',*,*,#710,.F.);
#354=ORIENTED_EDGE('',*,*,#801,.T.);
#355=ORIENTED_EDGE('',*,*,#712,.F.);
#356=ORIENTED_EDGE('',*,*,#735,.F.);
#357=ORIENTED_EDGE('',*,*,#676,.F.);
#358=ORIENTED_EDGE('',*,*,#802,.T.);
#359=ORIENTED_EDGE('',*,*,#782,.F.);
#360=ORIENTED_EDGE('',*,*,#739,.F.);
#361=ORIENTED_EDGE('',*,*,#789,.F.);
#362=ORIENTED_EDGE('',*,*,#803,.T.);
#363=ORIENTED_EDGE('',*,*,#794,.F.);
#364=ORIENTED_EDGE('',*,*,#758,.F.);
#365=ORIENTED_EDGE('',*,*,#787,.F.);
#366=ORIENTED_EDGE('',*,*,#804,.T.);
#367=ORIENTED_EDGE('',*,*,#790,.F.);
#368=ORIENTED_EDGE('',*,*,#756,.F.);
#369=ORIENTED_EDGE('',*,*,#784,.F.);
#370=ORIENTED_EDGE('',*,*,#805,.T.);
#371=ORIENTED_EDGE('',*,*,#670,.F.);
#372=ORIENTED_EDGE('',*,*,#741,.F.);
#373=ORIENTED_EDGE('',*,*,#690,.F.);
#374=ORIENTED_EDGE('',*,*,#806,.T.);
#375=ORIENTED_EDGE('',*,*,#760,.F.);
#376=ORIENTED_EDGE('',*,*,#731,.F.);
#377=ORIENTED_EDGE('',*,*,#762,.F.);
#378=ORIENTED_EDGE('',*,*,#807,.T.);
#379=ORIENTED_EDGE('',*,*,#696,.F.);
#380=ORIENTED_EDGE('',*,*,#727,.F.);
#381=ORIENTED_EDGE('',*,*,#766,.F.);
#382=ORIENTED_EDGE('',*,*,#808,.T.);
#383=ORIENTED_EDGE('',*,*,#688,.F.);
#384=ORIENTED_EDGE('',*,*,#730,.F.);
#385=ORIENTED_EDGE('',*,*,#698,.F.);
#386=ORIENTED_EDGE('',*,*,#809,.T.);
#387=ORIENTED_EDGE('',*,*,#767,.F.);
#388=ORIENTED_EDGE('',*,*,#728,.F.);
#389=ORIENTED_EDGE('',*,*,#810,.F.);
#390=ORIENTED_EDGE('',*,*,#803,.F.);
#391=ORIENTED_EDGE('',*,*,#811,.F.);
#392=ORIENTED_EDGE('',*,*,#811,.T.);
#393=ORIENTED_EDGE('',*,*,#791,.F.);
#394=ORIENTED_EDGE('',*,*,#812,.F.);
#395=ORIENTED_EDGE('',*,*,#781,.F.);
#396=ORIENTED_EDGE('',*,*,#780,.F.);
#397=ORIENTED_EDGE('',*,*,#813,.T.);
#398=ORIENTED_EDGE('',*,*,#795,.F.);
#399=ORIENTED_EDGE('',*,*,#810,.T.);
#400=ORIENTED_EDGE('',*,*,#812,.T.);
#401=ORIENTED_EDGE('',*,*,#804,.F.);
#402=ORIENTED_EDGE('',*,*,#683,.F.);
#403=ORIENTED_EDGE('',*,*,#802,.F.);
#404=ORIENTED_EDGE('',*,*,#679,.T.);
#405=ORIENTED_EDGE('',*,*,#814,.F.);
#406=ORIENTED_EDGE('',*,*,#777,.F.);
#407=ORIENTED_EDGE('',*,*,#815,.T.);
#408=ORIENTED_EDGE('',*,*,#671,.F.);
#409=ORIENTED_EDGE('',*,*,#816,.F.);
#410=ORIENTED_EDGE('',*,*,#814,.T.);
#411=ORIENTED_EDGE('',*,*,#778,.F.);
#412=ORIENTED_EDGE('',*,*,#817,.F.);
#413=ORIENTED_EDGE('',*,*,#783,.F.);
#414=ORIENTED_EDGE('',*,*,#816,.T.);
#415=ORIENTED_EDGE('',*,*,#805,.F.);
#416=ORIENTED_EDGE('',*,*,#817,.T.);
#417=ORIENTED_EDGE('',*,*,#818,.F.);
#418=ORIENTED_EDGE('',*,*,#819,.T.);
#419=ORIENTED_EDGE('',*,*,#820,.F.);
#420=ORIENTED_EDGE('',*,*,#723,.F.);
#421=ORIENTED_EDGE('',*,*,#821,.F.);
#422=ORIENTED_EDGE('',*,*,#822,.T.);
#423=ORIENTED_EDGE('',*,*,#818,.T.);
#424=ORIENTED_EDGE('',*,*,#722,.F.);
#425=ORIENTED_EDGE('',*,*,#820,.T.);
#426=ORIENTED_EDGE('',*,*,#823,.T.);
#427=ORIENTED_EDGE('',*,*,#824,.F.);
#428=ORIENTED_EDGE('',*,*,#724,.F.);
#429=ORIENTED_EDGE('',*,*,#825,.F.);
#430=ORIENTED_EDGE('',*,*,#826,.T.);
#431=ORIENTED_EDGE('',*,*,#821,.T.);
#432=ORIENTED_EDGE('',*,*,#721,.F.);
#433=ORIENTED_EDGE('',*,*,#824,.T.);
#434=ORIENTED_EDGE('',*,*,#827,.T.);
#435=ORIENTED_EDGE('',*,*,#828,.F.);
#436=ORIENTED_EDGE('',*,*,#725,.F.);
#437=ORIENTED_EDGE('',*,*,#829,.F.);
#438=ORIENTED_EDGE('',*,*,#830,.T.);
#439=ORIENTED_EDGE('',*,*,#825,.T.);
#440=ORIENTED_EDGE('',*,*,#720,.F.);
#441=ORIENTED_EDGE('',*,*,#828,.T.);
#442=ORIENTED_EDGE('',*,*,#831,.T.);
#443=ORIENTED_EDGE('',*,*,#832,.F.);
#444=ORIENTED_EDGE('',*,*,#718,.F.);
#445=ORIENTED_EDGE('',*,*,#832,.T.);
#446=ORIENTED_EDGE('',*,*,#833,.T.);
#447=ORIENTED_EDGE('',*,*,#829,.T.);
#448=ORIENTED_EDGE('',*,*,#719,.F.);
#449=ORIENTED_EDGE('',*,*,#834,.F.);
#450=ORIENTED_EDGE('',*,*,#823,.F.);
#451=ORIENTED_EDGE('',*,*,#835,.F.);
#452=ORIENTED_EDGE('',*,*,#799,.F.);
#453=ORIENTED_EDGE('',*,*,#835,.T.);
#454=ORIENTED_EDGE('',*,*,#819,.F.);
#455=ORIENTED_EDGE('',*,*,#836,.F.);
#456=ORIENTED_EDGE('',*,*,#701,.F.);
#457=ORIENTED_EDGE('',*,*,#834,.T.);
#458=ORIENTED_EDGE('',*,*,#705,.F.);
#459=ORIENTED_EDGE('',*,*,#837,.F.);
#460=ORIENTED_EDGE('',*,*,#827,.F.);
#461=ORIENTED_EDGE('',*,*,#836,.T.);
#462=ORIENTED_EDGE('',*,*,#822,.F.);
#463=ORIENTED_EDGE('',*,*,#838,.F.);
#464=ORIENTED_EDGE('',*,*,#800,.F.);
#465=ORIENTED_EDGE('',*,*,#837,.T.);
#466=ORIENTED_EDGE('',*,*,#798,.F.);
#467=ORIENTED_EDGE('',*,*,#839,.F.);
#468=ORIENTED_EDGE('',*,*,#831,.F.);
#469=ORIENTED_EDGE('',*,*,#838,.T.);
#470=ORIENTED_EDGE('',*,*,#826,.F.);
#471=ORIENTED_EDGE('',*,*,#840,.F.);
#472=ORIENTED_EDGE('',*,*,#709,.F.);
#473=ORIENTED_EDGE('',*,*,#839,.T.);
#474=ORIENTED_EDGE('',*,*,#713,.F.);
#475=ORIENTED_EDGE('',*,*,#841,.F.);
#476=ORIENTED_EDGE('',*,*,#833,.F.);
#477=ORIENTED_EDGE('',*,*,#840,.T.);
#478=ORIENTED_EDGE('',*,*,#830,.F.);
#479=ORIENTED_EDGE('',*,*,#841,.T.);
#480=ORIENTED_EDGE('',*,*,#801,.F.);
#481=ORIENTED_EDGE('',*,*,#842,.F.);
#482=ORIENTED_EDGE('',*,*,#843,.F.);
#483=ORIENTED_EDGE('',*,*,#844,.F.);
#484=ORIENTED_EDGE('',*,*,#845,.F.);
#485=ORIENTED_EDGE('',*,*,#846,.T.);
#486=ORIENTED_EDGE('',*,*,#847,.T.);
#487=ORIENTED_EDGE('',*,*,#848,.T.);
#488=ORIENTED_EDGE('',*,*,#843,.T.);
#489=ORIENTED_EDGE('',*,*,#849,.T.);
#490=ORIENTED_EDGE('',*,*,#850,.T.);
#491=ORIENTED_EDGE('',*,*,#846,.F.);
#492=ORIENTED_EDGE('',*,*,#842,.T.);
#493=ORIENTED_EDGE('',*,*,#848,.F.);
#494=ORIENTED_EDGE('',*,*,#851,.T.);
#495=ORIENTED_EDGE('',*,*,#852,.T.);
#496=ORIENTED_EDGE('',*,*,#844,.T.);
#497=ORIENTED_EDGE('',*,*,#852,.F.);
#498=ORIENTED_EDGE('',*,*,#853,.T.);
#499=ORIENTED_EDGE('',*,*,#849,.F.);
#500=ORIENTED_EDGE('',*,*,#845,.T.);
#501=ORIENTED_EDGE('',*,*,#854,.T.);
#502=ORIENTED_EDGE('',*,*,#855,.T.);
#503=ORIENTED_EDGE('',*,*,#856,.T.);
#504=ORIENTED_EDGE('',*,*,#857,.T.);
#505=ORIENTED_EDGE('',*,*,#858,.F.);
#506=ORIENTED_EDGE('',*,*,#859,.T.);
#507=ORIENTED_EDGE('',*,*,#860,.F.);
#508=ORIENTED_EDGE('',*,*,#857,.F.);
#509=ORIENTED_EDGE('',*,*,#860,.T.);
#510=ORIENTED_EDGE('',*,*,#861,.T.);
#511=ORIENTED_EDGE('',*,*,#862,.F.);
#512=ORIENTED_EDGE('',*,*,#854,.F.);
#513=ORIENTED_EDGE('',*,*,#863,.F.);
#514=ORIENTED_EDGE('',*,*,#864,.T.);
#515=ORIENTED_EDGE('',*,*,#858,.T.);
#516=ORIENTED_EDGE('',*,*,#856,.F.);
#517=ORIENTED_EDGE('',*,*,#862,.T.);
#518=ORIENTED_EDGE('',*,*,#865,.T.);
#519=ORIENTED_EDGE('',*,*,#863,.T.);
#520=ORIENTED_EDGE('',*,*,#855,.F.);
#521=ORIENTED_EDGE('',*,*,#866,.F.);
#522=ORIENTED_EDGE('',*,*,#687,.F.);
#523=ORIENTED_EDGE('',*,*,#867,.F.);
#524=ORIENTED_EDGE('',*,*,#859,.F.);
#525=ORIENTED_EDGE('',*,*,#867,.T.);
#526=ORIENTED_EDGE('',*,*,#686,.F.);
#527=ORIENTED_EDGE('',*,*,#868,.F.);
#528=ORIENTED_EDGE('',*,*,#861,.F.);
#529=ORIENTED_EDGE('',*,*,#866,.T.);
#530=ORIENTED_EDGE('',*,*,#864,.F.);
#531=ORIENTED_EDGE('',*,*,#869,.F.);
#532=ORIENTED_EDGE('',*,*,#684,.F.);
#533=ORIENTED_EDGE('',*,*,#868,.T.);
#534=ORIENTED_EDGE('',*,*,#685,.F.);
#535=ORIENTED_EDGE('',*,*,#869,.T.);
#536=ORIENTED_EDGE('',*,*,#865,.F.);
#537=ORIENTED_EDGE('',*,*,#870,.F.);
#538=ORIENTED_EDGE('',*,*,#847,.F.);
#539=ORIENTED_EDGE('',*,*,#871,.F.);
#540=ORIENTED_EDGE('',*,*,#695,.F.);
#541=ORIENTED_EDGE('',*,*,#871,.T.);
#542=ORIENTED_EDGE('',*,*,#850,.F.);
#543=ORIENTED_EDGE('',*,*,#872,.F.);
#544=ORIENTED_EDGE('',*,*,#692,.F.);
#545=ORIENTED_EDGE('',*,*,#870,.T.);
#546=ORIENTED_EDGE('',*,*,#694,.F.);
#547=ORIENTED_EDGE('',*,*,#873,.F.);
#548=ORIENTED_EDGE('',*,*,#851,.F.);
#549=ORIENTED_EDGE('',*,*,#872,.T.);
#550=ORIENTED_EDGE('',*,*,#853,.F.);
#551=ORIENTED_EDGE('',*,*,#873,.T.);
#552=ORIENTED_EDGE('',*,*,#693,.F.);
#553=ORIENTED_EDGE('',*,*,#797,.F.);
#554=ORIENTED_EDGE('',*,*,#763,.F.);
#555=ORIENTED_EDGE('',*,*,#874,.F.);
#556=ORIENTED_EDGE('',*,*,#745,.F.);
#557=ORIENTED_EDGE('',*,*,#874,.T.);
#558=ORIENTED_EDGE('',*,*,#809,.F.);
#559=ORIENTED_EDGE('',*,*,#875,.F.);
#560=ORIENTED_EDGE('',*,*,#746,.F.);
#561=ORIENTED_EDGE('',*,*,#875,.T.);
#562=ORIENTED_EDGE('',*,*,#697,.F.);
#563=ORIENTED_EDGE('',*,*,#876,.F.);
#564=ORIENTED_EDGE('',*,*,#747,.F.);
#565=ORIENTED_EDGE('',*,*,#876,.T.);
#566=ORIENTED_EDGE('',*,*,#807,.F.);
#567=ORIENTED_EDGE('',*,*,#877,.F.);
#568=ORIENTED_EDGE('',*,*,#748,.F.);
#569=ORIENTED_EDGE('',*,*,#877,.T.);
#570=ORIENTED_EDGE('',*,*,#761,.F.);
#571=ORIENTED_EDGE('',*,*,#878,.F.);
#572=ORIENTED_EDGE('',*,*,#749,.F.);
#573=ORIENTED_EDGE('',*,*,#878,.T.);
#574=ORIENTED_EDGE('',*,*,#806,.F.);
#575=ORIENTED_EDGE('',*,*,#879,.F.);
#576=ORIENTED_EDGE('',*,*,#750,.F.);
#577=ORIENTED_EDGE('',*,*,#879,.T.);
#578=ORIENTED_EDGE('',*,*,#689,.F.);
#579=ORIENTED_EDGE('',*,*,#880,.F.);
#580=ORIENTED_EDGE('',*,*,#751,.F.);
#581=ORIENTED_EDGE('',*,*,#880,.T.);
#582=ORIENTED_EDGE('',*,*,#808,.F.);
#583=ORIENTED_EDGE('',*,*,#881,.F.);
#584=ORIENTED_EDGE('',*,*,#752,.F.);
#585=ORIENTED_EDGE('',*,*,#796,.F.);
#586=ORIENTED_EDGE('',*,*,#753,.F.);
#587=ORIENTED_EDGE('',*,*,#881,.T.);
#588=ORIENTED_EDGE('',*,*,#765,.F.);
#589=ORIENTED_EDGE('',*,*,#786,.T.);
#590=ORIENTED_EDGE('',*,*,#882,.T.);
#591=ORIENTED_EDGE('',*,*,#667,.T.);
#592=ORIENTED_EDGE('',*,*,#815,.F.);
#593=ORIENTED_EDGE('',*,*,#776,.F.);
#594=ORIENTED_EDGE('',*,*,#681,.F.);
#595=ORIENTED_EDGE('',*,*,#674,.F.);
#596=ORIENTED_EDGE('',*,*,#883,.T.);
#597=ORIENTED_EDGE('',*,*,#792,.F.);
#598=ORIENTED_EDGE('',*,*,#813,.F.);
#599=ORIENTED_EDGE('',*,*,#779,.F.);
#600=ORIENTED_EDGE('',*,*,#677,.F.);
#601=ORIENTED_EDGE('',*,*,#884,.T.);
#602=ORIENTED_EDGE('',*,*,#737,.F.);
#603=ORIENTED_EDGE('',*,*,#736,.F.);
#604=ORIENTED_EDGE('',*,*,#885,.T.);
#605=ORIENTED_EDGE('',*,*,#886,.T.);
#606=ORIENTED_EDGE('',*,*,#887,.F.);
#607=ORIENTED_EDGE('',*,*,#885,.F.);
#608=ORIENTED_EDGE('',*,*,#887,.T.);
#609=ORIENTED_EDGE('',*,*,#888,.T.);
#610=ORIENTED_EDGE('',*,*,#889,.F.);
#611=ORIENTED_EDGE('',*,*,#890,.T.);
#612=ORIENTED_EDGE('',*,*,#889,.T.);
#613=ORIENTED_EDGE('',*,*,#793,.F.);
#614=ORIENTED_EDGE('',*,*,#883,.F.);
#615=ORIENTED_EDGE('',*,*,#673,.F.);
#616=ORIENTED_EDGE('',*,*,#738,.F.);
#617=ORIENTED_EDGE('',*,*,#668,.F.);
#618=ORIENTED_EDGE('',*,*,#882,.F.);
#619=ORIENTED_EDGE('',*,*,#785,.F.);
#620=ORIENTED_EDGE('',*,*,#742,.F.);
#621=ORIENTED_EDGE('',*,*,#716,.F.);
#622=ORIENTED_EDGE('',*,*,#886,.F.);
#623=ORIENTED_EDGE('',*,*,#717,.F.);
#624=ORIENTED_EDGE('',*,*,#888,.F.);
#625=ORIENTED_EDGE('',*,*,#890,.F.);
#626=ORIENTED_EDGE('',*,*,#884,.F.);
#627=ORIENTED_EDGE('',*,*,#773,.F.);
#628=ORIENTED_EDGE('',*,*,#891,.F.);
#629=ORIENTED_EDGE('',*,*,#892,.T.);
#630=ORIENTED_EDGE('',*,*,#893,.T.);
#631=ORIENTED_EDGE('',*,*,#772,.T.);
#632=ORIENTED_EDGE('',*,*,#894,.F.);
#633=ORIENTED_EDGE('',*,*,#895,.F.);
#634=ORIENTED_EDGE('',*,*,#891,.T.);
#635=ORIENTED_EDGE('',*,*,#775,.T.);
#636=ORIENTED_EDGE('',*,*,#896,.F.);
#637=ORIENTED_EDGE('',*,*,#897,.F.);
#638=ORIENTED_EDGE('',*,*,#894,.T.);
#639=ORIENTED_EDGE('',*,*,#774,.F.);
#640=ORIENTED_EDGE('',*,*,#893,.F.);
#641=ORIENTED_EDGE('',*,*,#898,.T.);
#642=ORIENTED_EDGE('',*,*,#896,.T.);
#643=ORIENTED_EDGE('',*,*,#892,.F.);
#644=ORIENTED_EDGE('',*,*,#895,.T.);
#645=ORIENTED_EDGE('',*,*,#897,.T.);
#646=ORIENTED_EDGE('',*,*,#898,.F.);
#647=ORIENTED_EDGE('',*,*,#769,.F.);
#648=ORIENTED_EDGE('',*,*,#899,.F.);
#649=ORIENTED_EDGE('',*,*,#900,.T.);
#650=ORIENTED_EDGE('',*,*,#901,.T.);
#651=ORIENTED_EDGE('',*,*,#768,.T.);
#652=ORIENTED_EDGE('',*,*,#902,.F.);
#653=ORIENTED_EDGE('',*,*,#903,.F.);
#654=ORIENTED_EDGE('',*,*,#899,.T.);
#655=ORIENTED_EDGE('',*,*,#771,.T.);
#656=ORIENTED_EDGE('',*,*,#904,.F.);
#657=ORIENTED_EDGE('',*,*,#905,.F.);
#658=ORIENTED_EDGE('',*,*,#902,.T.);
#659=ORIENTED_EDGE('',*,*,#770,.F.);
#660=ORIENTED_EDGE('',*,*,#901,.F.);
#661=ORIENTED_EDGE('',*,*,#906,.T.);
#662=ORIENTED_EDGE('',*,*,#904,.T.);
#663=ORIENTED_EDGE('',*,*,#900,.F.);
#664=ORIENTED_EDGE('',*,*,#903,.T.);
#665=ORIENTED_EDGE('',*,*,#905,.T.);
#666=ORIENTED_EDGE('',*,*,#906,.F.);
#667=EDGE_CURVE('',#907,#908,#1056,.T.);
#668=EDGE_CURVE('',#907,#909,#179,.T.);
#669=EDGE_CURVE('',#910,#909,#1057,.T.);
#670=EDGE_CURVE('',#910,#911,#1058,.F.);
#671=EDGE_CURVE('',#911,#908,#1059,.T.);
#672=EDGE_CURVE('',#912,#913,#1060,.T.);
#673=EDGE_CURVE('',#913,#914,#180,.T.);
#674=EDGE_CURVE('',#914,#915,#1061,.T.);
#675=EDGE_CURVE('',#915,#916,#1062,.F.);
#676=EDGE_CURVE('',#916,#912,#1063,.T.);
#677=EDGE_CURVE('',#915,#917,#181,.T.);
#678=EDGE_CURVE('',#918,#917,#1064,.T.);
#679=EDGE_CURVE('',#916,#918,#43,.T.);
#680=EDGE_CURVE('',#919,#920,#1065,.T.);
#681=EDGE_CURVE('',#919,#921,#182,.T.);
#682=EDGE_CURVE('',#922,#921,#1066,.F.);
#683=EDGE_CURVE('',#922,#920,#44,.T.);
#684=EDGE_CURVE('',#923,#924,#1067,.F.);
#685=EDGE_CURVE('',#924,#925,#45,.F.);
#686=EDGE_CURVE('',#925,#926,#1068,.F.);
#687=EDGE_CURVE('',#926,#923,#46,.F.);
#688=EDGE_CURVE('',#927,#928,#1069,.T.);
#689=EDGE_CURVE('',#928,#929,#1070,.T.);
#690=EDGE_CURVE('',#929,#930,#1071,.F.);
#691=EDGE_CURVE('',#930,#927,#1072,.T.);
#692=EDGE_CURVE('',#931,#932,#1073,.F.);
#693=EDGE_CURVE('',#932,#933,#47,.T.);
#694=EDGE_CURVE('',#933,#934,#1074,.F.);
#695=EDGE_CURVE('',#934,#931,#48,.T.);
#696=EDGE_CURVE('',#935,#936,#1075,.T.);
#697=EDGE_CURVE('',#936,#937,#1076,.T.);
#698=EDGE_CURVE('',#937,#938,#1077,.F.);
#699=EDGE_CURVE('',#935,#938,#1078,.T.);
#700=EDGE_CURVE('',#939,#940,#1079,.F.);
#701=EDGE_CURVE('',#940,#941,#1080,.T.);
#702=EDGE_CURVE('',#941,#942,#1081,.T.);
#703=EDGE_CURVE('',#942,#939,#1082,.T.);
#704=EDGE_CURVE('',#943,#944,#1083,.F.);
#705=EDGE_CURVE('',#944,#945,#1084,.T.);
#706=EDGE_CURVE('',#945,#946,#1085,.T.);
#707=EDGE_CURVE('',#946,#943,#1086,.T.);
#708=EDGE_CURVE('',#947,#948,#1087,.F.);
#709=EDGE_CURVE('',#948,#949,#1088,.F.);
#710=EDGE_CURVE('',#949,#950,#1089,.T.);
#711=EDGE_CURVE('',#947,#950,#1090,.T.);
#712=EDGE_CURVE('',#951,#952,#1091,.F.);
#713=EDGE_CURVE('',#952,#953,#1092,.F.);
#714=EDGE_CURVE('',#953,#954,#1093,.T.);
#715=EDGE_CURVE('',#951,#954,#1094,.T.);
#716=EDGE_CURVE('',#955,#955,#49,.F.);
#717=EDGE_CURVE('',#956,#956,#50,.F.);
#718=EDGE_CURVE('',#957,#958,#51,.T.);
#719=EDGE_CURVE('',#958,#959,#1095,.T.);
#720=EDGE_CURVE('',#959,#960,#52,.T.);
#721=EDGE_CURVE('',#960,#961,#1096,.T.);
#722=EDGE_CURVE('',#961,#962,#53,.T.);
#723=EDGE_CURVE('',#962,#963,#1097,.T.);
#724=EDGE_CURVE('',#963,#964,#54,.T.);
#725=EDGE_CURVE('',#964,#957,#1098,.T.);
#726=EDGE_CURVE('',#965,#966,#1099,.T.);
#727=EDGE_CURVE('',#965,#935,#55,.T.);
#728=EDGE_CURVE('',#938,#967,#56,.T.);
#729=EDGE_CURVE('',#967,#968,#1100,.T.);
#730=EDGE_CURVE('',#968,#927,#57,.T.);
#731=EDGE_CURVE('',#930,#966,#58,.T.);
#732=EDGE_CURVE('',#954,#943,#59,.F.);
#733=EDGE_CURVE('',#946,#939,#60,.F.);
#734=EDGE_CURVE('',#942,#947,#61,.F.);
#735=EDGE_CURVE('',#950,#951,#62,.F.);
#736=EDGE_CURVE('',#969,#969,#63,.T.);
#737=EDGE_CURVE('',#970,#970,#64,.T.);
#738=EDGE_CURVE('',#971,#913,#65,.F.);
#739=EDGE_CURVE('',#912,#972,#66,.T.);
#740=EDGE_CURVE('',#972,#973,#1101,.T.);
#741=EDGE_CURVE('',#973,#910,#67,.T.);
#742=EDGE_CURVE('',#909,#974,#68,.F.);
#743=EDGE_CURVE('',#974,#975,#1102,.T.);
#744=EDGE_CURVE('',#975,#976,#1103,.T.);
#745=EDGE_CURVE('',#976,#977,#1104,.T.);
#746=EDGE_CURVE('',#977,#978,#69,.F.);
#747=EDGE_CURVE('',#978,#979,#1105,.T.);
#748=EDGE_CURVE('',#979,#980,#70,.F.);
#749=EDGE_CURVE('',#980,#981,#1106,.T.);
#750=EDGE_CURVE('',#981,#982,#71,.F.);
#751=EDGE_CURVE('',#982,#983,#1107,.T.);
#752=EDGE_CURVE('',#983,#984,#72,.F.);
#753=EDGE_CURVE('',#984,#985,#1108,.T.);
#754=EDGE_CURVE('',#985,#986,#1109,.F.);
#755=EDGE_CURVE('',#986,#987,#1110,.T.);
#756=EDGE_CURVE('',#987,#988,#73,.T.);
#757=EDGE_CURVE('',#989,#988,#1111,.T.);
#758=EDGE_CURVE('',#989,#990,#74,.T.);
#759=EDGE_CURVE('',#971,#990,#1112,.T.);
#760=EDGE_CURVE('',#966,#991,#1113,.T.);
#761=EDGE_CURVE('',#991,#992,#1114,.T.);
#762=EDGE_CURVE('',#992,#965,#1115,.F.);
#763=EDGE_CURVE('',#993,#994,#1116,.T.);
#764=EDGE_CURVE('',#994,#995,#75,.T.);
#765=EDGE_CURVE('',#995,#996,#1117,.T.);
#766=EDGE_CURVE('',#996,#968,#1118,.F.);
#767=EDGE_CURVE('',#967,#993,#1119,.T.);
#768=EDGE_CURVE('',#997,#998,#1120,.T.);
#769=EDGE_CURVE('',#997,#999,#1121,.T.);
#770=EDGE_CURVE('',#999,#1000,#1122,.T.);
#771=EDGE_CURVE('',#998,#1000,#1123,.T.);
#772=EDGE_CURVE('',#1001,#1002,#1124,.T.);
#773=EDGE_CURVE('',#1001,#1003,#1125,.T.);
#774=EDGE_CURVE('',#1003,#1004,#1126,.T.);
#775=EDGE_CURVE('',#1002,#1004,#1127,.T.);
#776=EDGE_CURVE('',#921,#1005,#76,.T.);
#777=EDGE_CURVE('',#1005,#1006,#1128,.F.);
#778=EDGE_CURVE('',#1006,#918,#1129,.F.);
#779=EDGE_CURVE('',#917,#1007,#77,.T.);
#780=EDGE_CURVE('',#1007,#1008,#1130,.T.);
#781=EDGE_CURVE('',#1008,#922,#1131,.T.);
#782=EDGE_CURVE('',#972,#1009,#1132,.F.);
#783=EDGE_CURVE('',#1009,#1010,#1133,.T.);
#784=EDGE_CURVE('',#1010,#973,#1134,.T.);
#785=EDGE_CURVE('',#974,#1011,#183,.T.);
#786=EDGE_CURVE('',#919,#1011,#1135,.F.);
#787=EDGE_CURVE('',#920,#987,#1136,.T.);
#788=EDGE_CURVE('',#975,#986,#78,.T.);
#789=EDGE_CURVE('',#1012,#989,#1137,.T.);
#790=EDGE_CURVE('',#988,#1013,#1138,.F.);
#791=EDGE_CURVE('',#1013,#1012,#1139,.F.);
#792=EDGE_CURVE('',#1014,#1015,#1140,.F.);
#793=EDGE_CURVE('',#1015,#971,#184,.T.);
#794=EDGE_CURVE('',#990,#1016,#1141,.F.);
#795=EDGE_CURVE('',#1016,#1014,#1142,.F.);
#796=EDGE_CURVE('',#985,#995,#41,.F.);
#797=EDGE_CURVE('',#994,#976,#42,.F.);
#798=EDGE_CURVE('',#953,#944,#79,.F.);
#799=EDGE_CURVE('',#945,#940,#80,.F.);
#800=EDGE_CURVE('',#941,#948,#81,.F.);
#801=EDGE_CURVE('',#949,#952,#82,.F.);
#802=EDGE_CURVE('',#916,#1009,#83,.F.);
#803=EDGE_CURVE('',#1012,#1016,#84,.T.);
#804=EDGE_CURVE('',#920,#1013,#85,.F.);
#805=EDGE_CURVE('',#1010,#911,#86,.T.);
#806=EDGE_CURVE('',#929,#991,#87,.T.);
#807=EDGE_CURVE('',#992,#936,#88,.T.);
#808=EDGE_CURVE('',#996,#928,#89,.T.);
#809=EDGE_CURVE('',#937,#993,#90,.T.);
#810=EDGE_CURVE('',#1016,#1008,#91,.T.);
#811=EDGE_CURVE('',#1008,#1012,#92,.T.);
#812=EDGE_CURVE('',#922,#1013,#93,.T.);
#813=EDGE_CURVE('',#1007,#1014,#185,.T.);
#814=EDGE_CURVE('',#1009,#918,#94,.T.);
#815=EDGE_CURVE('',#1005,#908,#186,.T.);
#816=EDGE_CURVE('',#1006,#911,#95,.T.);
#817=EDGE_CURVE('',#1010,#1006,#96,.T.);
#818=EDGE_CURVE('',#1017,#962,#1143,.T.);
#819=EDGE_CURVE('',#1017,#1018,#1144,.F.);
#820=EDGE_CURVE('',#963,#1018,#1145,.T.);
#821=EDGE_CURVE('',#1019,#961,#1146,.T.);
#822=EDGE_CURVE('',#1019,#1017,#97,.T.);
#823=EDGE_CURVE('',#1018,#1020,#98,.T.);
#824=EDGE_CURVE('',#964,#1020,#1147,.T.);
#825=EDGE_CURVE('',#1021,#960,#1148,.T.);
#826=EDGE_CURVE('',#1021,#1019,#1149,.F.);
#827=EDGE_CURVE('',#1020,#1022,#1150,.F.);
#828=EDGE_CURVE('',#957,#1022,#1151,.T.);
#829=EDGE_CURVE('',#1023,#959,#1152,.T.);
#830=EDGE_CURVE('',#1023,#1021,#99,.T.);
#831=EDGE_CURVE('',#1022,#1024,#100,.T.);
#832=EDGE_CURVE('',#958,#1024,#1153,.T.);
#833=EDGE_CURVE('',#1024,#1023,#1154,.F.);
#834=EDGE_CURVE('',#1020,#945,#101,.T.);
#835=EDGE_CURVE('',#940,#1018,#102,.T.);
#836=EDGE_CURVE('',#941,#1017,#103,.T.);
#837=EDGE_CURVE('',#1022,#944,#104,.T.);
#838=EDGE_CURVE('',#948,#1019,#105,.T.);
#839=EDGE_CURVE('',#1024,#953,#106,.T.);
#840=EDGE_CURVE('',#949,#1021,#107,.T.);
#841=EDGE_CURVE('',#1023,#952,#108,.T.);
#842=EDGE_CURVE('',#1025,#1026,#1155,.F.);
#843=EDGE_CURVE('',#1027,#1025,#109,.T.);
#844=EDGE_CURVE('',#1028,#1027,#1156,.T.);
#845=EDGE_CURVE('',#1026,#1028,#110,.T.);
#846=EDGE_CURVE('',#1025,#1029,#111,.T.);
#847=EDGE_CURVE('',#1029,#1030,#112,.F.);
#848=EDGE_CURVE('',#1030,#1027,#113,.T.);
#849=EDGE_CURVE('',#1026,#1031,#114,.T.);
#850=EDGE_CURVE('',#1031,#1029,#1157,.T.);
#851=EDGE_CURVE('',#1030,#1032,#1158,.T.);
#852=EDGE_CURVE('',#1032,#1028,#115,.T.);
#853=EDGE_CURVE('',#1032,#1031,#116,.F.);
#854=EDGE_CURVE('',#1033,#1034,#1159,.F.);
#855=EDGE_CURVE('',#1034,#1035,#117,.T.);
#856=EDGE_CURVE('',#1035,#1036,#1160,.T.);
#857=EDGE_CURVE('',#1036,#1033,#118,.T.);
#858=EDGE_CURVE('',#1037,#1036,#119,.T.);
#859=EDGE_CURVE('',#1037,#1038,#120,.F.);
#860=EDGE_CURVE('',#1033,#1038,#121,.T.);
#861=EDGE_CURVE('',#1038,#1039,#1161,.F.);
#862=EDGE_CURVE('',#1034,#1039,#122,.T.);
#863=EDGE_CURVE('',#1040,#1035,#123,.T.);
#864=EDGE_CURVE('',#1040,#1037,#1162,.F.);
#865=EDGE_CURVE('',#1039,#1040,#124,.F.);
#866=EDGE_CURVE('',#923,#1037,#125,.T.);
#867=EDGE_CURVE('',#1038,#926,#126,.T.);
#868=EDGE_CURVE('',#1039,#925,#127,.T.);
#869=EDGE_CURVE('',#924,#1040,#128,.T.);
#870=EDGE_CURVE('',#1030,#934,#129,.T.);
#871=EDGE_CURVE('',#931,#1029,#130,.T.);
#872=EDGE_CURVE('',#932,#1031,#131,.T.);
#873=EDGE_CURVE('',#1032,#933,#132,.T.);
#874=EDGE_CURVE('',#977,#993,#1163,.T.);
#875=EDGE_CURVE('',#978,#937,#1164,.T.);
#876=EDGE_CURVE('',#979,#936,#1165,.T.);
#877=EDGE_CURVE('',#980,#992,#1166,.T.);
#878=EDGE_CURVE('',#981,#991,#1167,.T.);
#879=EDGE_CURVE('',#982,#929,#1168,.T.);
#880=EDGE_CURVE('',#983,#928,#1169,.T.);
#881=EDGE_CURVE('',#984,#996,#1170,.T.);
#882=EDGE_CURVE('',#1011,#907,#133,.T.);
#883=EDGE_CURVE('',#914,#1015,#134,.T.);
#884=EDGE_CURVE('',#1041,#1041,#135,.F.);
#885=EDGE_CURVE('',#1042,#1042,#136,.F.);
#886=EDGE_CURVE('',#1043,#1043,#137,.T.);
#887=EDGE_CURVE('',#1044,#1044,#138,.F.);
#888=EDGE_CURVE('',#1045,#1045,#139,.T.);
#889=EDGE_CURVE('',#1046,#1046,#140,.F.);
#890=EDGE_CURVE('',#1047,#1047,#141,.T.);
#891=EDGE_CURVE('',#1048,#1001,#1171,.T.);
#892=EDGE_CURVE('',#1048,#1049,#1172,.T.);
#893=EDGE_CURVE('',#1049,#1003,#1173,.T.);
#894=EDGE_CURVE('',#1050,#1002,#1174,.T.);
#895=EDGE_CURVE('',#1048,#1050,#1175,.T.);
#896=EDGE_CURVE('',#1051,#1004,#1176,.T.);
#897=EDGE_CURVE('',#1050,#1051,#1177,.T.);
#898=EDGE_CURVE('',#1049,#1051,#1178,.T.);
#899=EDGE_CURVE('',#1052,#997,#1179,.T.);
#900=EDGE_CURVE('',#1052,#1053,#1180,.T.);
#901=EDGE_CURVE('',#1053,#999,#1181,.T.);
#902=EDGE_CURVE('',#1054,#998,#1182,.T.);
#903=EDGE_CURVE('',#1052,#1054,#1183,.T.);
#904=EDGE_CURVE('',#1055,#1000,#1184,.T.);
#905=EDGE_CURVE('',#1054,#1055,#1185,.T.);
#906=EDGE_CURVE('',#1053,#1055,#1186,.T.);
#907=VERTEX_POINT('',#2489);
#908=VERTEX_POINT('',#2490);
#909=VERTEX_POINT('',#2495);
#910=VERTEX_POINT('',#2497);
#911=VERTEX_POINT('',#2499);
#912=VERTEX_POINT('',#2503);
#913=VERTEX_POINT('',#2504);
#914=VERTEX_POINT('',#2509);
#915=VERTEX_POINT('',#2511);
#916=VERTEX_POINT('',#2513);
#917=VERTEX_POINT('',#2521);
#918=VERTEX_POINT('',#2523);
#919=VERTEX_POINT('',#2527);
#920=VERTEX_POINT('',#2528);
#921=VERTEX_POINT('',#2534);
#922=VERTEX_POINT('',#2536);
#923=VERTEX_POINT('',#2540);
#924=VERTEX_POINT('',#2541);
#925=VERTEX_POINT('',#2543);
#926=VERTEX_POINT('',#2545);
#927=VERTEX_POINT('',#2548);
#928=VERTEX_POINT('',#2549);
#929=VERTEX_POINT('',#2551);
#930=VERTEX_POINT('',#2553);
#931=VERTEX_POINT('',#2557);
#932=VERTEX_POINT('',#2558);
#933=VERTEX_POINT('',#2560);
#934=VERTEX_POINT('',#2562);
#935=VERTEX_POINT('',#2565);
#936=VERTEX_POINT('',#2566);
#937=VERTEX_POINT('',#2568);
#938=VERTEX_POINT('',#2570);
#939=VERTEX_POINT('',#2574);
#940=VERTEX_POINT('',#2575);
#941=VERTEX_POINT('',#2577);
#942=VERTEX_POINT('',#2579);
#943=VERTEX_POINT('',#2583);
#944=VERTEX_POINT('',#2584);
#945=VERTEX_POINT('',#2586);
#946=VERTEX_POINT('',#2588);
#947=VERTEX_POINT('',#2592);
#948=VERTEX_POINT('',#2593);
#949=VERTEX_POINT('',#2595);
#950=VERTEX_POINT('',#2597);
#951=VERTEX_POINT('',#2601);
#952=VERTEX_POINT('',#2602);
#953=VERTEX_POINT('',#2604);
#954=VERTEX_POINT('',#2606);
#955=VERTEX_POINT('',#2610);
#956=VERTEX_POINT('',#2612);
#957=VERTEX_POINT('',#2614);
#958=VERTEX_POINT('',#2615);
#959=VERTEX_POINT('',#2617);
#960=VERTEX_POINT('',#2619);
#961=VERTEX_POINT('',#2621);
#962=VERTEX_POINT('',#2623);
#963=VERTEX_POINT('',#2625);
#964=VERTEX_POINT('',#2627);
#965=VERTEX_POINT('',#2631);
#966=VERTEX_POINT('',#2632);
#967=VERTEX_POINT('',#2635);
#968=VERTEX_POINT('',#2637);
#969=VERTEX_POINT('',#2646);
#970=VERTEX_POINT('',#2648);
#971=VERTEX_POINT('',#2650);
#972=VERTEX_POINT('',#2652);
#973=VERTEX_POINT('',#2654);
#974=VERTEX_POINT('',#2657);
#975=VERTEX_POINT('',#2659);
#976=VERTEX_POINT('',#2661);
#977=VERTEX_POINT('',#2663);
#978=VERTEX_POINT('',#2665);
#979=VERTEX_POINT('',#2667);
#980=VERTEX_POINT('',#2669);
#981=VERTEX_POINT('',#2671);
#982=VERTEX_POINT('',#2673);
#983=VERTEX_POINT('',#2675);
#984=VERTEX_POINT('',#2677);
#985=VERTEX_POINT('',#2679);
#986=VERTEX_POINT('',#2681);
#987=VERTEX_POINT('',#2683);
#988=VERTEX_POINT('',#2685);
#989=VERTEX_POINT('',#2687);
#990=VERTEX_POINT('',#2689);
#991=VERTEX_POINT('',#2693);
#992=VERTEX_POINT('',#2695);
#993=VERTEX_POINT('',#2699);
#994=VERTEX_POINT('',#2700);
#995=VERTEX_POINT('',#2702);
#996=VERTEX_POINT('',#2704);
#997=VERTEX_POINT('',#2709);
#998=VERTEX_POINT('',#2710);
#999=VERTEX_POINT('',#2712);
#1000=VERTEX_POINT('',#2714);
#1001=VERTEX_POINT('',#2717);
#1002=VERTEX_POINT('',#2718);
#1003=VERTEX_POINT('',#2720);
#1004=VERTEX_POINT('',#2722);
#1005=VERTEX_POINT('',#2725);
#1006=VERTEX_POINT('',#2727);
#1007=VERTEX_POINT('',#2730);
#1008=VERTEX_POINT('',#2732);
#1009=VERTEX_POINT('',#2736);
#1010=VERTEX_POINT('',#2738);
#1011=VERTEX_POINT('',#2745);
#1012=VERTEX_POINT('',#2751);
#1013=VERTEX_POINT('',#2753);
#1014=VERTEX_POINT('',#2757);
#1015=VERTEX_POINT('',#2758);
#1016=VERTEX_POINT('',#2764);
#1017=VERTEX_POINT('',#2821);
#1018=VERTEX_POINT('',#2823);
#1019=VERTEX_POINT('',#2827);
#1020=VERTEX_POINT('',#2831);
#1021=VERTEX_POINT('',#2835);
#1022=VERTEX_POINT('',#2839);
#1023=VERTEX_POINT('',#2843);
#1024=VERTEX_POINT('',#2847);
#1025=VERTEX_POINT('',#2869);
#1026=VERTEX_POINT('',#2870);
#1027=VERTEX_POINT('',#2872);
#1028=VERTEX_POINT('',#2874);
#1029=VERTEX_POINT('',#2878);
#1030=VERTEX_POINT('',#2880);
#1031=VERTEX_POINT('',#2884);
#1032=VERTEX_POINT('',#2888);
#1033=VERTEX_POINT('',#2894);
#1034=VERTEX_POINT('',#2895);
#1035=VERTEX_POINT('',#2897);
#1036=VERTEX_POINT('',#2899);
#1037=VERTEX_POINT('',#2903);
#1038=VERTEX_POINT('',#2905);
#1039=VERTEX_POINT('',#2909);
#1040=VERTEX_POINT('',#2913);
#1041=VERTEX_POINT('',#2956);
#1042=VERTEX_POINT('',#2959);
#1043=VERTEX_POINT('',#2962);
#1044=VERTEX_POINT('',#2964);
#1045=VERTEX_POINT('',#2968);
#1046=VERTEX_POINT('',#2970);
#1047=VERTEX_POINT('',#2973);
#1048=VERTEX_POINT('',#2981);
#1049=VERTEX_POINT('',#2983);
#1050=VERTEX_POINT('',#2987);
#1051=VERTEX_POINT('',#2991);
#1052=VERTEX_POINT('',#2998);
#1053=VERTEX_POINT('',#3000);
#1054=VERTEX_POINT('',#3004);
#1055=VERTEX_POINT('',#3008);
#1056=LINE('',#2488,#1187);
#1057=LINE('',#2496,#1188);
#1058=LINE('',#2498,#1189);
#1059=LINE('',#2500,#1190);
#1060=LINE('',#2502,#1191);
#1061=LINE('',#2510,#1192);
#1062=LINE('',#2512,#1193);
#1063=LINE('',#2514,#1194);
#1064=LINE('',#2522,#1195);
#1065=LINE('',#2526,#1196);
#1066=LINE('',#2535,#1197);
#1067=LINE('',#2539,#1198);
#1068=LINE('',#2544,#1199);
#1069=LINE('',#2547,#1200);
#1070=LINE('',#2550,#1201);
#1071=LINE('',#2552,#1202);
#1072=LINE('',#2554,#1203);
#1073=LINE('',#2556,#1204);
#1074=LINE('',#2561,#1205);
#1075=LINE('',#2564,#1206);
#1076=LINE('',#2567,#1207);
#1077=LINE('',#2569,#1208);
#1078=LINE('',#2571,#1209);
#1079=LINE('',#2573,#1210);
#1080=LINE('',#2576,#1211);
#1081=LINE('',#2578,#1212);
#1082=LINE('',#2580,#1213);
#1083=LINE('',#2582,#1214);
#1084=LINE('',#2585,#1215);
#1085=LINE('',#2587,#1216);
#1086=LINE('',#2589,#1217);
#1087=LINE('',#2591,#1218);
#1088=LINE('',#2594,#1219);
#1089=LINE('',#2596,#1220);
#1090=LINE('',#2598,#1221);
#1091=LINE('',#2600,#1222);
#1092=LINE('',#2603,#1223);
#1093=LINE('',#2605,#1224);
#1094=LINE('',#2607,#1225);
#1095=LINE('',#2616,#1226);
#1096=LINE('',#2620,#1227);
#1097=LINE('',#2624,#1228);
#1098=LINE('',#2628,#1229);
#1099=LINE('',#2630,#1230);
#1100=LINE('',#2636,#1231);
#1101=LINE('',#2653,#1232);
#1102=LINE('',#2658,#1233);
#1103=LINE('',#2660,#1234);
#1104=LINE('',#2662,#1235);
#1105=LINE('',#2666,#1236);
#1106=LINE('',#2670,#1237);
#1107=LINE('',#2674,#1238);
#1108=LINE('',#2678,#1239);
#1109=LINE('',#2680,#1240);
#1110=LINE('',#2682,#1241);
#1111=LINE('',#2686,#1242);
#1112=LINE('',#2690,#1243);
#1113=LINE('',#2692,#1244);
#1114=LINE('',#2694,#1245);
#1115=LINE('',#2696,#1246);
#1116=LINE('',#2698,#1247);
#1117=LINE('',#2703,#1248);
#1118=LINE('',#2705,#1249);
#1119=LINE('',#2706,#1250);
#1120=LINE('',#2708,#1251);
#1121=LINE('',#2711,#1252);
#1122=LINE('',#2713,#1253);
#1123=LINE('',#2715,#1254);
#1124=LINE('',#2716,#1255);
#1125=LINE('',#2719,#1256);
#1126=LINE('',#2721,#1257);
#1127=LINE('',#2723,#1258);
#1128=LINE('',#2726,#1259);
#1129=LINE('',#2728,#1260);
#1130=LINE('',#2731,#1261);
#1131=LINE('',#2733,#1262);
#1132=LINE('',#2735,#1263);
#1133=LINE('',#2737,#1264);
#1134=LINE('',#2739,#1265);
#1135=LINE('',#2746,#1266);
#1136=LINE('',#2747,#1267);
#1137=LINE('',#2750,#1268);
#1138=LINE('',#2752,#1269);
#1139=LINE('',#2754,#1270);
#1140=LINE('',#2756,#1271);
#1141=LINE('',#2763,#1272);
#1142=LINE('',#2765,#1273);
#1143=LINE('',#2820,#1274);
#1144=LINE('',#2822,#1275);
#1145=LINE('',#2824,#1276);
#1146=LINE('',#2826,#1277);
#1147=LINE('',#2832,#1278);
#1148=LINE('',#2834,#1279);
#1149=LINE('',#2836,#1280);
#1150=LINE('',#2838,#1281);
#1151=LINE('',#2840,#1282);
#1152=LINE('',#2842,#1283);
#1153=LINE('',#2848,#1284);
#1154=LINE('',#2850,#1285);
#1155=LINE('',#2868,#1286);
#1156=LINE('',#2873,#1287);
#1157=LINE('',#2885,#1288);
#1158=LINE('',#2887,#1289);
#1159=LINE('',#2893,#1290);
#1160=LINE('',#2898,#1291);
#1161=LINE('',#2908,#1292);
#1162=LINE('',#2914,#1293);
#1163=LINE('',#2934,#1294);
#1164=LINE('',#2936,#1295);
#1165=LINE('',#2938,#1296);
#1166=LINE('',#2940,#1297);
#1167=LINE('',#2942,#1298);
#1168=LINE('',#2944,#1299);
#1169=LINE('',#2946,#1300);
#1170=LINE('',#2948,#1301);
#1171=LINE('',#2980,#1302);
#1172=LINE('',#2982,#1303);
#1173=LINE('',#2984,#1304);
#1174=LINE('',#2986,#1305);
#1175=LINE('',#2988,#1306);
#1176=LINE('',#2990,#1307);
#1177=LINE('',#2992,#1308);
#1178=LINE('',#2994,#1309);
#1179=LINE('',#2997,#1310);
#1180=LINE('',#2999,#1311);
#1181=LINE('',#3001,#1312);
#1182=LINE('',#3003,#1313);
#1183=LINE('',#3005,#1314);
#1184=LINE('',#3007,#1315);
#1185=LINE('',#3009,#1316);
#1186=LINE('',#3011,#1317);
#1187=VECTOR('',#1941,1.);
#1188=VECTOR('',#1942,1.);
#1189=VECTOR('',#1943,1.);
#1190=VECTOR('',#1944,1.);
#1191=VECTOR('',#1947,1.);
#1192=VECTOR('',#1948,1.);
#1193=VECTOR('',#1949,1.);
#1194=VECTOR('',#1950,1.);
#1195=VECTOR('',#1953,1.);
#1196=VECTOR('',#1958,1.);
#1197=VECTOR('',#1959,1.);
#1198=VECTOR('',#1964,1.);
#1199=VECTOR('',#1967,1.);
#1200=VECTOR('',#1970,1.);
#1201=VECTOR('',#1971,1.);
#1202=VECTOR('',#1972,1.);
#1203=VECTOR('',#1973,1.);
#1204=VECTOR('',#1976,1.);
#1205=VECTOR('',#1979,1.);
#1206=VECTOR('',#1982,1.);
#1207=VECTOR('',#1983,1.);
#1208=VECTOR('',#1984,1.);
#1209=VECTOR('',#1985,1.);
#1210=VECTOR('',#1988,1.);
#1211=VECTOR('',#1989,1.);
#1212=VECTOR('',#1990,1.);
#1213=VECTOR('',#1991,1.);
#1214=VECTOR('',#1994,1.);
#1215=VECTOR('',#1995,1.);
#1216=VECTOR('',#1996,1.);
#1217=VECTOR('',#1997,1.);
#1218=VECTOR('',#2000,1.);
#1219=VECTOR('',#2001,1.);
#1220=VECTOR('',#2002,1.);
#1221=VECTOR('',#2003,1.);
#1222=VECTOR('',#2006,1.);
#1223=VECTOR('',#2007,1.);
#1224=VECTOR('',#2008,1.);
#1225=VECTOR('',#2009,1.);
#1226=VECTOR('',#2018,1.);
#1227=VECTOR('',#2021,1.);
#1228=VECTOR('',#2024,1.);
#1229=VECTOR('',#2027,1.);
#1230=VECTOR('',#2030,1.);
#1231=VECTOR('',#2035,1.);
#1232=VECTOR('',#2058,1.);
#1233=VECTOR('',#2063,1.);
#1234=VECTOR('',#2064,1.);
#1235=VECTOR('',#2065,1.);
#1236=VECTOR('',#2068,1.);
#1237=VECTOR('',#2071,1.);
#1238=VECTOR('',#2074,1.);
#1239=VECTOR('',#2077,1.);
#1240=VECTOR('',#2078,1.);
#1241=VECTOR('',#2079,1.);
#1242=VECTOR('',#2082,1.);
#1243=VECTOR('',#2085,1.);
#1244=VECTOR('',#2088,1.);
#1245=VECTOR('',#2089,1.);
#1246=VECTOR('',#2090,1.);
#1247=VECTOR('',#2093,1.);
#1248=VECTOR('',#2096,1.);
#1249=VECTOR('',#2097,1.);
#1250=VECTOR('',#2098,1.);
#1251=VECTOR('',#2101,1.);
#1252=VECTOR('',#2102,1.);
#1253=VECTOR('',#2103,1.);
#1254=VECTOR('',#2104,1.);
#1255=VECTOR('',#2105,1.);
#1256=VECTOR('',#2106,1.);
#1257=VECTOR('',#2107,1.);
#1258=VECTOR('',#2108,1.);
#1259=VECTOR('',#2111,1.);
#1260=VECTOR('',#2112,1.);
#1261=VECTOR('',#2115,1.);
#1262=VECTOR('',#2116,1.);
#1263=VECTOR('',#2119,1.);
#1264=VECTOR('',#2120,1.);
#1265=VECTOR('',#2121,1.);
#1266=VECTOR('',#2124,1.);
#1267=VECTOR('',#2125,1.);
#1268=VECTOR('',#2130,1.);
#1269=VECTOR('',#2131,1.);
#1270=VECTOR('',#2132,1.);
#1271=VECTOR('',#2135,1.);
#1272=VECTOR('',#2136,1.);
#1273=VECTOR('',#2137,1.);
#1274=VECTOR('',#2222,1.);
#1275=VECTOR('',#2223,1.);
#1276=VECTOR('',#2224,1.);
#1277=VECTOR('',#2227,1.);
#1278=VECTOR('',#2234,1.);
#1279=VECTOR('',#2237,1.);
#1280=VECTOR('',#2238,1.);
#1281=VECTOR('',#2241,1.);
#1282=VECTOR('',#2242,1.);
#1283=VECTOR('',#2245,1.);
#1284=VECTOR('',#2252,1.);
#1285=VECTOR('',#2255,1.);
#1286=VECTOR('',#2290,1.);
#1287=VECTOR('',#2293,1.);
#1288=VECTOR('',#2308,1.);
#1289=VECTOR('',#2311,1.);
#1290=VECTOR('',#2320,1.);
#1291=VECTOR('',#2323,1.);
#1292=VECTOR('',#2336,1.);
#1293=VECTOR('',#2343,1.);
#1294=VECTOR('',#2382,1.);
#1295=VECTOR('',#2385,1.);
#1296=VECTOR('',#2388,1.);
#1297=VECTOR('',#2391,1.);
#1298=VECTOR('',#2394,1.);
#1299=VECTOR('',#2397,1.);
#1300=VECTOR('',#2400,1.);
#1301=VECTOR('',#2403,1.);
#1302=VECTOR('',#2452,1.);
#1303=VECTOR('',#2453,1.);
#1304=VECTOR('',#2454,1.);
#1305=VECTOR('',#2457,1.);
#1306=VECTOR('',#2458,1.);
#1307=VECTOR('',#2461,1.);
#1308=VECTOR('',#2462,1.);
#1309=VECTOR('',#2465,1.);
#1310=VECTOR('',#2470,1.);
#1311=VECTOR('',#2471,1.);
#1312=VECTOR('',#2472,1.);
#1313=VECTOR('',#2475,1.);
#1314=VECTOR('',#2476,1.);
#1315=VECTOR('',#2479,1.);
#1316=VECTOR('',#2480,1.);
#1317=VECTOR('',#2483,1.);
#1318=EDGE_LOOP('',(#187,#188,#189,#190,#191));
#1319=EDGE_LOOP('',(#192,#193,#194,#195,#196));
#1320=EDGE_LOOP('',(#197,#198,#199,#200));
#1321=EDGE_LOOP('',(#201,#202,#203,#204));
#1322=EDGE_LOOP('',(#205,#206,#207,#208));
#1323=EDGE_LOOP('',(#209,#210,#211,#212));
#1324=EDGE_LOOP('',(#213,#214,#215,#216));
#1325=EDGE_LOOP('',(#217,#218,#219,#220));
#1326=EDGE_LOOP('',(#221,#222,#223,#224));
#1327=EDGE_LOOP('',(#225,#226,#227,#228));
#1328=EDGE_LOOP('',(#229,#230,#231,#232));
#1329=EDGE_LOOP('',(#233,#234,#235,#236));
#1330=EDGE_LOOP('',(#237));
#1331=EDGE_LOOP('',(#238));
#1332=EDGE_LOOP('',(#239,#240,#241,#242,#243,#244,#245,#246));
#1333=EDGE_LOOP('',(#247,#248,#249,#250,#251,#252,#253,#254));
#1334=EDGE_LOOP('',(#255,#256,#257,#258,#259,#260,#261,#262));
#1335=EDGE_LOOP('',(#263));
#1336=EDGE_LOOP('',(#264));
#1337=EDGE_LOOP('',(#265,#266,#267,#268,#269,#270,#271,#272,#273,#274,#275,
#276,#277,#278,#279,#280,#281,#282,#283,#284,#285,#286,#287,#288));
#1338=EDGE_LOOP('',(#289,#290,#291,#292));
#1339=EDGE_LOOP('',(#293,#294,#295,#296,#297,#298));
#1340=EDGE_LOOP('',(#299,#300,#301,#302));
#1341=EDGE_LOOP('',(#303,#304,#305,#306));
#1342=EDGE_LOOP('',(#307,#308,#309,#310,#311,#312,#313,#314));
#1343=EDGE_LOOP('',(#315,#316,#317,#318));
#1344=EDGE_LOOP('',(#319,#320,#321,#322,#323,#324,#325));
#1345=EDGE_LOOP('',(#326,#327,#328,#329));
#1346=EDGE_LOOP('',(#330,#331,#332,#333,#334));
#1347=EDGE_LOOP('',(#335,#336,#337,#338,#339,#340));
#1348=EDGE_LOOP('',(#341,#342,#343,#344));
#1349=EDGE_LOOP('',(#345,#346,#347,#348));
#1350=EDGE_LOOP('',(#349,#350,#351,#352));
#1351=EDGE_LOOP('',(#353,#354,#355,#356));
#1352=EDGE_LOOP('',(#357,#358,#359,#360));
#1353=EDGE_LOOP('',(#361,#362,#363,#364));
#1354=EDGE_LOOP('',(#365,#366,#367,#368));
#1355=EDGE_LOOP('',(#369,#370,#371,#372));
#1356=EDGE_LOOP('',(#373,#374,#375,#376));
#1357=EDGE_LOOP('',(#377,#378,#379,#380));
#1358=EDGE_LOOP('',(#381,#382,#383,#384));
#1359=EDGE_LOOP('',(#385,#386,#387,#388));
#1360=EDGE_LOOP('',(#389,#390,#391));
#1361=EDGE_LOOP('',(#392,#393,#394,#395));
#1362=EDGE_LOOP('',(#396,#397,#398,#399));
#1363=EDGE_LOOP('',(#400,#401,#402));
#1364=EDGE_LOOP('',(#403,#404,#405));
#1365=EDGE_LOOP('',(#406,#407,#408,#409));
#1366=EDGE_LOOP('',(#410,#411,#412,#413));
#1367=EDGE_LOOP('',(#414,#415,#416));
#1368=EDGE_LOOP('',(#417,#418,#419,#420));
#1369=EDGE_LOOP('',(#421,#422,#423,#424));
#1370=EDGE_LOOP('',(#425,#426,#427,#428));
#1371=EDGE_LOOP('',(#429,#430,#431,#432));
#1372=EDGE_LOOP('',(#433,#434,#435,#436));
#1373=EDGE_LOOP('',(#437,#438,#439,#440));
#1374=EDGE_LOOP('',(#441,#442,#443,#444));
#1375=EDGE_LOOP('',(#445,#446,#447,#448));
#1376=EDGE_LOOP('',(#449,#450,#451,#452));
#1377=EDGE_LOOP('',(#453,#454,#455,#456));
#1378=EDGE_LOOP('',(#457,#458,#459,#460));
#1379=EDGE_LOOP('',(#461,#462,#463,#464));
#1380=EDGE_LOOP('',(#465,#466,#467,#468));
#1381=EDGE_LOOP('',(#469,#470,#471,#472));
#1382=EDGE_LOOP('',(#473,#474,#475,#476));
#1383=EDGE_LOOP('',(#477,#478,#479,#480));
#1384=EDGE_LOOP('',(#481,#482,#483,#484));
#1385=EDGE_LOOP('',(#485,#486,#487,#488));
#1386=EDGE_LOOP('',(#489,#490,#491,#492));
#1387=EDGE_LOOP('',(#493,#494,#495,#496));
#1388=EDGE_LOOP('',(#497,#498,#499,#500));
#1389=EDGE_LOOP('',(#501,#502,#503,#504));
#1390=EDGE_LOOP('',(#505,#506,#507,#508));
#1391=EDGE_LOOP('',(#509,#510,#511,#512));
#1392=EDGE_LOOP('',(#513,#514,#515,#516));
#1393=EDGE_LOOP('',(#517,#518,#519,#520));
#1394=EDGE_LOOP('',(#521,#522,#523,#524));
#1395=EDGE_LOOP('',(#525,#526,#527,#528));
#1396=EDGE_LOOP('',(#529,#530,#531,#532));
#1397=EDGE_LOOP('',(#533,#534,#535,#536));
#1398=EDGE_LOOP('',(#537,#538,#539,#540));
#1399=EDGE_LOOP('',(#541,#542,#543,#544));
#1400=EDGE_LOOP('',(#545,#546,#547,#548));
#1401=EDGE_LOOP('',(#549,#550,#551,#552));
#1402=EDGE_LOOP('',(#553,#554,#555,#556));
#1403=EDGE_LOOP('',(#557,#558,#559,#560));
#1404=EDGE_LOOP('',(#561,#562,#563,#564));
#1405=EDGE_LOOP('',(#565,#566,#567,#568));
#1406=EDGE_LOOP('',(#569,#570,#571,#572));
#1407=EDGE_LOOP('',(#573,#574,#575,#576));
#1408=EDGE_LOOP('',(#577,#578,#579,#580));
#1409=EDGE_LOOP('',(#581,#582,#583,#584));
#1410=EDGE_LOOP('',(#585,#586,#587,#588));
#1411=EDGE_LOOP('',(#589,#590,#591,#592,#593,#594));
#1412=EDGE_LOOP('',(#595,#596,#597,#598,#599,#600));
#1413=EDGE_LOOP('',(#601));
#1414=EDGE_LOOP('',(#602));
#1415=EDGE_LOOP('',(#603));
#1416=EDGE_LOOP('',(#604));
#1417=EDGE_LOOP('',(#605));
#1418=EDGE_LOOP('',(#606));
#1419=EDGE_LOOP('',(#607));
#1420=EDGE_LOOP('',(#608));
#1421=EDGE_LOOP('',(#609));
#1422=EDGE_LOOP('',(#610));
#1423=EDGE_LOOP('',(#611));
#1424=EDGE_LOOP('',(#612));
#1425=EDGE_LOOP('',(#613,#614,#615,#616));
#1426=EDGE_LOOP('',(#617,#618,#619,#620));
#1427=EDGE_LOOP('',(#621));
#1428=EDGE_LOOP('',(#622));
#1429=EDGE_LOOP('',(#623));
#1430=EDGE_LOOP('',(#624));
#1431=EDGE_LOOP('',(#625));
#1432=EDGE_LOOP('',(#626));
#1433=EDGE_LOOP('',(#627,#628,#629,#630));
#1434=EDGE_LOOP('',(#631,#632,#633,#634));
#1435=EDGE_LOOP('',(#635,#636,#637,#638));
#1436=EDGE_LOOP('',(#639,#640,#641,#642));
#1437=EDGE_LOOP('',(#643,#644,#645,#646));
#1438=EDGE_LOOP('',(#647,#648,#649,#650));
#1439=EDGE_LOOP('',(#651,#652,#653,#654));
#1440=EDGE_LOOP('',(#655,#656,#657,#658));
#1441=EDGE_LOOP('',(#659,#660,#661,#662));
#1442=EDGE_LOOP('',(#663,#664,#665,#666));
#1443=FACE_BOUND('',#1318,.T.);
#1444=FACE_BOUND('',#1319,.T.);
#1445=FACE_BOUND('',#1320,.T.);
#1446=FACE_BOUND('',#1321,.T.);
#1447=FACE_BOUND('',#1322,.T.);
#1448=FACE_BOUND('',#1323,.T.);
#1449=FACE_BOUND('',#1324,.T.);
#1450=FACE_BOUND('',#1325,.T.);
#1451=FACE_BOUND('',#1326,.T.);
#1452=FACE_BOUND('',#1327,.T.);
#1453=FACE_BOUND('',#1328,.T.);
#1454=FACE_BOUND('',#1329,.T.);
#1455=FACE_BOUND('',#1330,.T.);
#1456=FACE_BOUND('',#1331,.T.);
#1457=FACE_BOUND('',#1332,.T.);
#1458=FACE_BOUND('',#1333,.T.);
#1459=FACE_BOUND('',#1334,.T.);
#1460=FACE_BOUND('',#1335,.T.);
#1461=FACE_BOUND('',#1336,.T.);
#1462=FACE_BOUND('',#1337,.T.);
#1463=FACE_BOUND('',#1338,.T.);
#1464=FACE_BOUND('',#1339,.T.);
#1465=FACE_BOUND('',#1340,.T.);
#1466=FACE_BOUND('',#1341,.T.);
#1467=FACE_BOUND('',#1342,.T.);
#1468=FACE_BOUND('',#1343,.T.);
#1469=FACE_BOUND('',#1344,.T.);
#1470=FACE_BOUND('',#1345,.T.);
#1471=FACE_BOUND('',#1346,.T.);
#1472=FACE_BOUND('',#1347,.T.);
#1473=FACE_BOUND('',#1348,.T.);
#1474=FACE_BOUND('',#1349,.T.);
#1475=FACE_BOUND('',#1350,.T.);
#1476=FACE_BOUND('',#1351,.T.);
#1477=FACE_BOUND('',#1352,.T.);
#1478=FACE_BOUND('',#1353,.T.);
#1479=FACE_BOUND('',#1354,.T.);
#1480=FACE_BOUND('',#1355,.T.);
#1481=FACE_BOUND('',#1356,.T.);
#1482=FACE_BOUND('',#1357,.T.);
#1483=FACE_BOUND('',#1358,.T.);
#1484=FACE_BOUND('',#1359,.T.);
#1485=FACE_BOUND('',#1360,.T.);
#1486=FACE_BOUND('',#1361,.T.);
#1487=FACE_BOUND('',#1362,.T.);
#1488=FACE_BOUND('',#1363,.T.);
#1489=FACE_BOUND('',#1364,.T.);
#1490=FACE_BOUND('',#1365,.T.);
#1491=FACE_BOUND('',#1366,.T.);
#1492=FACE_BOUND('',#1367,.T.);
#1493=FACE_BOUND('',#1368,.T.);
#1494=FACE_BOUND('',#1369,.T.);
#1495=FACE_BOUND('',#1370,.T.);
#1496=FACE_BOUND('',#1371,.T.);
#1497=FACE_BOUND('',#1372,.T.);
#1498=FACE_BOUND('',#1373,.T.);
#1499=FACE_BOUND('',#1374,.T.);
#1500=FACE_BOUND('',#1375,.T.);
#1501=FACE_BOUND('',#1376,.T.);
#1502=FACE_BOUND('',#1377,.T.);
#1503=FACE_BOUND('',#1378,.T.);
#1504=FACE_BOUND('',#1379,.T.);
#1505=FACE_BOUND('',#1380,.T.);
#1506=FACE_BOUND('',#1381,.T.);
#1507=FACE_BOUND('',#1382,.T.);
#1508=FACE_BOUND('',#1383,.T.);
#1509=FACE_BOUND('',#1384,.T.);
#1510=FACE_BOUND('',#1385,.T.);
#1511=FACE_BOUND('',#1386,.T.);
#1512=FACE_BOUND('',#1387,.T.);
#1513=FACE_BOUND('',#1388,.T.);
#1514=FACE_BOUND('',#1389,.T.);
#1515=FACE_BOUND('',#1390,.T.);
#1516=FACE_BOUND('',#1391,.T.);
#1517=FACE_BOUND('',#1392,.T.);
#1518=FACE_BOUND('',#1393,.T.);
#1519=FACE_BOUND('',#1394,.T.);
#1520=FACE_BOUND('',#1395,.T.);
#1521=FACE_BOUND('',#1396,.T.);
#1522=FACE_BOUND('',#1397,.T.);
#1523=FACE_BOUND('',#1398,.T.);
#1524=FACE_BOUND('',#1399,.T.);
#1525=FACE_BOUND('',#1400,.T.);
#1526=FACE_BOUND('',#1401,.T.);
#1527=FACE_BOUND('',#1402,.T.);
#1528=FACE_BOUND('',#1403,.T.);
#1529=FACE_BOUND('',#1404,.T.);
#1530=FACE_BOUND('',#1405,.T.);
#1531=FACE_BOUND('',#1406,.T.);
#1532=FACE_BOUND('',#1407,.T.);
#1533=FACE_BOUND('',#1408,.T.);
#1534=FACE_BOUND('',#1409,.T.);
#1535=FACE_BOUND('',#1410,.T.);
#1536=FACE_BOUND('',#1411,.T.);
#1537=FACE_BOUND('',#1412,.T.);
#1538=FACE_BOUND('',#1413,.T.);
#1539=FACE_BOUND('',#1414,.T.);
#1540=FACE_BOUND('',#1415,.T.);
#1541=FACE_BOUND('',#1416,.T.);
#1542=FACE_BOUND('',#1417,.T.);
#1543=FACE_BOUND('',#1418,.T.);
#1544=FACE_BOUND('',#1419,.T.);
#1545=FACE_BOUND('',#1420,.T.);
#1546=FACE_BOUND('',#1421,.T.);
#1547=FACE_BOUND('',#1422,.T.);
#1548=FACE_BOUND('',#1423,.T.);
#1549=FACE_BOUND('',#1424,.T.);
#1550=FACE_BOUND('',#1425,.T.);
#1551=FACE_BOUND('',#1426,.T.);
#1552=FACE_BOUND('',#1427,.T.);
#1553=FACE_BOUND('',#1428,.T.);
#1554=FACE_BOUND('',#1429,.T.);
#1555=FACE_BOUND('',#1430,.T.);
#1556=FACE_BOUND('',#1431,.T.);
#1557=FACE_BOUND('',#1432,.T.);
#1558=FACE_BOUND('',#1433,.T.);
#1559=FACE_BOUND('',#1434,.T.);
#1560=FACE_BOUND('',#1435,.T.);
#1561=FACE_BOUND('',#1436,.T.);
#1562=FACE_BOUND('',#1437,.T.);
#1563=FACE_BOUND('',#1438,.T.);
#1564=FACE_BOUND('',#1439,.T.);
#1565=FACE_BOUND('',#1440,.T.);
#1566=FACE_BOUND('',#1441,.T.);
#1567=FACE_BOUND('',#1442,.T.);
#1568=PLANE('',#1729);
#1569=PLANE('',#1730);
#1570=PLANE('',#1735);
#1571=PLANE('',#1738);
#1572=PLANE('',#1741);
#1573=PLANE('',#1742);
#1574=PLANE('',#1743);
#1575=PLANE('',#1744);
#1576=PLANE('',#1745);
#1577=PLANE('',#1752);
#1578=PLANE('',#1761);
#1579=PLANE('',#1774);
#1580=PLANE('',#1775);
#1581=PLANE('',#1777);
#1582=PLANE('',#1780);
#1583=PLANE('',#1781);
#1584=PLANE('',#1783);
#1585=PLANE('',#1784);
#1586=PLANE('',#1826);
#1587=PLANE('',#1831);
#1588=PLANE('',#1832);
#1589=PLANE('',#1837);
#1590=PLANE('',#1854);
#1591=PLANE('',#1867);
#1592=PLANE('',#1896);
#1593=PLANE('',#1898);
#1594=PLANE('',#1900);
#1595=PLANE('',#1902);
#1596=PLANE('',#1904);
#1597=PLANE('',#1916);
#1598=PLANE('',#1920);
#1599=PLANE('',#1927);
#1600=PLANE('',#1928);
#1601=PLANE('',#1929);
#1602=PLANE('',#1930);
#1603=PLANE('',#1931);
#1604=PLANE('',#1932);
#1605=PLANE('',#1933);
#1606=PLANE('',#1934);
#1607=PLANE('',#1935);
#1608=PLANE('',#1936);
#1609=ADVANCED_FACE('',(#1443),#1568,.T.);
#1610=ADVANCED_FACE('',(#1444),#1569,.F.);
#1611=ADVANCED_FACE('',(#1445),#142,.F.);
#1612=ADVANCED_FACE('',(#1446),#143,.F.);
#1613=ADVANCED_FACE('',(#1447,#1448),#1570,.T.);
#1614=ADVANCED_FACE('',(#1449,#1450),#1571,.F.);
#1615=ADVANCED_FACE('',(#1451),#1572,.F.);
#1616=ADVANCED_FACE('',(#1452),#1573,.F.);
#1617=ADVANCED_FACE('',(#1453),#1574,.T.);
#1618=ADVANCED_FACE('',(#1454),#1575,.T.);
#1619=ADVANCED_FACE('',(#1455,#1456,#1457),#1576,.T.);
#1620=ADVANCED_FACE('',(#1458,#1459),#1577,.F.);
#1621=ADVANCED_FACE('',(#1460,#1461,#1462),#1578,.F.);
#1622=ADVANCED_FACE('',(#1463),#1579,.T.);
#1623=ADVANCED_FACE('',(#1464),#1580,.F.);
#1624=ADVANCED_FACE('',(#1465,#1466,#1467),#1581,.F.);
#1625=ADVANCED_FACE('',(#1468),#1582,.T.);
#1626=ADVANCED_FACE('',(#1469),#1583,.T.);
#1627=ADVANCED_FACE('',(#1470),#1584,.F.);
#1628=ADVANCED_FACE('',(#1471),#1585,.F.);
#1629=ADVANCED_FACE('',(#1472),#144,.F.);
#1630=ADVANCED_FACE('',(#1473),#145,.T.);
#1631=ADVANCED_FACE('',(#1474),#146,.T.);
#1632=ADVANCED_FACE('',(#1475),#147,.T.);
#1633=ADVANCED_FACE('',(#1476),#148,.T.);
#1634=ADVANCED_FACE('',(#1477),#149,.F.);
#1635=ADVANCED_FACE('',(#1478),#150,.F.);
#1636=ADVANCED_FACE('',(#1479),#151,.F.);
#1637=ADVANCED_FACE('',(#1480),#152,.F.);
#1638=ADVANCED_FACE('',(#1481),#153,.T.);
#1639=ADVANCED_FACE('',(#1482),#154,.T.);
#1640=ADVANCED_FACE('',(#1483),#155,.T.);
#1641=ADVANCED_FACE('',(#1484),#156,.T.);
#1642=ADVANCED_FACE('',(#1485),#37,.F.);
#1643=ADVANCED_FACE('',(#1486),#157,.F.);
#1644=ADVANCED_FACE('',(#1487),#158,.F.);
#1645=ADVANCED_FACE('',(#1488),#38,.F.);
#1646=ADVANCED_FACE('',(#1489),#39,.F.);
#1647=ADVANCED_FACE('',(#1490),#159,.F.);
#1648=ADVANCED_FACE('',(#1491),#160,.F.);
#1649=ADVANCED_FACE('',(#1492),#40,.F.);
#1650=ADVANCED_FACE('',(#1493),#1586,.T.);
#1651=ADVANCED_FACE('',(#1494),#24,.T.);
#1652=ADVANCED_FACE('',(#1495),#25,.T.);
#1653=ADVANCED_FACE('',(#1496),#1587,.F.);
#1654=ADVANCED_FACE('',(#1497),#1588,.T.);
#1655=ADVANCED_FACE('',(#1498),#26,.T.);
#1656=ADVANCED_FACE('',(#1499),#27,.T.);
#1657=ADVANCED_FACE('',(#1500),#1589,.F.);
#1658=ADVANCED_FACE('',(#1501),#16,.T.);
#1659=ADVANCED_FACE('',(#1502),#161,.T.);
#1660=ADVANCED_FACE('',(#1503),#162,.T.);
#1661=ADVANCED_FACE('',(#1504),#17,.T.);
#1662=ADVANCED_FACE('',(#1505),#18,.T.);
#1663=ADVANCED_FACE('',(#1506),#163,.T.);
#1664=ADVANCED_FACE('',(#1507),#164,.T.);
#1665=ADVANCED_FACE('',(#1508),#19,.T.);
#1666=ADVANCED_FACE('',(#1509),#1590,.T.);
#1667=ADVANCED_FACE('',(#1510),#20,.T.);
#1668=ADVANCED_FACE('',(#1511),#165,.T.);
#1669=ADVANCED_FACE('',(#1512),#166,.T.);
#1670=ADVANCED_FACE('',(#1513),#21,.T.);
#1671=ADVANCED_FACE('',(#1514),#1591,.T.);
#1672=ADVANCED_FACE('',(#1515),#22,.T.);
#1673=ADVANCED_FACE('',(#1516),#167,.T.);
#1674=ADVANCED_FACE('',(#1517),#168,.T.);
#1675=ADVANCED_FACE('',(#1518),#23,.T.);
#1676=ADVANCED_FACE('',(#1519),#12,.F.);
#1677=ADVANCED_FACE('',(#1520),#169,.F.);
#1678=ADVANCED_FACE('',(#1521),#170,.F.);
#1679=ADVANCED_FACE('',(#1522),#13,.F.);
#1680=ADVANCED_FACE('',(#1523),#14,.F.);
#1681=ADVANCED_FACE('',(#1524),#171,.F.);
#1682=ADVANCED_FACE('',(#1525),#172,.F.);
#1683=ADVANCED_FACE('',(#1526),#15,.F.);
#1684=ADVANCED_FACE('',(#1527),#1592,.F.);
#1685=ADVANCED_FACE('',(#1528),#28,.T.);
#1686=ADVANCED_FACE('',(#1529),#1593,.F.);
#1687=ADVANCED_FACE('',(#1530),#29,.T.);
#1688=ADVANCED_FACE('',(#1531),#1594,.T.);
#1689=ADVANCED_FACE('',(#1532),#30,.T.);
#1690=ADVANCED_FACE('',(#1533),#1595,.T.);
#1691=ADVANCED_FACE('',(#1534),#31,.T.);
#1692=ADVANCED_FACE('',(#1535),#1596,.F.);
#1693=ADVANCED_FACE('',(#1536),#173,.T.);
#1694=ADVANCED_FACE('',(#1537),#174,.T.);
#1695=ADVANCED_FACE('',(#1538,#1539),#175,.F.);
#1696=ADVANCED_FACE('',(#1540,#1541),#176,.F.);
#1697=ADVANCED_FACE('',(#1542,#1543),#177,.F.);
#1698=ADVANCED_FACE('',(#1544,#1545),#1597,.F.);
#1699=ADVANCED_FACE('',(#1546,#1547),#178,.F.);
#1700=ADVANCED_FACE('',(#1548,#1549),#1598,.F.);
#1701=ADVANCED_FACE('',(#1550),#32,.T.);
#1702=ADVANCED_FACE('',(#1551),#33,.T.);
#1703=ADVANCED_FACE('',(#1552,#1553),#34,.F.);
#1704=ADVANCED_FACE('',(#1554,#1555),#35,.F.);
#1705=ADVANCED_FACE('',(#1556,#1557),#36,.F.);
#1706=ADVANCED_FACE('',(#1558),#1599,.T.);
#1707=ADVANCED_FACE('',(#1559),#1600,.F.);
#1708=ADVANCED_FACE('',(#1560),#1601,.F.);
#1709=ADVANCED_FACE('',(#1561),#1602,.T.);
#1710=ADVANCED_FACE('',(#1562),#1603,.T.);
#1711=ADVANCED_FACE('',(#1563),#1604,.T.);
#1712=ADVANCED_FACE('',(#1564),#1605,.F.);
#1713=ADVANCED_FACE('',(#1565),#1606,.F.);
#1714=ADVANCED_FACE('',(#1566),#1607,.T.);
#1715=ADVANCED_FACE('',(#1567),#1608,.T.);
#1716=CLOSED_SHELL('',(#1609,#1610,#1611,#1612,#1613,#1614,#1615,#1616,
#1617,#1618,#1619,#1620,#1621,#1622,#1623,#1624,#1625,#1626,#1627,#1628,
#1629,#1630,#1631,#1632,#1633,#1634,#1635,#1636,#1637,#1638,#1639,#1640,
#1641,#1642,#1643,#1644,#1645,#1646,#1647,#1648,#1649,#1650,#1651,#1652,
#1653,#1654,#1655,#1656,#1657,#1658,#1659,#1660,#1661,#1662,#1663,#1664,
#1665,#1666,#1667,#1668,#1669,#1670,#1671,#1672,#1673,#1674,#1675,#1676,
#1677,#1678,#1679,#1680,#1681,#1682,#1683,#1684,#1685,#1686,#1687,#1688,
#1689,#1690,#1691,#1692,#1693,#1694,#1695,#1696,#1697,#1698,#1699,#1700,
#1701,#1702,#1703,#1704,#1705,#1706,#1707,#1708,#1709,#1710,#1711,#1712,
#1713,#1714,#1715));
#1717=STYLED_ITEM('',(#1718),#1725);
#1718=PRESENTATION_STYLE_ASSIGNMENT((#1719));
#1719=SURFACE_STYLE_USAGE(.BOTH.,#1720);
#1720=SURFACE_SIDE_STYLE('',(#1721));
#1721=SURFACE_STYLE_FILL_AREA(#1722);
#1722=FILL_AREA_STYLE('',(#1723));
#1723=FILL_AREA_STYLE_COLOUR('',#1724);
#1724=COLOUR_RGB('',0.231372549019608,0.380392156862745,0.705882352941177);
#1725=MANIFOLD_SOLID_BREP('Bottom_shell',#1716);
#1726=SHAPE_DEFINITION_REPRESENTATION(#3019,#1727);
#1727=SHAPE_REPRESENTATION('Bottom_shell',(#1728),#3014);
#1728=AXIS2_PLACEMENT_3D('',#2486,#1937,#1938);
#1729=AXIS2_PLACEMENT_3D('',#2487,#1939,#1940);
#1730=AXIS2_PLACEMENT_3D('',#2501,#1945,#1946);
#1731=AXIS2_PLACEMENT_3D('',#2515,#1951,#1952);
#1732=AXIS2_PLACEMENT_3D('',#2524,#1954,#1955);
#1733=AXIS2_PLACEMENT_3D('',#2525,#1956,#1957);
#1734=AXIS2_PLACEMENT_3D('',#2537,#1960,#1961);
#1735=AXIS2_PLACEMENT_3D('',#2538,#1962,#1963);
#1736=AXIS2_PLACEMENT_3D('',#2542,#1965,#1966);
#1737=AXIS2_PLACEMENT_3D('',#2546,#1968,#1969);
#1738=AXIS2_PLACEMENT_3D('',#2555,#1974,#1975);
#1739=AXIS2_PLACEMENT_3D('',#2559,#1977,#1978);
#1740=AXIS2_PLACEMENT_3D('',#2563,#1980,#1981);
#1741=AXIS2_PLACEMENT_3D('',#2572,#1986,#1987);
#1742=AXIS2_PLACEMENT_3D('',#2581,#1992,#1993);
#1743=AXIS2_PLACEMENT_3D('',#2590,#1998,#1999);
#1744=AXIS2_PLACEMENT_3D('',#2599,#2004,#2005);
#1745=AXIS2_PLACEMENT_3D('',#2608,#2010,#2011);
#1746=AXIS2_PLACEMENT_3D('',#2609,#2012,#2013);
#1747=AXIS2_PLACEMENT_3D('',#2611,#2014,#2015);
#1748=AXIS2_PLACEMENT_3D('',#2613,#2016,#2017);
#1749=AXIS2_PLACEMENT_3D('',#2618,#2019,#2020);
#1750=AXIS2_PLACEMENT_3D('',#2622,#2022,#2023);
#1751=AXIS2_PLACEMENT_3D('',#2626,#2025,#2026);
#1752=AXIS2_PLACEMENT_3D('',#2629,#2028,#2029);
#1753=AXIS2_PLACEMENT_3D('',#2633,#2031,#2032);
#1754=AXIS2_PLACEMENT_3D('',#2634,#2033,#2034);
#1755=AXIS2_PLACEMENT_3D('',#2638,#2036,#2037);
#1756=AXIS2_PLACEMENT_3D('',#2639,#2038,#2039);
#1757=AXIS2_PLACEMENT_3D('',#2640,#2040,#2041);
#1758=AXIS2_PLACEMENT_3D('',#2641,#2042,#2043);
#1759=AXIS2_PLACEMENT_3D('',#2642,#2044,#2045);
#1760=AXIS2_PLACEMENT_3D('',#2643,#2046,#2047);
#1761=AXIS2_PLACEMENT_3D('',#2644,#2048,#2049);
#1762=AXIS2_PLACEMENT_3D('',#2645,#2050,#2051);
#1763=AXIS2_PLACEMENT_3D('',#2647,#2052,#2053);
#1764=AXIS2_PLACEMENT_3D('',#2649,#2054,#2055);
#1765=AXIS2_PLACEMENT_3D('',#2651,#2056,#2057);
#1766=AXIS2_PLACEMENT_3D('',#2655,#2059,#2060);
#1767=AXIS2_PLACEMENT_3D('',#2656,#2061,#2062);
#1768=AXIS2_PLACEMENT_3D('',#2664,#2066,#2067);
#1769=AXIS2_PLACEMENT_3D('',#2668,#2069,#2070);
#1770=AXIS2_PLACEMENT_3D('',#2672,#2072,#2073);
#1771=AXIS2_PLACEMENT_3D('',#2676,#2075,#2076);
#1772=AXIS2_PLACEMENT_3D('',#2684,#2080,#2081);
#1773=AXIS2_PLACEMENT_3D('',#2688,#2083,#2084);
#1774=AXIS2_PLACEMENT_3D('',#2691,#2086,#2087);
#1775=AXIS2_PLACEMENT_3D('',#2697,#2091,#2092);
#1776=AXIS2_PLACEMENT_3D('',#2701,#2094,#2095);
#1777=AXIS2_PLACEMENT_3D('',#2707,#2099,#2100);
#1778=AXIS2_PLACEMENT_3D('',#2724,#2109,#2110);
#1779=AXIS2_PLACEMENT_3D('',#2729,#2113,#2114);
#1780=AXIS2_PLACEMENT_3D('',#2734,#2117,#2118);
#1781=AXIS2_PLACEMENT_3D('',#2740,#2122,#2123);
#1782=AXIS2_PLACEMENT_3D('',#2748,#2126,#2127);
#1783=AXIS2_PLACEMENT_3D('',#2749,#2128,#2129);
#1784=AXIS2_PLACEMENT_3D('',#2755,#2133,#2134);
#1785=AXIS2_PLACEMENT_3D('',#2766,#2138,#2139);
#1786=AXIS2_PLACEMENT_3D('',#2767,#2140,#2141);
#1787=AXIS2_PLACEMENT_3D('',#2768,#2142,#2143);
#1788=AXIS2_PLACEMENT_3D('',#2769,#2144,#2145);
#1789=AXIS2_PLACEMENT_3D('',#2770,#2146,#2147);
#1790=AXIS2_PLACEMENT_3D('',#2771,#2148,#2149);
#1791=AXIS2_PLACEMENT_3D('',#2772,#2150,#2151);
#1792=AXIS2_PLACEMENT_3D('',#2773,#2152,#2153);
#1793=AXIS2_PLACEMENT_3D('',#2774,#2154,#2155);
#1794=AXIS2_PLACEMENT_3D('',#2775,#2156,#2157);
#1795=AXIS2_PLACEMENT_3D('',#2776,#2158,#2159);
#1796=AXIS2_PLACEMENT_3D('',#2777,#2160,#2161);
#1797=AXIS2_PLACEMENT_3D('',#2778,#2162,#2163);
#1798=AXIS2_PLACEMENT_3D('',#2779,#2164,#2165);
#1799=AXIS2_PLACEMENT_3D('',#2780,#2166,#2167);
#1800=AXIS2_PLACEMENT_3D('',#2781,#2168,#2169);
#1801=AXIS2_PLACEMENT_3D('',#2782,#2170,#2171);
#1802=AXIS2_PLACEMENT_3D('',#2783,#2172,#2173);
#1803=AXIS2_PLACEMENT_3D('',#2784,#2174,#2175);
#1804=AXIS2_PLACEMENT_3D('',#2785,#2176,#2177);
#1805=AXIS2_PLACEMENT_3D('',#2786,#2178,#2179);
#1806=AXIS2_PLACEMENT_3D('',#2787,#2180,#2181);
#1807=AXIS2_PLACEMENT_3D('',#2788,#2182,#2183);
#1808=AXIS2_PLACEMENT_3D('',#2789,#2184,#2185);
#1809=AXIS2_PLACEMENT_3D('',#2790,#2186,#2187);
#1810=AXIS2_PLACEMENT_3D('',#2791,#2188,#2189);
#1811=AXIS2_PLACEMENT_3D('',#2792,#2190,#2191);
#1812=AXIS2_PLACEMENT_3D('',#2793,#2192,#2193);
#1813=AXIS2_PLACEMENT_3D('',#2794,#2194,#2195);
#1814=AXIS2_PLACEMENT_3D('',#2795,#2196,#2197);
#1815=AXIS2_PLACEMENT_3D('',#2796,#2198,#2199);
#1816=AXIS2_PLACEMENT_3D('',#2797,#2200,#2201);
#1817=AXIS2_PLACEMENT_3D('',#2798,#2202,#2203);
#1818=AXIS2_PLACEMENT_3D('',#2805,#2204,#2205);
#1819=AXIS2_PLACEMENT_3D('',#2806,#2206,#2207);
#1820=AXIS2_PLACEMENT_3D('',#2807,#2208,#2209);
#1821=AXIS2_PLACEMENT_3D('',#2808,#2210,#2211);
#1822=AXIS2_PLACEMENT_3D('',#2815,#2212,#2213);
#1823=AXIS2_PLACEMENT_3D('',#2816,#2214,#2215);
#1824=AXIS2_PLACEMENT_3D('',#2817,#2216,#2217);
#1825=AXIS2_PLACEMENT_3D('',#2818,#2218,#2219);
#1826=AXIS2_PLACEMENT_3D('',#2819,#2220,#2221);
#1827=AXIS2_PLACEMENT_3D('',#2825,#2225,#2226);
#1828=AXIS2_PLACEMENT_3D('',#2828,#2228,#2229);
#1829=AXIS2_PLACEMENT_3D('',#2829,#2230,#2231);
#1830=AXIS2_PLACEMENT_3D('',#2830,#2232,#2233);
#1831=AXIS2_PLACEMENT_3D('',#2833,#2235,#2236);
#1832=AXIS2_PLACEMENT_3D('',#2837,#2239,#2240);
#1833=AXIS2_PLACEMENT_3D('',#2841,#2243,#2244);
#1834=AXIS2_PLACEMENT_3D('',#2844,#2246,#2247);
#1835=AXIS2_PLACEMENT_3D('',#2845,#2248,#2249);
#1836=AXIS2_PLACEMENT_3D('',#2846,#2250,#2251);
#1837=AXIS2_PLACEMENT_3D('',#2849,#2253,#2254);
#1838=AXIS2_PLACEMENT_3D('',#2851,#2256,#2257);
#1839=AXIS2_PLACEMENT_3D('',#2852,#2258,#2259);
#1840=AXIS2_PLACEMENT_3D('',#2853,#2260,#2261);
#1841=AXIS2_PLACEMENT_3D('',#2854,#2262,#2263);
#1842=AXIS2_PLACEMENT_3D('',#2855,#2264,#2265);
#1843=AXIS2_PLACEMENT_3D('',#2856,#2266,#2267);
#1844=AXIS2_PLACEMENT_3D('',#2857,#2268,#2269);
#1845=AXIS2_PLACEMENT_3D('',#2858,#2270,#2271);
#1846=AXIS2_PLACEMENT_3D('',#2859,#2272,#2273);
#1847=AXIS2_PLACEMENT_3D('',#2860,#2274,#2275);
#1848=AXIS2_PLACEMENT_3D('',#2861,#2276,#2277);
#1849=AXIS2_PLACEMENT_3D('',#2862,#2278,#2279);
#1850=AXIS2_PLACEMENT_3D('',#2863,#2280,#2281);
#1851=AXIS2_PLACEMENT_3D('',#2864,#2282,#2283);
#1852=AXIS2_PLACEMENT_3D('',#2865,#2284,#2285);
#1853=AXIS2_PLACEMENT_3D('',#2866,#2286,#2287);
#1854=AXIS2_PLACEMENT_3D('',#2867,#2288,#2289);
#1855=AXIS2_PLACEMENT_3D('',#2871,#2291,#2292);
#1856=AXIS2_PLACEMENT_3D('',#2875,#2294,#2295);
#1857=AXIS2_PLACEMENT_3D('',#2876,#2296,#2297);
#1858=AXIS2_PLACEMENT_3D('',#2877,#2298,#2299);
#1859=AXIS2_PLACEMENT_3D('',#2879,#2300,#2301);
#1860=AXIS2_PLACEMENT_3D('',#2881,#2302,#2303);
#1861=AXIS2_PLACEMENT_3D('',#2882,#2304,#2305);
#1862=AXIS2_PLACEMENT_3D('',#2883,#2306,#2307);
#1863=AXIS2_PLACEMENT_3D('',#2886,#2309,#2310);
#1864=AXIS2_PLACEMENT_3D('',#2889,#2312,#2313);
#1865=AXIS2_PLACEMENT_3D('',#2890,#2314,#2315);
#1866=AXIS2_PLACEMENT_3D('',#2891,#2316,#2317);
#1867=AXIS2_PLACEMENT_3D('',#2892,#2318,#2319);
#1868=AXIS2_PLACEMENT_3D('',#2896,#2321,#2322);
#1869=AXIS2_PLACEMENT_3D('',#2900,#2324,#2325);
#1870=AXIS2_PLACEMENT_3D('',#2901,#2326,#2327);
#1871=AXIS2_PLACEMENT_3D('',#2902,#2328,#2329);
#1872=AXIS2_PLACEMENT_3D('',#2904,#2330,#2331);
#1873=AXIS2_PLACEMENT_3D('',#2906,#2332,#2333);
#1874=AXIS2_PLACEMENT_3D('',#2907,#2334,#2335);
#1875=AXIS2_PLACEMENT_3D('',#2910,#2337,#2338);
#1876=AXIS2_PLACEMENT_3D('',#2911,#2339,#2340);
#1877=AXIS2_PLACEMENT_3D('',#2912,#2341,#2342);
#1878=AXIS2_PLACEMENT_3D('',#2915,#2344,#2345);
#1879=AXIS2_PLACEMENT_3D('',#2916,#2346,#2347);
#1880=AXIS2_PLACEMENT_3D('',#2917,#2348,#2349);
#1881=AXIS2_PLACEMENT_3D('',#2918,#2350,#2351);
#1882=AXIS2_PLACEMENT_3D('',#2919,#2352,#2353);
#1883=AXIS2_PLACEMENT_3D('',#2920,#2354,#2355);
#1884=AXIS2_PLACEMENT_3D('',#2921,#2356,#2357);
#1885=AXIS2_PLACEMENT_3D('',#2922,#2358,#2359);
#1886=AXIS2_PLACEMENT_3D('',#2923,#2360,#2361);
#1887=AXIS2_PLACEMENT_3D('',#2924,#2362,#2363);
#1888=AXIS2_PLACEMENT_3D('',#2925,#2364,#2365);
#1889=AXIS2_PLACEMENT_3D('',#2926,#2366,#2367);
#1890=AXIS2_PLACEMENT_3D('',#2927,#2368,#2369);
#1891=AXIS2_PLACEMENT_3D('',#2928,#2370,#2371);
#1892=AXIS2_PLACEMENT_3D('',#2929,#2372,#2373);
#1893=AXIS2_PLACEMENT_3D('',#2930,#2374,#2375);
#1894=AXIS2_PLACEMENT_3D('',#2931,#2376,#2377);
#1895=AXIS2_PLACEMENT_3D('',#2932,#2378,#2379);
#1896=AXIS2_PLACEMENT_3D('',#2933,#2380,#2381);
#1897=AXIS2_PLACEMENT_3D('',#2935,#2383,#2384);
#1898=AXIS2_PLACEMENT_3D('',#2937,#2386,#2387);
#1899=AXIS2_PLACEMENT_3D('',#2939,#2389,#2390);
#1900=AXIS2_PLACEMENT_3D('',#2941,#2392,#2393);
#1901=AXIS2_PLACEMENT_3D('',#2943,#2395,#2396);
#1902=AXIS2_PLACEMENT_3D('',#2945,#2398,#2399);
#1903=AXIS2_PLACEMENT_3D('',#2947,#2401,#2402);
#1904=AXIS2_PLACEMENT_3D('',#2949,#2404,#2405);
#1905=AXIS2_PLACEMENT_3D('',#2950,#2406,#2407);
#1906=AXIS2_PLACEMENT_3D('',#2951,#2408,#2409);
#1907=AXIS2_PLACEMENT_3D('',#2952,#2410,#2411);
#1908=AXIS2_PLACEMENT_3D('',#2953,#2412,#2413);
#1909=AXIS2_PLACEMENT_3D('',#2954,#2414,#2415);
#1910=AXIS2_PLACEMENT_3D('',#2955,#2416,#2417);
#1911=AXIS2_PLACEMENT_3D('',#2957,#2418,#2419);
#1912=AXIS2_PLACEMENT_3D('',#2958,#2420,#2421);
#1913=AXIS2_PLACEMENT_3D('',#2960,#2422,#2423);
#1914=AXIS2_PLACEMENT_3D('',#2961,#2424,#2425);
#1915=AXIS2_PLACEMENT_3D('',#2963,#2426,#2427);
#1916=AXIS2_PLACEMENT_3D('',#2965,#2428,#2429);
#1917=AXIS2_PLACEMENT_3D('',#2966,#2430,#2431);
#1918=AXIS2_PLACEMENT_3D('',#2967,#2432,#2433);
#1919=AXIS2_PLACEMENT_3D('',#2969,#2434,#2435);
#1920=AXIS2_PLACEMENT_3D('',#2971,#2436,#2437);
#1921=AXIS2_PLACEMENT_3D('',#2972,#2438,#2439);
#1922=AXIS2_PLACEMENT_3D('',#2974,#2440,#2441);
#1923=AXIS2_PLACEMENT_3D('',#2975,#2442,#2443);
#1924=AXIS2_PLACEMENT_3D('',#2976,#2444,#2445);
#1925=AXIS2_PLACEMENT_3D('',#2977,#2446,#2447);
#1926=AXIS2_PLACEMENT_3D('',#2978,#2448,#2449);
#1927=AXIS2_PLACEMENT_3D('',#2979,#2450,#2451);
#1928=AXIS2_PLACEMENT_3D('',#2985,#2455,#2456);
#1929=AXIS2_PLACEMENT_3D('',#2989,#2459,#2460);
#1930=AXIS2_PLACEMENT_3D('',#2993,#2463,#2464);
#1931=AXIS2_PLACEMENT_3D('',#2995,#2466,#2467);
#1932=AXIS2_PLACEMENT_3D('',#2996,#2468,#2469);
#1933=AXIS2_PLACEMENT_3D('',#3002,#2473,#2474);
#1934=AXIS2_PLACEMENT_3D('',#3006,#2477,#2478);
#1935=AXIS2_PLACEMENT_3D('',#3010,#2481,#2482);
#1936=AXIS2_PLACEMENT_3D('',#3012,#2484,#2485);
#1937=DIRECTION('',(0.,0.,1.));
#1938=DIRECTION('',(1.,0.,0.));
#1939=DIRECTION('',(0.,-1.,-1.45402842050322E-26));
#1940=DIRECTION('',(0.,1.45402842050322E-26,-1.));
#1941=DIRECTION('',(0.,1.45402842050322E-26,-1.));
#1942=DIRECTION('',(1.,0.,0.));
#1943=DIRECTION('',(0.,-1.45402842050322E-26,1.));
#1944=DIRECTION('',(1.,0.,0.));
#1945=DIRECTION('',(0.,-1.,-1.45402842050322E-26));
#1946=DIRECTION('',(0.,1.45402842050322E-26,-1.));
#1947=DIRECTION('',(1.,0.,0.));
#1948=DIRECTION('',(0.,1.45402842050322E-26,-1.));
#1949=DIRECTION('',(1.,0.,0.));
#1950=DIRECTION('',(0.,-1.45402842050322E-26,1.));
#1951=DIRECTION('',(-1.,0.,0.));
#1952=DIRECTION('',(0.,0.,1.));
#1953=DIRECTION('',(1.,0.,0.));
#1954=DIRECTION('',(1.,0.,0.));
#1955=DIRECTION('',(0.,0.,-1.));
#1956=DIRECTION('',(1.,0.,0.));
#1957=DIRECTION('',(0.,0.,-1.));
#1958=DIRECTION('',(1.,0.,0.));
#1959=DIRECTION('',(1.,0.,0.));
#1960=DIRECTION('',(1.,0.,0.));
#1961=DIRECTION('',(0.,0.,-1.));
#1962=DIRECTION('',(1.,-7.75295408258186E-15,-1.12730155789305E-40));
#1963=DIRECTION('',(7.75295408258186E-15,1.,0.));
#1964=DIRECTION('',(7.75295408258186E-15,1.,-5.09828504686537E-58));
#1965=DIRECTION('',(1.,-7.75295408258186E-15,-1.12730155789305E-40));
#1966=DIRECTION('',(7.75295408258186E-15,1.,0.));
#1967=DIRECTION('',(-7.75295408258186E-15,-1.,5.09828504686537E-58));
#1968=DIRECTION('',(1.,-7.75295408258186E-15,-1.12730155789305E-40));
#1969=DIRECTION('',(7.75295408258186E-15,1.,0.));
#1970=DIRECTION('',(0.,-1.45402842050322E-26,1.));
#1971=DIRECTION('',(-7.75295408258186E-15,-1.,-1.45402842050322E-26));
#1972=DIRECTION('',(0.,-1.45402842050322E-26,1.));
#1973=DIRECTION('',(7.75295408258186E-15,1.,1.45402842050322E-26));
#1974=DIRECTION('',(1.,-7.75295408258182E-15,-1.12730155789304E-40));
#1975=DIRECTION('',(7.75295408258182E-15,1.,0.));
#1976=DIRECTION('',(7.75295408258182E-15,1.,-5.09828504681755E-58));
#1977=DIRECTION('',(1.,-7.75295408258182E-15,-1.12730155789304E-40));
#1978=DIRECTION('',(7.75295408258182E-15,1.,0.));
#1979=DIRECTION('',(-7.75295408258182E-15,-1.,5.09828504681755E-58));
#1980=DIRECTION('',(1.,-7.75295408258182E-15,-1.12730155789304E-40));
#1981=DIRECTION('',(7.75295408258182E-15,1.,0.));
#1982=DIRECTION('',(0.,-1.45402842050322E-26,1.));
#1983=DIRECTION('',(7.75295408258182E-15,1.,1.45402842050322E-26));
#1984=DIRECTION('',(0.,-1.45402842050322E-26,1.));
#1985=DIRECTION('',(7.75295408258182E-15,1.,1.45402842050322E-26));
#1986=DIRECTION('',(1.,-7.92100325555761E-17,-1.15173638524793E-42));
#1987=DIRECTION('',(7.92100325555761E-17,1.,0.));
#1988=DIRECTION('',(0.,-1.45402842050322E-26,1.));
#1989=DIRECTION('',(-7.92100325555761E-17,-1.,-1.45402833315996E-26));
#1990=DIRECTION('',(0.,-1.45402842050322E-26,1.));
#1991=DIRECTION('',(7.92100325555761E-17,1.,1.45402842050322E-26));
#1992=DIRECTION('',(0.,-1.,-1.45402842050322E-26));
#1993=DIRECTION('',(0.,1.45402842050322E-26,-1.));
#1994=DIRECTION('',(0.,-1.45402842050322E-26,1.));
#1995=DIRECTION('',(-1.,0.,0.));
#1996=DIRECTION('',(0.,-1.45402842050322E-26,1.));
#1997=DIRECTION('',(1.,0.,0.));
#1998=DIRECTION('',(0.,-1.,-1.45402842050322E-26));
#1999=DIRECTION('',(0.,1.45402842050322E-26,-1.));
#2000=DIRECTION('',(0.,-1.45402842050322E-26,1.));
#2001=DIRECTION('',(-1.,0.,0.));
#2002=DIRECTION('',(0.,-1.45402842050322E-26,1.));
#2003=DIRECTION('',(1.,0.,0.));
#2004=DIRECTION('',(1.,-7.92100325555761E-17,-1.15173638524793E-42));
#2005=DIRECTION('',(7.92100325555761E-17,1.,0.));
#2006=DIRECTION('',(0.,-1.45402842050322E-26,1.));
#2007=DIRECTION('',(-7.92100325555761E-17,-1.,-1.45402982103394E-26));
#2008=DIRECTION('',(0.,-1.45402842050322E-26,1.));
#2009=DIRECTION('',(7.92100325555761E-17,1.,1.45402842050322E-26));
#2010=DIRECTION('',(0.,1.45402842050321E-26,-1.));
#2011=DIRECTION('',(1.00000000000002,-7.99360577730096E-15,1.93870456067115E-25));
#2012=DIRECTION('',(0.,1.45402842050321E-26,-1.));
#2013=DIRECTION('',(0.,1.,1.45402842050322E-26));
#2014=DIRECTION('',(0.,1.45402842050321E-26,-1.));
#2015=DIRECTION('',(0.,1.,1.45402842050322E-26));
#2016=DIRECTION('',(0.,1.45402842050321E-26,-1.));
#2017=DIRECTION('',(0.,1.,1.45402842050322E-26));
#2018=DIRECTION('',(-7.92100325555761E-17,-1.,-1.45402842050322E-26));
#2019=DIRECTION('',(0.,1.45402842050321E-26,-1.));
#2020=DIRECTION('',(0.,1.,1.45402842050322E-26));
#2021=DIRECTION('',(-1.,0.,0.));
#2022=DIRECTION('',(0.,1.45402842050321E-26,-1.));
#2023=DIRECTION('',(0.,1.,1.45402842050322E-26));
#2024=DIRECTION('',(7.92100325555761E-17,1.,1.45402842050322E-26));
#2025=DIRECTION('',(0.,1.45402842050321E-26,-1.));
#2026=DIRECTION('',(0.,1.,1.45402842050322E-26));
#2027=DIRECTION('',(1.,0.,0.));
#2028=DIRECTION('',(0.,1.45402842050322E-26,-1.));
#2029=DIRECTION('',(1.,0.,0.));
#2030=DIRECTION('',(1.,0.,0.));
#2031=DIRECTION('',(0.,1.45402842050322E-26,-1.));
#2032=DIRECTION('',(0.,1.,1.45402842050322E-26));
#2033=DIRECTION('',(0.,1.45402842050322E-26,-1.));
#2034=DIRECTION('',(0.,1.,1.45402842050322E-26));
#2035=DIRECTION('',(1.,0.,0.));
#2036=DIRECTION('',(0.,1.45402842050322E-26,-1.));
#2037=DIRECTION('',(0.,1.,1.45402842050322E-26));
#2038=DIRECTION('',(0.,1.45402842050322E-26,-1.));
#2039=DIRECTION('',(0.,1.,1.45402842050322E-26));
#2040=DIRECTION('',(0.,1.45402842050322E-26,-1.));
#2041=DIRECTION('',(0.,1.,1.45402842050322E-26));
#2042=DIRECTION('',(0.,1.45402842050322E-26,-1.));
#2043=DIRECTION('',(0.,1.,1.45402842050322E-26));
#2044=DIRECTION('',(0.,1.45402842050322E-26,-1.));
#2045=DIRECTION('',(0.,1.,1.45402842050322E-26));
#2046=DIRECTION('',(0.,1.45402842050322E-26,-1.));
#2047=DIRECTION('',(0.,1.,1.45402842050322E-26));
#2048=DIRECTION('',(0.,1.45402842050322E-26,-1.));
#2049=DIRECTION('',(1.,0.,0.));
#2050=DIRECTION('',(0.,1.45402842050322E-26,-1.));
#2051=DIRECTION('',(0.,1.,1.45402842050322E-26));
#2052=DIRECTION('',(0.,1.45402842050322E-26,-1.));
#2053=DIRECTION('',(0.,1.,1.45402842050322E-26));
#2054=DIRECTION('',(0.,1.45402842050322E-26,-1.));
#2055=DIRECTION('',(0.,1.,1.45402842050322E-26));
#2056=DIRECTION('',(0.,1.45402842050322E-26,-1.));
#2057=DIRECTION('',(0.,1.,1.45402842050322E-26));
#2058=DIRECTION('',(7.92100325555761E-17,1.,1.45402842050322E-26));
#2059=DIRECTION('',(0.,1.45402842050322E-26,-1.));
#2060=DIRECTION('',(0.,1.,1.45402842050322E-26));
#2061=DIRECTION('',(0.,1.45402842050322E-26,-1.));
#2062=DIRECTION('',(0.,1.,1.45402842050322E-26));
#2063=DIRECTION('',(1.,0.,0.));
#2064=DIRECTION('',(0.,1.,1.45402842050322E-26));
#2065=DIRECTION('',(-1.,0.,0.));
#2066=DIRECTION('',(0.,1.45402842050322E-26,-1.));
#2067=DIRECTION('',(0.,1.,1.45402842050322E-26));
#2068=DIRECTION('',(-7.75295408258182E-15,-1.,-1.45402842050322E-26));
#2069=DIRECTION('',(0.,1.45402842050322E-26,-1.));
#2070=DIRECTION('',(0.,1.,1.45402842050322E-26));
#2071=DIRECTION('',(1.,0.,0.));
#2072=DIRECTION('',(0.,1.45402842050322E-26,-1.));
#2073=DIRECTION('',(0.,1.,1.45402842050322E-26));
#2074=DIRECTION('',(7.75295408258186E-15,1.,1.45402842050322E-26));
#2075=DIRECTION('',(0.,1.45402842050322E-26,-1.));
#2076=DIRECTION('',(0.,1.,1.45402842050322E-26));
#2077=DIRECTION('',(-1.,0.,0.));
#2078=DIRECTION('',(0.,1.,1.45402842050322E-26));
#2079=DIRECTION('',(1.,0.,0.));
#2080=DIRECTION('',(0.,1.45402842050322E-26,-1.));
#2081=DIRECTION('',(0.,1.,1.45402842050322E-26));
#2082=DIRECTION('',(7.92100325555761E-17,1.,1.45402842050322E-26));
#2083=DIRECTION('',(0.,1.45402842050322E-26,-1.));
#2084=DIRECTION('',(0.,1.,1.45402842050322E-26));
#2085=DIRECTION('',(1.,0.,0.));
#2086=DIRECTION('',(0.,-1.,-1.45402842050322E-26));
#2087=DIRECTION('',(0.,1.45402842050322E-26,-1.));
#2088=DIRECTION('',(0.,-1.45402842050322E-26,1.));
#2089=DIRECTION('',(-1.,0.,0.));
#2090=DIRECTION('',(0.,-1.45402842050322E-26,1.));
#2091=DIRECTION('',(0.,-1.,-1.45402842050322E-26));
#2092=DIRECTION('',(0.,1.45402842050322E-26,-1.));
#2093=DIRECTION('',(1.,0.,0.));
#2094=DIRECTION('',(0.,-1.,-1.45402842050322E-26));
#2095=DIRECTION('',(0.,1.45402842050322E-26,-1.));
#2096=DIRECTION('',(1.,0.,0.));
#2097=DIRECTION('',(0.,-1.45402842050322E-26,1.));
#2098=DIRECTION('',(0.,-1.45402842050322E-26,1.));
#2099=DIRECTION('',(0.,1.45402842050321E-26,-1.));
#2100=DIRECTION('',(1.00000000000002,-7.99360577730096E-15,1.93870456067115E-25));
#2101=DIRECTION('',(0.,-1.,-1.45402842050322E-26));
#2102=DIRECTION('',(1.,0.,0.));
#2103=DIRECTION('',(0.,-1.,-1.45402842050322E-26));
#2104=DIRECTION('',(1.,0.,0.));
#2105=DIRECTION('',(0.,-1.,-1.45402842050322E-26));
#2106=DIRECTION('',(1.,0.,0.));
#2107=DIRECTION('',(0.,-1.,-1.45402842050322E-26));
#2108=DIRECTION('',(1.,0.,0.));
#2109=DIRECTION('',(0.,1.45402842050321E-26,-1.));
#2110=DIRECTION('',(0.,1.,1.45402842050322E-26));
#2111=DIRECTION('',(1.,0.,0.));
#2112=DIRECTION('',(7.92100325555761E-17,1.,1.45402842050322E-26));
#2113=DIRECTION('',(0.,1.45402842050321E-26,-1.));
#2114=DIRECTION('',(0.,1.,1.45402842050322E-26));
#2115=DIRECTION('',(1.,0.,0.));
#2116=DIRECTION('',(7.92100325555761E-17,1.,1.45402842050322E-26));
#2117=DIRECTION('',(1.,-7.92100325555761E-17,-1.15173638524793E-42));
#2118=DIRECTION('',(7.92100325555761E-17,1.,0.));
#2119=DIRECTION('',(0.,-1.45402842050322E-26,1.));
#2120=DIRECTION('',(7.92100325555761E-17,1.,1.45402842050322E-26));
#2121=DIRECTION('',(0.,-1.45402842050322E-26,1.));
#2122=DIRECTION('',(0.,-1.,-1.45402842050322E-26));
#2123=DIRECTION('',(0.,1.45402842050322E-26,-1.));
#2124=DIRECTION('',(0.,1.45402842050322E-26,-1.));
#2125=DIRECTION('',(0.,-1.45402842050322E-26,1.));
#2126=DIRECTION('',(0.,-1.,-1.45402842050322E-26));
#2127=DIRECTION('',(0.,1.45402842050322E-26,-1.));
#2128=DIRECTION('',(1.,-7.92100325555761E-17,-1.15173638524793E-42));
#2129=DIRECTION('',(7.92100325555761E-17,1.,0.));
#2130=DIRECTION('',(0.,-1.45402842050322E-26,1.));
#2131=DIRECTION('',(0.,-1.45402842050322E-26,1.));
#2132=DIRECTION('',(7.92100325555761E-17,1.,1.45402842050322E-26));
#2133=DIRECTION('',(0.,-1.,-1.45402842050322E-26));
#2134=DIRECTION('',(0.,1.45402842050322E-26,-1.));
#2135=DIRECTION('',(0.,1.45402842050322E-26,-1.));
#2136=DIRECTION('',(0.,-1.45402842050322E-26,1.));
#2137=DIRECTION('',(1.,0.,0.));
#2138=DIRECTION('',(0.,1.,1.45402842050322E-26));
#2139=DIRECTION('',(0.,-1.45402842050322E-26,1.));
#2140=DIRECTION('',(0.,-0.707106781186545,-0.70710678118655));
#2141=DIRECTION('',(0.,0.70710678118655,-0.707106781186545));
#2142=DIRECTION('',(0.,-0.707106781186545,-0.70710678118655));
#2143=DIRECTION('',(0.,0.70710678118655,-0.707106781186545));
#2144=DIRECTION('',(0.,1.45402842050322E-26,-1.));
#2145=DIRECTION('',(0.,1.,1.45402842050322E-26));
#2146=DIRECTION('',(0.,7.27014210251609E-27,-1.));
#2147=DIRECTION('',(0.,1.,7.27014210251609E-27));
#2148=DIRECTION('',(0.,-1.45402842050322E-26,1.));
#2149=DIRECTION('',(0.,-1.,-1.45402842050322E-26));
#2150=DIRECTION('',(0.,7.27014210251609E-27,-1.));
#2151=DIRECTION('',(0.,1.,7.27014210251609E-27));
#2152=DIRECTION('',(0.,1.45402842050322E-26,-1.));
#2153=DIRECTION('',(0.,1.,1.45402842050322E-26));
#2154=DIRECTION('',(0.,7.27014210251609E-27,-1.));
#2155=DIRECTION('',(0.,1.,7.27014210251609E-27));
#2156=DIRECTION('',(0.,-1.45402842050322E-26,1.));
#2157=DIRECTION('',(0.,-1.,-1.45402842050322E-26));
#2158=DIRECTION('',(0.,7.27014210251609E-27,-1.));
#2159=DIRECTION('',(0.,1.,7.27014210251609E-27));
#2160=DIRECTION('',(0.,-1.45402842050322E-26,1.));
#2161=DIRECTION('',(0.,-1.,-1.45402842050322E-26));
#2162=DIRECTION('',(0.,-1.45402842050322E-26,1.));
#2163=DIRECTION('',(0.,-1.,-1.45402842050322E-26));
#2164=DIRECTION('',(0.,1.45402842050322E-26,-1.));
#2165=DIRECTION('',(0.,1.,1.45402842050322E-26));
#2166=DIRECTION('',(0.,1.45402842050322E-26,-1.));
#2167=DIRECTION('',(0.,1.,1.45402842050322E-26));
#2168=DIRECTION('',(0.,-1.45402842050322E-26,1.));
#2169=DIRECTION('',(0.,-1.,-1.45402842050322E-26));
#2170=DIRECTION('',(0.,-1.45402842050322E-26,1.));
#2171=DIRECTION('',(0.,-1.,-1.45402842050322E-26));
#2172=DIRECTION('',(0.,1.45402842050322E-26,-1.));
#2173=DIRECTION('',(0.,1.,1.45402842050322E-26));
#2174=DIRECTION('',(0.,1.45402842050322E-26,-1.));
#2175=DIRECTION('',(0.,1.,1.45402842050322E-26));
#2176=DIRECTION('',(0.,-1.45402842050322E-26,1.));
#2177=DIRECTION('',(0.,-1.,-1.45402842050322E-26));
#2178=DIRECTION('',(0.,0.,-1.));
#2179=DIRECTION('',(-1.,0.,0.));
#2180=DIRECTION('',(0.,1.45402842050322E-26,-1.));
#2181=DIRECTION('',(0.,1.,1.45402842050322E-26));
#2182=DIRECTION('',(0.,0.,-1.));
#2183=DIRECTION('',(-1.,0.,0.));
#2184=DIRECTION('',(0.,1.45402842050322E-26,-1.));
#2185=DIRECTION('',(0.,1.,1.45402842050322E-26));
#2186=DIRECTION('',(0.,0.,-1.));
#2187=DIRECTION('',(-1.,0.,0.));
#2188=DIRECTION('',(0.,-1.45402842050322E-26,1.));
#2189=DIRECTION('',(0.,-1.,-1.45402842050322E-26));
#2190=DIRECTION('',(0.,0.,-1.));
#2191=DIRECTION('',(-1.,0.,0.));
#2192=DIRECTION('',(0.,1.45402842050321E-26,-1.));
#2193=DIRECTION('',(0.,1.,1.45402842050322E-26));
#2194=DIRECTION('',(1.,0.,0.));
#2195=DIRECTION('',(0.,0.,-1.));
#2196=DIRECTION('',(0.,-1.,0.));
#2197=DIRECTION('',(0.,0.,-1.));
#2198=DIRECTION('',(-7.92100325555761E-17,-1.,-1.45402842050322E-26));
#2199=DIRECTION('',(1.,-7.92100325555761E-17,0.));
#2200=DIRECTION('',(0.,-1.,0.));
#2201=DIRECTION('',(0.,0.,-1.));
#2202=DIRECTION('',(-1.,0.,0.));
#2203=DIRECTION('',(0.,0.,1.));
#2204=DIRECTION('',(0.,1.45402842050321E-26,-1.));
#2205=DIRECTION('',(0.,1.,1.45402842050322E-26));
#2206=DIRECTION('',(0.,1.45402842050321E-26,-1.));
#2207=DIRECTION('',(0.,1.,1.45402842050322E-26));
#2208=DIRECTION('',(0.,-1.,0.));
#2209=DIRECTION('',(0.,0.,-1.));
#2210=DIRECTION('',(1.,0.,0.));
#2211=DIRECTION('',(0.,0.,-1.));
#2212=DIRECTION('',(1.,0.,0.));
#2213=DIRECTION('',(0.,0.,-1.));
#2214=DIRECTION('',(7.92100325555761E-17,1.,1.45402842050322E-26));
#2215=DIRECTION('',(-1.,7.92100325555761E-17,0.));
#2216=DIRECTION('',(0.,-1.,0.));
#2217=DIRECTION('',(0.,0.,-1.));
#2218=DIRECTION('',(0.,1.45402842050321E-26,-1.));
#2219=DIRECTION('',(0.,1.,1.45402842050322E-26));
#2220=DIRECTION('',(-0.707106781186549,5.60099511683367E-17,-0.707106781186546));
#2221=DIRECTION('',(-7.92100325555761E-17,-1.,-1.45402842050322E-26));
#2222=DIRECTION('',(0.707106781186546,0.,-0.707106781186549));
#2223=DIRECTION('',(-7.92100325555761E-17,-1.,-1.45402813541385E-26));
#2224=DIRECTION('',(-0.707106781186546,0.,0.707106781186549));
#2225=DIRECTION('',(0.,0.,1.));
#2226=DIRECTION('',(1.,0.,0.));
#2227=DIRECTION('',(0.,0.707106781186541,-0.707106781186554));
#2228=DIRECTION('',(0.,7.27014210251609E-27,-1.));
#2229=DIRECTION('',(0.,1.,7.27014210251609E-27));
#2230=DIRECTION('',(0.,0.,1.));
#2231=DIRECTION('',(1.,0.,0.));
#2232=DIRECTION('',(0.,7.27014210251609E-27,-1.));
#2233=DIRECTION('',(0.,1.,7.27014210251609E-27));
#2234=DIRECTION('',(0.,0.70710678118654,0.707106781186555));
#2235=DIRECTION('',(0.,0.707106781186549,0.707106781186546));
#2236=DIRECTION('',(1.,0.,0.));
#2237=DIRECTION('',(0.,0.707106781186546,-0.707106781186549));
#2238=DIRECTION('',(1.,0.,0.));
#2239=DIRECTION('',(0.,0.70710678118655,-0.707106781186545));
#2240=DIRECTION('',(-1.,0.,0.));
#2241=DIRECTION('',(-1.,0.,0.));
#2242=DIRECTION('',(0.,0.707106781186545,0.70710678118655));
#2243=DIRECTION('',(0.,0.,1.));
#2244=DIRECTION('',(1.,0.,0.));
#2245=DIRECTION('',(-0.70710678118654,0.,-0.707106781186555));
#2246=DIRECTION('',(0.,7.27014210251609E-27,-1.));
#2247=DIRECTION('',(0.,1.,7.27014210251609E-27));
#2248=DIRECTION('',(0.,0.,1.));
#2249=DIRECTION('',(1.,0.,0.));
#2250=DIRECTION('',(0.,7.27014210251609E-27,-1.));
#2251=DIRECTION('',(0.,1.,7.27014210251609E-27));
#2252=DIRECTION('',(0.70710678118654,0.,0.707106781186555));
#2253=DIRECTION('',(-0.707106781186549,5.60099511477736E-17,0.707106781186546));
#2254=DIRECTION('',(7.92100325555761E-17,1.,1.45402842050322E-26));
#2255=DIRECTION('',(7.92100325555761E-17,1.,1.45402962328783E-26));
#2256=DIRECTION('',(0.,7.27014210251609E-27,-1.));
#2257=DIRECTION('',(0.,1.,7.27014210251609E-27));
#2258=DIRECTION('',(1.,0.,0.));
#2259=DIRECTION('',(0.,0.,-1.));
#2260=DIRECTION('',(1.15648231731787E-15,-1.,4.7903066047772E-16));
#2261=DIRECTION('',(1.,1.15648231731787E-15,0.));
#2262=DIRECTION('',(7.92100325555761E-17,1.,1.45402833315996E-26));
#2263=DIRECTION('',(-1.,7.92100325555761E-17,0.));
#2264=DIRECTION('',(0.,-1.,0.));
#2265=DIRECTION('',(0.,0.,-1.));
#2266=DIRECTION('',(1.,0.,0.));
#2267=DIRECTION('',(0.,0.,-1.));
#2268=DIRECTION('',(1.,0.,0.));
#2269=DIRECTION('',(0.,0.,-1.));
#2270=DIRECTION('',(0.,7.27014210251609E-27,-1.));
#2271=DIRECTION('',(0.,1.,7.27014210251609E-27));
#2272=DIRECTION('',(1.,0.,0.));
#2273=DIRECTION('',(0.,0.,-1.));
#2274=DIRECTION('',(0.,7.27014210251609E-27,-1.));
#2275=DIRECTION('',(0.,1.,7.27014210251609E-27));
#2276=DIRECTION('',(0.,-1.,0.));
#2277=DIRECTION('',(0.,0.,-1.));
#2278=DIRECTION('',(-1.,0.,0.));
#2279=DIRECTION('',(0.,0.,1.));
#2280=DIRECTION('',(1.,0.,0.));
#2281=DIRECTION('',(0.,0.,-1.));
#2282=DIRECTION('',(-7.92100325555761E-17,-1.,-1.45402982103394E-26));
#2283=DIRECTION('',(1.,-7.92100325555761E-17,0.));
#2284=DIRECTION('',(0.,-1.,0.));
#2285=DIRECTION('',(0.,0.,-1.));
#2286=DIRECTION('',(0.,7.27014210251609E-27,-1.));
#2287=DIRECTION('',(0.,1.,7.27014210251609E-27));
#2288=DIRECTION('',(-1.,7.75295408258178E-15,1.12730155789303E-40));
#2289=DIRECTION('',(7.75295408258178E-15,1.,-8.7399172155677E-55));
#2290=DIRECTION('',(7.75295408258178E-15,1.,-5.09828504677264E-58));
#2291=DIRECTION('',(1.,-7.75295408258178E-15,-1.12730155789303E-40));
#2292=DIRECTION('',(7.75295408258178E-15,1.,9.27301537671855E-69));
#2293=DIRECTION('',(7.75295408258178E-15,1.,-5.09828504677264E-58));
#2294=DIRECTION('',(1.,-7.75295408258178E-15,-1.12730155789303E-40));
#2295=DIRECTION('',(7.75295408258178E-15,1.,9.27301537671855E-69));
#2296=DIRECTION('',(-1.,7.75295408258178E-15,1.12730155789303E-40));
#2297=DIRECTION('',(7.75295408258178E-15,1.,9.27301537671855E-69));
#2298=DIRECTION('',(7.3425035723316E-15,1.,2.04085114820801E-15));
#2299=DIRECTION('',(-1.,7.3425035723316E-15,2.25460311578608E-40));
#2300=DIRECTION('',(1.,-7.75295408258182E-15,-1.12730155789304E-40));
#2301=DIRECTION('',(7.75295408258182E-15,1.,0.));
#2302=DIRECTION('',(5.30165242412359E-15,1.,-2.04085114820801E-15));
#2303=DIRECTION('',(-1.,5.3016524241236E-15,2.25460311578608E-40));
#2304=DIRECTION('',(7.75295408258178E-15,1.,-5.09828504677264E-58));
#2305=DIRECTION('',(1.,-7.75295408258178E-15,-2.25460311578608E-40));
#2306=DIRECTION('',(7.3425035723316E-15,1.,9.25402999286122E-56));
#2307=DIRECTION('',(-1.,7.3425035723316E-15,2.25460311578608E-40));
#2308=DIRECTION('',(7.75295408258178E-15,1.,-5.09828504677264E-58));
#2309=DIRECTION('',(-7.75295408258178E-15,-1.,5.09828504677264E-58));
#2310=DIRECTION('',(-1.,7.75295408258178E-15,2.25460311578608E-40));
#2311=DIRECTION('',(-7.75295408258178E-15,-1.,5.09828504677264E-58));
#2312=DIRECTION('',(7.3425035723316E-15,1.,9.25402999286122E-56));
#2313=DIRECTION('',(-1.,7.3425035723316E-15,2.25460311578608E-40));
#2314=DIRECTION('',(-1.,7.75295408258178E-15,1.12730155789303E-40));
#2315=DIRECTION('',(7.75295408258178E-15,1.,9.27301537671855E-69));
#2316=DIRECTION('',(1.,-7.75295408258182E-15,-1.12730155789304E-40));
#2317=DIRECTION('',(7.75295408258182E-15,1.,0.));
#2318=DIRECTION('',(1.,-7.75295408258186E-15,-1.12730155789305E-40));
#2319=DIRECTION('',(7.75295408258186E-15,1.,-8.73991721556779E-55));
#2320=DIRECTION('',(7.75295408258186E-15,1.,-5.09828504686537E-58));
#2321=DIRECTION('',(1.,-7.75295408258186E-15,-1.12730155789305E-40));
#2322=DIRECTION('',(7.75295408258186E-15,1.,0.));
#2323=DIRECTION('',(7.75295408258186E-15,1.,-5.09828504686537E-58));
#2324=DIRECTION('',(1.,-7.75295408258186E-15,-1.12730155789305E-40));
#2325=DIRECTION('',(7.75295408258186E-15,1.,0.));
#2326=DIRECTION('',(1.,-7.75295408258186E-15,-1.12730155789305E-40));
#2327=DIRECTION('',(7.75295408258186E-15,1.,0.));
#2328=DIRECTION('',(-1.020425574104E-14,-1.,2.04085114820801E-15));
#2329=DIRECTION('',(1.,-1.020425574104E-14,0.));
#2330=DIRECTION('',(-1.,7.75295408258186E-15,1.12730155789305E-40));
#2331=DIRECTION('',(-7.75295408258186E-15,-1.,0.));
#2332=DIRECTION('',(-8.16340459283203E-15,-1.,-2.04085114820801E-15));
#2333=DIRECTION('',(1.,-8.16340459283203E-15,0.));
#2334=DIRECTION('',(7.75295408258186E-15,1.,-5.09828504686537E-58));
#2335=DIRECTION('',(-1.,7.75295408258186E-15,0.));
#2336=DIRECTION('',(7.75295408258186E-15,1.,-5.09828504686537E-58));
#2337=DIRECTION('',(-8.16340459283203E-15,-1.,0.));
#2338=DIRECTION('',(1.,-8.16340459283203E-15,0.));
#2339=DIRECTION('',(-7.75295408258186E-15,-1.,5.09828504686537E-58));
#2340=DIRECTION('',(1.,-7.75295408258186E-15,0.));
#2341=DIRECTION('',(-8.16340459283203E-15,-1.,0.));
#2342=DIRECTION('',(1.,-8.16340459283203E-15,0.));
#2343=DIRECTION('',(-7.75295408258186E-15,-1.,5.09828504686537E-58));
#2344=DIRECTION('',(1.,-7.75295408258186E-15,-1.12730155789305E-40));
#2345=DIRECTION('',(7.75295408258186E-15,1.,0.));
#2346=DIRECTION('',(-1.,7.75295408258186E-15,1.12730155789305E-40));
#2347=DIRECTION('',(-7.75295408258186E-15,-1.,0.));
#2348=DIRECTION('',(1.,-7.75295408258186E-15,-1.12730155789305E-40));
#2349=DIRECTION('',(7.75295408258186E-15,1.,0.));
#2350=DIRECTION('',(8.67361737988401E-15,1.,2.92960330245358E-15));
#2351=DIRECTION('',(-1.,8.67361737988401E-15,0.));
#2352=DIRECTION('',(8.67361737988401E-15,1.,1.64790185763017E-15));
#2353=DIRECTION('',(-1.,8.67361737988401E-15,0.));
#2354=DIRECTION('',(7.75295408258186E-15,1.,-5.09828504686537E-58));
#2355=DIRECTION('',(-1.,7.75295408258186E-15,0.));
#2356=DIRECTION('',(0.,1.,0.));
#2357=DIRECTION('',(0.,0.,1.));
#2358=DIRECTION('',(-7.75295408258186E-15,-1.,5.09828504686537E-58));
#2359=DIRECTION('',(1.,-7.75295408258186E-15,0.));
#2360=DIRECTION('',(0.,1.,0.));
#2361=DIRECTION('',(0.,0.,1.));
#2362=DIRECTION('',(1.,-7.75295408258186E-15,-1.12730155789305E-40));
#2363=DIRECTION('',(7.75295408258186E-15,1.,0.));
#2364=DIRECTION('',(1.,-7.75295408258182E-15,-1.12730155789304E-40));
#2365=DIRECTION('',(7.75295408258182E-15,1.,0.));
#2366=DIRECTION('',(8.67361737988401E-15,1.,-2.92960330245358E-15));
#2367=DIRECTION('',(-1.,8.67361737988401E-15,0.));
#2368=DIRECTION('',(8.67361737988401E-15,1.,2.92960330245358E-15));
#2369=DIRECTION('',(-1.,8.67361737988401E-15,0.));
#2370=DIRECTION('',(7.75295408258178E-15,1.,-5.09828504677264E-58));
#2371=DIRECTION('',(-1.,7.75295408258178E-15,0.));
#2372=DIRECTION('',(0.,1.,0.));
#2373=DIRECTION('',(0.,0.,1.));
#2374=DIRECTION('',(-7.75295408258178E-15,-1.,5.09828504677264E-58));
#2375=DIRECTION('',(1.,-7.75295408258178E-15,0.));
#2376=DIRECTION('',(0.,1.,0.));
#2377=DIRECTION('',(0.,0.,1.));
#2378=DIRECTION('',(1.,-7.75295408258182E-15,-1.12730155789304E-40));
#2379=DIRECTION('',(7.75295408258182E-15,1.,0.));
#2380=DIRECTION('',(0.,-0.707106781186545,-0.70710678118655));
#2381=DIRECTION('',(1.,0.,0.));
#2382=DIRECTION('',(0.,0.70710678118655,-0.707106781186545));
#2383=DIRECTION('',(0.,0.,-1.));
#2384=DIRECTION('',(-1.,0.,0.));
#2385=DIRECTION('',(-0.707106781186548,4.90653893338676E-15,-0.707106781186548));
#2386=DIRECTION('',(0.707106781186547,-5.48216640601125E-15,-0.707106781186548));
#2387=DIRECTION('',(7.75295408258182E-15,1.,1.45402842050322E-26));
#2388=DIRECTION('',(-0.707106781186548,9.81307786677352E-15,-0.707106781186548));
#2389=DIRECTION('',(0.,0.,-1.));
#2390=DIRECTION('',(-1.,0.,0.));
#2391=DIRECTION('',(0.,-0.707106781186545,-0.70710678118655));
#2392=DIRECTION('',(0.,-0.707106781186545,0.70710678118655));
#2393=DIRECTION('',(-1.,0.,0.));
#2394=DIRECTION('',(0.,-0.70710678118655,-0.707106781186545));
#2395=DIRECTION('',(0.,0.,-1.));
#2396=DIRECTION('',(-1.,0.,0.));
#2397=DIRECTION('',(0.707106781186548,-9.81307786677352E-15,-0.707106781186548));
#2398=DIRECTION('',(0.707106781186548,-5.48216640603185E-15,0.707106781186547));
#2399=DIRECTION('',(-7.75295408258186E-15,-1.,-1.45402842050322E-26));
#2400=DIRECTION('',(0.707106781186548,-4.90653893338676E-15,-0.707106781186548));
#2401=DIRECTION('',(0.,0.,-1.));
#2402=DIRECTION('',(-1.,0.,0.));
#2403=DIRECTION('',(0.,0.707106781186548,-0.707106781186548));
#2404=DIRECTION('',(0.,-0.707106781186545,-0.70710678118655));
#2405=DIRECTION('',(1.,0.,0.));
#2406=DIRECTION('',(0.,1.45402842050322E-26,-1.));
#2407=DIRECTION('',(0.,1.,1.45402842050322E-26));
#2408=DIRECTION('',(0.,0.,-1.));
#2409=DIRECTION('',(-1.,0.,0.));
#2410=DIRECTION('',(0.,1.45402842050322E-26,-1.));
#2411=DIRECTION('',(0.,1.,1.45402842050322E-26));
#2412=DIRECTION('',(0.,0.,-1.));
#2413=DIRECTION('',(-1.,0.,0.));
#2414=DIRECTION('',(0.,1.45402842050322E-26,-1.));
#2415=DIRECTION('',(0.,1.,1.45402842050322E-26));
#2416=DIRECTION('',(0.,0.,1.));
#2417=DIRECTION('',(1.,0.,0.));
#2418=DIRECTION('',(0.,1.45402842050322E-26,-1.));
#2419=DIRECTION('',(0.,1.,1.45402842050322E-26));
#2420=DIRECTION('',(0.,-1.45402842050322E-26,1.));
#2421=DIRECTION('',(0.,-1.,-1.45402842050322E-26));
#2422=DIRECTION('',(0.,1.45402842050322E-26,-1.));
#2423=DIRECTION('',(0.,1.,1.45402842050322E-26));
#2424=DIRECTION('',(0.,0.,-1.));
#2425=DIRECTION('',(-1.,0.,0.));
#2426=DIRECTION('',(0.,-1.45402842050322E-26,1.));
#2427=DIRECTION('',(0.,-1.,-1.45402842050322E-26));
#2428=DIRECTION('',(0.,-1.45402842050322E-26,1.));
#2429=DIRECTION('',(1.,0.,0.));
#2430=DIRECTION('',(0.,1.45402842050322E-26,-1.));
#2431=DIRECTION('',(0.,1.,1.45402842050322E-26));
#2432=DIRECTION('',(0.,0.,-1.));
#2433=DIRECTION('',(-1.,0.,0.));
#2434=DIRECTION('',(0.,-1.45402842050322E-26,1.));
#2435=DIRECTION('',(0.,-1.,-1.45402842050322E-26));
#2436=DIRECTION('',(0.,-1.45402842050322E-26,1.));
#2437=DIRECTION('',(1.,0.,0.));
#2438=DIRECTION('',(0.,-1.45402842050322E-26,1.));
#2439=DIRECTION('',(0.,-1.,-1.45402842050322E-26));
#2440=DIRECTION('',(0.,0.,-1.));
#2441=DIRECTION('',(-1.,0.,0.));
#2442=DIRECTION('',(0.,0.,-1.));
#2443=DIRECTION('',(-1.,0.,0.));
#2444=DIRECTION('',(0.,0.,-1.));
#2445=DIRECTION('',(-1.,0.,0.));
#2446=DIRECTION('',(0.,0.,-1.));
#2447=DIRECTION('',(-1.,0.,0.));
#2448=DIRECTION('',(0.,0.,-1.));
#2449=DIRECTION('',(-1.,0.,0.));
#2450=DIRECTION('',(0.,1.,1.45402842050322E-26));
#2451=DIRECTION('',(0.,-1.45402842050322E-26,1.));
#2452=DIRECTION('',(0.,1.45402842050322E-26,-1.));
#2453=DIRECTION('',(1.,0.,0.));
#2454=DIRECTION('',(0.,1.45402842050322E-26,-1.));
#2455=DIRECTION('',(1.,0.,0.));
#2456=DIRECTION('',(0.,0.,-1.));
#2457=DIRECTION('',(0.,1.45402842050322E-26,-1.));
#2458=DIRECTION('',(0.,-1.,-1.45402842050322E-26));
#2459=DIRECTION('',(0.,1.,1.45402842050322E-26));
#2460=DIRECTION('',(0.,-1.45402842050322E-26,1.));
#2461=DIRECTION('',(0.,1.45402842050322E-26,-1.));
#2462=DIRECTION('',(1.,0.,0.));
#2463=DIRECTION('',(1.,0.,0.));
#2464=DIRECTION('',(0.,0.,-1.));
#2465=DIRECTION('',(0.,-1.,-1.45402842050322E-26));
#2466=DIRECTION('',(0.,-1.45402842050322E-26,1.));
#2467=DIRECTION('',(1.,0.,0.));
#2468=DIRECTION('',(0.,1.,1.45402842050322E-26));
#2469=DIRECTION('',(0.,-1.45402842050322E-26,1.));
#2470=DIRECTION('',(0.,1.45402842050322E-26,-1.));
#2471=DIRECTION('',(1.,0.,0.));
#2472=DIRECTION('',(0.,1.45402842050322E-26,-1.));
#2473=DIRECTION('',(1.,0.,0.));
#2474=DIRECTION('',(0.,0.,-1.));
#2475=DIRECTION('',(0.,1.45402842050322E-26,-1.));
#2476=DIRECTION('',(0.,-1.,-1.45402842050322E-26));
#2477=DIRECTION('',(0.,1.,1.45402842050322E-26));
#2478=DIRECTION('',(0.,-1.45402842050322E-26,1.));
#2479=DIRECTION('',(0.,1.45402842050322E-26,-1.));
#2480=DIRECTION('',(1.,0.,0.));
#2481=DIRECTION('',(1.,0.,0.));
#2482=DIRECTION('',(0.,0.,-1.));
#2483=DIRECTION('',(0.,-1.,-1.45402842050322E-26));
#2484=DIRECTION('',(0.,-1.45402842050322E-26,1.));
#2485=DIRECTION('',(1.,0.,0.));
#2486=CARTESIAN_POINT('',(0.,0.,0.));
#2487=CARTESIAN_POINT('',(7.0606000000091E-5,0.0228611999999987,-0.272812621915331));
#2488=CARTESIAN_POINT('',(-0.00252795129203683,0.0228611999999987,-0.0120430007799997));
#2489=CARTESIAN_POINT('',(-0.00252795129203683,0.0228611999999987,-0.0120450007799997));
#2490=CARTESIAN_POINT('',(-0.00252795129203683,0.0228611999999987,-0.0174950007799996));
#2491=CARTESIAN_POINT('',(-0.00252795129203683,0.0228611999999987,-0.0120450007799997));
#2492=CARTESIAN_POINT('',(-0.00235028496260234,0.0228611999999987,-0.0118771185487628));
#2493=CARTESIAN_POINT('',(-0.00217175712965453,0.0228611999999987,-0.0117101605354441));
#2494=CARTESIAN_POINT('',(-0.0019915530627297,0.0228611999999987,-0.0115450007799997));
#2495=CARTESIAN_POINT('',(-0.0019915530627297,0.0228611999999987,-0.0115450007799997));
#2496=CARTESIAN_POINT('',(7.0606000000091E-5,0.0228611999999987,-0.0115450007799997));
#2497=CARTESIAN_POINT('',(-0.019129394,0.0228611999999987,-0.0115450007799997));
#2498=CARTESIAN_POINT('',(-0.019129394,0.0228611999999987,-0.0194950007799995));
#2499=CARTESIAN_POINT('',(-0.019129394,0.0228611999999987,-0.0174950007799996));
#2500=CARTESIAN_POINT('',(7.0606000000091E-5,0.0228611999999987,-0.0174950007799996));
#2501=CARTESIAN_POINT('',(7.06060000000841E-5,-0.0587399999999975,-0.272812621915331));
#2502=CARTESIAN_POINT('',(7.06060000000841E-5,-0.0587399999999975,-0.0115450007799997));
#2503=CARTESIAN_POINT('',(-0.019129394,-0.0587399999999975,-0.0115450007799997));
#2504=CARTESIAN_POINT('',(-0.00199155306273033,-0.0587399999999975,-0.0115450007799997));
#2505=CARTESIAN_POINT('',(-0.00199155306273033,-0.0587399999999975,-0.0115450007799997));
#2506=CARTESIAN_POINT('',(-0.00217175712965515,-0.0587399999999975,-0.0117101605354441));
#2507=CARTESIAN_POINT('',(-0.00235028496260297,-0.0587399999999975,-0.0118771185487628));
#2508=CARTESIAN_POINT('',(-0.00252795129203746,-0.0587399999999975,-0.0120450007799997));
#2509=CARTESIAN_POINT('',(-0.00252795129203746,-0.0587399999999975,-0.0120450007799997));
#2510=CARTESIAN_POINT('',(-0.00252795129203746,-0.0587399999999975,-0.0120430007799997));
#2511=CARTESIAN_POINT('',(-0.00252795129203746,-0.0587399999999975,-0.0174950007799996));
#2512=CARTESIAN_POINT('',(-0.019129394,-0.0587399999999975,-0.0174950007799996));
#2513=CARTESIAN_POINT('',(-0.019129394,-0.0587399999999975,-0.0174950007799996));
#2514=CARTESIAN_POINT('',(-0.019129394,-0.0587399999999975,-0.272812621915331));
#2515=CARTESIAN_POINT('',(7.06060000001522E-5,-0.0567399999999975,-0.0174950007799996));
#2516=CARTESIAN_POINT('',(-0.00252795129203746,-0.0587399999999975,-0.0174950007799996));
#2517=CARTESIAN_POINT('',(-0.00252795129203746,-0.0587399999999975,-0.0180301759740901));
#2518=CARTESIAN_POINT('',(-0.00272876363468645,-0.0583052000879733,-0.019073478005826));
#2519=CARTESIAN_POINT('',(-0.00266408197331025,-0.0572309573198868,-0.0194950007799995));
#2520=CARTESIAN_POINT('',(-0.00244981063222592,-0.0567399999999975,-0.0194950007799995));
#2521=CARTESIAN_POINT('',(-0.00244981063222592,-0.0567399999999975,-0.0194950007799995));
#2522=CARTESIAN_POINT('',(0.0192706060000002,-0.0567399999999975,-0.0194950007799995));
#2523=CARTESIAN_POINT('',(-0.019129394,-0.0567399999999975,-0.0194950007799995));
#2524=CARTESIAN_POINT('',(-0.019129394,-0.0567399999999975,-0.0174950007799996));
#2525=CARTESIAN_POINT('',(7.0606000000091E-5,0.0208611999999987,-0.0174950007799996));
#2526=CARTESIAN_POINT('',(7.0606000000091E-5,0.0228611999999987,-0.0174950007799996));
#2527=CARTESIAN_POINT('',(0.00266916329203768,0.0228611999999987,-0.0174950007799996));
#2528=CARTESIAN_POINT('',(0.0192706060000002,0.0228611999999987,-0.0174950007799996));
#2529=CARTESIAN_POINT('',(0.00266916329203768,0.0228611999999987,-0.0174950007799996));
#2530=CARTESIAN_POINT('',(0.00266916329203768,0.0228611999999987,-0.0180301759740901));
#2531=CARTESIAN_POINT('',(0.00286997563468668,0.0224264000879745,-0.019073478005826));
#2532=CARTESIAN_POINT('',(0.00280529397331046,0.021352157319888,-0.0194950007799995));
#2533=CARTESIAN_POINT('',(0.00259102263222613,0.0208611999999987,-0.0194950007799995));
#2534=CARTESIAN_POINT('',(0.00259102263222614,0.0208611999999987,-0.0194950007799995));
#2535=CARTESIAN_POINT('',(7.06060000001522E-5,0.0208611999999987,-0.0194950007799995));
#2536=CARTESIAN_POINT('',(0.0192706060000002,0.0208611999999987,-0.0194950007799995));
#2537=CARTESIAN_POINT('',(0.0192706060000002,0.0208611999999987,-0.0174950007799996));
#2538=CARTESIAN_POINT('',(0.0221206060000006,0.0170024999999991,2.00000000000027E-6));
#2539=CARTESIAN_POINT('',(0.022120606,-0.0462465636879213,-0.0147292727082324));
#2540=CARTESIAN_POINT('',(0.0221206060000005,0.0137534363120787,-0.0147292727082324));
#2541=CARTESIAN_POINT('',(0.022120606,-0.0462465636879213,-0.0147292727082324));
#2542=CARTESIAN_POINT('',(0.022120606,-0.0462465636879213,-0.0135200007799997));
#2543=CARTESIAN_POINT('',(0.022120606,-0.0462465636879213,-0.012310728851767));
#2544=CARTESIAN_POINT('',(0.0221206060000005,0.0137534363120787,-0.012310728851767));
#2545=CARTESIAN_POINT('',(0.0221206060000005,0.0137534363120787,-0.012310728851767));
#2546=CARTESIAN_POINT('',(0.0221206060000005,0.0137534363120787,-0.0135200007799997));
#2547=CARTESIAN_POINT('',(0.0221206060000006,0.0213612000038353,-0.0115450007799997));
#2548=CARTESIAN_POINT('',(0.0221206060000006,0.0213612000038353,-0.0155450007799997));
#2549=CARTESIAN_POINT('',(0.0221206060000006,0.0213612000038353,-0.0120450007799997));
#2550=CARTESIAN_POINT('',(0.0221206059999999,-0.0572400000038342,-0.0120450007799997));
#2551=CARTESIAN_POINT('',(0.0221206059999999,-0.0572400000038342,-0.0120450007799997));
#2552=CARTESIAN_POINT('',(0.0221206059999999,-0.0572400000038342,2.00000000000027E-6));
#2553=CARTESIAN_POINT('',(0.0221206059999999,-0.0572400000038342,-0.0155450007799997));
#2554=CARTESIAN_POINT('',(0.0221206060000006,0.0170024999999991,-0.0155450007799997));
#2555=CARTESIAN_POINT('',(-0.0219793939999998,0.0170024999999994,2.00000000000027E-6));
#2556=CARTESIAN_POINT('',(-0.0219793939999998,0.0170024999999994,-0.012310728851767));
#2557=CARTESIAN_POINT('',(-0.0219793939999998,0.013753436312079,-0.012310728851767));
#2558=CARTESIAN_POINT('',(-0.0219793940000002,-0.046246563687921,-0.012310728851767));
#2559=CARTESIAN_POINT('',(-0.0219793940000002,-0.046246563687921,-0.0135200007799997));
#2560=CARTESIAN_POINT('',(-0.0219793940000002,-0.046246563687921,-0.0147292727082324));
#2561=CARTESIAN_POINT('',(-0.0219793939999998,0.0170024999999994,-0.0147292727082324));
#2562=CARTESIAN_POINT('',(-0.0219793939999998,0.013753436312079,-0.0147292727082324));
#2563=CARTESIAN_POINT('',(-0.0219793939999998,0.013753436312079,-0.0135200007799997));
#2564=CARTESIAN_POINT('',(-0.0219793940000003,-0.0572400000038342,-0.0115450007799997));
#2565=CARTESIAN_POINT('',(-0.0219793940000003,-0.0572400000038342,-0.0155450007799997));
#2566=CARTESIAN_POINT('',(-0.0219793940000003,-0.0572400000038342,-0.0120450007799997));
#2567=CARTESIAN_POINT('',(-0.0219793939999998,0.0170024999999994,-0.0120450007799997));
#2568=CARTESIAN_POINT('',(-0.0219793939999998,0.0213612000038354,-0.0120450007799997));
#2569=CARTESIAN_POINT('',(-0.0219793939999998,0.0213612000038354,2.00000000000027E-6));
#2570=CARTESIAN_POINT('',(-0.0219793939999998,0.0213612000038354,-0.0155450007799997));
#2571=CARTESIAN_POINT('',(-0.0219793939999998,0.0170024999999994,-0.0155450007799997));
#2572=CARTESIAN_POINT('',(-0.024129394,-0.0179393999999994,-0.272812621915331));
#2573=CARTESIAN_POINT('',(-0.024129394,0.0208611999999987,-0.272812621915331));
#2574=CARTESIAN_POINT('',(-0.024129394,0.0208611999999987,-0.0155450007799997));
#2575=CARTESIAN_POINT('',(-0.024129394,0.0208611999999987,-0.0182523600928803));
#2576=CARTESIAN_POINT('',(-0.024129394,-0.0567399999999975,-0.0182523600928803));
#2577=CARTESIAN_POINT('',(-0.024129394,-0.0567399999999975,-0.0182523600928803));
#2578=CARTESIAN_POINT('',(-0.024129394,-0.0567399999999975,-0.0155450007799997));
#2579=CARTESIAN_POINT('',(-0.024129394,-0.0567399999999975,-0.0155450007799997));
#2580=CARTESIAN_POINT('',(-0.024129394,-0.0179393999999994,-0.0155450007799997));
#2581=CARTESIAN_POINT('',(7.0606000000091E-5,0.0258611999999987,-0.272812621915331));
#2582=CARTESIAN_POINT('',(0.0192706060000002,0.0258611999999987,-0.0204950007799996));
#2583=CARTESIAN_POINT('',(0.0192706060000002,0.0258611999999987,-0.0155450007799997));
#2584=CARTESIAN_POINT('',(0.0192706060000002,0.0258611999999987,-0.0182523600928803));
#2585=CARTESIAN_POINT('',(-0.019129394,0.0258611999999987,-0.0182523600928803));
#2586=CARTESIAN_POINT('',(-0.019129394,0.0258611999999987,-0.0182523600928803));
#2587=CARTESIAN_POINT('',(-0.019129394,0.0258611999999987,-0.272812621915331));
#2588=CARTESIAN_POINT('',(-0.019129394,0.0258611999999987,-0.0155450007799997));
#2589=CARTESIAN_POINT('',(7.0606000000091E-5,0.0258611999999987,-0.0155450007799997));
#2590=CARTESIAN_POINT('',(7.06060000000841E-5,-0.0617399999999975,-0.272812621915331));
#2591=CARTESIAN_POINT('',(-0.019129394,-0.0617399999999975,-0.0204950007799996));
#2592=CARTESIAN_POINT('',(-0.019129394,-0.0617399999999975,-0.0155450007799997));
#2593=CARTESIAN_POINT('',(-0.019129394,-0.0617399999999975,-0.0182523600928803));
#2594=CARTESIAN_POINT('',(7.06060000000841E-5,-0.0617399999999975,-0.0182523600928803));
#2595=CARTESIAN_POINT('',(0.0192706060000002,-0.0617399999999975,-0.0182523600928803));
#2596=CARTESIAN_POINT('',(0.0192706060000002,-0.0617399999999975,-0.272812621915331));
#2597=CARTESIAN_POINT('',(0.0192706060000002,-0.0617399999999975,-0.0155450007799997));
#2598=CARTESIAN_POINT('',(7.06060000000841E-5,-0.0617399999999975,-0.0155450007799997));
#2599=CARTESIAN_POINT('',(0.0242706060000002,-0.0179393999999994,-0.272812621915331));
#2600=CARTESIAN_POINT('',(0.0242706060000002,-0.0567399999999975,-0.272812621915331));
#2601=CARTESIAN_POINT('',(0.0242706060000002,-0.0567399999999975,-0.0155450007799997));
#2602=CARTESIAN_POINT('',(0.0242706060000002,-0.0567399999999975,-0.0182523600928803));
#2603=CARTESIAN_POINT('',(0.0242706060000002,-0.0179393999999994,-0.0182523600928803));
#2604=CARTESIAN_POINT('',(0.0242706060000002,0.0208611999999987,-0.0182523600928803));
#2605=CARTESIAN_POINT('',(0.0242706060000002,0.0208611999999987,-0.0155450007799997));
#2606=CARTESIAN_POINT('',(0.0242706060000002,0.0208611999999987,-0.0155450007799997));
#2607=CARTESIAN_POINT('',(0.0242706060000002,-0.0179393999999994,-0.0155450007799997));
#2608=CARTESIAN_POINT('',(7.06060000001522E-5,-0.0209948654413955,-0.0204950007799996));
#2609=CARTESIAN_POINT('',(7.06060000004215E-5,0.0219611999999987,-0.0204950007799996));
#2610=CARTESIAN_POINT('',(7.06060000004215E-5,0.0245611999999987,-0.0204950007799996));
#2611=CARTESIAN_POINT('',(7.06059999998022E-5,-0.0578399999999975,-0.0204950007799996));
#2612=CARTESIAN_POINT('',(7.06059999998022E-5,-0.0552399999999975,-0.0204950007799996));
#2613=CARTESIAN_POINT('',(0.0192706060000002,0.0208611999999987,-0.0204950007799996));
#2614=CARTESIAN_POINT('',(0.0192706060000002,0.0248611999999987,-0.0204950007799996));
#2615=CARTESIAN_POINT('',(0.0232706060000003,0.0208611999999987,-0.0204950007799996));
#2616=CARTESIAN_POINT('',(0.0232706060000002,-0.0209948654413955,-0.0204950007799996));
#2617=CARTESIAN_POINT('',(0.0232706060000003,-0.0567399999999975,-0.0204950007799996));
#2618=CARTESIAN_POINT('',(0.0192706060000002,-0.0567399999999975,-0.0204950007799996));
#2619=CARTESIAN_POINT('',(0.0192706060000002,-0.0607399999999975,-0.0204950007799996));
#2620=CARTESIAN_POINT('',(7.06060000001522E-5,-0.0607399999999975,-0.0204950007799996));
#2621=CARTESIAN_POINT('',(-0.019129394,-0.0607399999999975,-0.0204950007799996));
#2622=CARTESIAN_POINT('',(-0.019129394,-0.0567399999999975,-0.0204950007799996));
#2623=CARTESIAN_POINT('',(-0.0231293940000001,-0.0567399999999975,-0.0204950007799996));
#2624=CARTESIAN_POINT('',(-0.0231293940000001,0.0208611999999987,-0.0204950007799996));
#2625=CARTESIAN_POINT('',(-0.0231293940000001,0.0208611999999987,-0.0204950007799996));
#2626=CARTESIAN_POINT('',(-0.019129394,0.0208611999999987,-0.0204950007799996));
#2627=CARTESIAN_POINT('',(-0.019129394,0.0248611999999987,-0.0204950007799996));
#2628=CARTESIAN_POINT('',(0.0192706060000002,0.0248611999999987,-0.0204950007799996));
#2629=CARTESIAN_POINT('',(7.06060000000876E-5,-0.0179393999999994,-0.0155450007799997));
#2630=CARTESIAN_POINT('',(7.06060000001119E-5,-0.0600899999999975,-0.0155450007799997));
#2631=CARTESIAN_POINT('',(-0.019129394003837,-0.0600899999999975,-0.0155450007799997));
#2632=CARTESIAN_POINT('',(0.0192706060038366,-0.0600899999999975,-0.0155450007799997));
#2633=CARTESIAN_POINT('',(-0.019129394003837,-0.0572400000038342,-0.0155450007799997));
#2634=CARTESIAN_POINT('',(-0.0191293940038364,0.0213612000038354,-0.0155450007799997));
#2635=CARTESIAN_POINT('',(-0.0191293940038364,0.0242111999999987,-0.0155450007799997));
#2636=CARTESIAN_POINT('',(7.06060000001153E-5,0.0242111999999987,-0.0155450007799997));
#2637=CARTESIAN_POINT('',(0.0192706060038373,0.0242111999999987,-0.0155450007799997));
#2638=CARTESIAN_POINT('',(0.0192706060038373,0.0213612000038354,-0.0155450007799997));
#2639=CARTESIAN_POINT('',(0.0192706060038366,-0.0572400000038342,-0.0155450007799997));
#2640=CARTESIAN_POINT('',(0.0192706060000002,0.0208611999999987,-0.0155450007799997));
#2641=CARTESIAN_POINT('',(-0.019129394,0.0208611999999987,-0.0155450007799997));
#2642=CARTESIAN_POINT('',(-0.019129394,-0.0567399999999975,-0.0155450007799997));
#2643=CARTESIAN_POINT('',(0.0192706060000002,-0.0567399999999975,-0.0155450007799997));
#2644=CARTESIAN_POINT('',(7.06060000000841E-5,-0.0179393999999994,-0.0115450007799997));
#2645=CARTESIAN_POINT('',(7.06060000004213E-5,0.0219611999999987,-0.0115450007799997));
#2646=CARTESIAN_POINT('',(7.06060000004213E-5,0.0231611999999987,-0.0115450007799997));
#2647=CARTESIAN_POINT('',(7.06059999998024E-5,-0.0578399999999975,-0.0115450007799997));
#2648=CARTESIAN_POINT('',(7.06059999998024E-5,-0.0566399999999975,-0.0115450007799997));
#2649=CARTESIAN_POINT('',(7.06059999998022E-5,-0.0578399999999975,-0.0115450007799997));
#2650=CARTESIAN_POINT('',(0.00213276506272994,-0.0587399999999975,-0.0115450007799997));
#2651=CARTESIAN_POINT('',(-0.019129394,-0.0567399999999975,-0.0115450007799997));
#2652=CARTESIAN_POINT('',(-0.021129394,-0.0567399999999975,-0.0115450007799997));
#2653=CARTESIAN_POINT('',(-0.021129394,-0.0179393999999994,-0.0115450007799997));
#2654=CARTESIAN_POINT('',(-0.021129394,0.0208611999999987,-0.0115450007799997));
#2655=CARTESIAN_POINT('',(-0.019129394,0.0208611999999987,-0.0115450007799997));
#2656=CARTESIAN_POINT('',(7.06060000004214E-5,0.0219611999999987,-0.0115450007799997));
#2657=CARTESIAN_POINT('',(0.00213276506273055,0.0228611999999987,-0.0115450007799997));
#2658=CARTESIAN_POINT('',(7.0606000000091E-5,0.0228611999999987,-0.0115450007799997));
#2659=CARTESIAN_POINT('',(0.00694191981369234,0.0228611999999987,-0.0115450007799997));
#2660=CARTESIAN_POINT('',(0.00694191981369232,0.0228591999999987,-0.0115450007799997));
#2661=CARTESIAN_POINT('',(0.00694191981369232,0.0237111999999987,-0.0115450007799997));
#2662=CARTESIAN_POINT('',(7.06060000000841E-5,0.0237111999999987,-0.0115450007799997));
#2663=CARTESIAN_POINT('',(-0.0191293940038364,0.0237111999999987,-0.0115450007799997));
#2664=CARTESIAN_POINT('',(-0.0191293940038364,0.0213612000038354,-0.0115450007799997));
#2665=CARTESIAN_POINT('',(-0.0214793939999998,0.0213612000038354,-0.0115450007799997));
#2666=CARTESIAN_POINT('',(-0.021479394,-0.0179393999999993,-0.0115450007799997));
#2667=CARTESIAN_POINT('',(-0.0214793940000003,-0.0572400000038342,-0.0115450007799997));
#2668=CARTESIAN_POINT('',(-0.019129394003837,-0.0572400000038342,-0.0115450007799997));
#2669=CARTESIAN_POINT('',(-0.019129394003837,-0.0595899999999975,-0.0115450007799997));
#2670=CARTESIAN_POINT('',(0.0192706060038366,-0.0595899999999975,-0.0115450007799997));
#2671=CARTESIAN_POINT('',(0.0192706060038366,-0.0595899999999975,-0.0115450007799997));
#2672=CARTESIAN_POINT('',(0.0192706060038366,-0.0572400000038342,-0.0115450007799997));
#2673=CARTESIAN_POINT('',(0.0216206059999999,-0.0572400000038342,-0.0115450007799997));
#2674=CARTESIAN_POINT('',(0.0216206060000006,0.0213612000038354,-0.0115450007799997));
#2675=CARTESIAN_POINT('',(0.0216206060000006,0.0213612000038354,-0.0115450007799997));
#2676=CARTESIAN_POINT('',(0.0192706060038373,0.0213612000038354,-0.0115450007799997));
#2677=CARTESIAN_POINT('',(0.0192706060038373,0.0237111999999987,-0.0115450007799997));
#2678=CARTESIAN_POINT('',(7.06060000000841E-5,0.0237111999999987,-0.0115450007799997));
#2679=CARTESIAN_POINT('',(0.0120592921863076,0.0237111999999987,-0.0115450007799997));
#2680=CARTESIAN_POINT('',(0.0120592921863076,0.0228591999999987,-0.0115450007799997));
#2681=CARTESIAN_POINT('',(0.0120592921863076,0.0228611999999987,-0.0115450007799997));
#2682=CARTESIAN_POINT('',(7.0606000000091E-5,0.0228611999999987,-0.0115450007799997));
#2683=CARTESIAN_POINT('',(0.0192706060000002,0.0228611999999987,-0.0115450007799997));
#2684=CARTESIAN_POINT('',(0.0192706060000002,0.0208611999999987,-0.0115450007799997));
#2685=CARTESIAN_POINT('',(0.0212706060000003,0.0208611999999987,-0.0115450007799997));
#2686=CARTESIAN_POINT('',(0.0212706060000003,-0.0179393999999994,-0.0115450007799997));
#2687=CARTESIAN_POINT('',(0.0212706060000003,-0.0567399999999975,-0.0115450007799997));
#2688=CARTESIAN_POINT('',(0.0192706060000002,-0.0567399999999975,-0.0115450007799997));
#2689=CARTESIAN_POINT('',(0.0192706060000002,-0.0587399999999975,-0.0115450007799997));
#2690=CARTESIAN_POINT('',(7.06060000000841E-5,-0.0587399999999975,-0.0115450007799997));
#2691=CARTESIAN_POINT('',(7.06060000001119E-5,-0.0600899999999975,-0.0153950007799997));
#2692=CARTESIAN_POINT('',(0.0192706060038366,-0.0600899999999975,-0.0153950007799997));
#2693=CARTESIAN_POINT('',(0.0192706060038366,-0.0600899999999975,-0.0120450007799997));
#2694=CARTESIAN_POINT('',(-0.019129394003837,-0.0600899999999975,-0.0120450007799997));
#2695=CARTESIAN_POINT('',(-0.019129394003837,-0.0600899999999975,-0.0120450007799997));
#2696=CARTESIAN_POINT('',(-0.019129394003837,-0.0600899999999975,-0.0155450007799997));
#2697=CARTESIAN_POINT('',(7.06060000001153E-5,0.0242111999999987,-0.0153950007799997));
#2698=CARTESIAN_POINT('',(7.06060000001153E-5,0.0242111999999987,-0.0120450007799997));
#2699=CARTESIAN_POINT('',(-0.0191293940038364,0.0242111999999987,-0.0120450007799997));
#2700=CARTESIAN_POINT('',(0.008329335322487,0.0242111999999987,-0.0120450007799997));
#2701=CARTESIAN_POINT('',(0.009500606,0.0242111999999987,-0.00662000077999985));
#2702=CARTESIAN_POINT('',(0.0106718766775129,0.0242111999999987,-0.0120450007799997));
#2703=CARTESIAN_POINT('',(7.06060000001153E-5,0.0242111999999987,-0.0120450007799997));
#2704=CARTESIAN_POINT('',(0.0192706060038373,0.0242111999999987,-0.0120450007799997));
#2705=CARTESIAN_POINT('',(0.0192706060038373,0.0242111999999987,-0.0155450007799997));
#2706=CARTESIAN_POINT('',(-0.0191293940038364,0.0242111999999987,-0.0153950007799997));
#2707=CARTESIAN_POINT('',(7.06060000001522E-5,-0.0209948654413955,-0.0194950007799995));
#2708=CARTESIAN_POINT('',(-0.0150971129459774,0.0119423382636839,-0.0194950007799995));
#2709=CARTESIAN_POINT('',(-0.0150971129459774,0.0130492311781939,-0.0194950007799995));
#2710=CARTESIAN_POINT('',(-0.0150971129459774,0.010835445349174,-0.0194950007799995));
#2711=CARTESIAN_POINT('',(-0.00146157427111419,0.0130492311781939,-0.0194950007799995));
#2712=CARTESIAN_POINT('',(0.012173964403749,0.0130492311781939,-0.0194950007799995));
#2713=CARTESIAN_POINT('',(0.012173964403749,0.0119423382636839,-0.0194950007799995));
#2714=CARTESIAN_POINT('',(0.012173964403749,0.010835445349174,-0.0194950007799995));
#2715=CARTESIAN_POINT('',(-0.00146157427111419,0.010835445349174,-0.0194950007799995));
#2716=CARTESIAN_POINT('',(-0.0127910939822013,-0.053961615802206,-0.0194950007799995));
#2717=CARTESIAN_POINT('',(-0.0127910939822013,-0.0529853007665429,-0.0194950007799995));
#2718=CARTESIAN_POINT('',(-0.0127910939822013,-0.0549379308378691,-0.0194950007799995));
#2719=CARTESIAN_POINT('',(-0.000134476294130223,-0.0529853007665429,-0.0194950007799995));
#2720=CARTESIAN_POINT('',(0.0125221413939409,-0.0529853007665429,-0.0194950007799995));
#2721=CARTESIAN_POINT('',(0.0125221413939409,-0.053961615802206,-0.0194950007799995));
#2722=CARTESIAN_POINT('',(0.0125221413939409,-0.0549379308378691,-0.0194950007799995));
#2723=CARTESIAN_POINT('',(-0.000134476294130223,-0.0549379308378691,-0.0194950007799995));
#2724=CARTESIAN_POINT('',(7.06060000004214E-5,0.0219611999999987,-0.0194950007799995));
#2725=CARTESIAN_POINT('',(-0.00244981063222529,0.0208611999999987,-0.0194950007799995));
#2726=CARTESIAN_POINT('',(7.06060000001522E-5,0.0208611999999987,-0.0194950007799995));
#2727=CARTESIAN_POINT('',(-0.019129394,0.0208611999999987,-0.0194950007799995));
#2728=CARTESIAN_POINT('',(-0.019129394,-0.0209948654413955,-0.0194950007799995));
#2729=CARTESIAN_POINT('',(7.06059999998022E-5,-0.0578399999999975,-0.0194950007799995));
#2730=CARTESIAN_POINT('',(0.00259102263222552,-0.0567399999999975,-0.0194950007799995));
#2731=CARTESIAN_POINT('',(0.0192706060000002,-0.0567399999999975,-0.0194950007799995));
#2732=CARTESIAN_POINT('',(0.0192706060000002,-0.0567399999999975,-0.0194950007799995));
#2733=CARTESIAN_POINT('',(0.0192706060000002,0.0208611999999987,-0.0194950007799995));
#2734=CARTESIAN_POINT('',(-0.021129394,-0.0179393999999994,-0.272812621915331));
#2735=CARTESIAN_POINT('',(-0.021129394,-0.0567399999999975,-0.272812621915331));
#2736=CARTESIAN_POINT('',(-0.021129394,-0.0567399999999975,-0.0174950007799996));
#2737=CARTESIAN_POINT('',(-0.021129394,-0.0179393999999994,-0.0174950007799996));
#2738=CARTESIAN_POINT('',(-0.021129394,0.0208611999999987,-0.0174950007799996));
#2739=CARTESIAN_POINT('',(-0.021129394,0.0208611999999987,-0.0115450007799997));
#2740=CARTESIAN_POINT('',(7.0606000000091E-5,0.0228611999999987,-0.272812621915331));
#2741=CARTESIAN_POINT('',(0.00213276506273055,0.0228611999999987,-0.0115450007799997));
#2742=CARTESIAN_POINT('',(0.00231296912965537,0.0228611999999987,-0.0117101605354441));
#2743=CARTESIAN_POINT('',(0.00249149696260319,0.0228611999999987,-0.0118771185487628));
#2744=CARTESIAN_POINT('',(0.00266916329203768,0.0228611999999987,-0.0120450007799997));
#2745=CARTESIAN_POINT('',(0.00266916329203768,0.0228611999999987,-0.0120450007799997));
#2746=CARTESIAN_POINT('',(0.00266916329203768,0.0228611999999987,-0.0120430007799997));
#2747=CARTESIAN_POINT('',(0.0192706060000002,0.0228611999999987,-0.272812621915331));
#2748=CARTESIAN_POINT('',(0.009500606,0.0228611999999987,-0.00662000077999985));
#2749=CARTESIAN_POINT('',(0.0212706060000003,-0.0179393999999994,-0.272812621915331));
#2750=CARTESIAN_POINT('',(0.0212706060000003,-0.0567399999999975,-0.0115450007799997));
#2751=CARTESIAN_POINT('',(0.0212706060000003,-0.0567399999999975,-0.0174950007799996));
#2752=CARTESIAN_POINT('',(0.0212706060000003,0.0208611999999987,-0.272812621915331));
#2753=CARTESIAN_POINT('',(0.0212706060000003,0.0208611999999987,-0.0174950007799996));
#2754=CARTESIAN_POINT('',(0.0212706060000003,-0.0567399999999975,-0.0174950007799996));
#2755=CARTESIAN_POINT('',(7.06060000000841E-5,-0.0587399999999975,-0.272812621915331));
#2756=CARTESIAN_POINT('',(0.00266916329203706,-0.0587399999999975,-0.0120430007799997));
#2757=CARTESIAN_POINT('',(0.00266916329203706,-0.0587399999999975,-0.0174950007799996));
#2758=CARTESIAN_POINT('',(0.00266916329203706,-0.0587399999999975,-0.0120450007799997));
#2759=CARTESIAN_POINT('',(0.00266916329203706,-0.0587399999999975,-0.0120450007799997));
#2760=CARTESIAN_POINT('',(0.00249149696260257,-0.0587399999999975,-0.0118771185487628));
#2761=CARTESIAN_POINT('',(0.00231296912965476,-0.0587399999999975,-0.0117101605354441));
#2762=CARTESIAN_POINT('',(0.00213276506272994,-0.0587399999999975,-0.0115450007799997));
#2763=CARTESIAN_POINT('',(0.0192706060000002,-0.0587399999999975,-0.0194950007799995));
#2764=CARTESIAN_POINT('',(0.0192706060000002,-0.0587399999999975,-0.0174950007799996));
#2765=CARTESIAN_POINT('',(-0.019129394,-0.0587399999999975,-0.0174950007799996));
#2766=CARTESIAN_POINT('',(0.009500606,0.0228591999999987,-0.00662000077999985));
#2767=CARTESIAN_POINT('',(0.009500606,0.0187861999999988,-0.00662000077999985));
#2768=CARTESIAN_POINT('',(0.009500606,0.0187861999999988,-0.00662000077999985));
#2769=CARTESIAN_POINT('',(0.0192706060000002,0.0208611999999987,-0.272812621915331));
#2770=CARTESIAN_POINT('',(0.0192706060000002,0.0208611999999987,-0.0182523600928803));
#2771=CARTESIAN_POINT('',(-0.019129394,0.0208611999999987,-0.272812621915331));
#2772=CARTESIAN_POINT('',(-0.019129394,0.0208611999999987,-0.0182523600928803));
#2773=CARTESIAN_POINT('',(-0.019129394,-0.0567399999999975,-0.272812621915331));
#2774=CARTESIAN_POINT('',(-0.019129394,-0.0567399999999975,-0.0182523600928803));
#2775=CARTESIAN_POINT('',(0.0192706060000002,-0.0567399999999975,-0.272812621915331));
#2776=CARTESIAN_POINT('',(0.0192706060000002,-0.0567399999999975,-0.0182523600928803));
#2777=CARTESIAN_POINT('',(-0.019129394,-0.0567399999999975,-0.272812621915331));
#2778=CARTESIAN_POINT('',(-0.019129394,-0.0567399999999975,-0.0174950007799996));
#2779=CARTESIAN_POINT('',(0.0192706060000002,-0.0567399999999975,-0.272812621915331));
#2780=CARTESIAN_POINT('',(0.0192706060000002,-0.0567399999999975,-0.0174950007799996));
#2781=CARTESIAN_POINT('',(0.0192706060000002,0.0208611999999987,-0.272812621915331));
#2782=CARTESIAN_POINT('',(0.0192706060000002,0.0208611999999987,-0.0174950007799996));
#2783=CARTESIAN_POINT('',(-0.019129394,0.0208611999999987,-0.272812621915331));
#2784=CARTESIAN_POINT('',(-0.019129394,0.0208611999999987,-0.0174950007799996));
#2785=CARTESIAN_POINT('',(0.0192706060038366,-0.0572400000038342,-0.0153950007799997));
#2786=CARTESIAN_POINT('',(0.0192706060038366,-0.0572400000038342,-0.0120450007799997));
#2787=CARTESIAN_POINT('',(-0.019129394003837,-0.0572400000038342,2.00000000000027E-6));
#2788=CARTESIAN_POINT('',(-0.019129394003837,-0.0572400000038342,-0.0120450007799997));
#2789=CARTESIAN_POINT('',(0.0192706060038373,0.0213612000038354,2.00000000000027E-6));
#2790=CARTESIAN_POINT('',(0.0192706060038373,0.0213612000038354,-0.0120450007799997));
#2791=CARTESIAN_POINT('',(-0.0191293940038364,0.0213612000038354,-0.0153950007799997));
#2792=CARTESIAN_POINT('',(-0.0191293940038364,0.0213612000038354,-0.0120450007799997));
#2793=CARTESIAN_POINT('',(0.0192706060000002,-0.0567399999999975,-0.0174950007799996));
#2794=CARTESIAN_POINT('',(0.0192706060000002,-0.0567399999999975,-0.0174950007799996));
#2795=CARTESIAN_POINT('',(0.0192706060000002,-0.0567399999999975,-0.0174950007799996));
#2796=CARTESIAN_POINT('',(0.0192706060000002,-0.0209948654413955,-0.0174950007799996));
#2797=CARTESIAN_POINT('',(0.0192706060000002,0.0208611999999987,-0.0174950007799996));
#2798=CARTESIAN_POINT('',(7.06060000001522E-5,-0.0567399999999975,-0.0174950007799996));
#2799=CARTESIAN_POINT('',(0.00259102263222552,-0.0567399999999975,-0.0194950007799995));
#2800=CARTESIAN_POINT('',(0.00269796011779177,-0.0569850245611153,-0.0194950007799995));
#2801=CARTESIAN_POINT('',(0.00283487992371029,-0.0575015895084318,-0.0194016878781049));
#2802=CARTESIAN_POINT('',(0.00281177411406848,-0.0584122015116386,-0.0188059828846061));
#2803=CARTESIAN_POINT('',(0.00266916329203706,-0.0587399999999975,-0.0180295702208597));
#2804=CARTESIAN_POINT('',(0.00266916329203706,-0.0587399999999975,-0.0174950007799996));
#2805=CARTESIAN_POINT('',(0.0192706060000002,0.0208611999999987,-0.0174950007799996));
#2806=CARTESIAN_POINT('',(-0.019129394,-0.0567399999999975,-0.0174950007799996));
#2807=CARTESIAN_POINT('',(-0.019129394,-0.0567399999999975,-0.0174950007799996));
#2808=CARTESIAN_POINT('',(7.0606000000091E-5,0.0208611999999987,-0.0174950007799996));
#2809=CARTESIAN_POINT('',(-0.00244981063222529,0.0208611999999987,-0.0194950007799996));
#2810=CARTESIAN_POINT('',(-0.00255674811779154,0.0211062245611165,-0.0194950007799996));
#2811=CARTESIAN_POINT('',(-0.00269366792371007,0.021622789508433,-0.0194016878781049));
#2812=CARTESIAN_POINT('',(-0.00267056211406826,0.0225334015116398,-0.0188059828846062));
#2813=CARTESIAN_POINT('',(-0.00252795129203684,0.0228611999999987,-0.0180295702208597));
#2814=CARTESIAN_POINT('',(-0.00252795129203684,0.0228611999999987,-0.0174950007799996));
#2815=CARTESIAN_POINT('',(-0.019129394,0.0208611999999987,-0.0174950007799996));
#2816=CARTESIAN_POINT('',(-0.019129394,-0.0179393999999994,-0.0174950007799996));
#2817=CARTESIAN_POINT('',(-0.019129394,0.0208611999999987,-0.0174950007799996));
#2818=CARTESIAN_POINT('',(-0.019129394,0.0208611999999987,-0.0174950007799996));
#2819=CARTESIAN_POINT('',(-0.0231293940000001,-0.0209948654413955,-0.0204950007799996));
#2820=CARTESIAN_POINT('',(-0.024129394,-0.0567399999999975,-0.0194950007799995));
#2821=CARTESIAN_POINT('',(-0.0232507143435597,-0.0567399999999975,-0.0203736804364399));
#2822=CARTESIAN_POINT('',(-0.0232507143435597,0.0208611999999987,-0.0203736804364399));
#2823=CARTESIAN_POINT('',(-0.0232507143435597,0.0208611999999987,-0.0203736804364399));
#2824=CARTESIAN_POINT('',(-0.0231293940000001,0.0208611999999987,-0.0204950007799996));
#2825=CARTESIAN_POINT('',(-0.019129394,-0.0567399999999975,-0.0204950007799996));
#2826=CARTESIAN_POINT('',(-0.019129394,-0.0617399999999975,-0.0194950007799995));
#2827=CARTESIAN_POINT('',(-0.019129394,-0.0608613203435572,-0.0203736804364399));
#2828=CARTESIAN_POINT('',(-0.019129394,-0.0567399999999975,-0.0203736804364399));
#2829=CARTESIAN_POINT('',(-0.019129394,0.0208611999999987,-0.0204950007799996));
#2830=CARTESIAN_POINT('',(-0.019129394,0.0208611999999987,-0.0203736804364399));
#2831=CARTESIAN_POINT('',(-0.019129394,0.0249825203435584,-0.0203736804364399));
#2832=CARTESIAN_POINT('',(-0.019129394,0.0248611999999987,-0.0204950007799996));
#2833=CARTESIAN_POINT('',(7.06060000000841E-5,-0.0617399999999975,-0.0194950007799995));
#2834=CARTESIAN_POINT('',(0.0192706060000002,-0.0617399999999975,-0.0194950007799995));
#2835=CARTESIAN_POINT('',(0.0192706060000002,-0.0608613203435572,-0.0203736804364399));
#2836=CARTESIAN_POINT('',(7.06060000000841E-5,-0.0608613203435572,-0.0203736804364399));
#2837=CARTESIAN_POINT('',(7.06060000001522E-5,0.0248611999999987,-0.0204950007799996));
#2838=CARTESIAN_POINT('',(0.0192706060000002,0.0249825203435584,-0.0203736804364399));
#2839=CARTESIAN_POINT('',(0.0192706060000002,0.0249825203435584,-0.0203736804364399));
#2840=CARTESIAN_POINT('',(0.0192706060000002,0.0248611999999987,-0.0204950007799996));
#2841=CARTESIAN_POINT('',(0.0192706060000002,-0.0567399999999975,-0.0204950007799996));
#2842=CARTESIAN_POINT('',(0.0242706060000002,-0.0567399999999975,-0.0194950007799995));
#2843=CARTESIAN_POINT('',(0.0233919263435599,-0.0567399999999975,-0.0203736804364399));
#2844=CARTESIAN_POINT('',(0.0192706060000002,-0.0567399999999975,-0.0203736804364399));
#2845=CARTESIAN_POINT('',(0.0192706060000002,0.0208611999999987,-0.0204950007799996));
#2846=CARTESIAN_POINT('',(0.0192706060000002,0.0208611999999987,-0.0203736804364399));
#2847=CARTESIAN_POINT('',(0.0233919263435599,0.0208611999999987,-0.0203736804364399));
#2848=CARTESIAN_POINT('',(0.0232706060000003,0.0208611999999987,-0.0204950007799996));
#2849=CARTESIAN_POINT('',(0.0242706060000002,-0.0179393999999994,-0.0194950007799995));
#2850=CARTESIAN_POINT('',(0.0233919263435599,-0.0179393999999994,-0.0203736804364399));
#2851=CARTESIAN_POINT('',(-0.019129394,0.0208611999999987,-0.0182523600928803));
#2852=CARTESIAN_POINT('',(-0.019129394,0.0228611999999987,-0.0182523600928803));
#2853=CARTESIAN_POINT('',(-0.021129394,0.0208611999999987,-0.0182523600928803));
#2854=CARTESIAN_POINT('',(-0.021129394,-0.0179393999999994,-0.0182523600928803));
#2855=CARTESIAN_POINT('',(-0.021129394,-0.0567399999999975,-0.0182523600928803));
#2856=CARTESIAN_POINT('',(7.0606000000091E-5,0.0228611999999987,-0.0182523600928803));
#2857=CARTESIAN_POINT('',(0.0192706060000002,0.0228611999999987,-0.0182523600928803));
#2858=CARTESIAN_POINT('',(-0.019129394,-0.0567399999999975,-0.0182523600928803));
#2859=CARTESIAN_POINT('',(-0.019129394,-0.0587399999999975,-0.0182523600928803));
#2860=CARTESIAN_POINT('',(0.0192706060000002,0.0208611999999987,-0.0182523600928803));
#2861=CARTESIAN_POINT('',(0.0212706060000003,0.0208611999999987,-0.0182523600928803));
#2862=CARTESIAN_POINT('',(7.06060000000841E-5,-0.0587399999999975,-0.0182523600928803));
#2863=CARTESIAN_POINT('',(0.0192706060000002,-0.0587399999999975,-0.0182523600928803));
#2864=CARTESIAN_POINT('',(0.0212706060000003,-0.0179393999999994,-0.0182523600928803));
#2865=CARTESIAN_POINT('',(0.0212706060000003,-0.0567399999999975,-0.0182523600928803));
#2866=CARTESIAN_POINT('',(0.0192706060000002,-0.0567399999999975,-0.0182523600928803));
#2867=CARTESIAN_POINT('',(-0.022829394,-0.0179393999999991,-0.0135200007799997));
#2868=CARTESIAN_POINT('',(-0.022829394,-0.0179393999999991,-0.0134950007799997));
#2869=CARTESIAN_POINT('',(-0.0228293939999998,0.0137534363120791,-0.0134950007799997));
#2870=CARTESIAN_POINT('',(-0.0228293940000002,-0.046246563687921,-0.0134950007799997));
#2871=CARTESIAN_POINT('',(-0.0228293939999998,0.0137534363120791,-0.0135200007799997));
#2872=CARTESIAN_POINT('',(-0.0228293939999998,0.013753436312079,-0.0135450007799997));
#2873=CARTESIAN_POINT('',(-0.0228293939999998,0.013753436312079,-0.0135450007799997));
#2874=CARTESIAN_POINT('',(-0.0228293940000002,-0.046246563687921,-0.0135450007799997));
#2875=CARTESIAN_POINT('',(-0.0228293940000002,-0.046246563687921,-0.0135200007799997));
#2876=CARTESIAN_POINT('',(-0.0219793939999998,0.013753436312079,-0.0135200007799997));
#2877=CARTESIAN_POINT('',(-0.0219793939999998,0.013753436312079,-0.0134950007799997));
#2878=CARTESIAN_POINT('',(-0.0222513939999998,0.013753436312079,-0.0126896958688015));
#2879=CARTESIAN_POINT('',(-0.0222513939999998,0.013753436312079,-0.0135200007799997));
#2880=CARTESIAN_POINT('',(-0.0222513939999998,0.013753436312079,-0.0143503056911979));
#2881=CARTESIAN_POINT('',(-0.0219793939999998,0.013753436312079,-0.0135450007799997));
#2882=CARTESIAN_POINT('',(-0.021979394,-0.0162465636879209,-0.0134950007799997));
#2883=CARTESIAN_POINT('',(-0.0219793940000002,-0.046246563687921,-0.0134950007799997));
#2884=CARTESIAN_POINT('',(-0.0222513940000003,-0.046246563687921,-0.0126896958688015));
#2885=CARTESIAN_POINT('',(-0.022251394,-0.0162465636879209,-0.0126896958688015));
#2886=CARTESIAN_POINT('',(-0.021979394,-0.0179393999999991,-0.0135450007799997));
#2887=CARTESIAN_POINT('',(-0.022251394,-0.0179393999999991,-0.0143503056911979));
#2888=CARTESIAN_POINT('',(-0.0222513940000003,-0.046246563687921,-0.0143503056911979));
#2889=CARTESIAN_POINT('',(-0.0219793940000002,-0.046246563687921,-0.0135450007799997));
#2890=CARTESIAN_POINT('',(-0.0219793940000002,-0.046246563687921,-0.0135200007799997));
#2891=CARTESIAN_POINT('',(-0.0222513940000003,-0.046246563687921,-0.0135200007799997));
#2892=CARTESIAN_POINT('',(0.0229706060000003,-0.0179393999999994,-0.0135200007799997));
#2893=CARTESIAN_POINT('',(0.0229706060000003,-0.0179393999999994,-0.0134950007799997));
#2894=CARTESIAN_POINT('',(0.0229706060000005,0.0137534363120787,-0.0134950007799997));
#2895=CARTESIAN_POINT('',(0.022970606,-0.0462465636879213,-0.0134950007799997));
#2896=CARTESIAN_POINT('',(0.022970606,-0.0462465636879213,-0.0135200007799997));
#2897=CARTESIAN_POINT('',(0.022970606,-0.0462465636879213,-0.0135450007799997));
#2898=CARTESIAN_POINT('',(0.0229706060000005,0.0137534363120787,-0.0135450007799997));
#2899=CARTESIAN_POINT('',(0.0229706060000005,0.0137534363120787,-0.0135450007799997));
#2900=CARTESIAN_POINT('',(0.0229706060000005,0.0137534363120787,-0.0135200007799997));
#2901=CARTESIAN_POINT('',(0.0221206060000005,0.0137534363120787,-0.0135200007799997));
#2902=CARTESIAN_POINT('',(0.0221206060000005,0.0137534363120787,-0.0135450007799997));
#2903=CARTESIAN_POINT('',(0.0223926060000005,0.0137534363120787,-0.0143503056911979));
#2904=CARTESIAN_POINT('',(0.0223926060000005,0.0137534363120787,-0.0135200007799997));
#2905=CARTESIAN_POINT('',(0.0223926060000005,0.0137534363120787,-0.0126896958688015));
#2906=CARTESIAN_POINT('',(0.0221206060000005,0.0137534363120787,-0.0134950007799997));
#2907=CARTESIAN_POINT('',(0.0221206060000003,-0.0162465636879213,-0.0134950007799997));
#2908=CARTESIAN_POINT('',(0.0223926060000003,-0.0162465636879213,-0.0126896958688015));
#2909=CARTESIAN_POINT('',(0.022392606,-0.0462465636879213,-0.0126896958688015));
#2910=CARTESIAN_POINT('',(0.022120606,-0.0462465636879213,-0.0134950007799997));
#2911=CARTESIAN_POINT('',(0.0221206060000003,-0.0179393999999994,-0.0135450007799997));
#2912=CARTESIAN_POINT('',(0.022120606,-0.0462465636879213,-0.0135450007799997));
#2913=CARTESIAN_POINT('',(0.022392606,-0.0462465636879213,-0.0143503056911979));
#2914=CARTESIAN_POINT('',(0.0223926060000002,-0.0179393999999994,-0.0143503056911979));
#2915=CARTESIAN_POINT('',(0.022120606,-0.0462465636879213,-0.0135200007799997));
#2916=CARTESIAN_POINT('',(0.022392606,-0.0462465636879213,-0.0135200007799997));
#2917=CARTESIAN_POINT('',(0.0225206060000005,0.0137534363120787,-0.0135200007799997));
#2918=CARTESIAN_POINT('',(0.0225206060000005,0.0137534363120787,-0.0147292727082324));
#2919=CARTESIAN_POINT('',(0.0225206060000005,0.0137534363120787,-0.012310728851767));
#2920=CARTESIAN_POINT('',(0.0225206060000003,-0.0162465636879213,-0.012310728851767));
#2921=CARTESIAN_POINT('',(0.022520606,-0.0462465636879213,-0.012310728851767));
#2922=CARTESIAN_POINT('',(0.0225206060000002,-0.0179393999999994,-0.0147292727082324));
#2923=CARTESIAN_POINT('',(0.022520606,-0.0462465636879213,-0.0147292727082324));
#2924=CARTESIAN_POINT('',(0.022520606,-0.0462465636879213,-0.0135200007799997));
#2925=CARTESIAN_POINT('',(-0.0223793939999998,0.013753436312079,-0.0135200007799997));
#2926=CARTESIAN_POINT('',(-0.0223793939999998,0.013753436312079,-0.0147292727082324));
#2927=CARTESIAN_POINT('',(-0.0223793939999998,0.013753436312079,-0.012310728851767));
#2928=CARTESIAN_POINT('',(-0.022379394,-0.0162465636879209,-0.012310728851767));
#2929=CARTESIAN_POINT('',(-0.0223793940000003,-0.046246563687921,-0.012310728851767));
#2930=CARTESIAN_POINT('',(-0.022379394,-0.0179393999999991,-0.0147292727082324));
#2931=CARTESIAN_POINT('',(-0.0223793940000003,-0.046246563687921,-0.0147292727082324));
#2932=CARTESIAN_POINT('',(-0.0223793940000003,-0.046246563687921,-0.0135200007799997));
#2933=CARTESIAN_POINT('',(7.06060000001153E-5,0.0242111999999987,-0.0120450007799997));
#2934=CARTESIAN_POINT('',(-0.0191293940038364,0.0237111999999987,-0.0115450007799997));
#2935=CARTESIAN_POINT('',(-0.0191293940038364,0.0213612000038354,-0.0115450007799997));
#2936=CARTESIAN_POINT('',(-0.0214793939999998,0.0213612000038354,-0.0115450007799997));
#2937=CARTESIAN_POINT('',(-0.0219793939999998,0.0170024999999994,-0.0120450007799997));
#2938=CARTESIAN_POINT('',(-0.0214793940000003,-0.0572400000038342,-0.0115450007799997));
#2939=CARTESIAN_POINT('',(-0.019129394003837,-0.0572400000038342,-0.0115450007799997));
#2940=CARTESIAN_POINT('',(-0.019129394003837,-0.0595899999999975,-0.0115450007799997));
#2941=CARTESIAN_POINT('',(7.06060000000841E-5,-0.0595899999999975,-0.0115450007799997));
#2942=CARTESIAN_POINT('',(0.0192706060038366,-0.0595899999999975,-0.0115450007799997));
#2943=CARTESIAN_POINT('',(0.0192706060038366,-0.0572400000038342,-0.0115450007799997));
#2944=CARTESIAN_POINT('',(0.0216206059999999,-0.0572400000038342,-0.0115450007799997));
#2945=CARTESIAN_POINT('',(0.0216206060000003,-0.0179393999999996,-0.0115450007799997));
#2946=CARTESIAN_POINT('',(0.0216206060000006,0.0213612000038354,-0.0115450007799997));
#2947=CARTESIAN_POINT('',(0.0192706060038373,0.0213612000038354,-0.0115450007799997));
#2948=CARTESIAN_POINT('',(0.0192706060038373,0.0237111999999987,-0.0115450007799997));
#2949=CARTESIAN_POINT('',(7.06060000001153E-5,0.0242111999999987,-0.0120450007799997));
#2950=CARTESIAN_POINT('',(7.06060000004214E-5,0.0219611999999987,-0.0120430007799997));
#2951=CARTESIAN_POINT('',(7.06060000004214E-5,0.0219611999999987,-0.0120450007799997));
#2952=CARTESIAN_POINT('',(7.06059999998022E-5,-0.0578399999999975,-0.0120430007799997));
#2953=CARTESIAN_POINT('',(7.06059999998022E-5,-0.0578399999999975,-0.0120450007799997));
#2954=CARTESIAN_POINT('',(7.06059999998024E-5,-0.0578399999999975,0.00450499922000047));
#2955=CARTESIAN_POINT('',(7.06059999998024E-5,-0.0578399999999975,-0.0155450007799997));
#2956=CARTESIAN_POINT('',(0.0012706059999998,-0.0578399999999975,-0.0155450007799997));
#2957=CARTESIAN_POINT('',(7.06060000004213E-5,0.0219611999999987,0.00450499922000047));
#2958=CARTESIAN_POINT('',(7.06060000004213E-5,0.0219611999999987,-0.0160450007799997));
#2959=CARTESIAN_POINT('',(7.06060000004213E-5,0.0207611999999987,-0.0160450007799997));
#2960=CARTESIAN_POINT('',(7.06060000004215E-5,0.0219611999999987,0.235322620355332));
#2961=CARTESIAN_POINT('',(7.06060000004215E-5,0.0219611999999987,-0.0199950007799995));
#2962=CARTESIAN_POINT('',(-0.00202939399999958,0.0219611999999987,-0.0199950007799995));
#2963=CARTESIAN_POINT('',(7.06060000004215E-5,0.0219611999999987,-0.0160450007799997));
#2964=CARTESIAN_POINT('',(7.06060000004215E-5,0.0198611999999987,-0.0160450007799997));
#2965=CARTESIAN_POINT('',(-0.0191293940038364,0.0242111999999987,-0.0160450007799997));
#2966=CARTESIAN_POINT('',(7.06059999998022E-5,-0.0578399999999975,0.235322620355332));
#2967=CARTESIAN_POINT('',(7.06059999998022E-5,-0.0578399999999975,-0.0199950007799995));
#2968=CARTESIAN_POINT('',(-0.0020293940000002,-0.0578399999999975,-0.0199950007799995));
#2969=CARTESIAN_POINT('',(7.06059999998022E-5,-0.0578399999999975,-0.0160450007799997));
#2970=CARTESIAN_POINT('',(7.06059999998022E-5,-0.0599399999999975,-0.0160450007799997));
#2971=CARTESIAN_POINT('',(-0.0191293940038364,0.0242111999999987,-0.0160450007799997));
#2972=CARTESIAN_POINT('',(7.06059999998024E-5,-0.0578399999999975,-0.0160450007799997));
#2973=CARTESIAN_POINT('',(7.06059999998024E-5,-0.0595399999999975,-0.0160450007799997));
#2974=CARTESIAN_POINT('',(7.06059999998022E-5,-0.0578399999999975,-0.0115450007799997));
#2975=CARTESIAN_POINT('',(7.06060000004214E-5,0.0219611999999987,-0.0115450007799997));
#2976=CARTESIAN_POINT('',(7.06060000004215E-5,0.0219611999999987,-0.0199950007799995));
#2977=CARTESIAN_POINT('',(7.06059999998022E-5,-0.0578399999999975,-0.0199950007799995));
#2978=CARTESIAN_POINT('',(7.06059999998024E-5,-0.0578399999999975,-0.0155450007799997));
#2979=CARTESIAN_POINT('',(-0.000134476294130223,-0.0529853007665429,-0.0164950007799996));
#2980=CARTESIAN_POINT('',(-0.0127910939822013,-0.0529853007665429,-0.0164950007799996));
#2981=CARTESIAN_POINT('',(-0.0127910939822013,-0.0529853007665429,-0.0164950007799996));
#2982=CARTESIAN_POINT('',(-0.000134476294130223,-0.0529853007665429,-0.0164950007799996));
#2983=CARTESIAN_POINT('',(0.0125221413939409,-0.0529853007665429,-0.0164950007799996));
#2984=CARTESIAN_POINT('',(0.0125221413939409,-0.0529853007665429,-0.0164950007799996));
#2985=CARTESIAN_POINT('',(-0.0127910939822013,-0.053961615802206,-0.0164950007799996));
#2986=CARTESIAN_POINT('',(-0.0127910939822013,-0.0549379308378691,-0.0164950007799996));
#2987=CARTESIAN_POINT('',(-0.0127910939822013,-0.0549379308378691,-0.0164950007799996));
#2988=CARTESIAN_POINT('',(-0.0127910939822013,-0.053961615802206,-0.0164950007799996));
#2989=CARTESIAN_POINT('',(-0.000134476294130223,-0.0549379308378691,-0.0164950007799996));
#2990=CARTESIAN_POINT('',(0.0125221413939409,-0.0549379308378691,-0.0164950007799996));
#2991=CARTESIAN_POINT('',(0.0125221413939409,-0.0549379308378691,-0.0164950007799996));
#2992=CARTESIAN_POINT('',(-0.000134476294130223,-0.0549379308378691,-0.0164950007799996));
#2993=CARTESIAN_POINT('',(0.0125221413939409,-0.053961615802206,-0.0164950007799996));
#2994=CARTESIAN_POINT('',(0.0125221413939409,-0.053961615802206,-0.0164950007799996));
#2995=CARTESIAN_POINT('',(7.06060000000876E-5,-0.0179393999999994,-0.0164950007799996));
#2996=CARTESIAN_POINT('',(-0.00146157427111419,0.0130492311781939,-0.0164950007799996));
#2997=CARTESIAN_POINT('',(-0.0150971129459774,0.0130492311781939,-0.0164950007799996));
#2998=CARTESIAN_POINT('',(-0.0150971129459774,0.0130492311781939,-0.0164950007799996));
#2999=CARTESIAN_POINT('',(-0.00146157427111419,0.0130492311781939,-0.0164950007799996));
#3000=CARTESIAN_POINT('',(0.012173964403749,0.0130492311781939,-0.0164950007799996));
#3001=CARTESIAN_POINT('',(0.012173964403749,0.0130492311781939,-0.0164950007799996));
#3002=CARTESIAN_POINT('',(-0.0150971129459774,0.0119423382636839,-0.0164950007799996));
#3003=CARTESIAN_POINT('',(-0.0150971129459774,0.010835445349174,-0.0164950007799996));
#3004=CARTESIAN_POINT('',(-0.0150971129459774,0.010835445349174,-0.0164950007799996));
#3005=CARTESIAN_POINT('',(-0.0150971129459774,0.0119423382636839,-0.0164950007799996));
#3006=CARTESIAN_POINT('',(-0.00146157427111419,0.010835445349174,-0.0164950007799996));
#3007=CARTESIAN_POINT('',(0.012173964403749,0.010835445349174,-0.0164950007799996));
#3008=CARTESIAN_POINT('',(0.012173964403749,0.010835445349174,-0.0164950007799996));
#3009=CARTESIAN_POINT('',(-0.00146157427111419,0.010835445349174,-0.0164950007799996));
#3010=CARTESIAN_POINT('',(0.012173964403749,0.0119423382636839,-0.0164950007799996));
#3011=CARTESIAN_POINT('',(0.012173964403749,0.0119423382636839,-0.0164950007799996));
#3012=CARTESIAN_POINT('',(7.06060000000876E-5,-0.0179393999999994,-0.0164950007799996));
#3013=MECHANICAL_DESIGN_GEOMETRIC_PRESENTATION_REPRESENTATION('',(#1717),
#3014);
#3014=(
GEOMETRIC_REPRESENTATION_CONTEXT(3)
GLOBAL_UNCERTAINTY_ASSIGNED_CONTEXT((#3015))
GLOBAL_UNIT_ASSIGNED_CONTEXT((#3018,#3017,#3016))
REPRESENTATION_CONTEXT('Bottom_shell','TOP_LEVEL_ASSEMBLY_PART')
);
#3015=UNCERTAINTY_MEASURE_WITH_UNIT(LENGTH_MEASURE(2.E-5),#3018,
'DISTANCE_ACCURACY_VALUE','Maximum Tolerance applied to model');
#3016=(
NAMED_UNIT(*)
SI_UNIT($,.STERADIAN.)
SOLID_ANGLE_UNIT()
);
#3017=(
NAMED_UNIT(*)
PLANE_ANGLE_UNIT()
SI_UNIT($,.RADIAN.)
);
#3018=(
LENGTH_UNIT()
NAMED_UNIT(*)
SI_UNIT($,.METRE.)
);
#3019=PRODUCT_DEFINITION_SHAPE('','',#3020);
#3020=PRODUCT_DEFINITION('','',#3022,#3021);
#3021=PRODUCT_DEFINITION_CONTEXT('',#3028,'design');
#3022=PRODUCT_DEFINITION_FORMATION_WITH_SPECIFIED_SOURCE('','',#3024,
 .NOT_KNOWN.);
#3023=PRODUCT_RELATED_PRODUCT_CATEGORY('','',(#3024));
#3024=PRODUCT('Bottom_shell','Bottom_shell','Bottom_shell',(#3026));
#3025=PRODUCT_CATEGORY('','');
#3026=PRODUCT_CONTEXT('',#3028,'mechanical');
#3027=APPLICATION_PROTOCOL_DEFINITION('international standard',
'ap242_managed_model_based_3d_engineering',2020,#3028);
#3028=APPLICATION_CONTEXT('managed model based 3d engineering');
ENDSEC;
END-ISO-10303-21;
