ISO-10303-21;
HEADER;
/* Generated by software containing ST-Developer
 * from STEP Tools, Inc. (www.steptools.com) 
 */
/* OPTION: using custom renumber hook */

FILE_DESCRIPTION(
/* description */ ('STEP AP242 Edition 2',
'CAx-IF Rec.Pracs.---Representation and Presentation of Product Manufa
cturing Information (PMI)---4.0---2014-10-13',
'CAx-IF Rec.Pracs.---3D Tessellated Geometry---0.4---2014-09-14','2;1',
'CAx-IF Rec.Pracs.---User Defined Attributes---1.5---2016-08-15'),
/* implementation_level */ '2;1');

FILE_NAME(
/* name */ 'Case - Keypad',
/* time_stamp */ '2026-09-21T04:08:57Z',
/* author */ (''),
/* organization */ (''),
/* preprocessor_version */ 'ST-DEVELOPER v20',
/* originating_system */ 'ONSHAPE BY PTC INC, 1.221',
/* authorisation */ '  ');

FILE_SCHEMA (('AP242_MANAGED_MODEL_BASED_3D_ENGINEERING_MIM_LF { 1 0 10303 442 3 1 4 }'));
ENDSEC;

DATA;
#10=SHAPE_REPRESENTATION_RELATIONSHIP('','',#4004,#11);
#11=ADVANCED_BREP_SHAPE_REPRESENTATION('',(#4002),#6652);
#12=CONICAL_SURFACE('',#4358,0.00164157893001921,0.785398163397448);
#13=CONICAL_SURFACE('',#4359,0.00164157893001921,0.785398163397448);
#14=CONICAL_SURFACE('',#4360,0.00164157893001921,0.785398163397448);
#15=CONICAL_SURFACE('',#4361,0.00164157893001921,0.785398163397448);
#16=CONICAL_SURFACE('',#4362,0.00164157893001921,0.785398163397449);
#17=CONICAL_SURFACE('',#4363,0.00164157893001921,0.785398163397449);
#18=CONICAL_SURFACE('',#4364,0.00164157893001921,0.785398163397449);
#19=CONICAL_SURFACE('',#4365,0.00164157893001921,0.785398163397449);
#20=CONICAL_SURFACE('',#4366,0.00164157893001921,0.785398163397449);
#21=CONICAL_SURFACE('',#4367,0.00164157893001921,0.785398163397449);
#22=CONICAL_SURFACE('',#4368,0.00164157893001921,0.785398163397449);
#23=CONICAL_SURFACE('',#4369,0.00164157893001921,0.785398163397449);
#24=LINE('',#5529,#431);
#25=LINE('',#5532,#432);
#26=LINE('',#5534,#433);
#27=LINE('',#5536,#434);
#28=LINE('',#5538,#435);
#29=LINE('',#5541,#436);
#30=LINE('',#5543,#437);
#31=LINE('',#5545,#438);
#32=LINE('',#5547,#439);
#33=LINE('',#5550,#440);
#34=LINE('',#5552,#441);
#35=LINE('',#5554,#442);
#36=LINE('',#5556,#443);
#37=LINE('',#5558,#444);
#38=LINE('',#5560,#445);
#39=LINE('',#5562,#446);
#40=LINE('',#5564,#447);
#41=LINE('',#5567,#448);
#42=LINE('',#5569,#449);
#43=LINE('',#5571,#450);
#44=LINE('',#5572,#451);
#45=LINE('',#5575,#452);
#46=LINE('',#5577,#453);
#47=LINE('',#5579,#454);
#48=LINE('',#5588,#455);
#49=LINE('',#5602,#456);
#50=LINE('',#5605,#457);
#51=LINE('',#5607,#458);
#52=LINE('',#5609,#459);
#53=LINE('',#5611,#460);
#54=LINE('',#5614,#461);
#55=LINE('',#5616,#462);
#56=LINE('',#5618,#463);
#57=LINE('',#5620,#464);
#58=LINE('',#5622,#465);
#59=LINE('',#5626,#466);
#60=LINE('',#5630,#467);
#61=LINE('',#5634,#468);
#62=LINE('',#5638,#469);
#63=LINE('',#5640,#470);
#64=LINE('',#5643,#471);
#65=LINE('',#5645,#472);
#66=LINE('',#5647,#473);
#67=LINE('',#5648,#474);
#68=LINE('',#5651,#475);
#69=LINE('',#5653,#476);
#70=LINE('',#5655,#477);
#71=LINE('',#5657,#478);
#72=LINE('',#5660,#479);
#73=LINE('',#5662,#480);
#74=LINE('',#5664,#481);
#75=LINE('',#5666,#482);
#76=LINE('',#5669,#483);
#77=LINE('',#5671,#484);
#78=LINE('',#5673,#485);
#79=LINE('',#5674,#486);
#80=LINE('',#5677,#487);
#81=LINE('',#5679,#488);
#82=LINE('',#5681,#489);
#83=LINE('',#5683,#490);
#84=LINE('',#5686,#491);
#85=LINE('',#5688,#492);
#86=LINE('',#5690,#493);
#87=LINE('',#5691,#494);
#88=LINE('',#5694,#495);
#89=LINE('',#5696,#496);
#90=LINE('',#5698,#497);
#91=LINE('',#5713,#498);
#92=LINE('',#5715,#499);
#93=LINE('',#5717,#500);
#94=LINE('',#5719,#501);
#95=LINE('',#5721,#502);
#96=LINE('',#5723,#503);
#97=LINE('',#5725,#504);
#98=LINE('',#5727,#505);
#99=LINE('',#5729,#506);
#100=LINE('',#5732,#507);
#101=LINE('',#5734,#508);
#102=LINE('',#5736,#509);
#103=LINE('',#5737,#510);
#104=LINE('',#5740,#511);
#105=LINE('',#5742,#512);
#106=LINE('',#5744,#513);
#107=LINE('',#5746,#514);
#108=LINE('',#5749,#515);
#109=LINE('',#5751,#516);
#110=LINE('',#5753,#517);
#111=LINE('',#5755,#518);
#112=LINE('',#5757,#519);
#113=LINE('',#5759,#520);
#114=LINE('',#5761,#521);
#115=LINE('',#5763,#522);
#116=LINE('',#5766,#523);
#117=LINE('',#5768,#524);
#118=LINE('',#5770,#525);
#119=LINE('',#5772,#526);
#120=LINE('',#5775,#527);
#121=LINE('',#5777,#528);
#122=LINE('',#5779,#529);
#123=LINE('',#5781,#530);
#124=LINE('',#5783,#531);
#125=LINE('',#5785,#532);
#126=LINE('',#5787,#533);
#127=LINE('',#5796,#534);
#128=LINE('',#5800,#535);
#129=LINE('',#5811,#536);
#130=LINE('',#5813,#537);
#131=LINE('',#5815,#538);
#132=LINE('',#5817,#539);
#133=LINE('',#5820,#540);
#134=LINE('',#5822,#541);
#135=LINE('',#5824,#542);
#136=LINE('',#5826,#543);
#137=LINE('',#5829,#544);
#138=LINE('',#5831,#545);
#139=LINE('',#5833,#546);
#140=LINE('',#5835,#547);
#141=LINE('',#5836,#548);
#142=LINE('',#5838,#549);
#143=LINE('',#5839,#550);
#144=LINE('',#5841,#551);
#145=LINE('',#5843,#552);
#146=LINE('',#5845,#553);
#147=LINE('',#5847,#554);
#148=LINE('',#5849,#555);
#149=LINE('',#5852,#556);
#150=LINE('',#5854,#557);
#151=LINE('',#5856,#558);
#152=LINE('',#5858,#559);
#153=LINE('',#5861,#560);
#154=LINE('',#5863,#561);
#155=LINE('',#5865,#562);
#156=LINE('',#5866,#563);
#157=LINE('',#5869,#564);
#158=LINE('',#5871,#565);
#159=LINE('',#5873,#566);
#160=LINE('',#5875,#567);
#161=LINE('',#5877,#568);
#162=LINE('',#5879,#569);
#163=LINE('',#5880,#570);
#164=LINE('',#5883,#571);
#165=LINE('',#5885,#572);
#166=LINE('',#5887,#573);
#167=LINE('',#5889,#574);
#168=LINE('',#5892,#575);
#169=LINE('',#5894,#576);
#170=LINE('',#5896,#577);
#171=LINE('',#5898,#578);
#172=LINE('',#5901,#579);
#173=LINE('',#5903,#580);
#174=LINE('',#5905,#581);
#175=LINE('',#5922,#582);
#176=LINE('',#5924,#583);
#177=LINE('',#5926,#584);
#178=LINE('',#5928,#585);
#179=LINE('',#5931,#586);
#180=LINE('',#5933,#587);
#181=LINE('',#5935,#588);
#182=LINE('',#5937,#589);
#183=LINE('',#5941,#590);
#184=LINE('',#5945,#591);
#185=LINE('',#5948,#592);
#186=LINE('',#5950,#593);
#187=LINE('',#5952,#594);
#188=LINE('',#5953,#595);
#189=LINE('',#5956,#596);
#190=LINE('',#5958,#597);
#191=LINE('',#5960,#598);
#192=LINE('',#5962,#599);
#193=LINE('',#5965,#600);
#194=LINE('',#5967,#601);
#195=LINE('',#5969,#602);
#196=LINE('',#5970,#603);
#197=LINE('',#5973,#604);
#198=LINE('',#5975,#605);
#199=LINE('',#5977,#606);
#200=LINE('',#5979,#607);
#201=LINE('',#5982,#608);
#202=LINE('',#5984,#609);
#203=LINE('',#5986,#610);
#204=LINE('',#5987,#611);
#205=LINE('',#5990,#612);
#206=LINE('',#5992,#613);
#207=LINE('',#5994,#614);
#208=LINE('',#5996,#615);
#209=LINE('',#5999,#616);
#210=LINE('',#6001,#617);
#211=LINE('',#6003,#618);
#212=LINE('',#6004,#619);
#213=LINE('',#6007,#620);
#214=LINE('',#6009,#621);
#215=LINE('',#6011,#622);
#216=LINE('',#6031,#623);
#217=LINE('',#6032,#624);
#218=LINE('',#6034,#625);
#219=LINE('',#6035,#626);
#220=LINE('',#6039,#627);
#221=LINE('',#6042,#628);
#222=LINE('',#6044,#629);
#223=LINE('',#6046,#630);
#224=LINE('',#6048,#631);
#225=LINE('',#6051,#632);
#226=LINE('',#6053,#633);
#227=LINE('',#6055,#634);
#228=LINE('',#6057,#635);
#229=LINE('',#6060,#636);
#230=LINE('',#6061,#637);
#231=LINE('',#6063,#638);
#232=LINE('',#6065,#639);
#233=LINE('',#6067,#640);
#234=LINE('',#6074,#641);
#235=LINE('',#6077,#642);
#236=LINE('',#6079,#643);
#237=LINE('',#6081,#644);
#238=LINE('',#6083,#645);
#239=LINE('',#6086,#646);
#240=LINE('',#6088,#647);
#241=LINE('',#6090,#648);
#242=LINE('',#6097,#649);
#243=LINE('',#6099,#650);
#244=LINE('',#6101,#651);
#245=LINE('',#6103,#652);
#246=LINE('',#6105,#653);
#247=LINE('',#6107,#654);
#248=LINE('',#6108,#655);
#249=LINE('',#6110,#656);
#250=LINE('',#6112,#657);
#251=LINE('',#6115,#658);
#252=LINE('',#6117,#659);
#253=LINE('',#6119,#660);
#254=LINE('',#6120,#661);
#255=LINE('',#6121,#662);
#256=LINE('',#6123,#663);
#257=LINE('',#6126,#664);
#258=LINE('',#6128,#665);
#259=LINE('',#6130,#666);
#260=LINE('',#6132,#667);
#261=LINE('',#6135,#668);
#262=LINE('',#6137,#669);
#263=LINE('',#6139,#670);
#264=LINE('',#6154,#671);
#265=LINE('',#6156,#672);
#266=LINE('',#6158,#673);
#267=LINE('',#6160,#674);
#268=LINE('',#6162,#675);
#269=LINE('',#6164,#676);
#270=LINE('',#6166,#677);
#271=LINE('',#6167,#678);
#272=LINE('',#6169,#679);
#273=LINE('',#6171,#680);
#274=LINE('',#6172,#681);
#275=LINE('',#6174,#682);
#276=LINE('',#6177,#683);
#277=LINE('',#6179,#684);
#278=LINE('',#6181,#685);
#279=LINE('',#6182,#686);
#280=LINE('',#6185,#687);
#281=LINE('',#6187,#688);
#282=LINE('',#6189,#689);
#283=LINE('',#6191,#690);
#284=LINE('',#6194,#691);
#285=LINE('',#6196,#692);
#286=LINE('',#6198,#693);
#287=LINE('',#6200,#694);
#288=LINE('',#6203,#695);
#289=LINE('',#6205,#696);
#290=LINE('',#6207,#697);
#291=LINE('',#6208,#698);
#292=LINE('',#6211,#699);
#293=LINE('',#6213,#700);
#294=LINE('',#6215,#701);
#295=LINE('',#6217,#702);
#296=LINE('',#6220,#703);
#297=LINE('',#6222,#704);
#298=LINE('',#6224,#705);
#299=LINE('',#6239,#706);
#300=LINE('',#6240,#707);
#301=LINE('',#6242,#708);
#302=LINE('',#6243,#709);
#303=LINE('',#6247,#710);
#304=LINE('',#6250,#711);
#305=LINE('',#6252,#712);
#306=LINE('',#6254,#713);
#307=LINE('',#6256,#714);
#308=LINE('',#6259,#715);
#309=LINE('',#6260,#716);
#310=LINE('',#6262,#717);
#311=LINE('',#6264,#718);
#312=LINE('',#6266,#719);
#313=LINE('',#6268,#720);
#314=LINE('',#6269,#721);
#315=LINE('',#6271,#722);
#316=LINE('',#6274,#723);
#317=LINE('',#6276,#724);
#318=LINE('',#6278,#725);
#319=LINE('',#6280,#726);
#320=LINE('',#6283,#727);
#321=LINE('',#6285,#728);
#322=LINE('',#6287,#729);
#323=LINE('',#6302,#730);
#324=LINE('',#6303,#731);
#325=LINE('',#6308,#732);
#326=LINE('',#6312,#733);
#327=LINE('',#6317,#734);
#328=LINE('',#6321,#735);
#329=LINE('',#6326,#736);
#330=LINE('',#6330,#737);
#331=LINE('',#6331,#738);
#332=LINE('',#6332,#739);
#333=LINE('',#6337,#740);
#334=LINE('',#6338,#741);
#335=LINE('',#6342,#742);
#336=LINE('',#6344,#743);
#337=LINE('',#6345,#744);
#338=LINE('',#6346,#745);
#339=LINE('',#6347,#746);
#340=LINE('',#6349,#747);
#341=LINE('',#6351,#748);
#342=LINE('',#6353,#749);
#343=LINE('',#6355,#750);
#344=LINE('',#6357,#751);
#345=LINE('',#6359,#752);
#346=LINE('',#6362,#753);
#347=LINE('',#6363,#754);
#348=LINE('',#6365,#755);
#349=LINE('',#6366,#756);
#350=LINE('',#6377,#757);
#351=LINE('',#6381,#758);
#352=LINE('',#6386,#759);
#353=LINE('',#6390,#760);
#354=LINE('',#6392,#761);
#355=LINE('',#6397,#762);
#356=LINE('',#6398,#763);
#357=LINE('',#6399,#764);
#358=LINE('',#6403,#765);
#359=LINE('',#6405,#766);
#360=LINE('',#6407,#767);
#361=LINE('',#6409,#768);
#362=LINE('',#6410,#769);
#363=LINE('',#6413,#770);
#364=LINE('',#6415,#771);
#365=LINE('',#6417,#772);
#366=LINE('',#6420,#773);
#367=LINE('',#6422,#774);
#368=LINE('',#6424,#775);
#369=LINE('',#6426,#776);
#370=LINE('',#6428,#777);
#371=LINE('',#6430,#778);
#372=LINE('',#6432,#779);
#373=LINE('',#6434,#780);
#374=LINE('',#6436,#781);
#375=LINE('',#6438,#782);
#376=LINE('',#6441,#783);
#377=LINE('',#6442,#784);
#378=LINE('',#6444,#785);
#379=LINE('',#6447,#786);
#380=LINE('',#6448,#787);
#381=LINE('',#6450,#788);
#382=LINE('',#6452,#789);
#383=LINE('',#6454,#790);
#384=LINE('',#6456,#791);
#385=LINE('',#6461,#792);
#386=LINE('',#6465,#793);
#387=LINE('',#6470,#794);
#388=LINE('',#6474,#795);
#389=LINE('',#6479,#796);
#390=LINE('',#6483,#797);
#391=LINE('',#6488,#798);
#392=LINE('',#6492,#799);
#393=LINE('',#6494,#800);
#394=LINE('',#6495,#801);
#395=LINE('',#6496,#802);
#396=LINE('',#6497,#803);
#397=LINE('',#6499,#804);
#398=LINE('',#6501,#805);
#399=LINE('',#6503,#806);
#400=LINE('',#6505,#807);
#401=LINE('',#6507,#808);
#402=LINE('',#6509,#809);
#403=LINE('',#6513,#810);
#404=LINE('',#6515,#811);
#405=LINE('',#6518,#812);
#406=LINE('',#6521,#813);
#407=LINE('',#6523,#814);
#408=LINE('',#6525,#815);
#409=LINE('',#6527,#816);
#410=LINE('',#6531,#817);
#411=LINE('',#6535,#818);
#412=LINE('',#6540,#819);
#413=LINE('',#6544,#820);
#414=LINE('',#6549,#821);
#415=LINE('',#6553,#822);
#416=LINE('',#6555,#823);
#417=LINE('',#6559,#824);
#418=LINE('',#6563,#825);
#419=LINE('',#6565,#826);
#420=LINE('',#6566,#827);
#421=LINE('',#6567,#828);
#422=LINE('',#6568,#829);
#423=LINE('',#6570,#830);
#424=LINE('',#6572,#831);
#425=LINE('',#6574,#832);
#426=LINE('',#6576,#833);
#427=LINE('',#6581,#834);
#428=LINE('',#6582,#835);
#429=LINE('',#6584,#836);
#430=LINE('',#6585,#837);
#431=VECTOR('',#4398,1.);
#432=VECTOR('',#4399,1.);
#433=VECTOR('',#4400,1.);
#434=VECTOR('',#4401,1.);
#435=VECTOR('',#4404,1.);
#436=VECTOR('',#4405,1.);
#437=VECTOR('',#4406,1.);
#438=VECTOR('',#4407,1.);
#439=VECTOR('',#4410,1.);
#440=VECTOR('',#4411,1.);
#441=VECTOR('',#4412,1.);
#442=VECTOR('',#4413,1.);
#443=VECTOR('',#4414,1.);
#444=VECTOR('',#4415,1.);
#445=VECTOR('',#4416,1.);
#446=VECTOR('',#4417,1.);
#447=VECTOR('',#4420,1.);
#448=VECTOR('',#4421,1.);
#449=VECTOR('',#4422,1.);
#450=VECTOR('',#4423,1.);
#451=VECTOR('',#4424,1.);
#452=VECTOR('',#4425,1.);
#453=VECTOR('',#4426,1.);
#454=VECTOR('',#4427,1.);
#455=VECTOR('',#4442,1.);
#456=VECTOR('',#4465,1.);
#457=VECTOR('',#4466,1.);
#458=VECTOR('',#4467,1.);
#459=VECTOR('',#4468,1.);
#460=VECTOR('',#4471,1.);
#461=VECTOR('',#4472,1.);
#462=VECTOR('',#4473,1.);
#463=VECTOR('',#4474,1.);
#464=VECTOR('',#4477,1.);
#465=VECTOR('',#4478,1.);
#466=VECTOR('',#4481,1.);
#467=VECTOR('',#4486,1.);
#468=VECTOR('',#4489,1.);
#469=VECTOR('',#4492,1.);
#470=VECTOR('',#4495,1.);
#471=VECTOR('',#4496,1.);
#472=VECTOR('',#4497,1.);
#473=VECTOR('',#4498,1.);
#474=VECTOR('',#4499,1.);
#475=VECTOR('',#4500,1.);
#476=VECTOR('',#4501,1.);
#477=VECTOR('',#4502,1.);
#478=VECTOR('',#4505,1.);
#479=VECTOR('',#4506,1.);
#480=VECTOR('',#4507,1.);
#481=VECTOR('',#4508,1.);
#482=VECTOR('',#4511,1.);
#483=VECTOR('',#4512,1.);
#484=VECTOR('',#4513,1.);
#485=VECTOR('',#4514,1.);
#486=VECTOR('',#4515,1.);
#487=VECTOR('',#4516,1.);
#488=VECTOR('',#4517,1.);
#489=VECTOR('',#4518,1.);
#490=VECTOR('',#4521,1.);
#491=VECTOR('',#4522,1.);
#492=VECTOR('',#4523,1.);
#493=VECTOR('',#4524,1.);
#494=VECTOR('',#4525,1.);
#495=VECTOR('',#4526,1.);
#496=VECTOR('',#4527,1.);
#497=VECTOR('',#4528,1.);
#498=VECTOR('',#4557,1.);
#499=VECTOR('',#4558,1.);
#500=VECTOR('',#4559,1.);
#501=VECTOR('',#4562,1.);
#502=VECTOR('',#4563,1.);
#503=VECTOR('',#4564,1.);
#504=VECTOR('',#4567,1.);
#505=VECTOR('',#4570,1.);
#506=VECTOR('',#4573,1.);
#507=VECTOR('',#4574,1.);
#508=VECTOR('',#4575,1.);
#509=VECTOR('',#4576,1.);
#510=VECTOR('',#4577,1.);
#511=VECTOR('',#4578,1.);
#512=VECTOR('',#4579,1.);
#513=VECTOR('',#4580,1.);
#514=VECTOR('',#4583,1.);
#515=VECTOR('',#4584,1.);
#516=VECTOR('',#4585,1.);
#517=VECTOR('',#4586,1.);
#518=VECTOR('',#4587,1.);
#519=VECTOR('',#4588,1.);
#520=VECTOR('',#4589,1.);
#521=VECTOR('',#4590,1.);
#522=VECTOR('',#4593,1.);
#523=VECTOR('',#4594,1.);
#524=VECTOR('',#4595,1.);
#525=VECTOR('',#4596,1.);
#526=VECTOR('',#4599,1.);
#527=VECTOR('',#4600,1.);
#528=VECTOR('',#4601,1.);
#529=VECTOR('',#4602,1.);
#530=VECTOR('',#4603,1.);
#531=VECTOR('',#4604,1.);
#532=VECTOR('',#4605,1.);
#533=VECTOR('',#4606,1.);
#534=VECTOR('',#4621,1.);
#535=VECTOR('',#4628,1.);
#536=VECTOR('',#4645,1.);
#537=VECTOR('',#4646,1.);
#538=VECTOR('',#4647,1.);
#539=VECTOR('',#4650,1.);
#540=VECTOR('',#4651,1.);
#541=VECTOR('',#4652,1.);
#542=VECTOR('',#4653,1.);
#543=VECTOR('',#4656,1.);
#544=VECTOR('',#4657,1.);
#545=VECTOR('',#4658,1.);
#546=VECTOR('',#4659,1.);
#547=VECTOR('',#4662,1.);
#548=VECTOR('',#4663,1.);
#549=VECTOR('',#4666,1.);
#550=VECTOR('',#4667,1.);
#551=VECTOR('',#4670,1.);
#552=VECTOR('',#4671,1.);
#553=VECTOR('',#4674,1.);
#554=VECTOR('',#4675,1.);
#555=VECTOR('',#4678,1.);
#556=VECTOR('',#4679,1.);
#557=VECTOR('',#4680,1.);
#558=VECTOR('',#4681,1.);
#559=VECTOR('',#4684,1.);
#560=VECTOR('',#4685,1.);
#561=VECTOR('',#4686,1.);
#562=VECTOR('',#4687,1.);
#563=VECTOR('',#4688,1.);
#564=VECTOR('',#4689,1.);
#565=VECTOR('',#4690,1.);
#566=VECTOR('',#4691,1.);
#567=VECTOR('',#4694,1.);
#568=VECTOR('',#4695,1.);
#569=VECTOR('',#4696,1.);
#570=VECTOR('',#4697,1.);
#571=VECTOR('',#4698,1.);
#572=VECTOR('',#4699,1.);
#573=VECTOR('',#4700,1.);
#574=VECTOR('',#4703,1.);
#575=VECTOR('',#4704,1.);
#576=VECTOR('',#4705,1.);
#577=VECTOR('',#4706,1.);
#578=VECTOR('',#4709,1.);
#579=VECTOR('',#4710,1.);
#580=VECTOR('',#4711,1.);
#581=VECTOR('',#4712,1.);
#582=VECTOR('',#4743,1.);
#583=VECTOR('',#4744,1.);
#584=VECTOR('',#4745,1.);
#585=VECTOR('',#4748,1.);
#586=VECTOR('',#4749,1.);
#587=VECTOR('',#4750,1.);
#588=VECTOR('',#4751,1.);
#589=VECTOR('',#4754,1.);
#590=VECTOR('',#4759,1.);
#591=VECTOR('',#4764,1.);
#592=VECTOR('',#4765,1.);
#593=VECTOR('',#4766,1.);
#594=VECTOR('',#4767,1.);
#595=VECTOR('',#4768,1.);
#596=VECTOR('',#4769,1.);
#597=VECTOR('',#4770,1.);
#598=VECTOR('',#4771,1.);
#599=VECTOR('',#4774,1.);
#600=VECTOR('',#4775,1.);
#601=VECTOR('',#4776,1.);
#602=VECTOR('',#4777,1.);
#603=VECTOR('',#4778,1.);
#604=VECTOR('',#4779,1.);
#605=VECTOR('',#4780,1.);
#606=VECTOR('',#4781,1.);
#607=VECTOR('',#4784,1.);
#608=VECTOR('',#4785,1.);
#609=VECTOR('',#4786,1.);
#610=VECTOR('',#4787,1.);
#611=VECTOR('',#4788,1.);
#612=VECTOR('',#4789,1.);
#613=VECTOR('',#4790,1.);
#614=VECTOR('',#4791,1.);
#615=VECTOR('',#4794,1.);
#616=VECTOR('',#4795,1.);
#617=VECTOR('',#4796,1.);
#618=VECTOR('',#4797,1.);
#619=VECTOR('',#4798,1.);
#620=VECTOR('',#4799,1.);
#621=VECTOR('',#4800,1.);
#622=VECTOR('',#4801,1.);
#623=VECTOR('',#4836,1.);
#624=VECTOR('',#4837,1.);
#625=VECTOR('',#4840,1.);
#626=VECTOR('',#4841,1.);
#627=VECTOR('',#4848,1.);
#628=VECTOR('',#4849,1.);
#629=VECTOR('',#4850,1.);
#630=VECTOR('',#4851,1.);
#631=VECTOR('',#4854,1.);
#632=VECTOR('',#4855,1.);
#633=VECTOR('',#4856,1.);
#634=VECTOR('',#4857,1.);
#635=VECTOR('',#4860,1.);
#636=VECTOR('',#4861,1.);
#637=VECTOR('',#4862,1.);
#638=VECTOR('',#4865,1.);
#639=VECTOR('',#4866,1.);
#640=VECTOR('',#4867,1.);
#641=VECTOR('',#4876,1.);
#642=VECTOR('',#4877,1.);
#643=VECTOR('',#4878,1.);
#644=VECTOR('',#4879,1.);
#645=VECTOR('',#4882,1.);
#646=VECTOR('',#4883,1.);
#647=VECTOR('',#4884,1.);
#648=VECTOR('',#4885,1.);
#649=VECTOR('',#4894,1.);
#650=VECTOR('',#4895,1.);
#651=VECTOR('',#4896,1.);
#652=VECTOR('',#4897,1.);
#653=VECTOR('',#4898,1.);
#654=VECTOR('',#4899,1.);
#655=VECTOR('',#4900,1.);
#656=VECTOR('',#4901,1.);
#657=VECTOR('',#4904,1.);
#658=VECTOR('',#4905,1.);
#659=VECTOR('',#4906,1.);
#660=VECTOR('',#4907,1.);
#661=VECTOR('',#4908,1.);
#662=VECTOR('',#4909,1.);
#663=VECTOR('',#4912,1.);
#664=VECTOR('',#4913,1.);
#665=VECTOR('',#4914,1.);
#666=VECTOR('',#4915,1.);
#667=VECTOR('',#4918,1.);
#668=VECTOR('',#4919,1.);
#669=VECTOR('',#4920,1.);
#670=VECTOR('',#4921,1.);
#671=VECTOR('',#4950,1.);
#672=VECTOR('',#4951,1.);
#673=VECTOR('',#4952,1.);
#674=VECTOR('',#4955,1.);
#675=VECTOR('',#4958,1.);
#676=VECTOR('',#4961,1.);
#677=VECTOR('',#4964,1.);
#678=VECTOR('',#4965,1.);
#679=VECTOR('',#4968,1.);
#680=VECTOR('',#4971,1.);
#681=VECTOR('',#4972,1.);
#682=VECTOR('',#4975,1.);
#683=VECTOR('',#4976,1.);
#684=VECTOR('',#4977,1.);
#685=VECTOR('',#4978,1.);
#686=VECTOR('',#4979,1.);
#687=VECTOR('',#4980,1.);
#688=VECTOR('',#4981,1.);
#689=VECTOR('',#4982,1.);
#690=VECTOR('',#4985,1.);
#691=VECTOR('',#4986,1.);
#692=VECTOR('',#4987,1.);
#693=VECTOR('',#4988,1.);
#694=VECTOR('',#4991,1.);
#695=VECTOR('',#4992,1.);
#696=VECTOR('',#4993,1.);
#697=VECTOR('',#4994,1.);
#698=VECTOR('',#4995,1.);
#699=VECTOR('',#4996,1.);
#700=VECTOR('',#4997,1.);
#701=VECTOR('',#4998,1.);
#702=VECTOR('',#5001,1.);
#703=VECTOR('',#5002,1.);
#704=VECTOR('',#5003,1.);
#705=VECTOR('',#5004,1.);
#706=VECTOR('',#5033,1.);
#707=VECTOR('',#5034,1.);
#708=VECTOR('',#5037,1.);
#709=VECTOR('',#5038,1.);
#710=VECTOR('',#5045,1.);
#711=VECTOR('',#5046,1.);
#712=VECTOR('',#5047,1.);
#713=VECTOR('',#5048,1.);
#714=VECTOR('',#5051,1.);
#715=VECTOR('',#5052,1.);
#716=VECTOR('',#5053,1.);
#717=VECTOR('',#5054,1.);
#718=VECTOR('',#5055,1.);
#719=VECTOR('',#5056,1.);
#720=VECTOR('',#5057,1.);
#721=VECTOR('',#5058,1.);
#722=VECTOR('',#5061,1.);
#723=VECTOR('',#5062,1.);
#724=VECTOR('',#5063,1.);
#725=VECTOR('',#5064,1.);
#726=VECTOR('',#5067,1.);
#727=VECTOR('',#5068,1.);
#728=VECTOR('',#5069,1.);
#729=VECTOR('',#5070,1.);
#730=VECTOR('',#5099,1.);
#731=VECTOR('',#5100,1.);
#732=VECTOR('',#5105,1.);
#733=VECTOR('',#5108,1.);
#734=VECTOR('',#5113,1.);
#735=VECTOR('',#5116,1.);
#736=VECTOR('',#5121,1.);
#737=VECTOR('',#5124,1.);
#738=VECTOR('',#5125,1.);
#739=VECTOR('',#5126,1.);
#740=VECTOR('',#5131,1.);
#741=VECTOR('',#5132,1.);
#742=VECTOR('',#5135,1.);
#743=VECTOR('',#5138,1.);
#744=VECTOR('',#5139,1.);
#745=VECTOR('',#5140,1.);
#746=VECTOR('',#5141,1.);
#747=VECTOR('',#5144,1.);
#748=VECTOR('',#5147,1.);
#749=VECTOR('',#5150,1.);
#750=VECTOR('',#5153,1.);
#751=VECTOR('',#5156,1.);
#752=VECTOR('',#5159,1.);
#753=VECTOR('',#5164,1.);
#754=VECTOR('',#5165,1.);
#755=VECTOR('',#5168,1.);
#756=VECTOR('',#5169,1.);
#757=VECTOR('',#5184,1.);
#758=VECTOR('',#5187,1.);
#759=VECTOR('',#5192,1.);
#760=VECTOR('',#5195,1.);
#761=VECTOR('',#5198,1.);
#762=VECTOR('',#5201,1.);
#763=VECTOR('',#5202,1.);
#764=VECTOR('',#5203,1.);
#765=VECTOR('',#5208,1.);
#766=VECTOR('',#5209,1.);
#767=VECTOR('',#5210,1.);
#768=VECTOR('',#5213,1.);
#769=VECTOR('',#5214,1.);
#770=VECTOR('',#5217,1.);
#771=VECTOR('',#5220,1.);
#772=VECTOR('',#5221,1.);
#773=VECTOR('',#5226,1.);
#774=VECTOR('',#5229,1.);
#775=VECTOR('',#5232,1.);
#776=VECTOR('',#5235,1.);
#777=VECTOR('',#5236,1.);
#778=VECTOR('',#5237,1.);
#779=VECTOR('',#5240,1.);
#780=VECTOR('',#5241,1.);
#781=VECTOR('',#5242,1.);
#782=VECTOR('',#5245,1.);
#783=VECTOR('',#5246,1.);
#784=VECTOR('',#5247,1.);
#785=VECTOR('',#5250,1.);
#786=VECTOR('',#5251,1.);
#787=VECTOR('',#5252,1.);
#788=VECTOR('',#5255,1.);
#789=VECTOR('',#5258,1.);
#790=VECTOR('',#5261,1.);
#791=VECTOR('',#5264,1.);
#792=VECTOR('',#5269,1.);
#793=VECTOR('',#5272,1.);
#794=VECTOR('',#5277,1.);
#795=VECTOR('',#5280,1.);
#796=VECTOR('',#5285,1.);
#797=VECTOR('',#5288,1.);
#798=VECTOR('',#5293,1.);
#799=VECTOR('',#5296,1.);
#800=VECTOR('',#5299,1.);
#801=VECTOR('',#5300,1.);
#802=VECTOR('',#5301,1.);
#803=VECTOR('',#5302,1.);
#804=VECTOR('',#5305,1.);
#805=VECTOR('',#5308,1.);
#806=VECTOR('',#5311,1.);
#807=VECTOR('',#5314,1.);
#808=VECTOR('',#5317,1.);
#809=VECTOR('',#5318,1.);
#810=VECTOR('',#5323,1.);
#811=VECTOR('',#5326,1.);
#812=VECTOR('',#5327,1.);
#813=VECTOR('',#5332,1.);
#814=VECTOR('',#5335,1.);
#815=VECTOR('',#5338,1.);
#816=VECTOR('',#5341,1.);
#817=VECTOR('',#5344,1.);
#818=VECTOR('',#5347,1.);
#819=VECTOR('',#5352,1.);
#820=VECTOR('',#5355,1.);
#821=VECTOR('',#5360,1.);
#822=VECTOR('',#5363,1.);
#823=VECTOR('',#5366,1.);
#824=VECTOR('',#5369,1.);
#825=VECTOR('',#5372,1.);
#826=VECTOR('',#5375,1.);
#827=VECTOR('',#5376,1.);
#828=VECTOR('',#5377,1.);
#829=VECTOR('',#5378,1.);
#830=VECTOR('',#5381,1.);
#831=VECTOR('',#5384,1.);
#832=VECTOR('',#5387,1.);
#833=VECTOR('',#5390,1.);
#834=VECTOR('',#5397,1.);
#835=VECTOR('',#5398,1.);
#836=VECTOR('',#5401,1.);
#837=VECTOR('',#5402,1.);
#838=PLANE('',#4018);
#839=PLANE('',#4019);
#840=PLANE('',#4020);
#841=PLANE('',#4021);
#842=PLANE('',#4022);
#843=PLANE('',#4039);
#844=PLANE('',#4040);
#845=PLANE('',#4041);
#846=PLANE('',#4044);
#847=PLANE('',#4047);
#848=PLANE('',#4048);
#849=PLANE('',#4049);
#850=PLANE('',#4050);
#851=PLANE('',#4051);
#852=PLANE('',#4064);
#853=PLANE('',#4065);
#854=PLANE('',#4066);
#855=PLANE('',#4067);
#856=PLANE('',#4068);
#857=PLANE('',#4069);
#858=PLANE('',#4070);
#859=PLANE('',#4071);
#860=PLANE('',#4072);
#861=PLANE('',#4089);
#862=PLANE('',#4090);
#863=PLANE('',#4091);
#864=PLANE('',#4092);
#865=PLANE('',#4093);
#866=PLANE('',#4094);
#867=PLANE('',#4095);
#868=PLANE('',#4096);
#869=PLANE('',#4097);
#870=PLANE('',#4098);
#871=PLANE('',#4099);
#872=PLANE('',#4100);
#873=PLANE('',#4101);
#874=PLANE('',#4115);
#875=PLANE('',#4116);
#876=PLANE('',#4117);
#877=PLANE('',#4119);
#878=PLANE('',#4121);
#879=PLANE('',#4122);
#880=PLANE('',#4123);
#881=PLANE('',#4124);
#882=PLANE('',#4125);
#883=PLANE('',#4141);
#884=PLANE('',#4142);
#885=PLANE('',#4143);
#886=PLANE('',#4144);
#887=PLANE('',#4145);
#888=PLANE('',#4146);
#889=PLANE('',#4147);
#890=PLANE('',#4148);
#891=PLANE('',#4152);
#892=PLANE('',#4153);
#893=PLANE('',#4157);
#894=PLANE('',#4158);
#895=PLANE('',#4159);
#896=PLANE('',#4160);
#897=PLANE('',#4161);
#898=PLANE('',#4174);
#899=PLANE('',#4175);
#900=PLANE('',#4176);
#901=PLANE('',#4177);
#902=PLANE('',#4178);
#903=PLANE('',#4179);
#904=PLANE('',#4180);
#905=PLANE('',#4181);
#906=PLANE('',#4182);
#907=PLANE('',#4183);
#908=PLANE('',#4184);
#909=PLANE('',#4185);
#910=PLANE('',#4198);
#911=PLANE('',#4199);
#912=PLANE('',#4200);
#913=PLANE('',#4201);
#914=PLANE('',#4202);
#915=PLANE('',#4203);
#916=PLANE('',#4204);
#917=PLANE('',#4205);
#918=PLANE('',#4206);
#919=PLANE('',#4219);
#920=PLANE('',#4232);
#921=PLANE('',#4233);
#922=PLANE('',#4234);
#923=PLANE('',#4235);
#924=PLANE('',#4236);
#925=PLANE('',#4237);
#926=PLANE('',#4238);
#927=PLANE('',#4239);
#928=PLANE('',#4240);
#929=PLANE('',#4241);
#930=PLANE('',#4242);
#931=PLANE('',#4243);
#932=PLANE('',#4244);
#933=PLANE('',#4253);
#934=PLANE('',#4256);
#935=PLANE('',#4261);
#936=PLANE('',#4262);
#937=PLANE('',#4263);
#938=PLANE('',#4264);
#939=PLANE('',#4265);
#940=PLANE('',#4266);
#941=PLANE('',#4267);
#942=PLANE('',#4268);
#943=PLANE('',#4269);
#944=PLANE('',#4270);
#945=PLANE('',#4271);
#946=PLANE('',#4284);
#947=PLANE('',#4285);
#948=PLANE('',#4286);
#949=PLANE('',#4287);
#950=PLANE('',#4288);
#951=PLANE('',#4289);
#952=PLANE('',#4291);
#953=PLANE('',#4292);
#954=PLANE('',#4294);
#955=PLANE('',#4295);
#956=PLANE('',#4296);
#957=PLANE('',#4309);
#958=PLANE('',#4310);
#959=PLANE('',#4311);
#960=PLANE('',#4312);
#961=PLANE('',#4313);
#962=PLANE('',#4316);
#963=PLANE('',#4317);
#964=PLANE('',#4318);
#965=PLANE('',#4319);
#966=PLANE('',#4322);
#967=PLANE('',#4323);
#968=PLANE('',#4324);
#969=PLANE('',#4325);
#970=PLANE('',#4326);
#971=PLANE('',#4327);
#972=PLANE('',#4328);
#973=PLANE('',#4329);
#974=PLANE('',#4330);
#975=PLANE('',#4331);
#976=PLANE('',#4332);
#977=PLANE('',#4333);
#978=PLANE('',#4334);
#979=PLANE('',#4336);
#980=PLANE('',#4338);
#981=PLANE('',#4340);
#982=PLANE('',#4342);
#983=PLANE('',#4344);
#984=PLANE('',#4346);
#985=PLANE('',#4348);
#986=PLANE('',#4350);
#987=PLANE('',#4352);
#988=PLANE('',#4354);
#989=PLANE('',#4356);
#990=ORIENTED_EDGE('',*,*,#2084,.T.);
#991=ORIENTED_EDGE('',*,*,#2085,.F.);
#992=ORIENTED_EDGE('',*,*,#2086,.T.);
#993=ORIENTED_EDGE('',*,*,#2087,.F.);
#994=ORIENTED_EDGE('',*,*,#2088,.T.);
#995=ORIENTED_EDGE('',*,*,#2089,.F.);
#996=ORIENTED_EDGE('',*,*,#2090,.T.);
#997=ORIENTED_EDGE('',*,*,#2091,.F.);
#998=ORIENTED_EDGE('',*,*,#2092,.T.);
#999=ORIENTED_EDGE('',*,*,#2093,.T.);
#1000=ORIENTED_EDGE('',*,*,#2094,.T.);
#1001=ORIENTED_EDGE('',*,*,#2095,.F.);
#1002=ORIENTED_EDGE('',*,*,#2096,.T.);
#1003=ORIENTED_EDGE('',*,*,#2097,.T.);
#1004=ORIENTED_EDGE('',*,*,#2098,.F.);
#1005=ORIENTED_EDGE('',*,*,#2099,.T.);
#1006=ORIENTED_EDGE('',*,*,#2100,.F.);
#1007=ORIENTED_EDGE('',*,*,#2101,.T.);
#1008=ORIENTED_EDGE('',*,*,#2102,.T.);
#1009=ORIENTED_EDGE('',*,*,#2103,.T.);
#1010=ORIENTED_EDGE('',*,*,#2104,.F.);
#1011=ORIENTED_EDGE('',*,*,#2105,.T.);
#1012=ORIENTED_EDGE('',*,*,#2106,.T.);
#1013=ORIENTED_EDGE('',*,*,#2107,.F.);
#1014=ORIENTED_EDGE('',*,*,#2108,.F.);
#1015=ORIENTED_EDGE('',*,*,#2109,.T.);
#1016=ORIENTED_EDGE('',*,*,#2110,.T.);
#1017=ORIENTED_EDGE('',*,*,#2111,.F.);
#1018=ORIENTED_EDGE('',*,*,#2112,.T.);
#1019=ORIENTED_EDGE('',*,*,#2113,.T.);
#1020=ORIENTED_EDGE('',*,*,#2114,.T.);
#1021=ORIENTED_EDGE('',*,*,#2115,.F.);
#1022=ORIENTED_EDGE('',*,*,#2116,.F.);
#1023=ORIENTED_EDGE('',*,*,#2102,.F.);
#1024=ORIENTED_EDGE('',*,*,#2117,.T.);
#1025=ORIENTED_EDGE('',*,*,#2096,.F.);
#1026=ORIENTED_EDGE('',*,*,#2118,.T.);
#1027=ORIENTED_EDGE('',*,*,#2095,.T.);
#1028=ORIENTED_EDGE('',*,*,#2119,.T.);
#1029=ORIENTED_EDGE('',*,*,#2115,.T.);
#1030=ORIENTED_EDGE('',*,*,#2120,.T.);
#1031=ORIENTED_EDGE('',*,*,#2117,.F.);
#1032=ORIENTED_EDGE('',*,*,#2101,.F.);
#1033=ORIENTED_EDGE('',*,*,#2121,.F.);
#1034=ORIENTED_EDGE('',*,*,#2105,.F.);
#1035=ORIENTED_EDGE('',*,*,#2122,.F.);
#1036=ORIENTED_EDGE('',*,*,#2097,.F.);
#1037=ORIENTED_EDGE('',*,*,#2120,.F.);
#1038=ORIENTED_EDGE('',*,*,#2114,.F.);
#1039=ORIENTED_EDGE('',*,*,#2123,.F.);
#1040=ORIENTED_EDGE('',*,*,#2103,.F.);
#1041=ORIENTED_EDGE('',*,*,#2119,.F.);
#1042=ORIENTED_EDGE('',*,*,#2094,.F.);
#1043=ORIENTED_EDGE('',*,*,#2124,.F.);
#1044=ORIENTED_EDGE('',*,*,#2112,.F.);
#1045=ORIENTED_EDGE('',*,*,#2118,.F.);
#1046=ORIENTED_EDGE('',*,*,#2099,.F.);
#1047=ORIENTED_EDGE('',*,*,#2125,.F.);
#1048=ORIENTED_EDGE('',*,*,#2092,.F.);
#1049=ORIENTED_EDGE('',*,*,#2126,.T.);
#1050=ORIENTED_EDGE('',*,*,#2127,.T.);
#1051=ORIENTED_EDGE('',*,*,#2128,.T.);
#1052=ORIENTED_EDGE('',*,*,#2129,.T.);
#1053=ORIENTED_EDGE('',*,*,#2130,.F.);
#1054=ORIENTED_EDGE('',*,*,#2131,.F.);
#1055=ORIENTED_EDGE('',*,*,#2132,.F.);
#1056=ORIENTED_EDGE('',*,*,#2133,.F.);
#1057=ORIENTED_EDGE('',*,*,#2134,.T.);
#1058=ORIENTED_EDGE('',*,*,#2135,.T.);
#1059=ORIENTED_EDGE('',*,*,#2136,.F.);
#1060=ORIENTED_EDGE('',*,*,#2128,.F.);
#1061=ORIENTED_EDGE('',*,*,#2137,.T.);
#1062=ORIENTED_EDGE('',*,*,#2138,.F.);
#1063=ORIENTED_EDGE('',*,*,#2139,.T.);
#1064=ORIENTED_EDGE('',*,*,#2140,.F.);
#1065=ORIENTED_EDGE('',*,*,#2130,.T.);
#1066=ORIENTED_EDGE('',*,*,#2141,.T.);
#1067=ORIENTED_EDGE('',*,*,#2142,.T.);
#1068=ORIENTED_EDGE('',*,*,#2143,.F.);
#1069=ORIENTED_EDGE('',*,*,#2144,.T.);
#1070=ORIENTED_EDGE('',*,*,#2145,.F.);
#1071=ORIENTED_EDGE('',*,*,#2146,.T.);
#1072=ORIENTED_EDGE('',*,*,#2147,.T.);
#1073=ORIENTED_EDGE('',*,*,#2148,.T.);
#1074=ORIENTED_EDGE('',*,*,#2149,.F.);
#1075=ORIENTED_EDGE('',*,*,#2150,.F.);
#1076=ORIENTED_EDGE('',*,*,#2151,.T.);
#1077=ORIENTED_EDGE('',*,*,#2152,.T.);
#1078=ORIENTED_EDGE('',*,*,#2153,.F.);
#1079=ORIENTED_EDGE('',*,*,#2154,.T.);
#1080=ORIENTED_EDGE('',*,*,#2155,.T.);
#1081=ORIENTED_EDGE('',*,*,#2156,.T.);
#1082=ORIENTED_EDGE('',*,*,#2157,.F.);
#1083=ORIENTED_EDGE('',*,*,#2158,.F.);
#1084=ORIENTED_EDGE('',*,*,#2159,.F.);
#1085=ORIENTED_EDGE('',*,*,#2160,.T.);
#1086=ORIENTED_EDGE('',*,*,#2161,.T.);
#1087=ORIENTED_EDGE('',*,*,#2162,.T.);
#1088=ORIENTED_EDGE('',*,*,#2163,.F.);
#1089=ORIENTED_EDGE('',*,*,#2164,.T.);
#1090=ORIENTED_EDGE('',*,*,#2165,.T.);
#1091=ORIENTED_EDGE('',*,*,#2166,.F.);
#1092=ORIENTED_EDGE('',*,*,#2167,.F.);
#1093=ORIENTED_EDGE('',*,*,#2168,.T.);
#1094=ORIENTED_EDGE('',*,*,#2169,.T.);
#1095=ORIENTED_EDGE('',*,*,#2170,.T.);
#1096=ORIENTED_EDGE('',*,*,#2171,.T.);
#1097=ORIENTED_EDGE('',*,*,#2172,.F.);
#1098=ORIENTED_EDGE('',*,*,#2173,.T.);
#1099=ORIENTED_EDGE('',*,*,#2085,.T.);
#1100=ORIENTED_EDGE('',*,*,#2149,.T.);
#1101=ORIENTED_EDGE('',*,*,#2174,.T.);
#1102=ORIENTED_EDGE('',*,*,#2170,.F.);
#1103=ORIENTED_EDGE('',*,*,#2175,.T.);
#1104=ORIENTED_EDGE('',*,*,#2165,.F.);
#1105=ORIENTED_EDGE('',*,*,#2176,.T.);
#1106=ORIENTED_EDGE('',*,*,#2157,.T.);
#1107=ORIENTED_EDGE('',*,*,#2177,.T.);
#1108=ORIENTED_EDGE('',*,*,#2174,.F.);
#1109=ORIENTED_EDGE('',*,*,#2148,.F.);
#1110=ORIENTED_EDGE('',*,*,#2178,.F.);
#1111=ORIENTED_EDGE('',*,*,#2171,.F.);
#1112=ORIENTED_EDGE('',*,*,#2177,.F.);
#1113=ORIENTED_EDGE('',*,*,#2156,.F.);
#1114=ORIENTED_EDGE('',*,*,#2179,.F.);
#1115=ORIENTED_EDGE('',*,*,#2146,.F.);
#1116=ORIENTED_EDGE('',*,*,#2176,.F.);
#1117=ORIENTED_EDGE('',*,*,#2164,.F.);
#1118=ORIENTED_EDGE('',*,*,#2180,.F.);
#1119=ORIENTED_EDGE('',*,*,#2154,.F.);
#1120=ORIENTED_EDGE('',*,*,#2175,.F.);
#1121=ORIENTED_EDGE('',*,*,#2173,.F.);
#1122=ORIENTED_EDGE('',*,*,#2181,.F.);
#1123=ORIENTED_EDGE('',*,*,#2162,.F.);
#1124=ORIENTED_EDGE('',*,*,#2182,.T.);
#1125=ORIENTED_EDGE('',*,*,#2153,.T.);
#1126=ORIENTED_EDGE('',*,*,#2183,.F.);
#1127=ORIENTED_EDGE('',*,*,#2184,.F.);
#1128=ORIENTED_EDGE('',*,*,#2151,.F.);
#1129=ORIENTED_EDGE('',*,*,#2185,.F.);
#1130=ORIENTED_EDGE('',*,*,#2186,.T.);
#1131=ORIENTED_EDGE('',*,*,#2187,.T.);
#1132=ORIENTED_EDGE('',*,*,#2185,.T.);
#1133=ORIENTED_EDGE('',*,*,#2150,.T.);
#1134=ORIENTED_EDGE('',*,*,#2182,.F.);
#1135=ORIENTED_EDGE('',*,*,#2188,.F.);
#1136=ORIENTED_EDGE('',*,*,#2152,.F.);
#1137=ORIENTED_EDGE('',*,*,#2187,.F.);
#1138=ORIENTED_EDGE('',*,*,#2189,.T.);
#1139=ORIENTED_EDGE('',*,*,#2183,.T.);
#1140=ORIENTED_EDGE('',*,*,#2190,.F.);
#1141=ORIENTED_EDGE('',*,*,#2191,.T.);
#1142=ORIENTED_EDGE('',*,*,#2192,.T.);
#1143=ORIENTED_EDGE('',*,*,#2193,.T.);
#1144=ORIENTED_EDGE('',*,*,#2194,.F.);
#1145=ORIENTED_EDGE('',*,*,#2195,.T.);
#1146=ORIENTED_EDGE('',*,*,#2196,.T.);
#1147=ORIENTED_EDGE('',*,*,#2197,.F.);
#1148=ORIENTED_EDGE('',*,*,#2198,.T.);
#1149=ORIENTED_EDGE('',*,*,#2199,.T.);
#1150=ORIENTED_EDGE('',*,*,#2200,.T.);
#1151=ORIENTED_EDGE('',*,*,#2201,.F.);
#1152=ORIENTED_EDGE('',*,*,#2202,.T.);
#1153=ORIENTED_EDGE('',*,*,#2203,.T.);
#1154=ORIENTED_EDGE('',*,*,#2204,.T.);
#1155=ORIENTED_EDGE('',*,*,#2205,.F.);
#1156=ORIENTED_EDGE('',*,*,#2206,.T.);
#1157=ORIENTED_EDGE('',*,*,#2207,.T.);
#1158=ORIENTED_EDGE('',*,*,#2208,.F.);
#1159=ORIENTED_EDGE('',*,*,#2209,.T.);
#1160=ORIENTED_EDGE('',*,*,#2210,.F.);
#1161=ORIENTED_EDGE('',*,*,#2211,.T.);
#1162=ORIENTED_EDGE('',*,*,#2212,.T.);
#1163=ORIENTED_EDGE('',*,*,#2213,.T.);
#1164=ORIENTED_EDGE('',*,*,#2214,.F.);
#1165=ORIENTED_EDGE('',*,*,#2215,.T.);
#1166=ORIENTED_EDGE('',*,*,#2216,.T.);
#1167=ORIENTED_EDGE('',*,*,#2217,.F.);
#1168=ORIENTED_EDGE('',*,*,#2218,.F.);
#1169=ORIENTED_EDGE('',*,*,#2212,.F.);
#1170=ORIENTED_EDGE('',*,*,#2219,.T.);
#1171=ORIENTED_EDGE('',*,*,#2206,.F.);
#1172=ORIENTED_EDGE('',*,*,#2220,.T.);
#1173=ORIENTED_EDGE('',*,*,#2205,.T.);
#1174=ORIENTED_EDGE('',*,*,#2221,.T.);
#1175=ORIENTED_EDGE('',*,*,#2190,.T.);
#1176=ORIENTED_EDGE('',*,*,#2222,.T.);
#1177=ORIENTED_EDGE('',*,*,#2219,.F.);
#1178=ORIENTED_EDGE('',*,*,#2211,.F.);
#1179=ORIENTED_EDGE('',*,*,#2223,.T.);
#1180=ORIENTED_EDGE('',*,*,#2215,.F.);
#1181=ORIENTED_EDGE('',*,*,#2224,.F.);
#1182=ORIENTED_EDGE('',*,*,#2207,.F.);
#1183=ORIENTED_EDGE('',*,*,#2220,.F.);
#1184=ORIENTED_EDGE('',*,*,#2209,.F.);
#1185=ORIENTED_EDGE('',*,*,#2225,.F.);
#1186=ORIENTED_EDGE('',*,*,#2202,.F.);
#1187=ORIENTED_EDGE('',*,*,#2226,.F.);
#1188=ORIENTED_EDGE('',*,*,#2198,.F.);
#1189=ORIENTED_EDGE('',*,*,#2221,.F.);
#1190=ORIENTED_EDGE('',*,*,#2204,.F.);
#1191=ORIENTED_EDGE('',*,*,#2227,.F.);
#1192=ORIENTED_EDGE('',*,*,#2191,.F.);
#1193=ORIENTED_EDGE('',*,*,#2222,.F.);
#1194=ORIENTED_EDGE('',*,*,#2193,.F.);
#1195=ORIENTED_EDGE('',*,*,#2228,.F.);
#1196=ORIENTED_EDGE('',*,*,#2213,.F.);
#1197=ORIENTED_EDGE('',*,*,#2229,.T.);
#1198=ORIENTED_EDGE('',*,*,#2230,.T.);
#1199=ORIENTED_EDGE('',*,*,#2231,.F.);
#1200=ORIENTED_EDGE('',*,*,#2217,.T.);
#1201=ORIENTED_EDGE('',*,*,#2232,.T.);
#1202=ORIENTED_EDGE('',*,*,#2233,.F.);
#1203=ORIENTED_EDGE('',*,*,#2234,.T.);
#1204=ORIENTED_EDGE('',*,*,#2235,.T.);
#1205=ORIENTED_EDGE('',*,*,#2236,.F.);
#1206=ORIENTED_EDGE('',*,*,#2237,.F.);
#1207=ORIENTED_EDGE('',*,*,#2238,.F.);
#1208=ORIENTED_EDGE('',*,*,#2239,.F.);
#1209=ORIENTED_EDGE('',*,*,#2240,.T.);
#1210=ORIENTED_EDGE('',*,*,#2241,.T.);
#1211=ORIENTED_EDGE('',*,*,#2242,.F.);
#1212=ORIENTED_EDGE('',*,*,#2241,.F.);
#1213=ORIENTED_EDGE('',*,*,#2243,.T.);
#1214=ORIENTED_EDGE('',*,*,#2236,.T.);
#1215=ORIENTED_EDGE('',*,*,#2239,.T.);
#1216=ORIENTED_EDGE('',*,*,#2244,.T.);
#1217=ORIENTED_EDGE('',*,*,#2234,.F.);
#1218=ORIENTED_EDGE('',*,*,#2245,.F.);
#1219=ORIENTED_EDGE('',*,*,#2216,.F.);
#1220=ORIENTED_EDGE('',*,*,#2246,.T.);
#1221=ORIENTED_EDGE('',*,*,#2247,.T.);
#1222=ORIENTED_EDGE('',*,*,#2232,.F.);
#1223=ORIENTED_EDGE('',*,*,#2248,.F.);
#1224=ORIENTED_EDGE('',*,*,#2210,.T.);
#1225=ORIENTED_EDGE('',*,*,#2231,.T.);
#1226=ORIENTED_EDGE('',*,*,#2249,.F.);
#1227=ORIENTED_EDGE('',*,*,#2250,.F.);
#1228=ORIENTED_EDGE('',*,*,#2251,.T.);
#1229=ORIENTED_EDGE('',*,*,#2252,.T.);
#1230=ORIENTED_EDGE('',*,*,#2253,.F.);
#1231=ORIENTED_EDGE('',*,*,#2254,.T.);
#1232=ORIENTED_EDGE('',*,*,#2255,.T.);
#1233=ORIENTED_EDGE('',*,*,#2256,.F.);
#1234=ORIENTED_EDGE('',*,*,#2257,.T.);
#1235=ORIENTED_EDGE('',*,*,#2258,.T.);
#1236=ORIENTED_EDGE('',*,*,#2259,.T.);
#1237=ORIENTED_EDGE('',*,*,#2260,.F.);
#1238=ORIENTED_EDGE('',*,*,#2261,.F.);
#1239=ORIENTED_EDGE('',*,*,#2262,.F.);
#1240=ORIENTED_EDGE('',*,*,#2263,.T.);
#1241=ORIENTED_EDGE('',*,*,#2264,.T.);
#1242=ORIENTED_EDGE('',*,*,#2134,.F.);
#1243=ORIENTED_EDGE('',*,*,#2265,.F.);
#1244=ORIENTED_EDGE('',*,*,#2266,.T.);
#1245=ORIENTED_EDGE('',*,*,#2267,.T.);
#1246=ORIENTED_EDGE('',*,*,#2268,.T.);
#1247=ORIENTED_EDGE('',*,*,#2269,.T.);
#1248=ORIENTED_EDGE('',*,*,#2270,.F.);
#1249=ORIENTED_EDGE('',*,*,#2271,.T.);
#1250=ORIENTED_EDGE('',*,*,#2272,.T.);
#1251=ORIENTED_EDGE('',*,*,#2273,.T.);
#1252=ORIENTED_EDGE('',*,*,#2274,.T.);
#1253=ORIENTED_EDGE('',*,*,#2275,.T.);
#1254=ORIENTED_EDGE('',*,*,#2276,.F.);
#1255=ORIENTED_EDGE('',*,*,#2277,.T.);
#1256=ORIENTED_EDGE('',*,*,#2272,.F.);
#1257=ORIENTED_EDGE('',*,*,#2278,.T.);
#1258=ORIENTED_EDGE('',*,*,#2254,.F.);
#1259=ORIENTED_EDGE('',*,*,#2279,.T.);
#1260=ORIENTED_EDGE('',*,*,#2265,.T.);
#1261=ORIENTED_EDGE('',*,*,#2280,.T.);
#1262=ORIENTED_EDGE('',*,*,#2276,.T.);
#1263=ORIENTED_EDGE('',*,*,#2281,.T.);
#1264=ORIENTED_EDGE('',*,*,#2278,.F.);
#1265=ORIENTED_EDGE('',*,*,#2271,.F.);
#1266=ORIENTED_EDGE('',*,*,#2282,.F.);
#1267=ORIENTED_EDGE('',*,*,#2255,.F.);
#1268=ORIENTED_EDGE('',*,*,#2279,.F.);
#1269=ORIENTED_EDGE('',*,*,#2257,.F.);
#1270=ORIENTED_EDGE('',*,*,#2283,.F.);
#1271=ORIENTED_EDGE('',*,*,#2266,.F.);
#1272=ORIENTED_EDGE('',*,*,#2281,.F.);
#1273=ORIENTED_EDGE('',*,*,#2275,.F.);
#1274=ORIENTED_EDGE('',*,*,#2284,.F.);
#1275=ORIENTED_EDGE('',*,*,#2269,.F.);
#1276=ORIENTED_EDGE('',*,*,#2280,.F.);
#1277=ORIENTED_EDGE('',*,*,#2268,.F.);
#1278=ORIENTED_EDGE('',*,*,#2285,.F.);
#1279=ORIENTED_EDGE('',*,*,#2273,.F.);
#1280=ORIENTED_EDGE('',*,*,#2286,.T.);
#1281=ORIENTED_EDGE('',*,*,#2287,.T.);
#1282=ORIENTED_EDGE('',*,*,#2288,.F.);
#1283=ORIENTED_EDGE('',*,*,#2263,.F.);
#1284=ORIENTED_EDGE('',*,*,#2289,.F.);
#1285=ORIENTED_EDGE('',*,*,#2290,.T.);
#1286=ORIENTED_EDGE('',*,*,#2291,.T.);
#1287=ORIENTED_EDGE('',*,*,#2292,.F.);
#1288=ORIENTED_EDGE('',*,*,#2293,.F.);
#1289=ORIENTED_EDGE('',*,*,#2286,.F.);
#1290=ORIENTED_EDGE('',*,*,#2262,.T.);
#1291=ORIENTED_EDGE('',*,*,#2133,.T.);
#1292=ORIENTED_EDGE('',*,*,#2294,.F.);
#1293=ORIENTED_EDGE('',*,*,#2288,.T.);
#1294=ORIENTED_EDGE('',*,*,#2295,.T.);
#1295=ORIENTED_EDGE('',*,*,#2296,.T.);
#1296=ORIENTED_EDGE('',*,*,#2135,.F.);
#1297=ORIENTED_EDGE('',*,*,#2264,.F.);
#1298=ORIENTED_EDGE('',*,*,#2297,.T.);
#1299=ORIENTED_EDGE('',*,*,#2298,.F.);
#1300=ORIENTED_EDGE('',*,*,#2299,.T.);
#1301=ORIENTED_EDGE('',*,*,#2300,.T.);
#1302=ORIENTED_EDGE('',*,*,#2301,.T.);
#1303=ORIENTED_EDGE('',*,*,#2302,.T.);
#1304=ORIENTED_EDGE('',*,*,#2303,.F.);
#1305=ORIENTED_EDGE('',*,*,#2304,.F.);
#1306=ORIENTED_EDGE('',*,*,#2305,.T.);
#1307=ORIENTED_EDGE('',*,*,#2306,.F.);
#1308=ORIENTED_EDGE('',*,*,#2307,.T.);
#1309=ORIENTED_EDGE('',*,*,#2308,.T.);
#1310=ORIENTED_EDGE('',*,*,#2309,.T.);
#1311=ORIENTED_EDGE('',*,*,#2310,.T.);
#1312=ORIENTED_EDGE('',*,*,#2311,.F.);
#1313=ORIENTED_EDGE('',*,*,#2312,.F.);
#1314=ORIENTED_EDGE('',*,*,#2313,.T.);
#1315=ORIENTED_EDGE('',*,*,#2314,.T.);
#1316=ORIENTED_EDGE('',*,*,#2315,.T.);
#1317=ORIENTED_EDGE('',*,*,#2316,.F.);
#1318=ORIENTED_EDGE('',*,*,#2317,.F.);
#1319=ORIENTED_EDGE('',*,*,#2318,.T.);
#1320=ORIENTED_EDGE('',*,*,#2319,.T.);
#1321=ORIENTED_EDGE('',*,*,#2320,.F.);
#1322=ORIENTED_EDGE('',*,*,#2321,.T.);
#1323=ORIENTED_EDGE('',*,*,#2322,.T.);
#1324=ORIENTED_EDGE('',*,*,#2323,.F.);
#1325=ORIENTED_EDGE('',*,*,#2324,.F.);
#1326=ORIENTED_EDGE('',*,*,#2325,.F.);
#1327=ORIENTED_EDGE('',*,*,#2326,.T.);
#1328=ORIENTED_EDGE('',*,*,#2327,.T.);
#1329=ORIENTED_EDGE('',*,*,#2328,.T.);
#1330=ORIENTED_EDGE('',*,*,#2329,.F.);
#1331=ORIENTED_EDGE('',*,*,#2300,.F.);
#1332=ORIENTED_EDGE('',*,*,#2330,.T.);
#1333=ORIENTED_EDGE('',*,*,#2325,.T.);
#1334=ORIENTED_EDGE('',*,*,#2331,.T.);
#1335=ORIENTED_EDGE('',*,*,#2316,.T.);
#1336=ORIENTED_EDGE('',*,*,#2332,.T.);
#1337=ORIENTED_EDGE('',*,*,#2308,.F.);
#1338=ORIENTED_EDGE('',*,*,#2333,.T.);
#1339=ORIENTED_EDGE('',*,*,#2330,.F.);
#1340=ORIENTED_EDGE('',*,*,#2299,.F.);
#1341=ORIENTED_EDGE('',*,*,#2334,.F.);
#1342=ORIENTED_EDGE('',*,*,#2326,.F.);
#1343=ORIENTED_EDGE('',*,*,#2333,.F.);
#1344=ORIENTED_EDGE('',*,*,#2307,.F.);
#1345=ORIENTED_EDGE('',*,*,#2335,.F.);
#1346=ORIENTED_EDGE('',*,*,#2297,.F.);
#1347=ORIENTED_EDGE('',*,*,#2332,.F.);
#1348=ORIENTED_EDGE('',*,*,#2315,.F.);
#1349=ORIENTED_EDGE('',*,*,#2336,.F.);
#1350=ORIENTED_EDGE('',*,*,#2305,.F.);
#1351=ORIENTED_EDGE('',*,*,#2331,.F.);
#1352=ORIENTED_EDGE('',*,*,#2328,.F.);
#1353=ORIENTED_EDGE('',*,*,#2337,.F.);
#1354=ORIENTED_EDGE('',*,*,#2313,.F.);
#1355=ORIENTED_EDGE('',*,*,#2338,.T.);
#1356=ORIENTED_EDGE('',*,*,#2329,.T.);
#1357=ORIENTED_EDGE('',*,*,#2169,.F.);
#1358=ORIENTED_EDGE('',*,*,#2339,.T.);
#1359=ORIENTED_EDGE('',*,*,#2323,.T.);
#1360=ORIENTED_EDGE('',*,*,#2340,.F.);
#1361=ORIENTED_EDGE('',*,*,#2341,.F.);
#1362=ORIENTED_EDGE('',*,*,#2167,.T.);
#1363=ORIENTED_EDGE('',*,*,#2342,.T.);
#1364=ORIENTED_EDGE('',*,*,#2321,.F.);
#1365=ORIENTED_EDGE('',*,*,#2342,.F.);
#1366=ORIENTED_EDGE('',*,*,#2166,.T.);
#1367=ORIENTED_EDGE('',*,*,#2340,.T.);
#1368=ORIENTED_EDGE('',*,*,#2322,.F.);
#1369=ORIENTED_EDGE('',*,*,#2168,.F.);
#1370=ORIENTED_EDGE('',*,*,#2341,.T.);
#1371=ORIENTED_EDGE('',*,*,#2324,.T.);
#1372=ORIENTED_EDGE('',*,*,#2339,.F.);
#1373=ORIENTED_EDGE('',*,*,#2343,.F.);
#1374=ORIENTED_EDGE('',*,*,#2344,.F.);
#1375=ORIENTED_EDGE('',*,*,#2345,.T.);
#1376=ORIENTED_EDGE('',*,*,#2346,.T.);
#1377=ORIENTED_EDGE('',*,*,#2347,.T.);
#1378=ORIENTED_EDGE('',*,*,#2348,.T.);
#1379=ORIENTED_EDGE('',*,*,#2349,.F.);
#1380=ORIENTED_EDGE('',*,*,#2350,.F.);
#1381=ORIENTED_EDGE('',*,*,#2351,.F.);
#1382=ORIENTED_EDGE('',*,*,#2352,.T.);
#1383=ORIENTED_EDGE('',*,*,#2317,.T.);
#1384=ORIENTED_EDGE('',*,*,#2353,.F.);
#1385=ORIENTED_EDGE('',*,*,#2354,.F.);
#1386=ORIENTED_EDGE('',*,*,#2355,.T.);
#1387=ORIENTED_EDGE('',*,*,#2356,.T.);
#1388=ORIENTED_EDGE('',*,*,#2319,.F.);
#1389=ORIENTED_EDGE('',*,*,#2357,.T.);
#1390=ORIENTED_EDGE('',*,*,#2358,.F.);
#1391=ORIENTED_EDGE('',*,*,#2359,.F.);
#1392=ORIENTED_EDGE('',*,*,#2360,.T.);
#1393=ORIENTED_EDGE('',*,*,#2361,.T.);
#1394=ORIENTED_EDGE('',*,*,#2362,.F.);
#1395=ORIENTED_EDGE('',*,*,#2363,.F.);
#1396=ORIENTED_EDGE('',*,*,#2364,.T.);
#1397=ORIENTED_EDGE('',*,*,#2365,.T.);
#1398=ORIENTED_EDGE('',*,*,#2366,.F.);
#1399=ORIENTED_EDGE('',*,*,#2367,.T.);
#1400=ORIENTED_EDGE('',*,*,#2368,.F.);
#1401=ORIENTED_EDGE('',*,*,#2369,.F.);
#1402=ORIENTED_EDGE('',*,*,#2370,.T.);
#1403=ORIENTED_EDGE('',*,*,#2371,.T.);
#1404=ORIENTED_EDGE('',*,*,#2372,.T.);
#1405=ORIENTED_EDGE('',*,*,#2373,.F.);
#1406=ORIENTED_EDGE('',*,*,#2374,.T.);
#1407=ORIENTED_EDGE('',*,*,#2375,.T.);
#1408=ORIENTED_EDGE('',*,*,#2376,.T.);
#1409=ORIENTED_EDGE('',*,*,#2377,.F.);
#1410=ORIENTED_EDGE('',*,*,#2378,.T.);
#1411=ORIENTED_EDGE('',*,*,#2379,.T.);
#1412=ORIENTED_EDGE('',*,*,#2380,.T.);
#1413=ORIENTED_EDGE('',*,*,#2345,.F.);
#1414=ORIENTED_EDGE('',*,*,#2381,.T.);
#1415=ORIENTED_EDGE('',*,*,#2350,.T.);
#1416=ORIENTED_EDGE('',*,*,#2382,.F.);
#1417=ORIENTED_EDGE('',*,*,#2383,.T.);
#1418=ORIENTED_EDGE('',*,*,#2384,.T.);
#1419=ORIENTED_EDGE('',*,*,#2385,.F.);
#1420=ORIENTED_EDGE('',*,*,#2386,.T.);
#1421=ORIENTED_EDGE('',*,*,#2387,.T.);
#1422=ORIENTED_EDGE('',*,*,#2388,.F.);
#1423=ORIENTED_EDGE('',*,*,#2389,.T.);
#1424=ORIENTED_EDGE('',*,*,#2390,.T.);
#1425=ORIENTED_EDGE('',*,*,#2368,.T.);
#1426=ORIENTED_EDGE('',*,*,#2390,.F.);
#1427=ORIENTED_EDGE('',*,*,#2391,.T.);
#1428=ORIENTED_EDGE('',*,*,#2383,.F.);
#1429=ORIENTED_EDGE('',*,*,#2392,.T.);
#1430=ORIENTED_EDGE('',*,*,#2373,.T.);
#1431=ORIENTED_EDGE('',*,*,#2393,.T.);
#1432=ORIENTED_EDGE('',*,*,#2377,.T.);
#1433=ORIENTED_EDGE('',*,*,#2394,.T.);
#1434=ORIENTED_EDGE('',*,*,#2391,.F.);
#1435=ORIENTED_EDGE('',*,*,#2389,.F.);
#1436=ORIENTED_EDGE('',*,*,#2395,.F.);
#1437=ORIENTED_EDGE('',*,*,#2384,.F.);
#1438=ORIENTED_EDGE('',*,*,#2392,.F.);
#1439=ORIENTED_EDGE('',*,*,#2386,.F.);
#1440=ORIENTED_EDGE('',*,*,#2396,.F.);
#1441=ORIENTED_EDGE('',*,*,#2370,.F.);
#1442=ORIENTED_EDGE('',*,*,#2252,.F.);
#1443=ORIENTED_EDGE('',*,*,#2374,.F.);
#1444=ORIENTED_EDGE('',*,*,#2393,.F.);
#1445=ORIENTED_EDGE('',*,*,#2372,.F.);
#1446=ORIENTED_EDGE('',*,*,#2397,.F.);
#1447=ORIENTED_EDGE('',*,*,#2378,.F.);
#1448=ORIENTED_EDGE('',*,*,#2394,.F.);
#1449=ORIENTED_EDGE('',*,*,#2380,.F.);
#1450=ORIENTED_EDGE('',*,*,#2398,.F.);
#1451=ORIENTED_EDGE('',*,*,#2387,.F.);
#1452=ORIENTED_EDGE('',*,*,#2399,.F.);
#1453=ORIENTED_EDGE('',*,*,#2400,.T.);
#1454=ORIENTED_EDGE('',*,*,#2401,.T.);
#1455=ORIENTED_EDGE('',*,*,#2376,.F.);
#1456=ORIENTED_EDGE('',*,*,#2344,.T.);
#1457=ORIENTED_EDGE('',*,*,#2402,.T.);
#1458=ORIENTED_EDGE('',*,*,#2347,.F.);
#1459=ORIENTED_EDGE('',*,*,#2381,.F.);
#1460=ORIENTED_EDGE('',*,*,#2403,.F.);
#1461=ORIENTED_EDGE('',*,*,#2346,.F.);
#1462=ORIENTED_EDGE('',*,*,#2382,.T.);
#1463=ORIENTED_EDGE('',*,*,#2349,.T.);
#1464=ORIENTED_EDGE('',*,*,#2404,.F.);
#1465=ORIENTED_EDGE('',*,*,#2253,.T.);
#1466=ORIENTED_EDGE('',*,*,#2369,.T.);
#1467=ORIENTED_EDGE('',*,*,#2401,.F.);
#1468=ORIENTED_EDGE('',*,*,#2405,.F.);
#1469=ORIENTED_EDGE('',*,*,#2362,.T.);
#1470=ORIENTED_EDGE('',*,*,#2406,.T.);
#1471=ORIENTED_EDGE('',*,*,#2365,.F.);
#1472=ORIENTED_EDGE('',*,*,#2251,.F.);
#1473=ORIENTED_EDGE('',*,*,#2407,.T.);
#1474=ORIENTED_EDGE('',*,*,#2399,.T.);
#1475=ORIENTED_EDGE('',*,*,#2375,.F.);
#1476=ORIENTED_EDGE('',*,*,#2360,.F.);
#1477=ORIENTED_EDGE('',*,*,#2408,.T.);
#1478=ORIENTED_EDGE('',*,*,#2363,.T.);
#1479=ORIENTED_EDGE('',*,*,#2409,.F.);
#1480=ORIENTED_EDGE('',*,*,#2410,.F.);
#1481=ORIENTED_EDGE('',*,*,#2411,.T.);
#1482=ORIENTED_EDGE('',*,*,#2412,.T.);
#1483=ORIENTED_EDGE('',*,*,#2413,.T.);
#1484=ORIENTED_EDGE('',*,*,#2414,.F.);
#1485=ORIENTED_EDGE('',*,*,#2415,.F.);
#1486=ORIENTED_EDGE('',*,*,#2416,.T.);
#1487=ORIENTED_EDGE('',*,*,#2417,.T.);
#1488=ORIENTED_EDGE('',*,*,#2418,.T.);
#1489=ORIENTED_EDGE('',*,*,#2419,.F.);
#1490=ORIENTED_EDGE('',*,*,#2420,.T.);
#1491=ORIENTED_EDGE('',*,*,#2421,.T.);
#1492=ORIENTED_EDGE('',*,*,#2245,.T.);
#1493=ORIENTED_EDGE('',*,*,#2237,.T.);
#1494=ORIENTED_EDGE('',*,*,#2243,.F.);
#1495=ORIENTED_EDGE('',*,*,#2240,.F.);
#1496=ORIENTED_EDGE('',*,*,#2422,.T.);
#1497=ORIENTED_EDGE('',*,*,#2423,.F.);
#1498=ORIENTED_EDGE('',*,*,#2424,.T.);
#1499=ORIENTED_EDGE('',*,*,#2425,.T.);
#1500=ORIENTED_EDGE('',*,*,#2426,.T.);
#1501=ORIENTED_EDGE('',*,*,#2427,.T.);
#1502=ORIENTED_EDGE('',*,*,#2428,.F.);
#1503=ORIENTED_EDGE('',*,*,#2429,.F.);
#1504=ORIENTED_EDGE('',*,*,#2430,.T.);
#1505=ORIENTED_EDGE('',*,*,#2431,.T.);
#1506=ORIENTED_EDGE('',*,*,#2432,.T.);
#1507=ORIENTED_EDGE('',*,*,#2433,.F.);
#1508=ORIENTED_EDGE('',*,*,#2406,.F.);
#1509=ORIENTED_EDGE('',*,*,#2361,.F.);
#1510=ORIENTED_EDGE('',*,*,#2409,.T.);
#1511=ORIENTED_EDGE('',*,*,#2366,.T.);
#1512=ORIENTED_EDGE('',*,*,#2089,.T.);
#1513=ORIENTED_EDGE('',*,*,#2421,.F.);
#1514=ORIENTED_EDGE('',*,*,#2434,.T.);
#1515=ORIENTED_EDGE('',*,*,#2410,.T.);
#1516=ORIENTED_EDGE('',*,*,#2435,.T.);
#1517=ORIENTED_EDGE('',*,*,#2433,.T.);
#1518=ORIENTED_EDGE('',*,*,#2436,.T.);
#1519=ORIENTED_EDGE('',*,*,#2425,.F.);
#1520=ORIENTED_EDGE('',*,*,#2437,.T.);
#1521=ORIENTED_EDGE('',*,*,#2434,.F.);
#1522=ORIENTED_EDGE('',*,*,#2420,.F.);
#1523=ORIENTED_EDGE('',*,*,#2438,.F.);
#1524=ORIENTED_EDGE('',*,*,#2411,.F.);
#1525=ORIENTED_EDGE('',*,*,#2437,.F.);
#1526=ORIENTED_EDGE('',*,*,#2424,.F.);
#1527=ORIENTED_EDGE('',*,*,#2439,.F.);
#1528=ORIENTED_EDGE('',*,*,#2418,.F.);
#1529=ORIENTED_EDGE('',*,*,#2436,.F.);
#1530=ORIENTED_EDGE('',*,*,#2432,.F.);
#1531=ORIENTED_EDGE('',*,*,#2440,.F.);
#1532=ORIENTED_EDGE('',*,*,#2422,.F.);
#1533=ORIENTED_EDGE('',*,*,#2435,.F.);
#1534=ORIENTED_EDGE('',*,*,#2413,.F.);
#1535=ORIENTED_EDGE('',*,*,#2441,.F.);
#1536=ORIENTED_EDGE('',*,*,#2430,.F.);
#1537=ORIENTED_EDGE('',*,*,#2442,.F.);
#1538=ORIENTED_EDGE('',*,*,#2311,.T.);
#1539=ORIENTED_EDGE('',*,*,#2443,.T.);
#1540=ORIENTED_EDGE('',*,*,#2417,.F.);
#1541=ORIENTED_EDGE('',*,*,#2309,.F.);
#1542=ORIENTED_EDGE('',*,*,#2444,.T.);
#1543=ORIENTED_EDGE('',*,*,#2415,.T.);
#1544=ORIENTED_EDGE('',*,*,#2445,.F.);
#1545=ORIENTED_EDGE('',*,*,#2310,.F.);
#1546=ORIENTED_EDGE('',*,*,#2445,.T.);
#1547=ORIENTED_EDGE('',*,*,#2414,.T.);
#1548=ORIENTED_EDGE('',*,*,#2443,.F.);
#1549=ORIENTED_EDGE('',*,*,#2444,.F.);
#1550=ORIENTED_EDGE('',*,*,#2312,.T.);
#1551=ORIENTED_EDGE('',*,*,#2442,.T.);
#1552=ORIENTED_EDGE('',*,*,#2416,.F.);
#1553=ORIENTED_EDGE('',*,*,#2446,.T.);
#1554=ORIENTED_EDGE('',*,*,#2447,.F.);
#1555=ORIENTED_EDGE('',*,*,#2448,.T.);
#1556=ORIENTED_EDGE('',*,*,#2449,.T.);
#1557=ORIENTED_EDGE('',*,*,#2188,.T.);
#1558=ORIENTED_EDGE('',*,*,#2184,.T.);
#1559=ORIENTED_EDGE('',*,*,#2189,.F.);
#1560=ORIENTED_EDGE('',*,*,#2186,.F.);
#1561=ORIENTED_EDGE('',*,*,#2450,.F.);
#1562=ORIENTED_EDGE('',*,*,#2451,.T.);
#1563=ORIENTED_EDGE('',*,*,#2452,.T.);
#1564=ORIENTED_EDGE('',*,*,#2453,.F.);
#1565=ORIENTED_EDGE('',*,*,#2454,.T.);
#1566=ORIENTED_EDGE('',*,*,#2455,.T.);
#1567=ORIENTED_EDGE('',*,*,#2456,.T.);
#1568=ORIENTED_EDGE('',*,*,#2457,.F.);
#1569=ORIENTED_EDGE('',*,*,#2458,.F.);
#1570=ORIENTED_EDGE('',*,*,#2459,.T.);
#1571=ORIENTED_EDGE('',*,*,#2460,.T.);
#1572=ORIENTED_EDGE('',*,*,#2461,.T.);
#1573=ORIENTED_EDGE('',*,*,#2462,.T.);
#1574=ORIENTED_EDGE('',*,*,#2463,.T.);
#1575=ORIENTED_EDGE('',*,*,#2464,.T.);
#1576=ORIENTED_EDGE('',*,*,#2465,.F.);
#1577=ORIENTED_EDGE('',*,*,#2358,.T.);
#1578=ORIENTED_EDGE('',*,*,#2465,.T.);
#1579=ORIENTED_EDGE('',*,*,#2466,.T.);
#1580=ORIENTED_EDGE('',*,*,#2455,.F.);
#1581=ORIENTED_EDGE('',*,*,#2467,.T.);
#1582=ORIENTED_EDGE('',*,*,#2449,.F.);
#1583=ORIENTED_EDGE('',*,*,#2468,.T.);
#1584=ORIENTED_EDGE('',*,*,#2458,.T.);
#1585=ORIENTED_EDGE('',*,*,#2469,.T.);
#1586=ORIENTED_EDGE('',*,*,#2466,.F.);
#1587=ORIENTED_EDGE('',*,*,#2464,.F.);
#1588=ORIENTED_EDGE('',*,*,#2470,.F.);
#1589=ORIENTED_EDGE('',*,*,#2452,.F.);
#1590=ORIENTED_EDGE('',*,*,#2291,.F.);
#1591=ORIENTED_EDGE('',*,*,#2456,.F.);
#1592=ORIENTED_EDGE('',*,*,#2468,.F.);
#1593=ORIENTED_EDGE('',*,*,#2448,.F.);
#1594=ORIENTED_EDGE('',*,*,#2471,.F.);
#1595=ORIENTED_EDGE('',*,*,#2459,.F.);
#1596=ORIENTED_EDGE('',*,*,#2467,.F.);
#1597=ORIENTED_EDGE('',*,*,#2454,.F.);
#1598=ORIENTED_EDGE('',*,*,#2472,.F.);
#1599=ORIENTED_EDGE('',*,*,#2446,.F.);
#1600=ORIENTED_EDGE('',*,*,#2469,.F.);
#1601=ORIENTED_EDGE('',*,*,#2461,.F.);
#1602=ORIENTED_EDGE('',*,*,#2473,.F.);
#1603=ORIENTED_EDGE('',*,*,#2462,.F.);
#1604=ORIENTED_EDGE('',*,*,#2121,.T.);
#1605=ORIENTED_EDGE('',*,*,#2474,.T.);
#1606=ORIENTED_EDGE('',*,*,#2226,.T.);
#1607=ORIENTED_EDGE('',*,*,#2475,.F.);
#1608=ORIENTED_EDGE('',*,*,#2476,.F.);
#1609=ORIENTED_EDGE('',*,*,#2477,.F.);
#1610=ORIENTED_EDGE('',*,*,#2478,.F.);
#1611=ORIENTED_EDGE('',*,*,#2479,.F.);
#1612=ORIENTED_EDGE('',*,*,#2480,.F.);
#1613=ORIENTED_EDGE('',*,*,#2481,.F.);
#1614=ORIENTED_EDGE('',*,*,#2482,.F.);
#1615=ORIENTED_EDGE('',*,*,#2483,.F.);
#1616=ORIENTED_EDGE('',*,*,#2484,.F.);
#1617=ORIENTED_EDGE('',*,*,#2485,.F.);
#1618=ORIENTED_EDGE('',*,*,#2486,.F.);
#1619=ORIENTED_EDGE('',*,*,#2487,.F.);
#1620=ORIENTED_EDGE('',*,*,#2488,.F.);
#1621=ORIENTED_EDGE('',*,*,#2489,.F.);
#1622=ORIENTED_EDGE('',*,*,#2490,.F.);
#1623=ORIENTED_EDGE('',*,*,#2491,.F.);
#1624=ORIENTED_EDGE('',*,*,#2250,.T.);
#1625=ORIENTED_EDGE('',*,*,#2492,.F.);
#1626=ORIENTED_EDGE('',*,*,#2493,.F.);
#1627=ORIENTED_EDGE('',*,*,#2494,.F.);
#1628=ORIENTED_EDGE('',*,*,#2230,.F.);
#1629=ORIENTED_EDGE('',*,*,#2495,.F.);
#1630=ORIENTED_EDGE('',*,*,#2490,.T.);
#1631=ORIENTED_EDGE('',*,*,#2496,.F.);
#1632=ORIENTED_EDGE('',*,*,#2484,.T.);
#1633=ORIENTED_EDGE('',*,*,#2497,.T.);
#1634=ORIENTED_EDGE('',*,*,#2480,.T.);
#1635=ORIENTED_EDGE('',*,*,#2498,.T.);
#1636=ORIENTED_EDGE('',*,*,#2476,.T.);
#1637=ORIENTED_EDGE('',*,*,#2238,.T.);
#1638=ORIENTED_EDGE('',*,*,#2242,.T.);
#1639=ORIENTED_EDGE('',*,*,#2235,.F.);
#1640=ORIENTED_EDGE('',*,*,#2244,.F.);
#1641=ORIENTED_EDGE('',*,*,#2498,.F.);
#1642=ORIENTED_EDGE('',*,*,#2483,.T.);
#1643=ORIENTED_EDGE('',*,*,#2499,.T.);
#1644=ORIENTED_EDGE('',*,*,#2477,.T.);
#1645=ORIENTED_EDGE('',*,*,#2496,.T.);
#1646=ORIENTED_EDGE('',*,*,#2494,.T.);
#1647=ORIENTED_EDGE('',*,*,#2500,.F.);
#1648=ORIENTED_EDGE('',*,*,#2485,.T.);
#1649=ORIENTED_EDGE('',*,*,#2492,.T.);
#1650=ORIENTED_EDGE('',*,*,#2404,.T.);
#1651=ORIENTED_EDGE('',*,*,#2400,.F.);
#1652=ORIENTED_EDGE('',*,*,#2407,.F.);
#1653=ORIENTED_EDGE('',*,*,#2491,.T.);
#1654=ORIENTED_EDGE('',*,*,#2495,.T.);
#1655=ORIENTED_EDGE('',*,*,#2479,.T.);
#1656=ORIENTED_EDGE('',*,*,#2501,.F.);
#1657=ORIENTED_EDGE('',*,*,#2247,.F.);
#1658=ORIENTED_EDGE('',*,*,#2487,.T.);
#1659=ORIENTED_EDGE('',*,*,#2502,.T.);
#1660=ORIENTED_EDGE('',*,*,#2481,.T.);
#1661=ORIENTED_EDGE('',*,*,#2497,.F.);
#1662=ORIENTED_EDGE('',*,*,#2489,.T.);
#1663=ORIENTED_EDGE('',*,*,#2249,.T.);
#1664=ORIENTED_EDGE('',*,*,#2233,.T.);
#1665=ORIENTED_EDGE('',*,*,#2106,.F.);
#1666=ORIENTED_EDGE('',*,*,#2475,.T.);
#1667=ORIENTED_EDGE('',*,*,#2201,.T.);
#1668=ORIENTED_EDGE('',*,*,#2503,.F.);
#1669=ORIENTED_EDGE('',*,*,#2474,.F.);
#1670=ORIENTED_EDGE('',*,*,#2100,.T.);
#1671=ORIENTED_EDGE('',*,*,#2504,.T.);
#1672=ORIENTED_EDGE('',*,*,#2199,.F.);
#1673=ORIENTED_EDGE('',*,*,#2223,.F.);
#1674=ORIENTED_EDGE('',*,*,#2248,.T.);
#1675=ORIENTED_EDGE('',*,*,#2488,.T.);
#1676=ORIENTED_EDGE('',*,*,#2246,.F.);
#1677=ORIENTED_EDGE('',*,*,#2196,.F.);
#1678=ORIENTED_EDGE('',*,*,#2505,.F.);
#1679=ORIENTED_EDGE('',*,*,#2303,.T.);
#1680=ORIENTED_EDGE('',*,*,#2506,.T.);
#1681=ORIENTED_EDGE('',*,*,#2507,.T.);
#1682=ORIENTED_EDGE('',*,*,#2194,.T.);
#1683=ORIENTED_EDGE('',*,*,#2508,.F.);
#1684=ORIENTED_EDGE('',*,*,#2301,.F.);
#1685=ORIENTED_EDGE('',*,*,#2508,.T.);
#1686=ORIENTED_EDGE('',*,*,#2197,.T.);
#1687=ORIENTED_EDGE('',*,*,#2506,.F.);
#1688=ORIENTED_EDGE('',*,*,#2302,.F.);
#1689=ORIENTED_EDGE('',*,*,#2195,.F.);
#1690=ORIENTED_EDGE('',*,*,#2507,.F.);
#1691=ORIENTED_EDGE('',*,*,#2304,.T.);
#1692=ORIENTED_EDGE('',*,*,#2505,.T.);
#1693=ORIENTED_EDGE('',*,*,#2504,.F.);
#1694=ORIENTED_EDGE('',*,*,#2107,.T.);
#1695=ORIENTED_EDGE('',*,*,#2503,.T.);
#1696=ORIENTED_EDGE('',*,*,#2200,.F.);
#1697=ORIENTED_EDGE('',*,*,#2509,.T.);
#1698=ORIENTED_EDGE('',*,*,#2218,.T.);
#1699=ORIENTED_EDGE('',*,*,#2510,.F.);
#1700=ORIENTED_EDGE('',*,*,#2511,.F.);
#1701=ORIENTED_EDGE('',*,*,#2512,.F.);
#1702=ORIENTED_EDGE('',*,*,#2513,.F.);
#1703=ORIENTED_EDGE('',*,*,#2514,.F.);
#1704=ORIENTED_EDGE('',*,*,#2515,.F.);
#1705=ORIENTED_EDGE('',*,*,#2516,.F.);
#1706=ORIENTED_EDGE('',*,*,#2517,.F.);
#1707=ORIENTED_EDGE('',*,*,#2127,.F.);
#1708=ORIENTED_EDGE('',*,*,#2518,.T.);
#1709=ORIENTED_EDGE('',*,*,#2519,.T.);
#1710=ORIENTED_EDGE('',*,*,#2520,.F.);
#1711=ORIENTED_EDGE('',*,*,#2510,.T.);
#1712=ORIENTED_EDGE('',*,*,#2521,.F.);
#1713=ORIENTED_EDGE('',*,*,#2514,.T.);
#1714=ORIENTED_EDGE('',*,*,#2522,.T.);
#1715=ORIENTED_EDGE('',*,*,#2523,.T.);
#1716=ORIENTED_EDGE('',*,*,#2524,.T.);
#1717=ORIENTED_EDGE('',*,*,#2525,.T.);
#1718=ORIENTED_EDGE('',*,*,#2526,.T.);
#1719=ORIENTED_EDGE('',*,*,#2518,.F.);
#1720=ORIENTED_EDGE('',*,*,#2527,.T.);
#1721=ORIENTED_EDGE('',*,*,#2138,.T.);
#1722=ORIENTED_EDGE('',*,*,#2528,.F.);
#1723=ORIENTED_EDGE('',*,*,#2529,.F.);
#1724=ORIENTED_EDGE('',*,*,#2524,.F.);
#1725=ORIENTED_EDGE('',*,*,#2523,.F.);
#1726=ORIENTED_EDGE('',*,*,#2530,.F.);
#1727=ORIENTED_EDGE('',*,*,#2144,.F.);
#1728=ORIENTED_EDGE('',*,*,#2531,.F.);
#1729=ORIENTED_EDGE('',*,*,#2294,.T.);
#1730=ORIENTED_EDGE('',*,*,#2132,.T.);
#1731=ORIENTED_EDGE('',*,*,#2296,.F.);
#1732=ORIENTED_EDGE('',*,*,#2532,.F.);
#1733=ORIENTED_EDGE('',*,*,#2519,.F.);
#1734=ORIENTED_EDGE('',*,*,#2526,.F.);
#1735=ORIENTED_EDGE('',*,*,#2533,.F.);
#1736=ORIENTED_EDGE('',*,*,#2287,.F.);
#1737=ORIENTED_EDGE('',*,*,#2293,.T.);
#1738=ORIENTED_EDGE('',*,*,#2531,.T.);
#1739=ORIENTED_EDGE('',*,*,#2534,.F.);
#1740=ORIENTED_EDGE('',*,*,#2511,.T.);
#1741=ORIENTED_EDGE('',*,*,#2520,.T.);
#1742=ORIENTED_EDGE('',*,*,#2532,.T.);
#1743=ORIENTED_EDGE('',*,*,#2295,.F.);
#1744=ORIENTED_EDGE('',*,*,#2513,.T.);
#1745=ORIENTED_EDGE('',*,*,#2535,.F.);
#1746=ORIENTED_EDGE('',*,*,#2515,.T.);
#1747=ORIENTED_EDGE('',*,*,#2521,.T.);
#1748=ORIENTED_EDGE('',*,*,#2359,.T.);
#1749=ORIENTED_EDGE('',*,*,#2405,.T.);
#1750=ORIENTED_EDGE('',*,*,#2364,.F.);
#1751=ORIENTED_EDGE('',*,*,#2408,.F.);
#1752=ORIENTED_EDGE('',*,*,#2137,.F.);
#1753=ORIENTED_EDGE('',*,*,#2131,.T.);
#1754=ORIENTED_EDGE('',*,*,#2145,.T.);
#1755=ORIENTED_EDGE('',*,*,#2530,.T.);
#1756=ORIENTED_EDGE('',*,*,#2522,.F.);
#1757=ORIENTED_EDGE('',*,*,#2517,.T.);
#1758=ORIENTED_EDGE('',*,*,#2536,.T.);
#1759=ORIENTED_EDGE('',*,*,#2528,.T.);
#1760=ORIENTED_EDGE('',*,*,#2537,.F.);
#1761=ORIENTED_EDGE('',*,*,#2538,.T.);
#1762=ORIENTED_EDGE('',*,*,#2539,.T.);
#1763=ORIENTED_EDGE('',*,*,#2258,.F.);
#1764=ORIENTED_EDGE('',*,*,#2540,.T.);
#1765=ORIENTED_EDGE('',*,*,#2541,.T.);
#1766=ORIENTED_EDGE('',*,*,#2542,.F.);
#1767=ORIENTED_EDGE('',*,*,#2427,.F.);
#1768=ORIENTED_EDGE('',*,*,#2543,.F.);
#1769=ORIENTED_EDGE('',*,*,#2544,.T.);
#1770=ORIENTED_EDGE('',*,*,#2260,.T.);
#1771=ORIENTED_EDGE('',*,*,#2545,.F.);
#1772=ORIENTED_EDGE('',*,*,#2546,.F.);
#1773=ORIENTED_EDGE('',*,*,#2547,.F.);
#1774=ORIENTED_EDGE('',*,*,#2429,.T.);
#1775=ORIENTED_EDGE('',*,*,#2548,.T.);
#1776=ORIENTED_EDGE('',*,*,#2539,.F.);
#1777=ORIENTED_EDGE('',*,*,#2549,.T.);
#1778=ORIENTED_EDGE('',*,*,#2545,.T.);
#1779=ORIENTED_EDGE('',*,*,#2259,.F.);
#1780=ORIENTED_EDGE('',*,*,#2550,.F.);
#1781=ORIENTED_EDGE('',*,*,#2537,.T.);
#1782=ORIENTED_EDGE('',*,*,#2261,.T.);
#1783=ORIENTED_EDGE('',*,*,#2544,.F.);
#1784=ORIENTED_EDGE('',*,*,#2547,.T.);
#1785=ORIENTED_EDGE('',*,*,#2551,.T.);
#1786=ORIENTED_EDGE('',*,*,#2540,.F.);
#1787=ORIENTED_EDGE('',*,*,#2426,.F.);
#1788=ORIENTED_EDGE('',*,*,#2552,.F.);
#1789=ORIENTED_EDGE('',*,*,#2548,.F.);
#1790=ORIENTED_EDGE('',*,*,#2428,.T.);
#1791=ORIENTED_EDGE('',*,*,#2542,.T.);
#1792=ORIENTED_EDGE('',*,*,#2553,.F.);
#1793=ORIENTED_EDGE('',*,*,#2554,.F.);
#1794=ORIENTED_EDGE('',*,*,#2555,.F.);
#1795=ORIENTED_EDGE('',*,*,#2556,.F.);
#1796=ORIENTED_EDGE('',*,*,#2557,.F.);
#1797=ORIENTED_EDGE('',*,*,#2558,.F.);
#1798=ORIENTED_EDGE('',*,*,#2559,.F.);
#1799=ORIENTED_EDGE('',*,*,#2560,.F.);
#1800=ORIENTED_EDGE('',*,*,#2561,.F.);
#1801=ORIENTED_EDGE('',*,*,#2562,.F.);
#1802=ORIENTED_EDGE('',*,*,#2563,.F.);
#1803=ORIENTED_EDGE('',*,*,#2564,.F.);
#1804=ORIENTED_EDGE('',*,*,#2565,.F.);
#1805=ORIENTED_EDGE('',*,*,#2566,.F.);
#1806=ORIENTED_EDGE('',*,*,#2567,.F.);
#1807=ORIENTED_EDGE('',*,*,#2568,.F.);
#1808=ORIENTED_EDGE('',*,*,#2087,.T.);
#1809=ORIENTED_EDGE('',*,*,#2569,.F.);
#1810=ORIENTED_EDGE('',*,*,#2565,.T.);
#1811=ORIENTED_EDGE('',*,*,#2570,.F.);
#1812=ORIENTED_EDGE('',*,*,#2561,.T.);
#1813=ORIENTED_EDGE('',*,*,#2571,.T.);
#1814=ORIENTED_EDGE('',*,*,#2553,.T.);
#1815=ORIENTED_EDGE('',*,*,#2572,.T.);
#1816=ORIENTED_EDGE('',*,*,#2557,.T.);
#1817=ORIENTED_EDGE('',*,*,#2550,.T.);
#1818=ORIENTED_EDGE('',*,*,#2543,.T.);
#1819=ORIENTED_EDGE('',*,*,#2549,.F.);
#1820=ORIENTED_EDGE('',*,*,#2538,.F.);
#1821=ORIENTED_EDGE('',*,*,#2556,.T.);
#1822=ORIENTED_EDGE('',*,*,#2573,.T.);
#1823=ORIENTED_EDGE('',*,*,#2558,.T.);
#1824=ORIENTED_EDGE('',*,*,#2572,.F.);
#1825=ORIENTED_EDGE('',*,*,#2560,.T.);
#1826=ORIENTED_EDGE('',*,*,#2574,.F.);
#1827=ORIENTED_EDGE('',*,*,#2566,.T.);
#1828=ORIENTED_EDGE('',*,*,#2569,.T.);
#1829=ORIENTED_EDGE('',*,*,#2348,.F.);
#1830=ORIENTED_EDGE('',*,*,#2402,.F.);
#1831=ORIENTED_EDGE('',*,*,#2343,.T.);
#1832=ORIENTED_EDGE('',*,*,#2403,.T.);
#1833=ORIENTED_EDGE('',*,*,#2570,.T.);
#1834=ORIENTED_EDGE('',*,*,#2568,.T.);
#1835=ORIENTED_EDGE('',*,*,#2575,.F.);
#1836=ORIENTED_EDGE('',*,*,#2562,.T.);
#1837=ORIENTED_EDGE('',*,*,#2551,.F.);
#1838=ORIENTED_EDGE('',*,*,#2546,.T.);
#1839=ORIENTED_EDGE('',*,*,#2552,.T.);
#1840=ORIENTED_EDGE('',*,*,#2541,.F.);
#1841=ORIENTED_EDGE('',*,*,#2571,.F.);
#1842=ORIENTED_EDGE('',*,*,#2564,.T.);
#1843=ORIENTED_EDGE('',*,*,#2576,.T.);
#1844=ORIENTED_EDGE('',*,*,#2554,.T.);
#1845=ORIENTED_EDGE('',*,*,#2577,.F.);
#1846=ORIENTED_EDGE('',*,*,#2578,.T.);
#1847=ORIENTED_EDGE('',*,*,#2579,.F.);
#1848=ORIENTED_EDGE('',*,*,#2292,.T.);
#1849=ORIENTED_EDGE('',*,*,#2451,.F.);
#1850=ORIENTED_EDGE('',*,*,#2580,.F.);
#1851=ORIENTED_EDGE('',*,*,#2353,.T.);
#1852=ORIENTED_EDGE('',*,*,#2320,.T.);
#1853=ORIENTED_EDGE('',*,*,#2356,.F.);
#1854=ORIENTED_EDGE('',*,*,#2581,.F.);
#1855=ORIENTED_EDGE('',*,*,#2582,.T.);
#1856=ORIENTED_EDGE('',*,*,#2457,.T.);
#1857=ORIENTED_EDGE('',*,*,#2290,.F.);
#1858=ORIENTED_EDGE('',*,*,#2583,.T.);
#1859=ORIENTED_EDGE('',*,*,#2352,.F.);
#1860=ORIENTED_EDGE('',*,*,#2584,.T.);
#1861=ORIENTED_EDGE('',*,*,#2354,.T.);
#1862=ORIENTED_EDGE('',*,*,#2318,.F.);
#1863=ORIENTED_EDGE('',*,*,#2585,.F.);
#1864=ORIENTED_EDGE('',*,*,#2139,.F.);
#1865=ORIENTED_EDGE('',*,*,#2527,.F.);
#1866=ORIENTED_EDGE('',*,*,#2143,.T.);
#1867=ORIENTED_EDGE('',*,*,#2586,.F.);
#1868=ORIENTED_EDGE('',*,*,#2577,.T.);
#1869=ORIENTED_EDGE('',*,*,#2450,.T.);
#1870=ORIENTED_EDGE('',*,*,#2582,.F.);
#1871=ORIENTED_EDGE('',*,*,#2583,.F.);
#1872=ORIENTED_EDGE('',*,*,#2289,.T.);
#1873=ORIENTED_EDGE('',*,*,#2579,.T.);
#1874=ORIENTED_EDGE('',*,*,#2587,.F.);
#1875=ORIENTED_EDGE('',*,*,#2588,.F.);
#1876=ORIENTED_EDGE('',*,*,#2589,.F.);
#1877=ORIENTED_EDGE('',*,*,#2590,.F.);
#1878=ORIENTED_EDGE('',*,*,#2591,.F.);
#1879=ORIENTED_EDGE('',*,*,#2592,.F.);
#1880=ORIENTED_EDGE('',*,*,#2593,.F.);
#1881=ORIENTED_EDGE('',*,*,#2594,.F.);
#1882=ORIENTED_EDGE('',*,*,#2595,.F.);
#1883=ORIENTED_EDGE('',*,*,#2596,.F.);
#1884=ORIENTED_EDGE('',*,*,#2597,.F.);
#1885=ORIENTED_EDGE('',*,*,#2598,.F.);
#1886=ORIENTED_EDGE('',*,*,#2599,.F.);
#1887=ORIENTED_EDGE('',*,*,#2142,.F.);
#1888=ORIENTED_EDGE('',*,*,#2600,.F.);
#1889=ORIENTED_EDGE('',*,*,#2601,.F.);
#1890=ORIENTED_EDGE('',*,*,#2602,.F.);
#1891=ORIENTED_EDGE('',*,*,#2603,.F.);
#1892=ORIENTED_EDGE('',*,*,#2604,.F.);
#1893=ORIENTED_EDGE('',*,*,#2140,.T.);
#1894=ORIENTED_EDGE('',*,*,#2585,.T.);
#1895=ORIENTED_EDGE('',*,*,#2091,.T.);
#1896=ORIENTED_EDGE('',*,*,#2605,.T.);
#1897=ORIENTED_EDGE('',*,*,#2601,.T.);
#1898=ORIENTED_EDGE('',*,*,#2606,.F.);
#1899=ORIENTED_EDGE('',*,*,#2592,.T.);
#1900=ORIENTED_EDGE('',*,*,#2607,.F.);
#1901=ORIENTED_EDGE('',*,*,#2596,.T.);
#1902=ORIENTED_EDGE('',*,*,#2608,.T.);
#1903=ORIENTED_EDGE('',*,*,#2590,.T.);
#1904=ORIENTED_EDGE('',*,*,#2589,.T.);
#1905=ORIENTED_EDGE('',*,*,#2609,.T.);
#1906=ORIENTED_EDGE('',*,*,#2602,.T.);
#1907=ORIENTED_EDGE('',*,*,#2605,.F.);
#1908=ORIENTED_EDGE('',*,*,#2141,.F.);
#1909=ORIENTED_EDGE('',*,*,#2129,.F.);
#1910=ORIENTED_EDGE('',*,*,#2136,.T.);
#1911=ORIENTED_EDGE('',*,*,#2604,.T.);
#1912=ORIENTED_EDGE('',*,*,#2610,.F.);
#1913=ORIENTED_EDGE('',*,*,#2593,.T.);
#1914=ORIENTED_EDGE('',*,*,#2606,.T.);
#1915=ORIENTED_EDGE('',*,*,#2600,.T.);
#1916=ORIENTED_EDGE('',*,*,#2584,.F.);
#1917=ORIENTED_EDGE('',*,*,#2351,.T.);
#1918=ORIENTED_EDGE('',*,*,#2580,.T.);
#1919=ORIENTED_EDGE('',*,*,#2355,.F.);
#1920=ORIENTED_EDGE('',*,*,#2595,.T.);
#1921=ORIENTED_EDGE('',*,*,#2611,.F.);
#1922=ORIENTED_EDGE('',*,*,#2597,.T.);
#1923=ORIENTED_EDGE('',*,*,#2607,.T.);
#1924=ORIENTED_EDGE('',*,*,#2586,.T.);
#1925=ORIENTED_EDGE('',*,*,#2581,.T.);
#1926=ORIENTED_EDGE('',*,*,#2591,.T.);
#1927=ORIENTED_EDGE('',*,*,#2608,.F.);
#1928=ORIENTED_EDGE('',*,*,#2599,.T.);
#1929=ORIENTED_EDGE('',*,*,#2612,.T.);
#1930=ORIENTED_EDGE('',*,*,#2587,.T.);
#1931=ORIENTED_EDGE('',*,*,#2578,.F.);
#1932=ORIENTED_EDGE('',*,*,#2613,.T.);
#1933=ORIENTED_EDGE('',*,*,#2277,.F.);
#1934=ORIENTED_EDGE('',*,*,#2614,.T.);
#1935=ORIENTED_EDGE('',*,*,#2111,.T.);
#1936=ORIENTED_EDGE('',*,*,#2615,.F.);
#1937=ORIENTED_EDGE('',*,*,#2161,.F.);
#1938=ORIENTED_EDGE('',*,*,#2109,.F.);
#1939=ORIENTED_EDGE('',*,*,#2616,.F.);
#1940=ORIENTED_EDGE('',*,*,#2159,.T.);
#1941=ORIENTED_EDGE('',*,*,#2617,.T.);
#1942=ORIENTED_EDGE('',*,*,#2110,.F.);
#1943=ORIENTED_EDGE('',*,*,#2617,.F.);
#1944=ORIENTED_EDGE('',*,*,#2158,.T.);
#1945=ORIENTED_EDGE('',*,*,#2615,.T.);
#1946=ORIENTED_EDGE('',*,*,#2616,.T.);
#1947=ORIENTED_EDGE('',*,*,#2108,.T.);
#1948=ORIENTED_EDGE('',*,*,#2614,.F.);
#1949=ORIENTED_EDGE('',*,*,#2160,.F.);
#1950=ORIENTED_EDGE('',*,*,#2618,.T.);
#1951=ORIENTED_EDGE('',*,*,#2116,.T.);
#1952=ORIENTED_EDGE('',*,*,#2172,.T.);
#1953=ORIENTED_EDGE('',*,*,#2178,.T.);
#1954=ORIENTED_EDGE('',*,*,#2147,.F.);
#1955=ORIENTED_EDGE('',*,*,#2179,.T.);
#1956=ORIENTED_EDGE('',*,*,#2155,.F.);
#1957=ORIENTED_EDGE('',*,*,#2180,.T.);
#1958=ORIENTED_EDGE('',*,*,#2163,.T.);
#1959=ORIENTED_EDGE('',*,*,#2181,.T.);
#1960=ORIENTED_EDGE('',*,*,#2575,.T.);
#1961=ORIENTED_EDGE('',*,*,#2567,.T.);
#1962=ORIENTED_EDGE('',*,*,#2574,.T.);
#1963=ORIENTED_EDGE('',*,*,#2559,.T.);
#1964=ORIENTED_EDGE('',*,*,#2573,.F.);
#1965=ORIENTED_EDGE('',*,*,#2555,.T.);
#1966=ORIENTED_EDGE('',*,*,#2576,.F.);
#1967=ORIENTED_EDGE('',*,*,#2563,.T.);
#1968=ORIENTED_EDGE('',*,*,#2412,.F.);
#1969=ORIENTED_EDGE('',*,*,#2438,.T.);
#1970=ORIENTED_EDGE('',*,*,#2419,.T.);
#1971=ORIENTED_EDGE('',*,*,#2439,.T.);
#1972=ORIENTED_EDGE('',*,*,#2423,.T.);
#1973=ORIENTED_EDGE('',*,*,#2440,.T.);
#1974=ORIENTED_EDGE('',*,*,#2431,.F.);
#1975=ORIENTED_EDGE('',*,*,#2441,.T.);
#1976=ORIENTED_EDGE('',*,*,#2610,.T.);
#1977=ORIENTED_EDGE('',*,*,#2603,.T.);
#1978=ORIENTED_EDGE('',*,*,#2609,.F.);
#1979=ORIENTED_EDGE('',*,*,#2588,.T.);
#1980=ORIENTED_EDGE('',*,*,#2612,.F.);
#1981=ORIENTED_EDGE('',*,*,#2598,.T.);
#1982=ORIENTED_EDGE('',*,*,#2611,.T.);
#1983=ORIENTED_EDGE('',*,*,#2594,.T.);
#1984=ORIENTED_EDGE('',*,*,#2534,.T.);
#1985=ORIENTED_EDGE('',*,*,#2533,.T.);
#1986=ORIENTED_EDGE('',*,*,#2525,.F.);
#1987=ORIENTED_EDGE('',*,*,#2529,.T.);
#1988=ORIENTED_EDGE('',*,*,#2536,.F.);
#1989=ORIENTED_EDGE('',*,*,#2516,.T.);
#1990=ORIENTED_EDGE('',*,*,#2535,.T.);
#1991=ORIENTED_EDGE('',*,*,#2512,.T.);
#1992=ORIENTED_EDGE('',*,*,#2500,.T.);
#1993=ORIENTED_EDGE('',*,*,#2493,.T.);
#1994=ORIENTED_EDGE('',*,*,#2501,.T.);
#1995=ORIENTED_EDGE('',*,*,#2478,.T.);
#1996=ORIENTED_EDGE('',*,*,#2499,.F.);
#1997=ORIENTED_EDGE('',*,*,#2482,.T.);
#1998=ORIENTED_EDGE('',*,*,#2502,.F.);
#1999=ORIENTED_EDGE('',*,*,#2486,.T.);
#2000=ORIENTED_EDGE('',*,*,#2453,.T.);
#2001=ORIENTED_EDGE('',*,*,#2470,.T.);
#2002=ORIENTED_EDGE('',*,*,#2463,.F.);
#2003=ORIENTED_EDGE('',*,*,#2473,.T.);
#2004=ORIENTED_EDGE('',*,*,#2460,.F.);
#2005=ORIENTED_EDGE('',*,*,#2471,.T.);
#2006=ORIENTED_EDGE('',*,*,#2447,.T.);
#2007=ORIENTED_EDGE('',*,*,#2472,.T.);
#2008=ORIENTED_EDGE('',*,*,#2385,.T.);
#2009=ORIENTED_EDGE('',*,*,#2395,.T.);
#2010=ORIENTED_EDGE('',*,*,#2388,.T.);
#2011=ORIENTED_EDGE('',*,*,#2398,.T.);
#2012=ORIENTED_EDGE('',*,*,#2379,.F.);
#2013=ORIENTED_EDGE('',*,*,#2397,.T.);
#2014=ORIENTED_EDGE('',*,*,#2371,.F.);
#2015=ORIENTED_EDGE('',*,*,#2396,.T.);
#2016=ORIENTED_EDGE('',*,*,#2327,.F.);
#2017=ORIENTED_EDGE('',*,*,#2334,.T.);
#2018=ORIENTED_EDGE('',*,*,#2298,.T.);
#2019=ORIENTED_EDGE('',*,*,#2335,.T.);
#2020=ORIENTED_EDGE('',*,*,#2306,.T.);
#2021=ORIENTED_EDGE('',*,*,#2336,.T.);
#2022=ORIENTED_EDGE('',*,*,#2314,.F.);
#2023=ORIENTED_EDGE('',*,*,#2337,.T.);
#2024=ORIENTED_EDGE('',*,*,#2208,.T.);
#2025=ORIENTED_EDGE('',*,*,#2224,.T.);
#2026=ORIENTED_EDGE('',*,*,#2214,.T.);
#2027=ORIENTED_EDGE('',*,*,#2228,.T.);
#2028=ORIENTED_EDGE('',*,*,#2192,.F.);
#2029=ORIENTED_EDGE('',*,*,#2227,.T.);
#2030=ORIENTED_EDGE('',*,*,#2203,.F.);
#2031=ORIENTED_EDGE('',*,*,#2225,.T.);
#2032=ORIENTED_EDGE('',*,*,#2256,.T.);
#2033=ORIENTED_EDGE('',*,*,#2282,.T.);
#2034=ORIENTED_EDGE('',*,*,#2270,.T.);
#2035=ORIENTED_EDGE('',*,*,#2284,.T.);
#2036=ORIENTED_EDGE('',*,*,#2274,.F.);
#2037=ORIENTED_EDGE('',*,*,#2285,.T.);
#2038=ORIENTED_EDGE('',*,*,#2267,.F.);
#2039=ORIENTED_EDGE('',*,*,#2283,.T.);
#2040=ORIENTED_EDGE('',*,*,#2098,.T.);
#2041=ORIENTED_EDGE('',*,*,#2122,.T.);
#2042=ORIENTED_EDGE('',*,*,#2104,.T.);
#2043=ORIENTED_EDGE('',*,*,#2123,.T.);
#2044=ORIENTED_EDGE('',*,*,#2113,.F.);
#2045=ORIENTED_EDGE('',*,*,#2124,.T.);
#2046=ORIENTED_EDGE('',*,*,#2093,.F.);
#2047=ORIENTED_EDGE('',*,*,#2125,.T.);
#2048=ORIENTED_EDGE('',*,*,#2619,.T.);
#2049=ORIENTED_EDGE('',*,*,#2620,.T.);
#2050=ORIENTED_EDGE('',*,*,#2621,.T.);
#2051=ORIENTED_EDGE('',*,*,#2622,.T.);
#2052=ORIENTED_EDGE('',*,*,#2623,.T.);
#2053=ORIENTED_EDGE('',*,*,#2624,.T.);
#2054=ORIENTED_EDGE('',*,*,#2625,.T.);
#2055=ORIENTED_EDGE('',*,*,#2626,.T.);
#2056=ORIENTED_EDGE('',*,*,#2627,.T.);
#2057=ORIENTED_EDGE('',*,*,#2628,.T.);
#2058=ORIENTED_EDGE('',*,*,#2629,.T.);
#2059=ORIENTED_EDGE('',*,*,#2630,.T.);
#2060=ORIENTED_EDGE('',*,*,#2620,.F.);
#2061=ORIENTED_EDGE('',*,*,#2613,.F.);
#2062=ORIENTED_EDGE('',*,*,#2626,.F.);
#2063=ORIENTED_EDGE('',*,*,#2126,.F.);
#2064=ORIENTED_EDGE('',*,*,#2627,.F.);
#2065=ORIENTED_EDGE('',*,*,#2090,.F.);
#2066=ORIENTED_EDGE('',*,*,#2623,.F.);
#2067=ORIENTED_EDGE('',*,*,#2357,.F.);
#2068=ORIENTED_EDGE('',*,*,#2629,.F.);
#2069=ORIENTED_EDGE('',*,*,#2086,.F.);
#2070=ORIENTED_EDGE('',*,*,#2628,.F.);
#2071=ORIENTED_EDGE('',*,*,#2088,.F.);
#2072=ORIENTED_EDGE('',*,*,#2624,.F.);
#2073=ORIENTED_EDGE('',*,*,#2338,.F.);
#2074=ORIENTED_EDGE('',*,*,#2630,.F.);
#2075=ORIENTED_EDGE('',*,*,#2084,.F.);
#2076=ORIENTED_EDGE('',*,*,#2625,.F.);
#2077=ORIENTED_EDGE('',*,*,#2229,.F.);
#2078=ORIENTED_EDGE('',*,*,#2622,.F.);
#2079=ORIENTED_EDGE('',*,*,#2367,.F.);
#2080=ORIENTED_EDGE('',*,*,#2621,.F.);
#2081=ORIENTED_EDGE('',*,*,#2509,.F.);
#2082=ORIENTED_EDGE('',*,*,#2619,.F.);
#2083=ORIENTED_EDGE('',*,*,#2618,.F.);
#2084=EDGE_CURVE('',#2631,#2631,#3003,.T.);
#2085=EDGE_CURVE('',#2632,#2632,#3004,.T.);
#2086=EDGE_CURVE('',#2633,#2633,#3005,.T.);
#2087=EDGE_CURVE('',#2634,#2634,#3006,.T.);
#2088=EDGE_CURVE('',#2635,#2635,#3007,.T.);
#2089=EDGE_CURVE('',#2636,#2636,#3008,.T.);
#2090=EDGE_CURVE('',#2637,#2637,#3009,.T.);
#2091=EDGE_CURVE('',#2638,#2638,#3010,.T.);
#2092=EDGE_CURVE('',#2639,#2640,#24,.T.);
#2093=EDGE_CURVE('',#2640,#2641,#25,.T.);
#2094=EDGE_CURVE('',#2641,#2642,#26,.F.);
#2095=EDGE_CURVE('',#2639,#2642,#27,.T.);
#2096=EDGE_CURVE('',#2643,#2644,#28,.T.);
#2097=EDGE_CURVE('',#2644,#2645,#29,.T.);
#2098=EDGE_CURVE('',#2646,#2645,#30,.T.);
#2099=EDGE_CURVE('',#2646,#2643,#31,.F.);
#2100=EDGE_CURVE('',#2647,#2648,#32,.T.);
#2101=EDGE_CURVE('',#2647,#2649,#33,.F.);
#2102=EDGE_CURVE('',#2649,#2650,#34,.T.);
#2103=EDGE_CURVE('',#2650,#2651,#35,.T.);
#2104=EDGE_CURVE('',#2652,#2651,#36,.T.);
#2105=EDGE_CURVE('',#2652,#2653,#37,.F.);
#2106=EDGE_CURVE('',#2653,#2654,#38,.T.);
#2107=EDGE_CURVE('',#2648,#2654,#39,.T.);
#2108=EDGE_CURVE('',#2655,#2656,#40,.T.);
#2109=EDGE_CURVE('',#2655,#2657,#41,.T.);
#2110=EDGE_CURVE('',#2657,#2658,#42,.T.);
#2111=EDGE_CURVE('',#2656,#2658,#43,.T.);
#2112=EDGE_CURVE('',#2659,#2660,#44,.T.);
#2113=EDGE_CURVE('',#2660,#2661,#45,.T.);
#2114=EDGE_CURVE('',#2661,#2662,#46,.F.);
#2115=EDGE_CURVE('',#2659,#2662,#47,.T.);
#2116=EDGE_CURVE('',#2663,#2663,#3011,.F.);
#2117=EDGE_CURVE('',#2649,#2644,#3012,.F.);
#2118=EDGE_CURVE('',#2643,#2639,#3013,.F.);
#2119=EDGE_CURVE('',#2642,#2659,#3014,.F.);
#2120=EDGE_CURVE('',#2662,#2650,#3015,.F.);
#2121=EDGE_CURVE('',#2653,#2647,#48,.F.);
#2122=EDGE_CURVE('',#2645,#2652,#3016,.T.);
#2123=EDGE_CURVE('',#2651,#2661,#3017,.T.);
#2124=EDGE_CURVE('',#2660,#2641,#3018,.T.);
#2125=EDGE_CURVE('',#2640,#2646,#3019,.T.);
#2126=EDGE_CURVE('',#2664,#2664,#3020,.T.);
#2127=EDGE_CURVE('',#2665,#2665,#3021,.F.);
#2128=EDGE_CURVE('',#2666,#2667,#49,.T.);
#2129=EDGE_CURVE('',#2667,#2668,#50,.T.);
#2130=EDGE_CURVE('',#2669,#2668,#51,.T.);
#2131=EDGE_CURVE('',#2666,#2669,#52,.T.);
#2132=EDGE_CURVE('',#2670,#2671,#53,.T.);
#2133=EDGE_CURVE('',#2672,#2670,#54,.T.);
#2134=EDGE_CURVE('',#2672,#2673,#55,.T.);
#2135=EDGE_CURVE('',#2673,#2671,#56,.T.);
#2136=EDGE_CURVE('',#2667,#2674,#57,.T.);
#2137=EDGE_CURVE('',#2666,#2675,#58,.T.);
#2138=EDGE_CURVE('',#2676,#2675,#3022,.F.);
#2139=EDGE_CURVE('',#2676,#2677,#59,.T.);
#2140=EDGE_CURVE('',#2674,#2677,#3023,.F.);
#2141=EDGE_CURVE('',#2668,#2678,#60,.T.);
#2142=EDGE_CURVE('',#2678,#2679,#3024,.F.);
#2143=EDGE_CURVE('',#2680,#2679,#61,.T.);
#2144=EDGE_CURVE('',#2680,#2681,#3025,.F.);
#2145=EDGE_CURVE('',#2669,#2681,#62,.T.);
#2146=EDGE_CURVE('',#2682,#2683,#63,.T.);
#2147=EDGE_CURVE('',#2683,#2684,#64,.T.);
#2148=EDGE_CURVE('',#2684,#2685,#65,.F.);
#2149=EDGE_CURVE('',#2682,#2685,#66,.T.);
#2150=EDGE_CURVE('',#2686,#2687,#67,.T.);
#2151=EDGE_CURVE('',#2686,#2688,#68,.T.);
#2152=EDGE_CURVE('',#2688,#2689,#69,.T.);
#2153=EDGE_CURVE('',#2687,#2689,#70,.T.);
#2154=EDGE_CURVE('',#2690,#2691,#71,.T.);
#2155=EDGE_CURVE('',#2691,#2692,#72,.T.);
#2156=EDGE_CURVE('',#2692,#2693,#73,.F.);
#2157=EDGE_CURVE('',#2690,#2693,#74,.T.);
#2158=EDGE_CURVE('',#2694,#2695,#75,.T.);
#2159=EDGE_CURVE('',#2696,#2694,#76,.T.);
#2160=EDGE_CURVE('',#2696,#2697,#77,.T.);
#2161=EDGE_CURVE('',#2697,#2695,#78,.T.);
#2162=EDGE_CURVE('',#2698,#2699,#79,.T.);
#2163=EDGE_CURVE('',#2700,#2699,#80,.T.);
#2164=EDGE_CURVE('',#2700,#2701,#81,.F.);
#2165=EDGE_CURVE('',#2701,#2698,#82,.T.);
#2166=EDGE_CURVE('',#2702,#2703,#83,.T.);
#2167=EDGE_CURVE('',#2704,#2702,#84,.T.);
#2168=EDGE_CURVE('',#2704,#2705,#85,.T.);
#2169=EDGE_CURVE('',#2705,#2703,#86,.T.);
#2170=EDGE_CURVE('',#2706,#2707,#87,.T.);
#2171=EDGE_CURVE('',#2707,#2708,#88,.T.);
#2172=EDGE_CURVE('',#2709,#2708,#89,.T.);
#2173=EDGE_CURVE('',#2709,#2706,#90,.F.);
#2174=EDGE_CURVE('',#2685,#2707,#3026,.F.);
#2175=EDGE_CURVE('',#2706,#2698,#3027,.F.);
#2176=EDGE_CURVE('',#2701,#2690,#3028,.F.);
#2177=EDGE_CURVE('',#2693,#2682,#3029,.F.);
#2178=EDGE_CURVE('',#2708,#2684,#3030,.T.);
#2179=EDGE_CURVE('',#2683,#2692,#3031,.T.);
#2180=EDGE_CURVE('',#2691,#2700,#3032,.T.);
#2181=EDGE_CURVE('',#2699,#2709,#3033,.T.);
#2182=EDGE_CURVE('',#2710,#2687,#91,.T.);
#2183=EDGE_CURVE('',#2711,#2689,#92,.T.);
#2184=EDGE_CURVE('',#2710,#2711,#93,.T.);
#2185=EDGE_CURVE('',#2712,#2686,#94,.T.);
#2186=EDGE_CURVE('',#2712,#2713,#95,.T.);
#2187=EDGE_CURVE('',#2713,#2688,#96,.T.);
#2188=EDGE_CURVE('',#2712,#2710,#97,.T.);
#2189=EDGE_CURVE('',#2713,#2711,#98,.T.);
#2190=EDGE_CURVE('',#2714,#2715,#99,.T.);
#2191=EDGE_CURVE('',#2714,#2716,#100,.T.);
#2192=EDGE_CURVE('',#2716,#2717,#101,.T.);
#2193=EDGE_CURVE('',#2717,#2715,#102,.F.);
#2194=EDGE_CURVE('',#2718,#2719,#103,.T.);
#2195=EDGE_CURVE('',#2718,#2720,#104,.T.);
#2196=EDGE_CURVE('',#2720,#2721,#105,.T.);
#2197=EDGE_CURVE('',#2719,#2721,#106,.T.);
#2198=EDGE_CURVE('',#2722,#2723,#107,.T.);
#2199=EDGE_CURVE('',#2723,#2724,#108,.T.);
#2200=EDGE_CURVE('',#2724,#2725,#109,.T.);
#2201=EDGE_CURVE('',#2726,#2725,#110,.T.);
#2202=EDGE_CURVE('',#2726,#2727,#111,.T.);
#2203=EDGE_CURVE('',#2727,#2728,#112,.T.);
#2204=EDGE_CURVE('',#2728,#2729,#113,.F.);
#2205=EDGE_CURVE('',#2722,#2729,#114,.T.);
#2206=EDGE_CURVE('',#2730,#2731,#115,.T.);
#2207=EDGE_CURVE('',#2731,#2732,#116,.T.);
#2208=EDGE_CURVE('',#2733,#2732,#117,.T.);
#2209=EDGE_CURVE('',#2733,#2730,#118,.F.);
#2210=EDGE_CURVE('',#2734,#2735,#119,.T.);
#2211=EDGE_CURVE('',#2734,#2736,#120,.F.);
#2212=EDGE_CURVE('',#2736,#2737,#121,.T.);
#2213=EDGE_CURVE('',#2737,#2738,#122,.T.);
#2214=EDGE_CURVE('',#2739,#2738,#123,.T.);
#2215=EDGE_CURVE('',#2739,#2740,#124,.F.);
#2216=EDGE_CURVE('',#2740,#2741,#125,.T.);
#2217=EDGE_CURVE('',#2735,#2741,#126,.T.);
#2218=EDGE_CURVE('',#2742,#2742,#3034,.F.);
#2219=EDGE_CURVE('',#2736,#2731,#3035,.F.);
#2220=EDGE_CURVE('',#2730,#2722,#3036,.F.);
#2221=EDGE_CURVE('',#2729,#2714,#3037,.F.);
#2222=EDGE_CURVE('',#2715,#2737,#3038,.F.);
#2223=EDGE_CURVE('',#2734,#2740,#127,.T.);
#2224=EDGE_CURVE('',#2732,#2739,#3039,.T.);
#2225=EDGE_CURVE('',#2727,#2733,#3040,.T.);
#2226=EDGE_CURVE('',#2723,#2726,#128,.T.);
#2227=EDGE_CURVE('',#2716,#2728,#3041,.T.);
#2228=EDGE_CURVE('',#2738,#2717,#3042,.T.);
#2229=EDGE_CURVE('',#2743,#2743,#3043,.T.);
#2230=EDGE_CURVE('',#2744,#2744,#3044,.F.);
#2231=EDGE_CURVE('',#2735,#2745,#129,.T.);
#2232=EDGE_CURVE('',#2741,#2746,#130,.T.);
#2233=EDGE_CURVE('',#2745,#2746,#131,.T.);
#2234=EDGE_CURVE('',#2747,#2748,#132,.T.);
#2235=EDGE_CURVE('',#2748,#2749,#133,.T.);
#2236=EDGE_CURVE('',#2750,#2749,#134,.T.);
#2237=EDGE_CURVE('',#2747,#2750,#135,.T.);
#2238=EDGE_CURVE('',#2751,#2752,#136,.T.);
#2239=EDGE_CURVE('',#2753,#2751,#137,.T.);
#2240=EDGE_CURVE('',#2753,#2754,#138,.T.);
#2241=EDGE_CURVE('',#2754,#2752,#139,.T.);
#2242=EDGE_CURVE('',#2752,#2749,#140,.T.);
#2243=EDGE_CURVE('',#2754,#2750,#141,.T.);
#2244=EDGE_CURVE('',#2751,#2748,#142,.T.);
#2245=EDGE_CURVE('',#2753,#2747,#143,.T.);
#2246=EDGE_CURVE('',#2740,#2755,#144,.T.);
#2247=EDGE_CURVE('',#2755,#2746,#145,.T.);
#2248=EDGE_CURVE('',#2734,#2756,#146,.T.);
#2249=EDGE_CURVE('',#2756,#2745,#147,.T.);
#2250=EDGE_CURVE('',#2757,#2758,#148,.T.);
#2251=EDGE_CURVE('',#2757,#2759,#149,.T.);
#2252=EDGE_CURVE('',#2759,#2760,#150,.T.);
#2253=EDGE_CURVE('',#2758,#2760,#151,.T.);
#2254=EDGE_CURVE('',#2761,#2762,#152,.T.);
#2255=EDGE_CURVE('',#2762,#2763,#153,.T.);
#2256=EDGE_CURVE('',#2764,#2763,#154,.T.);
#2257=EDGE_CURVE('',#2764,#2761,#155,.F.);
#2258=EDGE_CURVE('',#2765,#2766,#156,.T.);
#2259=EDGE_CURVE('',#2766,#2767,#157,.T.);
#2260=EDGE_CURVE('',#2768,#2767,#158,.T.);
#2261=EDGE_CURVE('',#2765,#2768,#159,.T.);
#2262=EDGE_CURVE('',#2769,#2672,#160,.T.);
#2263=EDGE_CURVE('',#2769,#2770,#161,.T.);
#2264=EDGE_CURVE('',#2770,#2673,#162,.T.);
#2265=EDGE_CURVE('',#2771,#2772,#163,.T.);
#2266=EDGE_CURVE('',#2771,#2773,#164,.T.);
#2267=EDGE_CURVE('',#2773,#2774,#165,.T.);
#2268=EDGE_CURVE('',#2774,#2772,#166,.F.);
#2269=EDGE_CURVE('',#2775,#2776,#167,.T.);
#2270=EDGE_CURVE('',#2777,#2776,#168,.T.);
#2271=EDGE_CURVE('',#2777,#2778,#169,.F.);
#2272=EDGE_CURVE('',#2778,#2775,#170,.T.);
#2273=EDGE_CURVE('',#2779,#2780,#171,.T.);
#2274=EDGE_CURVE('',#2780,#2781,#172,.T.);
#2275=EDGE_CURVE('',#2781,#2782,#173,.F.);
#2276=EDGE_CURVE('',#2779,#2782,#174,.T.);
#2277=EDGE_CURVE('',#2783,#2783,#3045,.T.);
#2278=EDGE_CURVE('',#2778,#2762,#3046,.F.);
#2279=EDGE_CURVE('',#2761,#2771,#3047,.F.);
#2280=EDGE_CURVE('',#2772,#2779,#3048,.F.);
#2281=EDGE_CURVE('',#2782,#2775,#3049,.F.);
#2282=EDGE_CURVE('',#2763,#2777,#3050,.T.);
#2283=EDGE_CURVE('',#2773,#2764,#3051,.T.);
#2284=EDGE_CURVE('',#2776,#2781,#3052,.T.);
#2285=EDGE_CURVE('',#2780,#2774,#3053,.T.);
#2286=EDGE_CURVE('',#2769,#2784,#175,.T.);
#2287=EDGE_CURVE('',#2784,#2785,#176,.T.);
#2288=EDGE_CURVE('',#2770,#2785,#177,.T.);
#2289=EDGE_CURVE('',#2786,#2787,#178,.T.);
#2290=EDGE_CURVE('',#2786,#2788,#179,.T.);
#2291=EDGE_CURVE('',#2788,#2789,#180,.T.);
#2292=EDGE_CURVE('',#2787,#2789,#181,.T.);
#2293=EDGE_CURVE('',#2784,#2790,#182,.T.);
#2294=EDGE_CURVE('',#2790,#2670,#3054,.F.);
#2295=EDGE_CURVE('',#2785,#2791,#183,.T.);
#2296=EDGE_CURVE('',#2791,#2671,#3055,.F.);
#2297=EDGE_CURVE('',#2792,#2793,#184,.T.);
#2298=EDGE_CURVE('',#2794,#2793,#185,.T.);
#2299=EDGE_CURVE('',#2794,#2795,#186,.F.);
#2300=EDGE_CURVE('',#2795,#2792,#187,.T.);
#2301=EDGE_CURVE('',#2796,#2797,#188,.T.);
#2302=EDGE_CURVE('',#2797,#2798,#189,.T.);
#2303=EDGE_CURVE('',#2799,#2798,#190,.T.);
#2304=EDGE_CURVE('',#2796,#2799,#191,.T.);
#2305=EDGE_CURVE('',#2800,#2801,#192,.T.);
#2306=EDGE_CURVE('',#2802,#2801,#193,.T.);
#2307=EDGE_CURVE('',#2802,#2803,#194,.F.);
#2308=EDGE_CURVE('',#2803,#2800,#195,.T.);
#2309=EDGE_CURVE('',#2804,#2805,#196,.T.);
#2310=EDGE_CURVE('',#2805,#2806,#197,.T.);
#2311=EDGE_CURVE('',#2807,#2806,#198,.T.);
#2312=EDGE_CURVE('',#2804,#2807,#199,.T.);
#2313=EDGE_CURVE('',#2808,#2809,#200,.T.);
#2314=EDGE_CURVE('',#2809,#2810,#201,.T.);
#2315=EDGE_CURVE('',#2810,#2811,#202,.F.);
#2316=EDGE_CURVE('',#2808,#2811,#203,.T.);
#2317=EDGE_CURVE('',#2812,#2813,#204,.T.);
#2318=EDGE_CURVE('',#2812,#2814,#205,.T.);
#2319=EDGE_CURVE('',#2814,#2815,#206,.T.);
#2320=EDGE_CURVE('',#2813,#2815,#207,.T.);
#2321=EDGE_CURVE('',#2816,#2817,#208,.T.);
#2322=EDGE_CURVE('',#2817,#2818,#209,.T.);
#2323=EDGE_CURVE('',#2819,#2818,#210,.T.);
#2324=EDGE_CURVE('',#2816,#2819,#211,.T.);
#2325=EDGE_CURVE('',#2820,#2821,#212,.T.);
#2326=EDGE_CURVE('',#2820,#2822,#213,.T.);
#2327=EDGE_CURVE('',#2822,#2823,#214,.T.);
#2328=EDGE_CURVE('',#2823,#2821,#215,.F.);
#2329=EDGE_CURVE('',#2824,#2824,#3056,.F.);
#2330=EDGE_CURVE('',#2795,#2820,#3057,.F.);
#2331=EDGE_CURVE('',#2821,#2808,#3058,.F.);
#2332=EDGE_CURVE('',#2811,#2800,#3059,.F.);
#2333=EDGE_CURVE('',#2803,#2792,#3060,.F.);
#2334=EDGE_CURVE('',#2822,#2794,#3061,.T.);
#2335=EDGE_CURVE('',#2793,#2802,#3062,.T.);
#2336=EDGE_CURVE('',#2801,#2810,#3063,.T.);
#2337=EDGE_CURVE('',#2809,#2823,#3064,.T.);
#2338=EDGE_CURVE('',#2825,#2825,#3065,.T.);
#2339=EDGE_CURVE('',#2705,#2819,#216,.T.);
#2340=EDGE_CURVE('',#2703,#2818,#217,.T.);
#2341=EDGE_CURVE('',#2704,#2816,#218,.T.);
#2342=EDGE_CURVE('',#2702,#2817,#219,.T.);
#2343=EDGE_CURVE('',#2826,#2827,#220,.T.);
#2344=EDGE_CURVE('',#2828,#2826,#221,.T.);
#2345=EDGE_CURVE('',#2828,#2829,#222,.T.);
#2346=EDGE_CURVE('',#2829,#2827,#223,.T.);
#2347=EDGE_CURVE('',#2830,#2831,#224,.T.);
#2348=EDGE_CURVE('',#2831,#2832,#225,.T.);
#2349=EDGE_CURVE('',#2833,#2832,#226,.T.);
#2350=EDGE_CURVE('',#2830,#2833,#227,.T.);
#2351=EDGE_CURVE('',#2834,#2835,#228,.T.);
#2352=EDGE_CURVE('',#2834,#2812,#229,.T.);
#2353=EDGE_CURVE('',#2835,#2813,#230,.T.);
#2354=EDGE_CURVE('',#2836,#2814,#231,.T.);
#2355=EDGE_CURVE('',#2836,#2837,#232,.T.);
#2356=EDGE_CURVE('',#2837,#2815,#233,.T.);
#2357=EDGE_CURVE('',#2838,#2838,#3066,.T.);
#2358=EDGE_CURVE('',#2839,#2839,#3067,.T.);
#2359=EDGE_CURVE('',#2840,#2841,#234,.T.);
#2360=EDGE_CURVE('',#2840,#2842,#235,.T.);
#2361=EDGE_CURVE('',#2842,#2843,#236,.T.);
#2362=EDGE_CURVE('',#2841,#2843,#237,.T.);
#2363=EDGE_CURVE('',#2844,#2845,#238,.T.);
#2364=EDGE_CURVE('',#2844,#2846,#239,.T.);
#2365=EDGE_CURVE('',#2846,#2847,#240,.T.);
#2366=EDGE_CURVE('',#2845,#2847,#241,.T.);
#2367=EDGE_CURVE('',#2848,#2848,#3068,.T.);
#2368=EDGE_CURVE('',#2849,#2849,#3069,.T.);
#2369=EDGE_CURVE('',#2760,#2850,#242,.T.);
#2370=EDGE_CURVE('',#2760,#2851,#243,.T.);
#2371=EDGE_CURVE('',#2851,#2852,#244,.T.);
#2372=EDGE_CURVE('',#2852,#2853,#245,.F.);
#2373=EDGE_CURVE('',#2854,#2853,#246,.T.);
#2374=EDGE_CURVE('',#2854,#2759,#247,.T.);
#2375=EDGE_CURVE('',#2759,#2855,#248,.T.);
#2376=EDGE_CURVE('',#2855,#2850,#249,.T.);
#2377=EDGE_CURVE('',#2856,#2857,#250,.T.);
#2378=EDGE_CURVE('',#2856,#2858,#251,.T.);
#2379=EDGE_CURVE('',#2858,#2859,#252,.T.);
#2380=EDGE_CURVE('',#2859,#2857,#253,.F.);
#2381=EDGE_CURVE('',#2828,#2830,#254,.T.);
#2382=EDGE_CURVE('',#2829,#2833,#255,.T.);
#2383=EDGE_CURVE('',#2860,#2861,#256,.T.);
#2384=EDGE_CURVE('',#2861,#2862,#257,.T.);
#2385=EDGE_CURVE('',#2863,#2862,#258,.T.);
#2386=EDGE_CURVE('',#2863,#2860,#259,.F.);
#2387=EDGE_CURVE('',#2864,#2865,#260,.T.);
#2388=EDGE_CURVE('',#2866,#2865,#261,.T.);
#2389=EDGE_CURVE('',#2866,#2867,#262,.F.);
#2390=EDGE_CURVE('',#2867,#2864,#263,.T.);
#2391=EDGE_CURVE('',#2867,#2861,#3070,.F.);
#2392=EDGE_CURVE('',#2860,#2854,#3071,.F.);
#2393=EDGE_CURVE('',#2853,#2856,#3072,.F.);
#2394=EDGE_CURVE('',#2857,#2864,#3073,.F.);
#2395=EDGE_CURVE('',#2862,#2866,#3074,.T.);
#2396=EDGE_CURVE('',#2851,#2863,#3075,.T.);
#2397=EDGE_CURVE('',#2858,#2852,#3076,.T.);
#2398=EDGE_CURVE('',#2865,#2859,#3077,.T.);
#2399=EDGE_CURVE('',#2868,#2855,#264,.T.);
#2400=EDGE_CURVE('',#2868,#2869,#265,.T.);
#2401=EDGE_CURVE('',#2869,#2850,#266,.T.);
#2402=EDGE_CURVE('',#2826,#2831,#267,.T.);
#2403=EDGE_CURVE('',#2827,#2832,#268,.T.);
#2404=EDGE_CURVE('',#2758,#2869,#269,.T.);
#2405=EDGE_CURVE('',#2841,#2846,#270,.T.);
#2406=EDGE_CURVE('',#2843,#2847,#271,.T.);
#2407=EDGE_CURVE('',#2757,#2868,#272,.T.);
#2408=EDGE_CURVE('',#2840,#2844,#273,.T.);
#2409=EDGE_CURVE('',#2842,#2845,#274,.T.);
#2410=EDGE_CURVE('',#2870,#2871,#275,.T.);
#2411=EDGE_CURVE('',#2870,#2872,#276,.T.);
#2412=EDGE_CURVE('',#2872,#2873,#277,.T.);
#2413=EDGE_CURVE('',#2873,#2871,#278,.F.);
#2414=EDGE_CURVE('',#2874,#2875,#279,.T.);
#2415=EDGE_CURVE('',#2876,#2874,#280,.T.);
#2416=EDGE_CURVE('',#2876,#2877,#281,.T.);
#2417=EDGE_CURVE('',#2877,#2875,#282,.T.);
#2418=EDGE_CURVE('',#2878,#2879,#283,.T.);
#2419=EDGE_CURVE('',#2880,#2879,#284,.T.);
#2420=EDGE_CURVE('',#2880,#2881,#285,.F.);
#2421=EDGE_CURVE('',#2881,#2878,#286,.T.);
#2422=EDGE_CURVE('',#2882,#2883,#287,.T.);
#2423=EDGE_CURVE('',#2884,#2883,#288,.T.);
#2424=EDGE_CURVE('',#2884,#2885,#289,.F.);
#2425=EDGE_CURVE('',#2885,#2882,#290,.T.);
#2426=EDGE_CURVE('',#2886,#2887,#291,.T.);
#2427=EDGE_CURVE('',#2887,#2888,#292,.T.);
#2428=EDGE_CURVE('',#2889,#2888,#293,.T.);
#2429=EDGE_CURVE('',#2886,#2889,#294,.T.);
#2430=EDGE_CURVE('',#2890,#2891,#295,.T.);
#2431=EDGE_CURVE('',#2891,#2892,#296,.T.);
#2432=EDGE_CURVE('',#2892,#2893,#297,.F.);
#2433=EDGE_CURVE('',#2890,#2893,#298,.T.);
#2434=EDGE_CURVE('',#2881,#2870,#3078,.F.);
#2435=EDGE_CURVE('',#2871,#2890,#3079,.F.);
#2436=EDGE_CURVE('',#2893,#2882,#3080,.F.);
#2437=EDGE_CURVE('',#2885,#2878,#3081,.F.);
#2438=EDGE_CURVE('',#2872,#2880,#3082,.T.);
#2439=EDGE_CURVE('',#2879,#2884,#3083,.T.);
#2440=EDGE_CURVE('',#2883,#2892,#3084,.T.);
#2441=EDGE_CURVE('',#2891,#2873,#3085,.T.);
#2442=EDGE_CURVE('',#2807,#2877,#299,.T.);
#2443=EDGE_CURVE('',#2806,#2875,#300,.T.);
#2444=EDGE_CURVE('',#2804,#2876,#301,.T.);
#2445=EDGE_CURVE('',#2805,#2874,#302,.T.);
#2446=EDGE_CURVE('',#2894,#2895,#303,.T.);
#2447=EDGE_CURVE('',#2896,#2895,#304,.T.);
#2448=EDGE_CURVE('',#2896,#2897,#305,.F.);
#2449=EDGE_CURVE('',#2897,#2894,#306,.T.);
#2450=EDGE_CURVE('',#2898,#2899,#307,.T.);
#2451=EDGE_CURVE('',#2898,#2789,#308,.T.);
#2452=EDGE_CURVE('',#2789,#2900,#309,.T.);
#2453=EDGE_CURVE('',#2901,#2900,#310,.T.);
#2454=EDGE_CURVE('',#2901,#2902,#311,.F.);
#2455=EDGE_CURVE('',#2902,#2903,#312,.T.);
#2456=EDGE_CURVE('',#2903,#2788,#313,.T.);
#2457=EDGE_CURVE('',#2899,#2788,#314,.T.);
#2458=EDGE_CURVE('',#2904,#2905,#315,.T.);
#2459=EDGE_CURVE('',#2904,#2906,#316,.T.);
#2460=EDGE_CURVE('',#2906,#2907,#317,.T.);
#2461=EDGE_CURVE('',#2907,#2905,#318,.F.);
#2462=EDGE_CURVE('',#2908,#2909,#319,.T.);
#2463=EDGE_CURVE('',#2909,#2910,#320,.T.);
#2464=EDGE_CURVE('',#2910,#2911,#321,.F.);
#2465=EDGE_CURVE('',#2908,#2911,#322,.T.);
#2466=EDGE_CURVE('',#2911,#2903,#3086,.F.);
#2467=EDGE_CURVE('',#2902,#2894,#3087,.F.);
#2468=EDGE_CURVE('',#2897,#2904,#3088,.F.);
#2469=EDGE_CURVE('',#2905,#2908,#3089,.F.);
#2470=EDGE_CURVE('',#2900,#2910,#3090,.T.);
#2471=EDGE_CURVE('',#2906,#2896,#3091,.T.);
#2472=EDGE_CURVE('',#2895,#2901,#3092,.T.);
#2473=EDGE_CURVE('',#2909,#2907,#3093,.T.);
#2474=EDGE_CURVE('',#2647,#2723,#323,.T.);
#2475=EDGE_CURVE('',#2653,#2726,#324,.T.);
#2476=EDGE_CURVE('',#2912,#2913,#3094,.F.);
#2477=EDGE_CURVE('',#2914,#2912,#325,.F.);
#2478=EDGE_CURVE('',#2915,#2914,#3095,.T.);
#2479=EDGE_CURVE('',#2913,#2915,#326,.T.);
#2480=EDGE_CURVE('',#2916,#2917,#3096,.F.);
#2481=EDGE_CURVE('',#2918,#2916,#327,.F.);
#2482=EDGE_CURVE('',#2919,#2918,#3097,.T.);
#2483=EDGE_CURVE('',#2917,#2919,#328,.T.);
#2484=EDGE_CURVE('',#2920,#2921,#3098,.F.);
#2485=EDGE_CURVE('',#2922,#2920,#329,.F.);
#2486=EDGE_CURVE('',#2923,#2922,#3099,.T.);
#2487=EDGE_CURVE('',#2755,#2923,#330,.T.);
#2488=EDGE_CURVE('',#2756,#2755,#331,.T.);
#2489=EDGE_CURVE('',#2921,#2756,#332,.T.);
#2490=EDGE_CURVE('',#2924,#2925,#3100,.F.);
#2491=EDGE_CURVE('',#2757,#2924,#333,.F.);
#2492=EDGE_CURVE('',#2926,#2758,#334,.F.);
#2493=EDGE_CURVE('',#2927,#2926,#3101,.T.);
#2494=EDGE_CURVE('',#2925,#2927,#335,.T.);
#2495=EDGE_CURVE('',#2924,#2913,#336,.T.);
#2496=EDGE_CURVE('',#2920,#2925,#337,.T.);
#2497=EDGE_CURVE('',#2921,#2916,#338,.T.);
#2498=EDGE_CURVE('',#2917,#2912,#339,.T.);
#2499=EDGE_CURVE('',#2919,#2914,#340,.T.);
#2500=EDGE_CURVE('',#2922,#2927,#341,.T.);
#2501=EDGE_CURVE('',#2926,#2915,#342,.T.);
#2502=EDGE_CURVE('',#2923,#2918,#343,.T.);
#2503=EDGE_CURVE('',#2654,#2725,#344,.T.);
#2504=EDGE_CURVE('',#2648,#2724,#345,.T.);
#2505=EDGE_CURVE('',#2799,#2720,#346,.T.);
#2506=EDGE_CURVE('',#2798,#2721,#347,.T.);
#2507=EDGE_CURVE('',#2796,#2718,#348,.T.);
#2508=EDGE_CURVE('',#2797,#2719,#349,.T.);
#2509=EDGE_CURVE('',#2928,#2928,#3102,.T.);
#2510=EDGE_CURVE('',#2929,#2930,#3103,.F.);
#2511=EDGE_CURVE('',#2931,#2929,#350,.F.);
#2512=EDGE_CURVE('',#2932,#2931,#3104,.T.);
#2513=EDGE_CURVE('',#2930,#2932,#351,.T.);
#2514=EDGE_CURVE('',#2933,#2934,#3105,.F.);
#2515=EDGE_CURVE('',#2935,#2933,#352,.F.);
#2516=EDGE_CURVE('',#2936,#2935,#3106,.T.);
#2517=EDGE_CURVE('',#2934,#2936,#353,.T.);
#2518=EDGE_CURVE('',#2937,#2938,#354,.T.);
#2519=EDGE_CURVE('',#2938,#2939,#3107,.F.);
#2520=EDGE_CURVE('',#2929,#2939,#355,.T.);
#2521=EDGE_CURVE('',#2933,#2930,#356,.T.);
#2522=EDGE_CURVE('',#2934,#2940,#357,.T.);
#2523=EDGE_CURVE('',#2940,#2937,#3108,.F.);
#2524=EDGE_CURVE('',#2937,#2941,#358,.T.);
#2525=EDGE_CURVE('',#2941,#2942,#359,.T.);
#2526=EDGE_CURVE('',#2942,#2938,#360,.F.);
#2527=EDGE_CURVE('',#2680,#2676,#361,.T.);
#2528=EDGE_CURVE('',#2943,#2675,#362,.F.);
#2529=EDGE_CURVE('',#2941,#2943,#3109,.T.);
#2530=EDGE_CURVE('',#2681,#2940,#363,.F.);
#2531=EDGE_CURVE('',#2790,#2944,#364,.T.);
#2532=EDGE_CURVE('',#2939,#2791,#365,.T.);
#2533=EDGE_CURVE('',#2944,#2942,#3110,.T.);
#2534=EDGE_CURVE('',#2931,#2944,#366,.T.);
#2535=EDGE_CURVE('',#2935,#2932,#367,.T.);
#2536=EDGE_CURVE('',#2936,#2943,#368,.T.);
#2537=EDGE_CURVE('',#2945,#2765,#369,.T.);
#2538=EDGE_CURVE('',#2945,#2946,#370,.T.);
#2539=EDGE_CURVE('',#2946,#2766,#371,.T.);
#2540=EDGE_CURVE('',#2887,#2947,#372,.T.);
#2541=EDGE_CURVE('',#2947,#2948,#373,.T.);
#2542=EDGE_CURVE('',#2888,#2948,#374,.T.);
#2543=EDGE_CURVE('',#2949,#2950,#375,.T.);
#2544=EDGE_CURVE('',#2949,#2768,#376,.T.);
#2545=EDGE_CURVE('',#2950,#2767,#377,.T.);
#2546=EDGE_CURVE('',#2951,#2952,#378,.T.);
#2547=EDGE_CURVE('',#2886,#2951,#379,.T.);
#2548=EDGE_CURVE('',#2889,#2952,#380,.T.);
#2549=EDGE_CURVE('',#2946,#2950,#381,.T.);
#2550=EDGE_CURVE('',#2945,#2949,#382,.T.);
#2551=EDGE_CURVE('',#2951,#2947,#383,.T.);
#2552=EDGE_CURVE('',#2952,#2948,#384,.T.);
#2553=EDGE_CURVE('',#2953,#2954,#3111,.F.);
#2554=EDGE_CURVE('',#2955,#2953,#385,.F.);
#2555=EDGE_CURVE('',#2956,#2955,#3112,.T.);
#2556=EDGE_CURVE('',#2954,#2956,#386,.T.);
#2557=EDGE_CURVE('',#2957,#2958,#3113,.F.);
#2558=EDGE_CURVE('',#2959,#2957,#387,.F.);
#2559=EDGE_CURVE('',#2960,#2959,#3114,.T.);
#2560=EDGE_CURVE('',#2958,#2960,#388,.T.);
#2561=EDGE_CURVE('',#2961,#2962,#3115,.F.);
#2562=EDGE_CURVE('',#2963,#2961,#389,.F.);
#2563=EDGE_CURVE('',#2964,#2963,#3116,.T.);
#2564=EDGE_CURVE('',#2962,#2964,#390,.T.);
#2565=EDGE_CURVE('',#2965,#2966,#3117,.F.);
#2566=EDGE_CURVE('',#2967,#2965,#391,.F.);
#2567=EDGE_CURVE('',#2968,#2967,#3118,.T.);
#2568=EDGE_CURVE('',#2966,#2968,#392,.T.);
#2569=EDGE_CURVE('',#2965,#2958,#393,.T.);
#2570=EDGE_CURVE('',#2961,#2966,#394,.T.);
#2571=EDGE_CURVE('',#2962,#2953,#395,.T.);
#2572=EDGE_CURVE('',#2954,#2957,#396,.T.);
#2573=EDGE_CURVE('',#2956,#2959,#397,.T.);
#2574=EDGE_CURVE('',#2967,#2960,#398,.T.);
#2575=EDGE_CURVE('',#2963,#2968,#399,.T.);
#2576=EDGE_CURVE('',#2964,#2955,#400,.T.);
#2577=EDGE_CURVE('',#2969,#2898,#401,.T.);
#2578=EDGE_CURVE('',#2969,#2970,#402,.T.);
#2579=EDGE_CURVE('',#2787,#2970,#3119,.F.);
#2580=EDGE_CURVE('',#2835,#2837,#403,.T.);
#2581=EDGE_CURVE('',#2971,#2972,#404,.T.);
#2582=EDGE_CURVE('',#2971,#2899,#405,.T.);
#2583=EDGE_CURVE('',#2786,#2972,#3120,.F.);
#2584=EDGE_CURVE('',#2834,#2836,#406,.T.);
#2585=EDGE_CURVE('',#2677,#2679,#407,.T.);
#2586=EDGE_CURVE('',#2969,#2971,#408,.T.);
#2587=EDGE_CURVE('',#2973,#2970,#409,.F.);
#2588=EDGE_CURVE('',#2974,#2973,#3121,.T.);
#2589=EDGE_CURVE('',#2975,#2974,#410,.T.);
#2590=EDGE_CURVE('',#2976,#2975,#3122,.F.);
#2591=EDGE_CURVE('',#2972,#2976,#411,.F.);
#2592=EDGE_CURVE('',#2977,#2978,#3123,.F.);
#2593=EDGE_CURVE('',#2979,#2977,#412,.F.);
#2594=EDGE_CURVE('',#2980,#2979,#3124,.T.);
#2595=EDGE_CURVE('',#2978,#2980,#413,.T.);
#2596=EDGE_CURVE('',#2981,#2982,#3125,.F.);
#2597=EDGE_CURVE('',#2983,#2981,#414,.F.);
#2598=EDGE_CURVE('',#2984,#2983,#3126,.T.);
#2599=EDGE_CURVE('',#2982,#2984,#415,.T.);
#2600=EDGE_CURVE('',#2985,#2678,#416,.T.);
#2601=EDGE_CURVE('',#2986,#2985,#3127,.F.);
#2602=EDGE_CURVE('',#2987,#2986,#417,.F.);
#2603=EDGE_CURVE('',#2988,#2987,#3128,.T.);
#2604=EDGE_CURVE('',#2674,#2988,#418,.T.);
#2605=EDGE_CURVE('',#2975,#2986,#419,.T.);
#2606=EDGE_CURVE('',#2977,#2985,#420,.T.);
#2607=EDGE_CURVE('',#2981,#2978,#421,.T.);
#2608=EDGE_CURVE('',#2982,#2976,#422,.T.);
#2609=EDGE_CURVE('',#2974,#2987,#423,.T.);
#2610=EDGE_CURVE('',#2979,#2988,#424,.T.);
#2611=EDGE_CURVE('',#2983,#2980,#425,.T.);
#2612=EDGE_CURVE('',#2984,#2973,#426,.T.);
#2613=EDGE_CURVE('',#2989,#2989,#3129,.T.);
#2614=EDGE_CURVE('',#2697,#2656,#427,.T.);
#2615=EDGE_CURVE('',#2695,#2658,#428,.T.);
#2616=EDGE_CURVE('',#2696,#2655,#429,.T.);
#2617=EDGE_CURVE('',#2694,#2657,#430,.T.);
#2618=EDGE_CURVE('',#2990,#2990,#3130,.T.);
#2619=EDGE_CURVE('',#2991,#2991,#3131,.F.);
#2620=EDGE_CURVE('',#2992,#2992,#3132,.F.);
#2621=EDGE_CURVE('',#2993,#2993,#3133,.F.);
#2622=EDGE_CURVE('',#2994,#2994,#3134,.F.);
#2623=EDGE_CURVE('',#2995,#2995,#3135,.F.);
#2624=EDGE_CURVE('',#2996,#2996,#3136,.F.);
#2625=EDGE_CURVE('',#2997,#2997,#3137,.F.);
#2626=EDGE_CURVE('',#2998,#2998,#3138,.F.);
#2627=EDGE_CURVE('',#2999,#2999,#3139,.F.);
#2628=EDGE_CURVE('',#3000,#3000,#3140,.F.);
#2629=EDGE_CURVE('',#3001,#3001,#3141,.F.);
#2630=EDGE_CURVE('',#3002,#3002,#3142,.F.);
#2631=VERTEX_POINT('',#5510);
#2632=VERTEX_POINT('',#5512);
#2633=VERTEX_POINT('',#5515);
#2634=VERTEX_POINT('',#5517);
#2635=VERTEX_POINT('',#5520);
#2636=VERTEX_POINT('',#5522);
#2637=VERTEX_POINT('',#5525);
#2638=VERTEX_POINT('',#5527);
#2639=VERTEX_POINT('',#5530);
#2640=VERTEX_POINT('',#5531);
#2641=VERTEX_POINT('',#5533);
#2642=VERTEX_POINT('',#5535);
#2643=VERTEX_POINT('',#5539);
#2644=VERTEX_POINT('',#5540);
#2645=VERTEX_POINT('',#5542);
#2646=VERTEX_POINT('',#5544);
#2647=VERTEX_POINT('',#5548);
#2648=VERTEX_POINT('',#5549);
#2649=VERTEX_POINT('',#5551);
#2650=VERTEX_POINT('',#5553);
#2651=VERTEX_POINT('',#5555);
#2652=VERTEX_POINT('',#5557);
#2653=VERTEX_POINT('',#5559);
#2654=VERTEX_POINT('',#5561);
#2655=VERTEX_POINT('',#5565);
#2656=VERTEX_POINT('',#5566);
#2657=VERTEX_POINT('',#5568);
#2658=VERTEX_POINT('',#5570);
#2659=VERTEX_POINT('',#5573);
#2660=VERTEX_POINT('',#5574);
#2661=VERTEX_POINT('',#5576);
#2662=VERTEX_POINT('',#5578);
#2663=VERTEX_POINT('',#5582);
#2664=VERTEX_POINT('',#5598);
#2665=VERTEX_POINT('',#5600);
#2666=VERTEX_POINT('',#5603);
#2667=VERTEX_POINT('',#5604);
#2668=VERTEX_POINT('',#5606);
#2669=VERTEX_POINT('',#5608);
#2670=VERTEX_POINT('',#5612);
#2671=VERTEX_POINT('',#5613);
#2672=VERTEX_POINT('',#5615);
#2673=VERTEX_POINT('',#5617);
#2674=VERTEX_POINT('',#5621);
#2675=VERTEX_POINT('',#5623);
#2676=VERTEX_POINT('',#5625);
#2677=VERTEX_POINT('',#5627);
#2678=VERTEX_POINT('',#5631);
#2679=VERTEX_POINT('',#5633);
#2680=VERTEX_POINT('',#5635);
#2681=VERTEX_POINT('',#5637);
#2682=VERTEX_POINT('',#5641);
#2683=VERTEX_POINT('',#5642);
#2684=VERTEX_POINT('',#5644);
#2685=VERTEX_POINT('',#5646);
#2686=VERTEX_POINT('',#5649);
#2687=VERTEX_POINT('',#5650);
#2688=VERTEX_POINT('',#5652);
#2689=VERTEX_POINT('',#5654);
#2690=VERTEX_POINT('',#5658);
#2691=VERTEX_POINT('',#5659);
#2692=VERTEX_POINT('',#5661);
#2693=VERTEX_POINT('',#5663);
#2694=VERTEX_POINT('',#5667);
#2695=VERTEX_POINT('',#5668);
#2696=VERTEX_POINT('',#5670);
#2697=VERTEX_POINT('',#5672);
#2698=VERTEX_POINT('',#5675);
#2699=VERTEX_POINT('',#5676);
#2700=VERTEX_POINT('',#5678);
#2701=VERTEX_POINT('',#5680);
#2702=VERTEX_POINT('',#5684);
#2703=VERTEX_POINT('',#5685);
#2704=VERTEX_POINT('',#5687);
#2705=VERTEX_POINT('',#5689);
#2706=VERTEX_POINT('',#5692);
#2707=VERTEX_POINT('',#5693);
#2708=VERTEX_POINT('',#5695);
#2709=VERTEX_POINT('',#5697);
#2710=VERTEX_POINT('',#5714);
#2711=VERTEX_POINT('',#5716);
#2712=VERTEX_POINT('',#5720);
#2713=VERTEX_POINT('',#5722);
#2714=VERTEX_POINT('',#5730);
#2715=VERTEX_POINT('',#5731);
#2716=VERTEX_POINT('',#5733);
#2717=VERTEX_POINT('',#5735);
#2718=VERTEX_POINT('',#5738);
#2719=VERTEX_POINT('',#5739);
#2720=VERTEX_POINT('',#5741);
#2721=VERTEX_POINT('',#5743);
#2722=VERTEX_POINT('',#5747);
#2723=VERTEX_POINT('',#5748);
#2724=VERTEX_POINT('',#5750);
#2725=VERTEX_POINT('',#5752);
#2726=VERTEX_POINT('',#5754);
#2727=VERTEX_POINT('',#5756);
#2728=VERTEX_POINT('',#5758);
#2729=VERTEX_POINT('',#5760);
#2730=VERTEX_POINT('',#5764);
#2731=VERTEX_POINT('',#5765);
#2732=VERTEX_POINT('',#5767);
#2733=VERTEX_POINT('',#5769);
#2734=VERTEX_POINT('',#5773);
#2735=VERTEX_POINT('',#5774);
#2736=VERTEX_POINT('',#5776);
#2737=VERTEX_POINT('',#5778);
#2738=VERTEX_POINT('',#5780);
#2739=VERTEX_POINT('',#5782);
#2740=VERTEX_POINT('',#5784);
#2741=VERTEX_POINT('',#5786);
#2742=VERTEX_POINT('',#5790);
#2743=VERTEX_POINT('',#5807);
#2744=VERTEX_POINT('',#5809);
#2745=VERTEX_POINT('',#5812);
#2746=VERTEX_POINT('',#5814);
#2747=VERTEX_POINT('',#5818);
#2748=VERTEX_POINT('',#5819);
#2749=VERTEX_POINT('',#5821);
#2750=VERTEX_POINT('',#5823);
#2751=VERTEX_POINT('',#5827);
#2752=VERTEX_POINT('',#5828);
#2753=VERTEX_POINT('',#5830);
#2754=VERTEX_POINT('',#5832);
#2755=VERTEX_POINT('',#5842);
#2756=VERTEX_POINT('',#5846);
#2757=VERTEX_POINT('',#5850);
#2758=VERTEX_POINT('',#5851);
#2759=VERTEX_POINT('',#5853);
#2760=VERTEX_POINT('',#5855);
#2761=VERTEX_POINT('',#5859);
#2762=VERTEX_POINT('',#5860);
#2763=VERTEX_POINT('',#5862);
#2764=VERTEX_POINT('',#5864);
#2765=VERTEX_POINT('',#5867);
#2766=VERTEX_POINT('',#5868);
#2767=VERTEX_POINT('',#5870);
#2768=VERTEX_POINT('',#5872);
#2769=VERTEX_POINT('',#5876);
#2770=VERTEX_POINT('',#5878);
#2771=VERTEX_POINT('',#5881);
#2772=VERTEX_POINT('',#5882);
#2773=VERTEX_POINT('',#5884);
#2774=VERTEX_POINT('',#5886);
#2775=VERTEX_POINT('',#5890);
#2776=VERTEX_POINT('',#5891);
#2777=VERTEX_POINT('',#5893);
#2778=VERTEX_POINT('',#5895);
#2779=VERTEX_POINT('',#5899);
#2780=VERTEX_POINT('',#5900);
#2781=VERTEX_POINT('',#5902);
#2782=VERTEX_POINT('',#5904);
#2783=VERTEX_POINT('',#5908);
#2784=VERTEX_POINT('',#5923);
#2785=VERTEX_POINT('',#5925);
#2786=VERTEX_POINT('',#5929);
#2787=VERTEX_POINT('',#5930);
#2788=VERTEX_POINT('',#5932);
#2789=VERTEX_POINT('',#5934);
#2790=VERTEX_POINT('',#5938);
#2791=VERTEX_POINT('',#5942);
#2792=VERTEX_POINT('',#5946);
#2793=VERTEX_POINT('',#5947);
#2794=VERTEX_POINT('',#5949);
#2795=VERTEX_POINT('',#5951);
#2796=VERTEX_POINT('',#5954);
#2797=VERTEX_POINT('',#5955);
#2798=VERTEX_POINT('',#5957);
#2799=VERTEX_POINT('',#5959);
#2800=VERTEX_POINT('',#5963);
#2801=VERTEX_POINT('',#5964);
#2802=VERTEX_POINT('',#5966);
#2803=VERTEX_POINT('',#5968);
#2804=VERTEX_POINT('',#5971);
#2805=VERTEX_POINT('',#5972);
#2806=VERTEX_POINT('',#5974);
#2807=VERTEX_POINT('',#5976);
#2808=VERTEX_POINT('',#5980);
#2809=VERTEX_POINT('',#5981);
#2810=VERTEX_POINT('',#5983);
#2811=VERTEX_POINT('',#5985);
#2812=VERTEX_POINT('',#5988);
#2813=VERTEX_POINT('',#5989);
#2814=VERTEX_POINT('',#5991);
#2815=VERTEX_POINT('',#5993);
#2816=VERTEX_POINT('',#5997);
#2817=VERTEX_POINT('',#5998);
#2818=VERTEX_POINT('',#6000);
#2819=VERTEX_POINT('',#6002);
#2820=VERTEX_POINT('',#6005);
#2821=VERTEX_POINT('',#6006);
#2822=VERTEX_POINT('',#6008);
#2823=VERTEX_POINT('',#6010);
#2824=VERTEX_POINT('',#6014);
#2825=VERTEX_POINT('',#6029);
#2826=VERTEX_POINT('',#6040);
#2827=VERTEX_POINT('',#6041);
#2828=VERTEX_POINT('',#6043);
#2829=VERTEX_POINT('',#6045);
#2830=VERTEX_POINT('',#6049);
#2831=VERTEX_POINT('',#6050);
#2832=VERTEX_POINT('',#6052);
#2833=VERTEX_POINT('',#6054);
#2834=VERTEX_POINT('',#6058);
#2835=VERTEX_POINT('',#6059);
#2836=VERTEX_POINT('',#6064);
#2837=VERTEX_POINT('',#6066);
#2838=VERTEX_POINT('',#6070);
#2839=VERTEX_POINT('',#6072);
#2840=VERTEX_POINT('',#6075);
#2841=VERTEX_POINT('',#6076);
#2842=VERTEX_POINT('',#6078);
#2843=VERTEX_POINT('',#6080);
#2844=VERTEX_POINT('',#6084);
#2845=VERTEX_POINT('',#6085);
#2846=VERTEX_POINT('',#6087);
#2847=VERTEX_POINT('',#6089);
#2848=VERTEX_POINT('',#6093);
#2849=VERTEX_POINT('',#6095);
#2850=VERTEX_POINT('',#6098);
#2851=VERTEX_POINT('',#6100);
#2852=VERTEX_POINT('',#6102);
#2853=VERTEX_POINT('',#6104);
#2854=VERTEX_POINT('',#6106);
#2855=VERTEX_POINT('',#6109);
#2856=VERTEX_POINT('',#6113);
#2857=VERTEX_POINT('',#6114);
#2858=VERTEX_POINT('',#6116);
#2859=VERTEX_POINT('',#6118);
#2860=VERTEX_POINT('',#6124);
#2861=VERTEX_POINT('',#6125);
#2862=VERTEX_POINT('',#6127);
#2863=VERTEX_POINT('',#6129);
#2864=VERTEX_POINT('',#6133);
#2865=VERTEX_POINT('',#6134);
#2866=VERTEX_POINT('',#6136);
#2867=VERTEX_POINT('',#6138);
#2868=VERTEX_POINT('',#6155);
#2869=VERTEX_POINT('',#6157);
#2870=VERTEX_POINT('',#6175);
#2871=VERTEX_POINT('',#6176);
#2872=VERTEX_POINT('',#6178);
#2873=VERTEX_POINT('',#6180);
#2874=VERTEX_POINT('',#6183);
#2875=VERTEX_POINT('',#6184);
#2876=VERTEX_POINT('',#6186);
#2877=VERTEX_POINT('',#6188);
#2878=VERTEX_POINT('',#6192);
#2879=VERTEX_POINT('',#6193);
#2880=VERTEX_POINT('',#6195);
#2881=VERTEX_POINT('',#6197);
#2882=VERTEX_POINT('',#6201);
#2883=VERTEX_POINT('',#6202);
#2884=VERTEX_POINT('',#6204);
#2885=VERTEX_POINT('',#6206);
#2886=VERTEX_POINT('',#6209);
#2887=VERTEX_POINT('',#6210);
#2888=VERTEX_POINT('',#6212);
#2889=VERTEX_POINT('',#6214);
#2890=VERTEX_POINT('',#6218);
#2891=VERTEX_POINT('',#6219);
#2892=VERTEX_POINT('',#6221);
#2893=VERTEX_POINT('',#6223);
#2894=VERTEX_POINT('',#6248);
#2895=VERTEX_POINT('',#6249);
#2896=VERTEX_POINT('',#6251);
#2897=VERTEX_POINT('',#6253);
#2898=VERTEX_POINT('',#6257);
#2899=VERTEX_POINT('',#6258);
#2900=VERTEX_POINT('',#6261);
#2901=VERTEX_POINT('',#6263);
#2902=VERTEX_POINT('',#6265);
#2903=VERTEX_POINT('',#6267);
#2904=VERTEX_POINT('',#6272);
#2905=VERTEX_POINT('',#6273);
#2906=VERTEX_POINT('',#6275);
#2907=VERTEX_POINT('',#6277);
#2908=VERTEX_POINT('',#6281);
#2909=VERTEX_POINT('',#6282);
#2910=VERTEX_POINT('',#6284);
#2911=VERTEX_POINT('',#6286);
#2912=VERTEX_POINT('',#6306);
#2913=VERTEX_POINT('',#6307);
#2914=VERTEX_POINT('',#6309);
#2915=VERTEX_POINT('',#6311);
#2916=VERTEX_POINT('',#6315);
#2917=VERTEX_POINT('',#6316);
#2918=VERTEX_POINT('',#6318);
#2919=VERTEX_POINT('',#6320);
#2920=VERTEX_POINT('',#6324);
#2921=VERTEX_POINT('',#6325);
#2922=VERTEX_POINT('',#6327);
#2923=VERTEX_POINT('',#6329);
#2924=VERTEX_POINT('',#6335);
#2925=VERTEX_POINT('',#6336);
#2926=VERTEX_POINT('',#6339);
#2927=VERTEX_POINT('',#6341);
#2928=VERTEX_POINT('',#6372);
#2929=VERTEX_POINT('',#6375);
#2930=VERTEX_POINT('',#6376);
#2931=VERTEX_POINT('',#6378);
#2932=VERTEX_POINT('',#6380);
#2933=VERTEX_POINT('',#6384);
#2934=VERTEX_POINT('',#6385);
#2935=VERTEX_POINT('',#6387);
#2936=VERTEX_POINT('',#6389);
#2937=VERTEX_POINT('',#6393);
#2938=VERTEX_POINT('',#6394);
#2939=VERTEX_POINT('',#6396);
#2940=VERTEX_POINT('',#6400);
#2941=VERTEX_POINT('',#6404);
#2942=VERTEX_POINT('',#6406);
#2943=VERTEX_POINT('',#6411);
#2944=VERTEX_POINT('',#6416);
#2945=VERTEX_POINT('',#6427);
#2946=VERTEX_POINT('',#6429);
#2947=VERTEX_POINT('',#6433);
#2948=VERTEX_POINT('',#6435);
#2949=VERTEX_POINT('',#6439);
#2950=VERTEX_POINT('',#6440);
#2951=VERTEX_POINT('',#6445);
#2952=VERTEX_POINT('',#6446);
#2953=VERTEX_POINT('',#6459);
#2954=VERTEX_POINT('',#6460);
#2955=VERTEX_POINT('',#6462);
#2956=VERTEX_POINT('',#6464);
#2957=VERTEX_POINT('',#6468);
#2958=VERTEX_POINT('',#6469);
#2959=VERTEX_POINT('',#6471);
#2960=VERTEX_POINT('',#6473);
#2961=VERTEX_POINT('',#6477);
#2962=VERTEX_POINT('',#6478);
#2963=VERTEX_POINT('',#6480);
#2964=VERTEX_POINT('',#6482);
#2965=VERTEX_POINT('',#6486);
#2966=VERTEX_POINT('',#6487);
#2967=VERTEX_POINT('',#6489);
#2968=VERTEX_POINT('',#6491);
#2969=VERTEX_POINT('',#6508);
#2970=VERTEX_POINT('',#6510);
#2971=VERTEX_POINT('',#6516);
#2972=VERTEX_POINT('',#6517);
#2973=VERTEX_POINT('',#6528);
#2974=VERTEX_POINT('',#6530);
#2975=VERTEX_POINT('',#6532);
#2976=VERTEX_POINT('',#6534);
#2977=VERTEX_POINT('',#6538);
#2978=VERTEX_POINT('',#6539);
#2979=VERTEX_POINT('',#6541);
#2980=VERTEX_POINT('',#6543);
#2981=VERTEX_POINT('',#6547);
#2982=VERTEX_POINT('',#6548);
#2983=VERTEX_POINT('',#6550);
#2984=VERTEX_POINT('',#6552);
#2985=VERTEX_POINT('',#6556);
#2986=VERTEX_POINT('',#6558);
#2987=VERTEX_POINT('',#6560);
#2988=VERTEX_POINT('',#6562);
#2989=VERTEX_POINT('',#6579);
#2990=VERTEX_POINT('',#6590);
#2991=VERTEX_POINT('',#6605);
#2992=VERTEX_POINT('',#6608);
#2993=VERTEX_POINT('',#6611);
#2994=VERTEX_POINT('',#6614);
#2995=VERTEX_POINT('',#6617);
#2996=VERTEX_POINT('',#6620);
#2997=VERTEX_POINT('',#6623);
#2998=VERTEX_POINT('',#6626);
#2999=VERTEX_POINT('',#6629);
#3000=VERTEX_POINT('',#6632);
#3001=VERTEX_POINT('',#6635);
#3002=VERTEX_POINT('',#6638);
#3003=CIRCLE('',#4007,0.00164157893001921);
#3004=CIRCLE('',#4008,0.00164157893001921);
#3005=CIRCLE('',#4010,0.00164157893001921);
#3006=CIRCLE('',#4011,0.00164157893001921);
#3007=CIRCLE('',#4013,0.00164157893001921);
#3008=CIRCLE('',#4014,0.00164157893001921);
#3009=CIRCLE('',#4016,0.00164157893001921);
#3010=CIRCLE('',#4017,0.00164157893001921);
#3011=CIRCLE('',#4023,0.00164157893001921);
#3012=CIRCLE('',#4024,0.0015);
#3013=CIRCLE('',#4025,0.0015);
#3014=CIRCLE('',#4026,0.0015);
#3015=CIRCLE('',#4027,0.0015);
#3016=CIRCLE('',#4029,0.0015);
#3017=CIRCLE('',#4031,0.0015);
#3018=CIRCLE('',#4033,0.0015);
#3019=CIRCLE('',#4035,0.0015);
#3020=CIRCLE('',#4037,0.00164157893001921);
#3021=CIRCLE('',#4038,0.00164157893001921);
#3022=CIRCLE('',#4042,0.0015);
#3023=CIRCLE('',#4043,0.0015);
#3024=CIRCLE('',#4045,0.0015);
#3025=CIRCLE('',#4046,0.0015);
#3026=CIRCLE('',#4052,0.0015);
#3027=CIRCLE('',#4053,0.0015);
#3028=CIRCLE('',#4054,0.0015);
#3029=CIRCLE('',#4055,0.0015);
#3030=CIRCLE('',#4057,0.0015);
#3031=CIRCLE('',#4059,0.0015);
#3032=CIRCLE('',#4061,0.0015);
#3033=CIRCLE('',#4063,0.0015);
#3034=CIRCLE('',#4073,0.00164157893001921);
#3035=CIRCLE('',#4074,0.0015);
#3036=CIRCLE('',#4075,0.0015);
#3037=CIRCLE('',#4076,0.0015);
#3038=CIRCLE('',#4077,0.0015);
#3039=CIRCLE('',#4079,0.0015);
#3040=CIRCLE('',#4081,0.0015);
#3041=CIRCLE('',#4083,0.0015);
#3042=CIRCLE('',#4085,0.0015);
#3043=CIRCLE('',#4087,0.00164157893001921);
#3044=CIRCLE('',#4088,0.00164157893001921);
#3045=CIRCLE('',#4102,0.00164157893001921);
#3046=CIRCLE('',#4103,0.0015);
#3047=CIRCLE('',#4104,0.0015);
#3048=CIRCLE('',#4105,0.0015);
#3049=CIRCLE('',#4106,0.0015);
#3050=CIRCLE('',#4108,0.0015);
#3051=CIRCLE('',#4110,0.0015);
#3052=CIRCLE('',#4112,0.0015);
#3053=CIRCLE('',#4114,0.0015);
#3054=CIRCLE('',#4118,0.0015);
#3055=CIRCLE('',#4120,0.0015);
#3056=CIRCLE('',#4126,0.00164157893001921);
#3057=CIRCLE('',#4127,0.0015);
#3058=CIRCLE('',#4128,0.0015);
#3059=CIRCLE('',#4129,0.0015);
#3060=CIRCLE('',#4130,0.0015);
#3061=CIRCLE('',#4132,0.0015);
#3062=CIRCLE('',#4134,0.0015);
#3063=CIRCLE('',#4136,0.0015);
#3064=CIRCLE('',#4138,0.0015);
#3065=CIRCLE('',#4140,0.00164157893001921);
#3066=CIRCLE('',#4150,0.00164157893001921);
#3067=CIRCLE('',#4151,0.00164157893001921);
#3068=CIRCLE('',#4155,0.00164157893001921);
#3069=CIRCLE('',#4156,0.00164157893001921);
#3070=CIRCLE('',#4162,0.0015);
#3071=CIRCLE('',#4163,0.0015);
#3072=CIRCLE('',#4164,0.0015);
#3073=CIRCLE('',#4165,0.0015);
#3074=CIRCLE('',#4167,0.0015);
#3075=CIRCLE('',#4169,0.0015);
#3076=CIRCLE('',#4171,0.0015);
#3077=CIRCLE('',#4173,0.0015);
#3078=CIRCLE('',#4186,0.0015);
#3079=CIRCLE('',#4187,0.0015);
#3080=CIRCLE('',#4188,0.0015);
#3081=CIRCLE('',#4189,0.0015);
#3082=CIRCLE('',#4191,0.0015);
#3083=CIRCLE('',#4193,0.0015);
#3084=CIRCLE('',#4195,0.0015);
#3085=CIRCLE('',#4197,0.0015);
#3086=CIRCLE('',#4207,0.0015);
#3087=CIRCLE('',#4208,0.0015);
#3088=CIRCLE('',#4209,0.0015);
#3089=CIRCLE('',#4210,0.0015);
#3090=CIRCLE('',#4212,0.0015);
#3091=CIRCLE('',#4214,0.0015);
#3092=CIRCLE('',#4216,0.0015);
#3093=CIRCLE('',#4218,0.0015);
#3094=CIRCLE('',#4221,0.0015);
#3095=CIRCLE('',#4222,0.0015);
#3096=CIRCLE('',#4224,0.0015);
#3097=CIRCLE('',#4225,0.0015);
#3098=CIRCLE('',#4227,0.0015);
#3099=CIRCLE('',#4228,0.0015);
#3100=CIRCLE('',#4230,0.0015);
#3101=CIRCLE('',#4231,0.0015);
#3102=CIRCLE('',#4246,0.00164157893001921);
#3103=CIRCLE('',#4248,0.0015);
#3104=CIRCLE('',#4249,0.0015);
#3105=CIRCLE('',#4251,0.0015);
#3106=CIRCLE('',#4252,0.0015);
#3107=CIRCLE('',#4254,0.0015);
#3108=CIRCLE('',#4255,0.0015);
#3109=CIRCLE('',#4258,0.0015);
#3110=CIRCLE('',#4260,0.0015);
#3111=CIRCLE('',#4273,0.0015);
#3112=CIRCLE('',#4274,0.0015);
#3113=CIRCLE('',#4276,0.0015);
#3114=CIRCLE('',#4277,0.0015);
#3115=CIRCLE('',#4279,0.0015);
#3116=CIRCLE('',#4280,0.0015);
#3117=CIRCLE('',#4282,0.0015);
#3118=CIRCLE('',#4283,0.0015);
#3119=CIRCLE('',#4290,0.0015);
#3120=CIRCLE('',#4293,0.0015);
#3121=CIRCLE('',#4298,0.0015);
#3122=CIRCLE('',#4299,0.0015);
#3123=CIRCLE('',#4301,0.0015);
#3124=CIRCLE('',#4302,0.0015);
#3125=CIRCLE('',#4304,0.0015);
#3126=CIRCLE('',#4305,0.0015);
#3127=CIRCLE('',#4307,0.0015);
#3128=CIRCLE('',#4308,0.0015);
#3129=CIRCLE('',#4315,0.00164157893001921);
#3130=CIRCLE('',#4321,0.00164157893001921);
#3131=CIRCLE('',#4335,0.000891578930019208);
#3132=CIRCLE('',#4337,0.000891578930019208);
#3133=CIRCLE('',#4339,0.000891578930019208);
#3134=CIRCLE('',#4341,0.000891578930019208);
#3135=CIRCLE('',#4343,0.000891578930019208);
#3136=CIRCLE('',#4345,0.000891578930019209);
#3137=CIRCLE('',#4347,0.000891578930019208);
#3138=CIRCLE('',#4349,0.000891578930019208);
#3139=CIRCLE('',#4351,0.000891578930019208);
#3140=CIRCLE('',#4353,0.000891578930019209);
#3141=CIRCLE('',#4355,0.000891578930019209);
#3142=CIRCLE('',#4357,0.000891578930019209);
#3143=EDGE_LOOP('',(#990));
#3144=EDGE_LOOP('',(#991));
#3145=EDGE_LOOP('',(#992));
#3146=EDGE_LOOP('',(#993));
#3147=EDGE_LOOP('',(#994));
#3148=EDGE_LOOP('',(#995));
#3149=EDGE_LOOP('',(#996));
#3150=EDGE_LOOP('',(#997));
#3151=EDGE_LOOP('',(#998,#999,#1000,#1001));
#3152=EDGE_LOOP('',(#1002,#1003,#1004,#1005));
#3153=EDGE_LOOP('',(#1006,#1007,#1008,#1009,#1010,#1011,#1012,#1013));
#3154=EDGE_LOOP('',(#1014,#1015,#1016,#1017));
#3155=EDGE_LOOP('',(#1018,#1019,#1020,#1021));
#3156=EDGE_LOOP('',(#1022));
#3157=EDGE_LOOP('',(#1023,#1024,#1025,#1026,#1027,#1028,#1029,#1030));
#3158=EDGE_LOOP('',(#1031,#1032,#1033,#1034,#1035,#1036));
#3159=EDGE_LOOP('',(#1037,#1038,#1039,#1040));
#3160=EDGE_LOOP('',(#1041,#1042,#1043,#1044));
#3161=EDGE_LOOP('',(#1045,#1046,#1047,#1048));
#3162=EDGE_LOOP('',(#1049));
#3163=EDGE_LOOP('',(#1050));
#3164=EDGE_LOOP('',(#1051,#1052,#1053,#1054));
#3165=EDGE_LOOP('',(#1055,#1056,#1057,#1058));
#3166=EDGE_LOOP('',(#1059,#1060,#1061,#1062,#1063,#1064));
#3167=EDGE_LOOP('',(#1065,#1066,#1067,#1068,#1069,#1070));
#3168=EDGE_LOOP('',(#1071,#1072,#1073,#1074));
#3169=EDGE_LOOP('',(#1075,#1076,#1077,#1078));
#3170=EDGE_LOOP('',(#1079,#1080,#1081,#1082));
#3171=EDGE_LOOP('',(#1083,#1084,#1085,#1086));
#3172=EDGE_LOOP('',(#1087,#1088,#1089,#1090));
#3173=EDGE_LOOP('',(#1091,#1092,#1093,#1094));
#3174=EDGE_LOOP('',(#1095,#1096,#1097,#1098));
#3175=EDGE_LOOP('',(#1099));
#3176=EDGE_LOOP('',(#1100,#1101,#1102,#1103,#1104,#1105,#1106,#1107));
#3177=EDGE_LOOP('',(#1108,#1109,#1110,#1111));
#3178=EDGE_LOOP('',(#1112,#1113,#1114,#1115));
#3179=EDGE_LOOP('',(#1116,#1117,#1118,#1119));
#3180=EDGE_LOOP('',(#1120,#1121,#1122,#1123));
#3181=EDGE_LOOP('',(#1124,#1125,#1126,#1127));
#3182=EDGE_LOOP('',(#1128,#1129,#1130,#1131));
#3183=EDGE_LOOP('',(#1132,#1133,#1134,#1135));
#3184=EDGE_LOOP('',(#1136,#1137,#1138,#1139));
#3185=EDGE_LOOP('',(#1140,#1141,#1142,#1143));
#3186=EDGE_LOOP('',(#1144,#1145,#1146,#1147));
#3187=EDGE_LOOP('',(#1148,#1149,#1150,#1151,#1152,#1153,#1154,#1155));
#3188=EDGE_LOOP('',(#1156,#1157,#1158,#1159));
#3189=EDGE_LOOP('',(#1160,#1161,#1162,#1163,#1164,#1165,#1166,#1167));
#3190=EDGE_LOOP('',(#1168));
#3191=EDGE_LOOP('',(#1169,#1170,#1171,#1172,#1173,#1174,#1175,#1176));
#3192=EDGE_LOOP('',(#1177,#1178,#1179,#1180,#1181,#1182));
#3193=EDGE_LOOP('',(#1183,#1184,#1185,#1186,#1187,#1188));
#3194=EDGE_LOOP('',(#1189,#1190,#1191,#1192));
#3195=EDGE_LOOP('',(#1193,#1194,#1195,#1196));
#3196=EDGE_LOOP('',(#1197));
#3197=EDGE_LOOP('',(#1198));
#3198=EDGE_LOOP('',(#1199,#1200,#1201,#1202));
#3199=EDGE_LOOP('',(#1203,#1204,#1205,#1206));
#3200=EDGE_LOOP('',(#1207,#1208,#1209,#1210));
#3201=EDGE_LOOP('',(#1211,#1212,#1213,#1214));
#3202=EDGE_LOOP('',(#1215,#1216,#1217,#1218));
#3203=EDGE_LOOP('',(#1219,#1220,#1221,#1222));
#3204=EDGE_LOOP('',(#1223,#1224,#1225,#1226));
#3205=EDGE_LOOP('',(#1227,#1228,#1229,#1230));
#3206=EDGE_LOOP('',(#1231,#1232,#1233,#1234));
#3207=EDGE_LOOP('',(#1235,#1236,#1237,#1238));
#3208=EDGE_LOOP('',(#1239,#1240,#1241,#1242));
#3209=EDGE_LOOP('',(#1243,#1244,#1245,#1246));
#3210=EDGE_LOOP('',(#1247,#1248,#1249,#1250));
#3211=EDGE_LOOP('',(#1251,#1252,#1253,#1254));
#3212=EDGE_LOOP('',(#1255));
#3213=EDGE_LOOP('',(#1256,#1257,#1258,#1259,#1260,#1261,#1262,#1263));
#3214=EDGE_LOOP('',(#1264,#1265,#1266,#1267));
#3215=EDGE_LOOP('',(#1268,#1269,#1270,#1271));
#3216=EDGE_LOOP('',(#1272,#1273,#1274,#1275));
#3217=EDGE_LOOP('',(#1276,#1277,#1278,#1279));
#3218=EDGE_LOOP('',(#1280,#1281,#1282,#1283));
#3219=EDGE_LOOP('',(#1284,#1285,#1286,#1287));
#3220=EDGE_LOOP('',(#1288,#1289,#1290,#1291,#1292));
#3221=EDGE_LOOP('',(#1293,#1294,#1295,#1296,#1297));
#3222=EDGE_LOOP('',(#1298,#1299,#1300,#1301));
#3223=EDGE_LOOP('',(#1302,#1303,#1304,#1305));
#3224=EDGE_LOOP('',(#1306,#1307,#1308,#1309));
#3225=EDGE_LOOP('',(#1310,#1311,#1312,#1313));
#3226=EDGE_LOOP('',(#1314,#1315,#1316,#1317));
#3227=EDGE_LOOP('',(#1318,#1319,#1320,#1321));
#3228=EDGE_LOOP('',(#1322,#1323,#1324,#1325));
#3229=EDGE_LOOP('',(#1326,#1327,#1328,#1329));
#3230=EDGE_LOOP('',(#1330));
#3231=EDGE_LOOP('',(#1331,#1332,#1333,#1334,#1335,#1336,#1337,#1338));
#3232=EDGE_LOOP('',(#1339,#1340,#1341,#1342));
#3233=EDGE_LOOP('',(#1343,#1344,#1345,#1346));
#3234=EDGE_LOOP('',(#1347,#1348,#1349,#1350));
#3235=EDGE_LOOP('',(#1351,#1352,#1353,#1354));
#3236=EDGE_LOOP('',(#1355));
#3237=EDGE_LOOP('',(#1356));
#3238=EDGE_LOOP('',(#1357,#1358,#1359,#1360));
#3239=EDGE_LOOP('',(#1361,#1362,#1363,#1364));
#3240=EDGE_LOOP('',(#1365,#1366,#1367,#1368));
#3241=EDGE_LOOP('',(#1369,#1370,#1371,#1372));
#3242=EDGE_LOOP('',(#1373,#1374,#1375,#1376));
#3243=EDGE_LOOP('',(#1377,#1378,#1379,#1380));
#3244=EDGE_LOOP('',(#1381,#1382,#1383,#1384));
#3245=EDGE_LOOP('',(#1385,#1386,#1387,#1388));
#3246=EDGE_LOOP('',(#1389));
#3247=EDGE_LOOP('',(#1390));
#3248=EDGE_LOOP('',(#1391,#1392,#1393,#1394));
#3249=EDGE_LOOP('',(#1395,#1396,#1397,#1398));
#3250=EDGE_LOOP('',(#1399));
#3251=EDGE_LOOP('',(#1400));
#3252=EDGE_LOOP('',(#1401,#1402,#1403,#1404,#1405,#1406,#1407,#1408));
#3253=EDGE_LOOP('',(#1409,#1410,#1411,#1412));
#3254=EDGE_LOOP('',(#1413,#1414,#1415,#1416));
#3255=EDGE_LOOP('',(#1417,#1418,#1419,#1420));
#3256=EDGE_LOOP('',(#1421,#1422,#1423,#1424));
#3257=EDGE_LOOP('',(#1425));
#3258=EDGE_LOOP('',(#1426,#1427,#1428,#1429,#1430,#1431,#1432,#1433));
#3259=EDGE_LOOP('',(#1434,#1435,#1436,#1437));
#3260=EDGE_LOOP('',(#1438,#1439,#1440,#1441,#1442,#1443));
#3261=EDGE_LOOP('',(#1444,#1445,#1446,#1447));
#3262=EDGE_LOOP('',(#1448,#1449,#1450,#1451));
#3263=EDGE_LOOP('',(#1452,#1453,#1454,#1455));
#3264=EDGE_LOOP('',(#1456,#1457,#1458,#1459));
#3265=EDGE_LOOP('',(#1460,#1461,#1462,#1463));
#3266=EDGE_LOOP('',(#1464,#1465,#1466,#1467));
#3267=EDGE_LOOP('',(#1468,#1469,#1470,#1471));
#3268=EDGE_LOOP('',(#1472,#1473,#1474,#1475));
#3269=EDGE_LOOP('',(#1476,#1477,#1478,#1479));
#3270=EDGE_LOOP('',(#1480,#1481,#1482,#1483));
#3271=EDGE_LOOP('',(#1484,#1485,#1486,#1487));
#3272=EDGE_LOOP('',(#1488,#1489,#1490,#1491));
#3273=EDGE_LOOP('',(#1492,#1493,#1494,#1495));
#3274=EDGE_LOOP('',(#1496,#1497,#1498,#1499));
#3275=EDGE_LOOP('',(#1500,#1501,#1502,#1503));
#3276=EDGE_LOOP('',(#1504,#1505,#1506,#1507));
#3277=EDGE_LOOP('',(#1508,#1509,#1510,#1511));
#3278=EDGE_LOOP('',(#1512));
#3279=EDGE_LOOP('',(#1513,#1514,#1515,#1516,#1517,#1518,#1519,#1520));
#3280=EDGE_LOOP('',(#1521,#1522,#1523,#1524));
#3281=EDGE_LOOP('',(#1525,#1526,#1527,#1528));
#3282=EDGE_LOOP('',(#1529,#1530,#1531,#1532));
#3283=EDGE_LOOP('',(#1533,#1534,#1535,#1536));
#3284=EDGE_LOOP('',(#1537,#1538,#1539,#1540));
#3285=EDGE_LOOP('',(#1541,#1542,#1543,#1544));
#3286=EDGE_LOOP('',(#1545,#1546,#1547,#1548));
#3287=EDGE_LOOP('',(#1549,#1550,#1551,#1552));
#3288=EDGE_LOOP('',(#1553,#1554,#1555,#1556));
#3289=EDGE_LOOP('',(#1557,#1558,#1559,#1560));
#3290=EDGE_LOOP('',(#1561,#1562,#1563,#1564,#1565,#1566,#1567,#1568));
#3291=EDGE_LOOP('',(#1569,#1570,#1571,#1572));
#3292=EDGE_LOOP('',(#1573,#1574,#1575,#1576));
#3293=EDGE_LOOP('',(#1577));
#3294=EDGE_LOOP('',(#1578,#1579,#1580,#1581,#1582,#1583,#1584,#1585));
#3295=EDGE_LOOP('',(#1586,#1587,#1588,#1589,#1590,#1591));
#3296=EDGE_LOOP('',(#1592,#1593,#1594,#1595));
#3297=EDGE_LOOP('',(#1596,#1597,#1598,#1599));
#3298=EDGE_LOOP('',(#1600,#1601,#1602,#1603));
#3299=EDGE_LOOP('',(#1604,#1605,#1606,#1607));
#3300=EDGE_LOOP('',(#1608,#1609,#1610,#1611));
#3301=EDGE_LOOP('',(#1612,#1613,#1614,#1615));
#3302=EDGE_LOOP('',(#1616,#1617,#1618,#1619,#1620,#1621));
#3303=EDGE_LOOP('',(#1622,#1623,#1624,#1625,#1626,#1627));
#3304=EDGE_LOOP('',(#1628));
#3305=EDGE_LOOP('',(#1629,#1630,#1631,#1632,#1633,#1634,#1635,#1636));
#3306=EDGE_LOOP('',(#1637,#1638,#1639,#1640));
#3307=EDGE_LOOP('',(#1641,#1642,#1643,#1644));
#3308=EDGE_LOOP('',(#1645,#1646,#1647,#1648));
#3309=EDGE_LOOP('',(#1649,#1650,#1651,#1652,#1653,#1654,#1655,#1656));
#3310=EDGE_LOOP('',(#1657,#1658,#1659,#1660,#1661,#1662,#1663,#1664));
#3311=EDGE_LOOP('',(#1665,#1666,#1667,#1668));
#3312=EDGE_LOOP('',(#1669,#1670,#1671,#1672));
#3313=EDGE_LOOP('',(#1673,#1674,#1675,#1676));
#3314=EDGE_LOOP('',(#1677,#1678,#1679,#1680));
#3315=EDGE_LOOP('',(#1681,#1682,#1683,#1684));
#3316=EDGE_LOOP('',(#1685,#1686,#1687,#1688));
#3317=EDGE_LOOP('',(#1689,#1690,#1691,#1692));
#3318=EDGE_LOOP('',(#1693,#1694,#1695,#1696));
#3319=EDGE_LOOP('',(#1697));
#3320=EDGE_LOOP('',(#1698));
#3321=EDGE_LOOP('',(#1699,#1700,#1701,#1702));
#3322=EDGE_LOOP('',(#1703,#1704,#1705,#1706));
#3323=EDGE_LOOP('',(#1707));
#3324=EDGE_LOOP('',(#1708,#1709,#1710,#1711,#1712,#1713,#1714,#1715));
#3325=EDGE_LOOP('',(#1716,#1717,#1718,#1719));
#3326=EDGE_LOOP('',(#1720,#1721,#1722,#1723,#1724,#1725,#1726,#1727));
#3327=EDGE_LOOP('',(#1728,#1729,#1730,#1731,#1732,#1733,#1734,#1735));
#3328=EDGE_LOOP('',(#1736,#1737,#1738,#1739,#1740,#1741,#1742,#1743));
#3329=EDGE_LOOP('',(#1744,#1745,#1746,#1747));
#3330=EDGE_LOOP('',(#1748,#1749,#1750,#1751));
#3331=EDGE_LOOP('',(#1752,#1753,#1754,#1755,#1756,#1757,#1758,#1759));
#3332=EDGE_LOOP('',(#1760,#1761,#1762,#1763));
#3333=EDGE_LOOP('',(#1764,#1765,#1766,#1767));
#3334=EDGE_LOOP('',(#1768,#1769,#1770,#1771));
#3335=EDGE_LOOP('',(#1772,#1773,#1774,#1775));
#3336=EDGE_LOOP('',(#1776,#1777,#1778,#1779));
#3337=EDGE_LOOP('',(#1780,#1781,#1782,#1783));
#3338=EDGE_LOOP('',(#1784,#1785,#1786,#1787));
#3339=EDGE_LOOP('',(#1788,#1789,#1790,#1791));
#3340=EDGE_LOOP('',(#1792,#1793,#1794,#1795));
#3341=EDGE_LOOP('',(#1796,#1797,#1798,#1799));
#3342=EDGE_LOOP('',(#1800,#1801,#1802,#1803));
#3343=EDGE_LOOP('',(#1804,#1805,#1806,#1807));
#3344=EDGE_LOOP('',(#1808));
#3345=EDGE_LOOP('',(#1809,#1810,#1811,#1812,#1813,#1814,#1815,#1816));
#3346=EDGE_LOOP('',(#1817,#1818,#1819,#1820));
#3347=EDGE_LOOP('',(#1821,#1822,#1823,#1824));
#3348=EDGE_LOOP('',(#1825,#1826,#1827,#1828));
#3349=EDGE_LOOP('',(#1829,#1830,#1831,#1832));
#3350=EDGE_LOOP('',(#1833,#1834,#1835,#1836));
#3351=EDGE_LOOP('',(#1837,#1838,#1839,#1840));
#3352=EDGE_LOOP('',(#1841,#1842,#1843,#1844));
#3353=EDGE_LOOP('',(#1845,#1846,#1847,#1848,#1849));
#3354=EDGE_LOOP('',(#1850,#1851,#1852,#1853));
#3355=EDGE_LOOP('',(#1854,#1855,#1856,#1857,#1858));
#3356=EDGE_LOOP('',(#1859,#1860,#1861,#1862));
#3357=EDGE_LOOP('',(#1863,#1864,#1865,#1866));
#3358=EDGE_LOOP('',(#1867,#1868,#1869,#1870));
#3359=EDGE_LOOP('',(#1871,#1872,#1873,#1874,#1875,#1876,#1877,#1878));
#3360=EDGE_LOOP('',(#1879,#1880,#1881,#1882));
#3361=EDGE_LOOP('',(#1883,#1884,#1885,#1886));
#3362=EDGE_LOOP('',(#1887,#1888,#1889,#1890,#1891,#1892,#1893,#1894));
#3363=EDGE_LOOP('',(#1895));
#3364=EDGE_LOOP('',(#1896,#1897,#1898,#1899,#1900,#1901,#1902,#1903));
#3365=EDGE_LOOP('',(#1904,#1905,#1906,#1907));
#3366=EDGE_LOOP('',(#1908,#1909,#1910,#1911,#1912,#1913,#1914,#1915));
#3367=EDGE_LOOP('',(#1916,#1917,#1918,#1919));
#3368=EDGE_LOOP('',(#1920,#1921,#1922,#1923));
#3369=EDGE_LOOP('',(#1924,#1925,#1926,#1927,#1928,#1929,#1930,#1931));
#3370=EDGE_LOOP('',(#1932));
#3371=EDGE_LOOP('',(#1933));
#3372=EDGE_LOOP('',(#1934,#1935,#1936,#1937));
#3373=EDGE_LOOP('',(#1938,#1939,#1940,#1941));
#3374=EDGE_LOOP('',(#1942,#1943,#1944,#1945));
#3375=EDGE_LOOP('',(#1946,#1947,#1948,#1949));
#3376=EDGE_LOOP('',(#1950));
#3377=EDGE_LOOP('',(#1951));
#3378=EDGE_LOOP('',(#1952,#1953,#1954,#1955,#1956,#1957,#1958,#1959));
#3379=EDGE_LOOP('',(#1960,#1961,#1962,#1963,#1964,#1965,#1966,#1967));
#3380=EDGE_LOOP('',(#1968,#1969,#1970,#1971,#1972,#1973,#1974,#1975));
#3381=EDGE_LOOP('',(#1976,#1977,#1978,#1979,#1980,#1981,#1982,#1983));
#3382=EDGE_LOOP('',(#1984,#1985,#1986,#1987,#1988,#1989,#1990,#1991));
#3383=EDGE_LOOP('',(#1992,#1993,#1994,#1995,#1996,#1997,#1998,#1999));
#3384=EDGE_LOOP('',(#2000,#2001,#2002,#2003,#2004,#2005,#2006,#2007));
#3385=EDGE_LOOP('',(#2008,#2009,#2010,#2011,#2012,#2013,#2014,#2015));
#3386=EDGE_LOOP('',(#2016,#2017,#2018,#2019,#2020,#2021,#2022,#2023));
#3387=EDGE_LOOP('',(#2024,#2025,#2026,#2027,#2028,#2029,#2030,#2031));
#3388=EDGE_LOOP('',(#2032,#2033,#2034,#2035,#2036,#2037,#2038,#2039));
#3389=EDGE_LOOP('',(#2040,#2041,#2042,#2043,#2044,#2045,#2046,#2047));
#3390=EDGE_LOOP('',(#2048));
#3391=EDGE_LOOP('',(#2049));
#3392=EDGE_LOOP('',(#2050));
#3393=EDGE_LOOP('',(#2051));
#3394=EDGE_LOOP('',(#2052));
#3395=EDGE_LOOP('',(#2053));
#3396=EDGE_LOOP('',(#2054));
#3397=EDGE_LOOP('',(#2055));
#3398=EDGE_LOOP('',(#2056));
#3399=EDGE_LOOP('',(#2057));
#3400=EDGE_LOOP('',(#2058));
#3401=EDGE_LOOP('',(#2059));
#3402=EDGE_LOOP('',(#2060));
#3403=EDGE_LOOP('',(#2061));
#3404=EDGE_LOOP('',(#2062));
#3405=EDGE_LOOP('',(#2063));
#3406=EDGE_LOOP('',(#2064));
#3407=EDGE_LOOP('',(#2065));
#3408=EDGE_LOOP('',(#2066));
#3409=EDGE_LOOP('',(#2067));
#3410=EDGE_LOOP('',(#2068));
#3411=EDGE_LOOP('',(#2069));
#3412=EDGE_LOOP('',(#2070));
#3413=EDGE_LOOP('',(#2071));
#3414=EDGE_LOOP('',(#2072));
#3415=EDGE_LOOP('',(#2073));
#3416=EDGE_LOOP('',(#2074));
#3417=EDGE_LOOP('',(#2075));
#3418=EDGE_LOOP('',(#2076));
#3419=EDGE_LOOP('',(#2077));
#3420=EDGE_LOOP('',(#2078));
#3421=EDGE_LOOP('',(#2079));
#3422=EDGE_LOOP('',(#2080));
#3423=EDGE_LOOP('',(#2081));
#3424=EDGE_LOOP('',(#2082));
#3425=EDGE_LOOP('',(#2083));
#3426=FACE_BOUND('',#3143,.T.);
#3427=FACE_BOUND('',#3144,.T.);
#3428=FACE_BOUND('',#3145,.T.);
#3429=FACE_BOUND('',#3146,.T.);
#3430=FACE_BOUND('',#3147,.T.);
#3431=FACE_BOUND('',#3148,.T.);
#3432=FACE_BOUND('',#3149,.T.);
#3433=FACE_BOUND('',#3150,.T.);
#3434=FACE_BOUND('',#3151,.T.);
#3435=FACE_BOUND('',#3152,.T.);
#3436=FACE_BOUND('',#3153,.T.);
#3437=FACE_BOUND('',#3154,.T.);
#3438=FACE_BOUND('',#3155,.T.);
#3439=FACE_BOUND('',#3156,.T.);
#3440=FACE_BOUND('',#3157,.T.);
#3441=FACE_BOUND('',#3158,.T.);
#3442=FACE_BOUND('',#3159,.T.);
#3443=FACE_BOUND('',#3160,.T.);
#3444=FACE_BOUND('',#3161,.T.);
#3445=FACE_BOUND('',#3162,.T.);
#3446=FACE_BOUND('',#3163,.T.);
#3447=FACE_BOUND('',#3164,.T.);
#3448=FACE_BOUND('',#3165,.T.);
#3449=FACE_BOUND('',#3166,.T.);
#3450=FACE_BOUND('',#3167,.T.);
#3451=FACE_BOUND('',#3168,.T.);
#3452=FACE_BOUND('',#3169,.T.);
#3453=FACE_BOUND('',#3170,.T.);
#3454=FACE_BOUND('',#3171,.T.);
#3455=FACE_BOUND('',#3172,.T.);
#3456=FACE_BOUND('',#3173,.T.);
#3457=FACE_BOUND('',#3174,.T.);
#3458=FACE_BOUND('',#3175,.T.);
#3459=FACE_BOUND('',#3176,.T.);
#3460=FACE_BOUND('',#3177,.T.);
#3461=FACE_BOUND('',#3178,.T.);
#3462=FACE_BOUND('',#3179,.T.);
#3463=FACE_BOUND('',#3180,.T.);
#3464=FACE_BOUND('',#3181,.T.);
#3465=FACE_BOUND('',#3182,.T.);
#3466=FACE_BOUND('',#3183,.T.);
#3467=FACE_BOUND('',#3184,.T.);
#3468=FACE_BOUND('',#3185,.T.);
#3469=FACE_BOUND('',#3186,.T.);
#3470=FACE_BOUND('',#3187,.T.);
#3471=FACE_BOUND('',#3188,.T.);
#3472=FACE_BOUND('',#3189,.T.);
#3473=FACE_BOUND('',#3190,.T.);
#3474=FACE_BOUND('',#3191,.T.);
#3475=FACE_BOUND('',#3192,.T.);
#3476=FACE_BOUND('',#3193,.T.);
#3477=FACE_BOUND('',#3194,.T.);
#3478=FACE_BOUND('',#3195,.T.);
#3479=FACE_BOUND('',#3196,.T.);
#3480=FACE_BOUND('',#3197,.T.);
#3481=FACE_BOUND('',#3198,.T.);
#3482=FACE_BOUND('',#3199,.T.);
#3483=FACE_BOUND('',#3200,.T.);
#3484=FACE_BOUND('',#3201,.T.);
#3485=FACE_BOUND('',#3202,.T.);
#3486=FACE_BOUND('',#3203,.T.);
#3487=FACE_BOUND('',#3204,.T.);
#3488=FACE_BOUND('',#3205,.T.);
#3489=FACE_BOUND('',#3206,.T.);
#3490=FACE_BOUND('',#3207,.T.);
#3491=FACE_BOUND('',#3208,.T.);
#3492=FACE_BOUND('',#3209,.T.);
#3493=FACE_BOUND('',#3210,.T.);
#3494=FACE_BOUND('',#3211,.T.);
#3495=FACE_BOUND('',#3212,.T.);
#3496=FACE_BOUND('',#3213,.T.);
#3497=FACE_BOUND('',#3214,.T.);
#3498=FACE_BOUND('',#3215,.T.);
#3499=FACE_BOUND('',#3216,.T.);
#3500=FACE_BOUND('',#3217,.T.);
#3501=FACE_BOUND('',#3218,.T.);
#3502=FACE_BOUND('',#3219,.T.);
#3503=FACE_BOUND('',#3220,.T.);
#3504=FACE_BOUND('',#3221,.T.);
#3505=FACE_BOUND('',#3222,.T.);
#3506=FACE_BOUND('',#3223,.T.);
#3507=FACE_BOUND('',#3224,.T.);
#3508=FACE_BOUND('',#3225,.T.);
#3509=FACE_BOUND('',#3226,.T.);
#3510=FACE_BOUND('',#3227,.T.);
#3511=FACE_BOUND('',#3228,.T.);
#3512=FACE_BOUND('',#3229,.T.);
#3513=FACE_BOUND('',#3230,.T.);
#3514=FACE_BOUND('',#3231,.T.);
#3515=FACE_BOUND('',#3232,.T.);
#3516=FACE_BOUND('',#3233,.T.);
#3517=FACE_BOUND('',#3234,.T.);
#3518=FACE_BOUND('',#3235,.T.);
#3519=FACE_BOUND('',#3236,.T.);
#3520=FACE_BOUND('',#3237,.T.);
#3521=FACE_BOUND('',#3238,.T.);
#3522=FACE_BOUND('',#3239,.T.);
#3523=FACE_BOUND('',#3240,.T.);
#3524=FACE_BOUND('',#3241,.T.);
#3525=FACE_BOUND('',#3242,.T.);
#3526=FACE_BOUND('',#3243,.T.);
#3527=FACE_BOUND('',#3244,.T.);
#3528=FACE_BOUND('',#3245,.T.);
#3529=FACE_BOUND('',#3246,.T.);
#3530=FACE_BOUND('',#3247,.T.);
#3531=FACE_BOUND('',#3248,.T.);
#3532=FACE_BOUND('',#3249,.T.);
#3533=FACE_BOUND('',#3250,.T.);
#3534=FACE_BOUND('',#3251,.T.);
#3535=FACE_BOUND('',#3252,.T.);
#3536=FACE_BOUND('',#3253,.T.);
#3537=FACE_BOUND('',#3254,.T.);
#3538=FACE_BOUND('',#3255,.T.);
#3539=FACE_BOUND('',#3256,.T.);
#3540=FACE_BOUND('',#3257,.T.);
#3541=FACE_BOUND('',#3258,.T.);
#3542=FACE_BOUND('',#3259,.T.);
#3543=FACE_BOUND('',#3260,.T.);
#3544=FACE_BOUND('',#3261,.T.);
#3545=FACE_BOUND('',#3262,.T.);
#3546=FACE_BOUND('',#3263,.T.);
#3547=FACE_BOUND('',#3264,.T.);
#3548=FACE_BOUND('',#3265,.T.);
#3549=FACE_BOUND('',#3266,.T.);
#3550=FACE_BOUND('',#3267,.T.);
#3551=FACE_BOUND('',#3268,.T.);
#3552=FACE_BOUND('',#3269,.T.);
#3553=FACE_BOUND('',#3270,.T.);
#3554=FACE_BOUND('',#3271,.T.);
#3555=FACE_BOUND('',#3272,.T.);
#3556=FACE_BOUND('',#3273,.T.);
#3557=FACE_BOUND('',#3274,.T.);
#3558=FACE_BOUND('',#3275,.T.);
#3559=FACE_BOUND('',#3276,.T.);
#3560=FACE_BOUND('',#3277,.T.);
#3561=FACE_BOUND('',#3278,.T.);
#3562=FACE_BOUND('',#3279,.T.);
#3563=FACE_BOUND('',#3280,.T.);
#3564=FACE_BOUND('',#3281,.T.);
#3565=FACE_BOUND('',#3282,.T.);
#3566=FACE_BOUND('',#3283,.T.);
#3567=FACE_BOUND('',#3284,.T.);
#3568=FACE_BOUND('',#3285,.T.);
#3569=FACE_BOUND('',#3286,.T.);
#3570=FACE_BOUND('',#3287,.T.);
#3571=FACE_BOUND('',#3288,.T.);
#3572=FACE_BOUND('',#3289,.T.);
#3573=FACE_BOUND('',#3290,.T.);
#3574=FACE_BOUND('',#3291,.T.);
#3575=FACE_BOUND('',#3292,.T.);
#3576=FACE_BOUND('',#3293,.T.);
#3577=FACE_BOUND('',#3294,.T.);
#3578=FACE_BOUND('',#3295,.T.);
#3579=FACE_BOUND('',#3296,.T.);
#3580=FACE_BOUND('',#3297,.T.);
#3581=FACE_BOUND('',#3298,.T.);
#3582=FACE_BOUND('',#3299,.T.);
#3583=FACE_BOUND('',#3300,.T.);
#3584=FACE_BOUND('',#3301,.T.);
#3585=FACE_BOUND('',#3302,.T.);
#3586=FACE_BOUND('',#3303,.T.);
#3587=FACE_BOUND('',#3304,.T.);
#3588=FACE_BOUND('',#3305,.T.);
#3589=FACE_BOUND('',#3306,.T.);
#3590=FACE_BOUND('',#3307,.T.);
#3591=FACE_BOUND('',#3308,.T.);
#3592=FACE_BOUND('',#3309,.T.);
#3593=FACE_BOUND('',#3310,.T.);
#3594=FACE_BOUND('',#3311,.T.);
#3595=FACE_BOUND('',#3312,.T.);
#3596=FACE_BOUND('',#3313,.T.);
#3597=FACE_BOUND('',#3314,.T.);
#3598=FACE_BOUND('',#3315,.T.);
#3599=FACE_BOUND('',#3316,.T.);
#3600=FACE_BOUND('',#3317,.T.);
#3601=FACE_BOUND('',#3318,.T.);
#3602=FACE_BOUND('',#3319,.T.);
#3603=FACE_BOUND('',#3320,.T.);
#3604=FACE_BOUND('',#3321,.T.);
#3605=FACE_BOUND('',#3322,.T.);
#3606=FACE_BOUND('',#3323,.T.);
#3607=FACE_BOUND('',#3324,.T.);
#3608=FACE_BOUND('',#3325,.T.);
#3609=FACE_BOUND('',#3326,.T.);
#3610=FACE_BOUND('',#3327,.T.);
#3611=FACE_BOUND('',#3328,.T.);
#3612=FACE_BOUND('',#3329,.T.);
#3613=FACE_BOUND('',#3330,.T.);
#3614=FACE_BOUND('',#3331,.T.);
#3615=FACE_BOUND('',#3332,.T.);
#3616=FACE_BOUND('',#3333,.T.);
#3617=FACE_BOUND('',#3334,.T.);
#3618=FACE_BOUND('',#3335,.T.);
#3619=FACE_BOUND('',#3336,.T.);
#3620=FACE_BOUND('',#3337,.T.);
#3621=FACE_BOUND('',#3338,.T.);
#3622=FACE_BOUND('',#3339,.T.);
#3623=FACE_BOUND('',#3340,.T.);
#3624=FACE_BOUND('',#3341,.T.);
#3625=FACE_BOUND('',#3342,.T.);
#3626=FACE_BOUND('',#3343,.T.);
#3627=FACE_BOUND('',#3344,.T.);
#3628=FACE_BOUND('',#3345,.T.);
#3629=FACE_BOUND('',#3346,.T.);
#3630=FACE_BOUND('',#3347,.T.);
#3631=FACE_BOUND('',#3348,.T.);
#3632=FACE_BOUND('',#3349,.T.);
#3633=FACE_BOUND('',#3350,.T.);
#3634=FACE_BOUND('',#3351,.T.);
#3635=FACE_BOUND('',#3352,.T.);
#3636=FACE_BOUND('',#3353,.T.);
#3637=FACE_BOUND('',#3354,.T.);
#3638=FACE_BOUND('',#3355,.T.);
#3639=FACE_BOUND('',#3356,.T.);
#3640=FACE_BOUND('',#3357,.T.);
#3641=FACE_BOUND('',#3358,.T.);
#3642=FACE_BOUND('',#3359,.T.);
#3643=FACE_BOUND('',#3360,.T.);
#3644=FACE_BOUND('',#3361,.T.);
#3645=FACE_BOUND('',#3362,.T.);
#3646=FACE_BOUND('',#3363,.T.);
#3647=FACE_BOUND('',#3364,.T.);
#3648=FACE_BOUND('',#3365,.T.);
#3649=FACE_BOUND('',#3366,.T.);
#3650=FACE_BOUND('',#3367,.T.);
#3651=FACE_BOUND('',#3368,.T.);
#3652=FACE_BOUND('',#3369,.T.);
#3653=FACE_BOUND('',#3370,.T.);
#3654=FACE_BOUND('',#3371,.T.);
#3655=FACE_BOUND('',#3372,.T.);
#3656=FACE_BOUND('',#3373,.T.);
#3657=FACE_BOUND('',#3374,.T.);
#3658=FACE_BOUND('',#3375,.T.);
#3659=FACE_BOUND('',#3376,.T.);
#3660=FACE_BOUND('',#3377,.T.);
#3661=FACE_BOUND('',#3378,.T.);
#3662=FACE_BOUND('',#3379,.T.);
#3663=FACE_BOUND('',#3380,.T.);
#3664=FACE_BOUND('',#3381,.T.);
#3665=FACE_BOUND('',#3382,.T.);
#3666=FACE_BOUND('',#3383,.T.);
#3667=FACE_BOUND('',#3384,.T.);
#3668=FACE_BOUND('',#3385,.T.);
#3669=FACE_BOUND('',#3386,.T.);
#3670=FACE_BOUND('',#3387,.T.);
#3671=FACE_BOUND('',#3388,.T.);
#3672=FACE_BOUND('',#3389,.T.);
#3673=FACE_BOUND('',#3390,.T.);
#3674=FACE_BOUND('',#3391,.T.);
#3675=FACE_BOUND('',#3392,.T.);
#3676=FACE_BOUND('',#3393,.T.);
#3677=FACE_BOUND('',#3394,.T.);
#3678=FACE_BOUND('',#3395,.T.);
#3679=FACE_BOUND('',#3396,.T.);
#3680=FACE_BOUND('',#3397,.T.);
#3681=FACE_BOUND('',#3398,.T.);
#3682=FACE_BOUND('',#3399,.T.);
#3683=FACE_BOUND('',#3400,.T.);
#3684=FACE_BOUND('',#3401,.T.);
#3685=FACE_BOUND('',#3402,.T.);
#3686=FACE_BOUND('',#3403,.T.);
#3687=FACE_BOUND('',#3404,.T.);
#3688=FACE_BOUND('',#3405,.T.);
#3689=FACE_BOUND('',#3406,.T.);
#3690=FACE_BOUND('',#3407,.T.);
#3691=FACE_BOUND('',#3408,.T.);
#3692=FACE_BOUND('',#3409,.T.);
#3693=FACE_BOUND('',#3410,.T.);
#3694=FACE_BOUND('',#3411,.T.);
#3695=FACE_BOUND('',#3412,.T.);
#3696=FACE_BOUND('',#3413,.T.);
#3697=FACE_BOUND('',#3414,.T.);
#3698=FACE_BOUND('',#3415,.T.);
#3699=FACE_BOUND('',#3416,.T.);
#3700=FACE_BOUND('',#3417,.T.);
#3701=FACE_BOUND('',#3418,.T.);
#3702=FACE_BOUND('',#3419,.T.);
#3703=FACE_BOUND('',#3420,.T.);
#3704=FACE_BOUND('',#3421,.T.);
#3705=FACE_BOUND('',#3422,.T.);
#3706=FACE_BOUND('',#3423,.T.);
#3707=FACE_BOUND('',#3424,.T.);
#3708=FACE_BOUND('',#3425,.T.);
#3709=CYLINDRICAL_SURFACE('',#4006,0.00164157893001921);
#3710=CYLINDRICAL_SURFACE('',#4009,0.00164157893001921);
#3711=CYLINDRICAL_SURFACE('',#4012,0.00164157893001921);
#3712=CYLINDRICAL_SURFACE('',#4015,0.00164157893001921);
#3713=CYLINDRICAL_SURFACE('',#4028,0.0015);
#3714=CYLINDRICAL_SURFACE('',#4030,0.0015);
#3715=CYLINDRICAL_SURFACE('',#4032,0.0015);
#3716=CYLINDRICAL_SURFACE('',#4034,0.0015);
#3717=CYLINDRICAL_SURFACE('',#4036,0.00164157893001921);
#3718=CYLINDRICAL_SURFACE('',#4056,0.0015);
#3719=CYLINDRICAL_SURFACE('',#4058,0.0015);
#3720=CYLINDRICAL_SURFACE('',#4060,0.0015);
#3721=CYLINDRICAL_SURFACE('',#4062,0.0015);
#3722=CYLINDRICAL_SURFACE('',#4078,0.0015);
#3723=CYLINDRICAL_SURFACE('',#4080,0.0015);
#3724=CYLINDRICAL_SURFACE('',#4082,0.0015);
#3725=CYLINDRICAL_SURFACE('',#4084,0.0015);
#3726=CYLINDRICAL_SURFACE('',#4086,0.00164157893001921);
#3727=CYLINDRICAL_SURFACE('',#4107,0.0015);
#3728=CYLINDRICAL_SURFACE('',#4109,0.0015);
#3729=CYLINDRICAL_SURFACE('',#4111,0.0015);
#3730=CYLINDRICAL_SURFACE('',#4113,0.0015);
#3731=CYLINDRICAL_SURFACE('',#4131,0.0015);
#3732=CYLINDRICAL_SURFACE('',#4133,0.0015);
#3733=CYLINDRICAL_SURFACE('',#4135,0.0015);
#3734=CYLINDRICAL_SURFACE('',#4137,0.0015);
#3735=CYLINDRICAL_SURFACE('',#4139,0.00164157893001921);
#3736=CYLINDRICAL_SURFACE('',#4149,0.00164157893001921);
#3737=CYLINDRICAL_SURFACE('',#4154,0.00164157893001921);
#3738=CYLINDRICAL_SURFACE('',#4166,0.0015);
#3739=CYLINDRICAL_SURFACE('',#4168,0.0015);
#3740=CYLINDRICAL_SURFACE('',#4170,0.0015);
#3741=CYLINDRICAL_SURFACE('',#4172,0.0015);
#3742=CYLINDRICAL_SURFACE('',#4190,0.0015);
#3743=CYLINDRICAL_SURFACE('',#4192,0.0015);
#3744=CYLINDRICAL_SURFACE('',#4194,0.0015);
#3745=CYLINDRICAL_SURFACE('',#4196,0.0015);
#3746=CYLINDRICAL_SURFACE('',#4211,0.0015);
#3747=CYLINDRICAL_SURFACE('',#4213,0.0015);
#3748=CYLINDRICAL_SURFACE('',#4215,0.0015);
#3749=CYLINDRICAL_SURFACE('',#4217,0.0015);
#3750=CYLINDRICAL_SURFACE('',#4220,0.0015);
#3751=CYLINDRICAL_SURFACE('',#4223,0.0015);
#3752=CYLINDRICAL_SURFACE('',#4226,0.0015);
#3753=CYLINDRICAL_SURFACE('',#4229,0.0015);
#3754=CYLINDRICAL_SURFACE('',#4245,0.00164157893001921);
#3755=CYLINDRICAL_SURFACE('',#4247,0.0015);
#3756=CYLINDRICAL_SURFACE('',#4250,0.0015);
#3757=CYLINDRICAL_SURFACE('',#4257,0.0015);
#3758=CYLINDRICAL_SURFACE('',#4259,0.0015);
#3759=CYLINDRICAL_SURFACE('',#4272,0.0015);
#3760=CYLINDRICAL_SURFACE('',#4275,0.0015);
#3761=CYLINDRICAL_SURFACE('',#4278,0.0015);
#3762=CYLINDRICAL_SURFACE('',#4281,0.0015);
#3763=CYLINDRICAL_SURFACE('',#4297,0.0015);
#3764=CYLINDRICAL_SURFACE('',#4300,0.0015);
#3765=CYLINDRICAL_SURFACE('',#4303,0.0015);
#3766=CYLINDRICAL_SURFACE('',#4306,0.0015);
#3767=CYLINDRICAL_SURFACE('',#4314,0.00164157893001921);
#3768=CYLINDRICAL_SURFACE('',#4320,0.00164157893001921);
#3769=ADVANCED_FACE('',(#3426,#3427),#3709,.T.);
#3770=ADVANCED_FACE('',(#3428,#3429),#3710,.T.);
#3771=ADVANCED_FACE('',(#3430,#3431),#3711,.T.);
#3772=ADVANCED_FACE('',(#3432,#3433),#3712,.T.);
#3773=ADVANCED_FACE('',(#3434),#838,.F.);
#3774=ADVANCED_FACE('',(#3435),#839,.T.);
#3775=ADVANCED_FACE('',(#3436),#840,.T.);
#3776=ADVANCED_FACE('',(#3437,#3438),#841,.F.);
#3777=ADVANCED_FACE('',(#3439,#3440),#842,.F.);
#3778=ADVANCED_FACE('',(#3441),#3713,.T.);
#3779=ADVANCED_FACE('',(#3442),#3714,.T.);
#3780=ADVANCED_FACE('',(#3443),#3715,.T.);
#3781=ADVANCED_FACE('',(#3444),#3716,.T.);
#3782=ADVANCED_FACE('',(#3445,#3446),#3717,.T.);
#3783=ADVANCED_FACE('',(#3447),#843,.T.);
#3784=ADVANCED_FACE('',(#3448),#844,.F.);
#3785=ADVANCED_FACE('',(#3449),#845,.F.);
#3786=ADVANCED_FACE('',(#3450),#846,.T.);
#3787=ADVANCED_FACE('',(#3451,#3452),#847,.F.);
#3788=ADVANCED_FACE('',(#3453),#848,.F.);
#3789=ADVANCED_FACE('',(#3454,#3455),#849,.T.);
#3790=ADVANCED_FACE('',(#3456,#3457),#850,.T.);
#3791=ADVANCED_FACE('',(#3458,#3459),#851,.F.);
#3792=ADVANCED_FACE('',(#3460),#3718,.T.);
#3793=ADVANCED_FACE('',(#3461),#3719,.T.);
#3794=ADVANCED_FACE('',(#3462),#3720,.T.);
#3795=ADVANCED_FACE('',(#3463),#3721,.T.);
#3796=ADVANCED_FACE('',(#3464),#852,.F.);
#3797=ADVANCED_FACE('',(#3465),#853,.T.);
#3798=ADVANCED_FACE('',(#3466),#854,.F.);
#3799=ADVANCED_FACE('',(#3467),#855,.T.);
#3800=ADVANCED_FACE('',(#3468,#3469),#856,.F.);
#3801=ADVANCED_FACE('',(#3470),#857,.F.);
#3802=ADVANCED_FACE('',(#3471),#858,.T.);
#3803=ADVANCED_FACE('',(#3472),#859,.T.);
#3804=ADVANCED_FACE('',(#3473,#3474),#860,.F.);
#3805=ADVANCED_FACE('',(#3475),#3722,.T.);
#3806=ADVANCED_FACE('',(#3476),#3723,.T.);
#3807=ADVANCED_FACE('',(#3477),#3724,.T.);
#3808=ADVANCED_FACE('',(#3478),#3725,.T.);
#3809=ADVANCED_FACE('',(#3479,#3480),#3726,.T.);
#3810=ADVANCED_FACE('',(#3481),#861,.T.);
#3811=ADVANCED_FACE('',(#3482),#862,.F.);
#3812=ADVANCED_FACE('',(#3483),#863,.T.);
#3813=ADVANCED_FACE('',(#3484),#864,.T.);
#3814=ADVANCED_FACE('',(#3485),#865,.F.);
#3815=ADVANCED_FACE('',(#3486),#866,.F.);
#3816=ADVANCED_FACE('',(#3487),#867,.T.);
#3817=ADVANCED_FACE('',(#3488),#868,.F.);
#3818=ADVANCED_FACE('',(#3489,#3490),#869,.T.);
#3819=ADVANCED_FACE('',(#3491,#3492),#870,.F.);
#3820=ADVANCED_FACE('',(#3493),#871,.T.);
#3821=ADVANCED_FACE('',(#3494),#872,.F.);
#3822=ADVANCED_FACE('',(#3495,#3496),#873,.F.);
#3823=ADVANCED_FACE('',(#3497),#3727,.T.);
#3824=ADVANCED_FACE('',(#3498),#3728,.T.);
#3825=ADVANCED_FACE('',(#3499),#3729,.T.);
#3826=ADVANCED_FACE('',(#3500),#3730,.T.);
#3827=ADVANCED_FACE('',(#3501),#874,.T.);
#3828=ADVANCED_FACE('',(#3502),#875,.F.);
#3829=ADVANCED_FACE('',(#3503),#876,.F.);
#3830=ADVANCED_FACE('',(#3504),#877,.T.);
#3831=ADVANCED_FACE('',(#3505,#3506),#878,.T.);
#3832=ADVANCED_FACE('',(#3507,#3508),#879,.T.);
#3833=ADVANCED_FACE('',(#3509,#3510),#880,.F.);
#3834=ADVANCED_FACE('',(#3511,#3512),#881,.F.);
#3835=ADVANCED_FACE('',(#3513,#3514),#882,.F.);
#3836=ADVANCED_FACE('',(#3515),#3731,.T.);
#3837=ADVANCED_FACE('',(#3516),#3732,.T.);
#3838=ADVANCED_FACE('',(#3517),#3733,.T.);
#3839=ADVANCED_FACE('',(#3518),#3734,.T.);
#3840=ADVANCED_FACE('',(#3519,#3520),#3735,.T.);
#3841=ADVANCED_FACE('',(#3521),#883,.F.);
#3842=ADVANCED_FACE('',(#3522),#884,.T.);
#3843=ADVANCED_FACE('',(#3523),#885,.T.);
#3844=ADVANCED_FACE('',(#3524),#886,.F.);
#3845=ADVANCED_FACE('',(#3525),#887,.F.);
#3846=ADVANCED_FACE('',(#3526),#888,.T.);
#3847=ADVANCED_FACE('',(#3527),#889,.F.);
#3848=ADVANCED_FACE('',(#3528),#890,.T.);
#3849=ADVANCED_FACE('',(#3529,#3530),#3736,.T.);
#3850=ADVANCED_FACE('',(#3531),#891,.F.);
#3851=ADVANCED_FACE('',(#3532),#892,.T.);
#3852=ADVANCED_FACE('',(#3533,#3534),#3737,.T.);
#3853=ADVANCED_FACE('',(#3535),#893,.F.);
#3854=ADVANCED_FACE('',(#3536,#3537),#894,.F.);
#3855=ADVANCED_FACE('',(#3538),#895,.T.);
#3856=ADVANCED_FACE('',(#3539),#896,.T.);
#3857=ADVANCED_FACE('',(#3540,#3541),#897,.F.);
#3858=ADVANCED_FACE('',(#3542),#3738,.T.);
#3859=ADVANCED_FACE('',(#3543),#3739,.T.);
#3860=ADVANCED_FACE('',(#3544),#3740,.T.);
#3861=ADVANCED_FACE('',(#3545),#3741,.T.);
#3862=ADVANCED_FACE('',(#3546),#898,.T.);
#3863=ADVANCED_FACE('',(#3547),#899,.T.);
#3864=ADVANCED_FACE('',(#3548),#900,.F.);
#3865=ADVANCED_FACE('',(#3549),#901,.F.);
#3866=ADVANCED_FACE('',(#3550),#902,.F.);
#3867=ADVANCED_FACE('',(#3551),#903,.T.);
#3868=ADVANCED_FACE('',(#3552),#904,.T.);
#3869=ADVANCED_FACE('',(#3553,#3554),#905,.F.);
#3870=ADVANCED_FACE('',(#3555,#3556),#906,.T.);
#3871=ADVANCED_FACE('',(#3557,#3558),#907,.T.);
#3872=ADVANCED_FACE('',(#3559,#3560),#908,.F.);
#3873=ADVANCED_FACE('',(#3561,#3562),#909,.F.);
#3874=ADVANCED_FACE('',(#3563),#3742,.T.);
#3875=ADVANCED_FACE('',(#3564),#3743,.T.);
#3876=ADVANCED_FACE('',(#3565),#3744,.T.);
#3877=ADVANCED_FACE('',(#3566),#3745,.T.);
#3878=ADVANCED_FACE('',(#3567),#910,.T.);
#3879=ADVANCED_FACE('',(#3568),#911,.F.);
#3880=ADVANCED_FACE('',(#3569),#912,.F.);
#3881=ADVANCED_FACE('',(#3570),#913,.T.);
#3882=ADVANCED_FACE('',(#3571,#3572),#914,.T.);
#3883=ADVANCED_FACE('',(#3573),#915,.T.);
#3884=ADVANCED_FACE('',(#3574),#916,.F.);
#3885=ADVANCED_FACE('',(#3575),#917,.F.);
#3886=ADVANCED_FACE('',(#3576,#3577),#918,.F.);
#3887=ADVANCED_FACE('',(#3578),#3746,.T.);
#3888=ADVANCED_FACE('',(#3579),#3747,.T.);
#3889=ADVANCED_FACE('',(#3580),#3748,.T.);
#3890=ADVANCED_FACE('',(#3581),#3749,.T.);
#3891=ADVANCED_FACE('',(#3582),#919,.F.);
#3892=ADVANCED_FACE('',(#3583),#3750,.T.);
#3893=ADVANCED_FACE('',(#3584),#3751,.T.);
#3894=ADVANCED_FACE('',(#3585),#3752,.T.);
#3895=ADVANCED_FACE('',(#3586),#3753,.T.);
#3896=ADVANCED_FACE('',(#3587,#3588),#920,.F.);
#3897=ADVANCED_FACE('',(#3589,#3590),#921,.F.);
#3898=ADVANCED_FACE('',(#3591),#922,.T.);
#3899=ADVANCED_FACE('',(#3592),#923,.T.);
#3900=ADVANCED_FACE('',(#3593),#924,.F.);
#3901=ADVANCED_FACE('',(#3594),#925,.F.);
#3902=ADVANCED_FACE('',(#3595),#926,.T.);
#3903=ADVANCED_FACE('',(#3596),#927,.F.);
#3904=ADVANCED_FACE('',(#3597),#928,.T.);
#3905=ADVANCED_FACE('',(#3598),#929,.F.);
#3906=ADVANCED_FACE('',(#3599),#930,.F.);
#3907=ADVANCED_FACE('',(#3600),#931,.T.);
#3908=ADVANCED_FACE('',(#3601),#932,.T.);
#3909=ADVANCED_FACE('',(#3602,#3603),#3754,.T.);
#3910=ADVANCED_FACE('',(#3604),#3755,.T.);
#3911=ADVANCED_FACE('',(#3605),#3756,.T.);
#3912=ADVANCED_FACE('',(#3606,#3607),#933,.F.);
#3913=ADVANCED_FACE('',(#3608),#934,.F.);
#3914=ADVANCED_FACE('',(#3609),#3757,.T.);
#3915=ADVANCED_FACE('',(#3610),#3758,.T.);
#3916=ADVANCED_FACE('',(#3611),#935,.T.);
#3917=ADVANCED_FACE('',(#3612,#3613),#936,.T.);
#3918=ADVANCED_FACE('',(#3614),#937,.F.);
#3919=ADVANCED_FACE('',(#3615),#938,.F.);
#3920=ADVANCED_FACE('',(#3616),#939,.F.);
#3921=ADVANCED_FACE('',(#3617),#940,.T.);
#3922=ADVANCED_FACE('',(#3618),#941,.T.);
#3923=ADVANCED_FACE('',(#3619),#942,.F.);
#3924=ADVANCED_FACE('',(#3620),#943,.T.);
#3925=ADVANCED_FACE('',(#3621),#944,.F.);
#3926=ADVANCED_FACE('',(#3622),#945,.T.);
#3927=ADVANCED_FACE('',(#3623),#3759,.T.);
#3928=ADVANCED_FACE('',(#3624),#3760,.T.);
#3929=ADVANCED_FACE('',(#3625),#3761,.T.);
#3930=ADVANCED_FACE('',(#3626),#3762,.T.);
#3931=ADVANCED_FACE('',(#3627,#3628),#946,.F.);
#3932=ADVANCED_FACE('',(#3629,#3630),#947,.F.);
#3933=ADVANCED_FACE('',(#3631),#948,.T.);
#3934=ADVANCED_FACE('',(#3632,#3633),#949,.T.);
#3935=ADVANCED_FACE('',(#3634,#3635),#950,.F.);
#3936=ADVANCED_FACE('',(#3636),#951,.F.);
#3937=ADVANCED_FACE('',(#3637),#952,.F.);
#3938=ADVANCED_FACE('',(#3638),#953,.T.);
#3939=ADVANCED_FACE('',(#3639),#954,.T.);
#3940=ADVANCED_FACE('',(#3640),#955,.F.);
#3941=ADVANCED_FACE('',(#3641),#956,.T.);
#3942=ADVANCED_FACE('',(#3642),#3763,.T.);
#3943=ADVANCED_FACE('',(#3643),#3764,.T.);
#3944=ADVANCED_FACE('',(#3644),#3765,.T.);
#3945=ADVANCED_FACE('',(#3645),#3766,.T.);
#3946=ADVANCED_FACE('',(#3646,#3647),#957,.F.);
#3947=ADVANCED_FACE('',(#3648),#958,.F.);
#3948=ADVANCED_FACE('',(#3649),#959,.T.);
#3949=ADVANCED_FACE('',(#3650,#3651),#960,.T.);
#3950=ADVANCED_FACE('',(#3652),#961,.F.);
#3951=ADVANCED_FACE('',(#3653,#3654),#3767,.T.);
#3952=ADVANCED_FACE('',(#3655),#962,.F.);
#3953=ADVANCED_FACE('',(#3656),#963,.T.);
#3954=ADVANCED_FACE('',(#3657),#964,.T.);
#3955=ADVANCED_FACE('',(#3658),#965,.F.);
#3956=ADVANCED_FACE('',(#3659,#3660),#3768,.T.);
#3957=ADVANCED_FACE('',(#3661),#966,.F.);
#3958=ADVANCED_FACE('',(#3662),#967,.F.);
#3959=ADVANCED_FACE('',(#3663),#968,.F.);
#3960=ADVANCED_FACE('',(#3664),#969,.F.);
#3961=ADVANCED_FACE('',(#3665),#970,.T.);
#3962=ADVANCED_FACE('',(#3666),#971,.T.);
#3963=ADVANCED_FACE('',(#3667),#972,.F.);
#3964=ADVANCED_FACE('',(#3668),#973,.F.);
#3965=ADVANCED_FACE('',(#3669),#974,.T.);
#3966=ADVANCED_FACE('',(#3670),#975,.T.);
#3967=ADVANCED_FACE('',(#3671),#976,.F.);
#3968=ADVANCED_FACE('',(#3672),#977,.T.);
#3969=ADVANCED_FACE('',(#3673),#978,.F.);
#3970=ADVANCED_FACE('',(#3674),#979,.F.);
#3971=ADVANCED_FACE('',(#3675),#980,.F.);
#3972=ADVANCED_FACE('',(#3676),#981,.F.);
#3973=ADVANCED_FACE('',(#3677),#982,.F.);
#3974=ADVANCED_FACE('',(#3678),#983,.F.);
#3975=ADVANCED_FACE('',(#3679),#984,.F.);
#3976=ADVANCED_FACE('',(#3680),#985,.F.);
#3977=ADVANCED_FACE('',(#3681),#986,.F.);
#3978=ADVANCED_FACE('',(#3682),#987,.F.);
#3979=ADVANCED_FACE('',(#3683),#988,.F.);
#3980=ADVANCED_FACE('',(#3684),#989,.F.);
#3981=ADVANCED_FACE('',(#3685,#3686),#12,.T.);
#3982=ADVANCED_FACE('',(#3687,#3688),#13,.T.);
#3983=ADVANCED_FACE('',(#3689,#3690),#14,.T.);
#3984=ADVANCED_FACE('',(#3691,#3692),#15,.T.);
#3985=ADVANCED_FACE('',(#3693,#3694),#16,.T.);
#3986=ADVANCED_FACE('',(#3695,#3696),#17,.T.);
#3987=ADVANCED_FACE('',(#3697,#3698),#18,.T.);
#3988=ADVANCED_FACE('',(#3699,#3700),#19,.T.);
#3989=ADVANCED_FACE('',(#3701,#3702),#20,.T.);
#3990=ADVANCED_FACE('',(#3703,#3704),#21,.T.);
#3991=ADVANCED_FACE('',(#3705,#3706),#22,.T.);
#3992=ADVANCED_FACE('',(#3707,#3708),#23,.T.);
#3993=CLOSED_SHELL('',(#3769,#3770,#3771,#3772,#3773,#3774,#3775,#3776,
#3777,#3778,#3779,#3780,#3781,#3782,#3783,#3784,#3785,#3786,#3787,#3788,
#3789,#3790,#3791,#3792,#3793,#3794,#3795,#3796,#3797,#3798,#3799,#3800,
#3801,#3802,#3803,#3804,#3805,#3806,#3807,#3808,#3809,#3810,#3811,#3812,
#3813,#3814,#3815,#3816,#3817,#3818,#3819,#3820,#3821,#3822,#3823,#3824,
#3825,#3826,#3827,#3828,#3829,#3830,#3831,#3832,#3833,#3834,#3835,#3836,
#3837,#3838,#3839,#3840,#3841,#3842,#3843,#3844,#3845,#3846,#3847,#3848,
#3849,#3850,#3851,#3852,#3853,#3854,#3855,#3856,#3857,#3858,#3859,#3860,
#3861,#3862,#3863,#3864,#3865,#3866,#3867,#3868,#3869,#3870,#3871,#3872,
#3873,#3874,#3875,#3876,#3877,#3878,#3879,#3880,#3881,#3882,#3883,#3884,
#3885,#3886,#3887,#3888,#3889,#3890,#3891,#3892,#3893,#3894,#3895,#3896,
#3897,#3898,#3899,#3900,#3901,#3902,#3903,#3904,#3905,#3906,#3907,#3908,
#3909,#3910,#3911,#3912,#3913,#3914,#3915,#3916,#3917,#3918,#3919,#3920,
#3921,#3922,#3923,#3924,#3925,#3926,#3927,#3928,#3929,#3930,#3931,#3932,
#3933,#3934,#3935,#3936,#3937,#3938,#3939,#3940,#3941,#3942,#3943,#3944,
#3945,#3946,#3947,#3948,#3949,#3950,#3951,#3952,#3953,#3954,#3955,#3956,
#3957,#3958,#3959,#3960,#3961,#3962,#3963,#3964,#3965,#3966,#3967,#3968,
#3969,#3970,#3971,#3972,#3973,#3974,#3975,#3976,#3977,#3978,#3979,#3980,
#3981,#3982,#3983,#3984,#3985,#3986,#3987,#3988,#3989,#3990,#3991,#3992));
#3994=STYLED_ITEM('',(#3995),#4002);
#3995=PRESENTATION_STYLE_ASSIGNMENT((#3996));
#3996=SURFACE_STYLE_USAGE(.BOTH.,#3997);
#3997=SURFACE_SIDE_STYLE('',(#3998));
#3998=SURFACE_STYLE_FILL_AREA(#3999);
#3999=FILL_AREA_STYLE('',(#4000));
#4000=FILL_AREA_STYLE_COLOUR('',#4001);
#4001=COLOUR_RGB('',0.972549019607843,0.529411764705882,0.00392156862745098);
#4002=MANIFOLD_SOLID_BREP('Keypad',#3993);
#4003=SHAPE_DEFINITION_REPRESENTATION(#6657,#4004);
#4004=SHAPE_REPRESENTATION('Keypad',(#4005),#6652);
#4005=AXIS2_PLACEMENT_3D('',#5507,#4370,#4371);
#4006=AXIS2_PLACEMENT_3D('',#5508,#4372,#4373);
#4007=AXIS2_PLACEMENT_3D('',#5509,#4374,#4375);
#4008=AXIS2_PLACEMENT_3D('',#5511,#4376,#4377);
#4009=AXIS2_PLACEMENT_3D('',#5513,#4378,#4379);
#4010=AXIS2_PLACEMENT_3D('',#5514,#4380,#4381);
#4011=AXIS2_PLACEMENT_3D('',#5516,#4382,#4383);
#4012=AXIS2_PLACEMENT_3D('',#5518,#4384,#4385);
#4013=AXIS2_PLACEMENT_3D('',#5519,#4386,#4387);
#4014=AXIS2_PLACEMENT_3D('',#5521,#4388,#4389);
#4015=AXIS2_PLACEMENT_3D('',#5523,#4390,#4391);
#4016=AXIS2_PLACEMENT_3D('',#5524,#4392,#4393);
#4017=AXIS2_PLACEMENT_3D('',#5526,#4394,#4395);
#4018=AXIS2_PLACEMENT_3D('',#5528,#4396,#4397);
#4019=AXIS2_PLACEMENT_3D('',#5537,#4402,#4403);
#4020=AXIS2_PLACEMENT_3D('',#5546,#4408,#4409);
#4021=AXIS2_PLACEMENT_3D('',#5563,#4418,#4419);
#4022=AXIS2_PLACEMENT_3D('',#5580,#4428,#4429);
#4023=AXIS2_PLACEMENT_3D('',#5581,#4430,#4431);
#4024=AXIS2_PLACEMENT_3D('',#5583,#4432,#4433);
#4025=AXIS2_PLACEMENT_3D('',#5584,#4434,#4435);
#4026=AXIS2_PLACEMENT_3D('',#5585,#4436,#4437);
#4027=AXIS2_PLACEMENT_3D('',#5586,#4438,#4439);
#4028=AXIS2_PLACEMENT_3D('',#5587,#4440,#4441);
#4029=AXIS2_PLACEMENT_3D('',#5589,#4443,#4444);
#4030=AXIS2_PLACEMENT_3D('',#5590,#4445,#4446);
#4031=AXIS2_PLACEMENT_3D('',#5591,#4447,#4448);
#4032=AXIS2_PLACEMENT_3D('',#5592,#4449,#4450);
#4033=AXIS2_PLACEMENT_3D('',#5593,#4451,#4452);
#4034=AXIS2_PLACEMENT_3D('',#5594,#4453,#4454);
#4035=AXIS2_PLACEMENT_3D('',#5595,#4455,#4456);
#4036=AXIS2_PLACEMENT_3D('',#5596,#4457,#4458);
#4037=AXIS2_PLACEMENT_3D('',#5597,#4459,#4460);
#4038=AXIS2_PLACEMENT_3D('',#5599,#4461,#4462);
#4039=AXIS2_PLACEMENT_3D('',#5601,#4463,#4464);
#4040=AXIS2_PLACEMENT_3D('',#5610,#4469,#4470);
#4041=AXIS2_PLACEMENT_3D('',#5619,#4475,#4476);
#4042=AXIS2_PLACEMENT_3D('',#5624,#4479,#4480);
#4043=AXIS2_PLACEMENT_3D('',#5628,#4482,#4483);
#4044=AXIS2_PLACEMENT_3D('',#5629,#4484,#4485);
#4045=AXIS2_PLACEMENT_3D('',#5632,#4487,#4488);
#4046=AXIS2_PLACEMENT_3D('',#5636,#4490,#4491);
#4047=AXIS2_PLACEMENT_3D('',#5639,#4493,#4494);
#4048=AXIS2_PLACEMENT_3D('',#5656,#4503,#4504);
#4049=AXIS2_PLACEMENT_3D('',#5665,#4509,#4510);
#4050=AXIS2_PLACEMENT_3D('',#5682,#4519,#4520);
#4051=AXIS2_PLACEMENT_3D('',#5699,#4529,#4530);
#4052=AXIS2_PLACEMENT_3D('',#5700,#4531,#4532);
#4053=AXIS2_PLACEMENT_3D('',#5701,#4533,#4534);
#4054=AXIS2_PLACEMENT_3D('',#5702,#4535,#4536);
#4055=AXIS2_PLACEMENT_3D('',#5703,#4537,#4538);
#4056=AXIS2_PLACEMENT_3D('',#5704,#4539,#4540);
#4057=AXIS2_PLACEMENT_3D('',#5705,#4541,#4542);
#4058=AXIS2_PLACEMENT_3D('',#5706,#4543,#4544);
#4059=AXIS2_PLACEMENT_3D('',#5707,#4545,#4546);
#4060=AXIS2_PLACEMENT_3D('',#5708,#4547,#4548);
#4061=AXIS2_PLACEMENT_3D('',#5709,#4549,#4550);
#4062=AXIS2_PLACEMENT_3D('',#5710,#4551,#4552);
#4063=AXIS2_PLACEMENT_3D('',#5711,#4553,#4554);
#4064=AXIS2_PLACEMENT_3D('',#5712,#4555,#4556);
#4065=AXIS2_PLACEMENT_3D('',#5718,#4560,#4561);
#4066=AXIS2_PLACEMENT_3D('',#5724,#4565,#4566);
#4067=AXIS2_PLACEMENT_3D('',#5726,#4568,#4569);
#4068=AXIS2_PLACEMENT_3D('',#5728,#4571,#4572);
#4069=AXIS2_PLACEMENT_3D('',#5745,#4581,#4582);
#4070=AXIS2_PLACEMENT_3D('',#5762,#4591,#4592);
#4071=AXIS2_PLACEMENT_3D('',#5771,#4597,#4598);
#4072=AXIS2_PLACEMENT_3D('',#5788,#4607,#4608);
#4073=AXIS2_PLACEMENT_3D('',#5789,#4609,#4610);
#4074=AXIS2_PLACEMENT_3D('',#5791,#4611,#4612);
#4075=AXIS2_PLACEMENT_3D('',#5792,#4613,#4614);
#4076=AXIS2_PLACEMENT_3D('',#5793,#4615,#4616);
#4077=AXIS2_PLACEMENT_3D('',#5794,#4617,#4618);
#4078=AXIS2_PLACEMENT_3D('',#5795,#4619,#4620);
#4079=AXIS2_PLACEMENT_3D('',#5797,#4622,#4623);
#4080=AXIS2_PLACEMENT_3D('',#5798,#4624,#4625);
#4081=AXIS2_PLACEMENT_3D('',#5799,#4626,#4627);
#4082=AXIS2_PLACEMENT_3D('',#5801,#4629,#4630);
#4083=AXIS2_PLACEMENT_3D('',#5802,#4631,#4632);
#4084=AXIS2_PLACEMENT_3D('',#5803,#4633,#4634);
#4085=AXIS2_PLACEMENT_3D('',#5804,#4635,#4636);
#4086=AXIS2_PLACEMENT_3D('',#5805,#4637,#4638);
#4087=AXIS2_PLACEMENT_3D('',#5806,#4639,#4640);
#4088=AXIS2_PLACEMENT_3D('',#5808,#4641,#4642);
#4089=AXIS2_PLACEMENT_3D('',#5810,#4643,#4644);
#4090=AXIS2_PLACEMENT_3D('',#5816,#4648,#4649);
#4091=AXIS2_PLACEMENT_3D('',#5825,#4654,#4655);
#4092=AXIS2_PLACEMENT_3D('',#5834,#4660,#4661);
#4093=AXIS2_PLACEMENT_3D('',#5837,#4664,#4665);
#4094=AXIS2_PLACEMENT_3D('',#5840,#4668,#4669);
#4095=AXIS2_PLACEMENT_3D('',#5844,#4672,#4673);
#4096=AXIS2_PLACEMENT_3D('',#5848,#4676,#4677);
#4097=AXIS2_PLACEMENT_3D('',#5857,#4682,#4683);
#4098=AXIS2_PLACEMENT_3D('',#5874,#4692,#4693);
#4099=AXIS2_PLACEMENT_3D('',#5888,#4701,#4702);
#4100=AXIS2_PLACEMENT_3D('',#5897,#4707,#4708);
#4101=AXIS2_PLACEMENT_3D('',#5906,#4713,#4714);
#4102=AXIS2_PLACEMENT_3D('',#5907,#4715,#4716);
#4103=AXIS2_PLACEMENT_3D('',#5909,#4717,#4718);
#4104=AXIS2_PLACEMENT_3D('',#5910,#4719,#4720);
#4105=AXIS2_PLACEMENT_3D('',#5911,#4721,#4722);
#4106=AXIS2_PLACEMENT_3D('',#5912,#4723,#4724);
#4107=AXIS2_PLACEMENT_3D('',#5913,#4725,#4726);
#4108=AXIS2_PLACEMENT_3D('',#5914,#4727,#4728);
#4109=AXIS2_PLACEMENT_3D('',#5915,#4729,#4730);
#4110=AXIS2_PLACEMENT_3D('',#5916,#4731,#4732);
#4111=AXIS2_PLACEMENT_3D('',#5917,#4733,#4734);
#4112=AXIS2_PLACEMENT_3D('',#5918,#4735,#4736);
#4113=AXIS2_PLACEMENT_3D('',#5919,#4737,#4738);
#4114=AXIS2_PLACEMENT_3D('',#5920,#4739,#4740);
#4115=AXIS2_PLACEMENT_3D('',#5921,#4741,#4742);
#4116=AXIS2_PLACEMENT_3D('',#5927,#4746,#4747);
#4117=AXIS2_PLACEMENT_3D('',#5936,#4752,#4753);
#4118=AXIS2_PLACEMENT_3D('',#5939,#4755,#4756);
#4119=AXIS2_PLACEMENT_3D('',#5940,#4757,#4758);
#4120=AXIS2_PLACEMENT_3D('',#5943,#4760,#4761);
#4121=AXIS2_PLACEMENT_3D('',#5944,#4762,#4763);
#4122=AXIS2_PLACEMENT_3D('',#5961,#4772,#4773);
#4123=AXIS2_PLACEMENT_3D('',#5978,#4782,#4783);
#4124=AXIS2_PLACEMENT_3D('',#5995,#4792,#4793);
#4125=AXIS2_PLACEMENT_3D('',#6012,#4802,#4803);
#4126=AXIS2_PLACEMENT_3D('',#6013,#4804,#4805);
#4127=AXIS2_PLACEMENT_3D('',#6015,#4806,#4807);
#4128=AXIS2_PLACEMENT_3D('',#6016,#4808,#4809);
#4129=AXIS2_PLACEMENT_3D('',#6017,#4810,#4811);
#4130=AXIS2_PLACEMENT_3D('',#6018,#4812,#4813);
#4131=AXIS2_PLACEMENT_3D('',#6019,#4814,#4815);
#4132=AXIS2_PLACEMENT_3D('',#6020,#4816,#4817);
#4133=AXIS2_PLACEMENT_3D('',#6021,#4818,#4819);
#4134=AXIS2_PLACEMENT_3D('',#6022,#4820,#4821);
#4135=AXIS2_PLACEMENT_3D('',#6023,#4822,#4823);
#4136=AXIS2_PLACEMENT_3D('',#6024,#4824,#4825);
#4137=AXIS2_PLACEMENT_3D('',#6025,#4826,#4827);
#4138=AXIS2_PLACEMENT_3D('',#6026,#4828,#4829);
#4139=AXIS2_PLACEMENT_3D('',#6027,#4830,#4831);
#4140=AXIS2_PLACEMENT_3D('',#6028,#4832,#4833);
#4141=AXIS2_PLACEMENT_3D('',#6030,#4834,#4835);
#4142=AXIS2_PLACEMENT_3D('',#6033,#4838,#4839);
#4143=AXIS2_PLACEMENT_3D('',#6036,#4842,#4843);
#4144=AXIS2_PLACEMENT_3D('',#6037,#4844,#4845);
#4145=AXIS2_PLACEMENT_3D('',#6038,#4846,#4847);
#4146=AXIS2_PLACEMENT_3D('',#6047,#4852,#4853);
#4147=AXIS2_PLACEMENT_3D('',#6056,#4858,#4859);
#4148=AXIS2_PLACEMENT_3D('',#6062,#4863,#4864);
#4149=AXIS2_PLACEMENT_3D('',#6068,#4868,#4869);
#4150=AXIS2_PLACEMENT_3D('',#6069,#4870,#4871);
#4151=AXIS2_PLACEMENT_3D('',#6071,#4872,#4873);
#4152=AXIS2_PLACEMENT_3D('',#6073,#4874,#4875);
#4153=AXIS2_PLACEMENT_3D('',#6082,#4880,#4881);
#4154=AXIS2_PLACEMENT_3D('',#6091,#4886,#4887);
#4155=AXIS2_PLACEMENT_3D('',#6092,#4888,#4889);
#4156=AXIS2_PLACEMENT_3D('',#6094,#4890,#4891);
#4157=AXIS2_PLACEMENT_3D('',#6096,#4892,#4893);
#4158=AXIS2_PLACEMENT_3D('',#6111,#4902,#4903);
#4159=AXIS2_PLACEMENT_3D('',#6122,#4910,#4911);
#4160=AXIS2_PLACEMENT_3D('',#6131,#4916,#4917);
#4161=AXIS2_PLACEMENT_3D('',#6140,#4922,#4923);
#4162=AXIS2_PLACEMENT_3D('',#6141,#4924,#4925);
#4163=AXIS2_PLACEMENT_3D('',#6142,#4926,#4927);
#4164=AXIS2_PLACEMENT_3D('',#6143,#4928,#4929);
#4165=AXIS2_PLACEMENT_3D('',#6144,#4930,#4931);
#4166=AXIS2_PLACEMENT_3D('',#6145,#4932,#4933);
#4167=AXIS2_PLACEMENT_3D('',#6146,#4934,#4935);
#4168=AXIS2_PLACEMENT_3D('',#6147,#4936,#4937);
#4169=AXIS2_PLACEMENT_3D('',#6148,#4938,#4939);
#4170=AXIS2_PLACEMENT_3D('',#6149,#4940,#4941);
#4171=AXIS2_PLACEMENT_3D('',#6150,#4942,#4943);
#4172=AXIS2_PLACEMENT_3D('',#6151,#4944,#4945);
#4173=AXIS2_PLACEMENT_3D('',#6152,#4946,#4947);
#4174=AXIS2_PLACEMENT_3D('',#6153,#4948,#4949);
#4175=AXIS2_PLACEMENT_3D('',#6159,#4953,#4954);
#4176=AXIS2_PLACEMENT_3D('',#6161,#4956,#4957);
#4177=AXIS2_PLACEMENT_3D('',#6163,#4959,#4960);
#4178=AXIS2_PLACEMENT_3D('',#6165,#4962,#4963);
#4179=AXIS2_PLACEMENT_3D('',#6168,#4966,#4967);
#4180=AXIS2_PLACEMENT_3D('',#6170,#4969,#4970);
#4181=AXIS2_PLACEMENT_3D('',#6173,#4973,#4974);
#4182=AXIS2_PLACEMENT_3D('',#6190,#4983,#4984);
#4183=AXIS2_PLACEMENT_3D('',#6199,#4989,#4990);
#4184=AXIS2_PLACEMENT_3D('',#6216,#4999,#5000);
#4185=AXIS2_PLACEMENT_3D('',#6225,#5005,#5006);
#4186=AXIS2_PLACEMENT_3D('',#6226,#5007,#5008);
#4187=AXIS2_PLACEMENT_3D('',#6227,#5009,#5010);
#4188=AXIS2_PLACEMENT_3D('',#6228,#5011,#5012);
#4189=AXIS2_PLACEMENT_3D('',#6229,#5013,#5014);
#4190=AXIS2_PLACEMENT_3D('',#6230,#5015,#5016);
#4191=AXIS2_PLACEMENT_3D('',#6231,#5017,#5018);
#4192=AXIS2_PLACEMENT_3D('',#6232,#5019,#5020);
#4193=AXIS2_PLACEMENT_3D('',#6233,#5021,#5022);
#4194=AXIS2_PLACEMENT_3D('',#6234,#5023,#5024);
#4195=AXIS2_PLACEMENT_3D('',#6235,#5025,#5026);
#4196=AXIS2_PLACEMENT_3D('',#6236,#5027,#5028);
#4197=AXIS2_PLACEMENT_3D('',#6237,#5029,#5030);
#4198=AXIS2_PLACEMENT_3D('',#6238,#5031,#5032);
#4199=AXIS2_PLACEMENT_3D('',#6241,#5035,#5036);
#4200=AXIS2_PLACEMENT_3D('',#6244,#5039,#5040);
#4201=AXIS2_PLACEMENT_3D('',#6245,#5041,#5042);
#4202=AXIS2_PLACEMENT_3D('',#6246,#5043,#5044);
#4203=AXIS2_PLACEMENT_3D('',#6255,#5049,#5050);
#4204=AXIS2_PLACEMENT_3D('',#6270,#5059,#5060);
#4205=AXIS2_PLACEMENT_3D('',#6279,#5065,#5066);
#4206=AXIS2_PLACEMENT_3D('',#6288,#5071,#5072);
#4207=AXIS2_PLACEMENT_3D('',#6289,#5073,#5074);
#4208=AXIS2_PLACEMENT_3D('',#6290,#5075,#5076);
#4209=AXIS2_PLACEMENT_3D('',#6291,#5077,#5078);
#4210=AXIS2_PLACEMENT_3D('',#6292,#5079,#5080);
#4211=AXIS2_PLACEMENT_3D('',#6293,#5081,#5082);
#4212=AXIS2_PLACEMENT_3D('',#6294,#5083,#5084);
#4213=AXIS2_PLACEMENT_3D('',#6295,#5085,#5086);
#4214=AXIS2_PLACEMENT_3D('',#6296,#5087,#5088);
#4215=AXIS2_PLACEMENT_3D('',#6297,#5089,#5090);
#4216=AXIS2_PLACEMENT_3D('',#6298,#5091,#5092);
#4217=AXIS2_PLACEMENT_3D('',#6299,#5093,#5094);
#4218=AXIS2_PLACEMENT_3D('',#6300,#5095,#5096);
#4219=AXIS2_PLACEMENT_3D('',#6301,#5097,#5098);
#4220=AXIS2_PLACEMENT_3D('',#6304,#5101,#5102);
#4221=AXIS2_PLACEMENT_3D('',#6305,#5103,#5104);
#4222=AXIS2_PLACEMENT_3D('',#6310,#5106,#5107);
#4223=AXIS2_PLACEMENT_3D('',#6313,#5109,#5110);
#4224=AXIS2_PLACEMENT_3D('',#6314,#5111,#5112);
#4225=AXIS2_PLACEMENT_3D('',#6319,#5114,#5115);
#4226=AXIS2_PLACEMENT_3D('',#6322,#5117,#5118);
#4227=AXIS2_PLACEMENT_3D('',#6323,#5119,#5120);
#4228=AXIS2_PLACEMENT_3D('',#6328,#5122,#5123);
#4229=AXIS2_PLACEMENT_3D('',#6333,#5127,#5128);
#4230=AXIS2_PLACEMENT_3D('',#6334,#5129,#5130);
#4231=AXIS2_PLACEMENT_3D('',#6340,#5133,#5134);
#4232=AXIS2_PLACEMENT_3D('',#6343,#5136,#5137);
#4233=AXIS2_PLACEMENT_3D('',#6348,#5142,#5143);
#4234=AXIS2_PLACEMENT_3D('',#6350,#5145,#5146);
#4235=AXIS2_PLACEMENT_3D('',#6352,#5148,#5149);
#4236=AXIS2_PLACEMENT_3D('',#6354,#5151,#5152);
#4237=AXIS2_PLACEMENT_3D('',#6356,#5154,#5155);
#4238=AXIS2_PLACEMENT_3D('',#6358,#5157,#5158);
#4239=AXIS2_PLACEMENT_3D('',#6360,#5160,#5161);
#4240=AXIS2_PLACEMENT_3D('',#6361,#5162,#5163);
#4241=AXIS2_PLACEMENT_3D('',#6364,#5166,#5167);
#4242=AXIS2_PLACEMENT_3D('',#6367,#5170,#5171);
#4243=AXIS2_PLACEMENT_3D('',#6368,#5172,#5173);
#4244=AXIS2_PLACEMENT_3D('',#6369,#5174,#5175);
#4245=AXIS2_PLACEMENT_3D('',#6370,#5176,#5177);
#4246=AXIS2_PLACEMENT_3D('',#6371,#5178,#5179);
#4247=AXIS2_PLACEMENT_3D('',#6373,#5180,#5181);
#4248=AXIS2_PLACEMENT_3D('',#6374,#5182,#5183);
#4249=AXIS2_PLACEMENT_3D('',#6379,#5185,#5186);
#4250=AXIS2_PLACEMENT_3D('',#6382,#5188,#5189);
#4251=AXIS2_PLACEMENT_3D('',#6383,#5190,#5191);
#4252=AXIS2_PLACEMENT_3D('',#6388,#5193,#5194);
#4253=AXIS2_PLACEMENT_3D('',#6391,#5196,#5197);
#4254=AXIS2_PLACEMENT_3D('',#6395,#5199,#5200);
#4255=AXIS2_PLACEMENT_3D('',#6401,#5204,#5205);
#4256=AXIS2_PLACEMENT_3D('',#6402,#5206,#5207);
#4257=AXIS2_PLACEMENT_3D('',#6408,#5211,#5212);
#4258=AXIS2_PLACEMENT_3D('',#6412,#5215,#5216);
#4259=AXIS2_PLACEMENT_3D('',#6414,#5218,#5219);
#4260=AXIS2_PLACEMENT_3D('',#6418,#5222,#5223);
#4261=AXIS2_PLACEMENT_3D('',#6419,#5224,#5225);
#4262=AXIS2_PLACEMENT_3D('',#6421,#5227,#5228);
#4263=AXIS2_PLACEMENT_3D('',#6423,#5230,#5231);
#4264=AXIS2_PLACEMENT_3D('',#6425,#5233,#5234);
#4265=AXIS2_PLACEMENT_3D('',#6431,#5238,#5239);
#4266=AXIS2_PLACEMENT_3D('',#6437,#5243,#5244);
#4267=AXIS2_PLACEMENT_3D('',#6443,#5248,#5249);
#4268=AXIS2_PLACEMENT_3D('',#6449,#5253,#5254);
#4269=AXIS2_PLACEMENT_3D('',#6451,#5256,#5257);
#4270=AXIS2_PLACEMENT_3D('',#6453,#5259,#5260);
#4271=AXIS2_PLACEMENT_3D('',#6455,#5262,#5263);
#4272=AXIS2_PLACEMENT_3D('',#6457,#5265,#5266);
#4273=AXIS2_PLACEMENT_3D('',#6458,#5267,#5268);
#4274=AXIS2_PLACEMENT_3D('',#6463,#5270,#5271);
#4275=AXIS2_PLACEMENT_3D('',#6466,#5273,#5274);
#4276=AXIS2_PLACEMENT_3D('',#6467,#5275,#5276);
#4277=AXIS2_PLACEMENT_3D('',#6472,#5278,#5279);
#4278=AXIS2_PLACEMENT_3D('',#6475,#5281,#5282);
#4279=AXIS2_PLACEMENT_3D('',#6476,#5283,#5284);
#4280=AXIS2_PLACEMENT_3D('',#6481,#5286,#5287);
#4281=AXIS2_PLACEMENT_3D('',#6484,#5289,#5290);
#4282=AXIS2_PLACEMENT_3D('',#6485,#5291,#5292);
#4283=AXIS2_PLACEMENT_3D('',#6490,#5294,#5295);
#4284=AXIS2_PLACEMENT_3D('',#6493,#5297,#5298);
#4285=AXIS2_PLACEMENT_3D('',#6498,#5303,#5304);
#4286=AXIS2_PLACEMENT_3D('',#6500,#5306,#5307);
#4287=AXIS2_PLACEMENT_3D('',#6502,#5309,#5310);
#4288=AXIS2_PLACEMENT_3D('',#6504,#5312,#5313);
#4289=AXIS2_PLACEMENT_3D('',#6506,#5315,#5316);
#4290=AXIS2_PLACEMENT_3D('',#6511,#5319,#5320);
#4291=AXIS2_PLACEMENT_3D('',#6512,#5321,#5322);
#4292=AXIS2_PLACEMENT_3D('',#6514,#5324,#5325);
#4293=AXIS2_PLACEMENT_3D('',#6519,#5328,#5329);
#4294=AXIS2_PLACEMENT_3D('',#6520,#5330,#5331);
#4295=AXIS2_PLACEMENT_3D('',#6522,#5333,#5334);
#4296=AXIS2_PLACEMENT_3D('',#6524,#5336,#5337);
#4297=AXIS2_PLACEMENT_3D('',#6526,#5339,#5340);
#4298=AXIS2_PLACEMENT_3D('',#6529,#5342,#5343);
#4299=AXIS2_PLACEMENT_3D('',#6533,#5345,#5346);
#4300=AXIS2_PLACEMENT_3D('',#6536,#5348,#5349);
#4301=AXIS2_PLACEMENT_3D('',#6537,#5350,#5351);
#4302=AXIS2_PLACEMENT_3D('',#6542,#5353,#5354);
#4303=AXIS2_PLACEMENT_3D('',#6545,#5356,#5357);
#4304=AXIS2_PLACEMENT_3D('',#6546,#5358,#5359);
#4305=AXIS2_PLACEMENT_3D('',#6551,#5361,#5362);
#4306=AXIS2_PLACEMENT_3D('',#6554,#5364,#5365);
#4307=AXIS2_PLACEMENT_3D('',#6557,#5367,#5368);
#4308=AXIS2_PLACEMENT_3D('',#6561,#5370,#5371);
#4309=AXIS2_PLACEMENT_3D('',#6564,#5373,#5374);
#4310=AXIS2_PLACEMENT_3D('',#6569,#5379,#5380);
#4311=AXIS2_PLACEMENT_3D('',#6571,#5382,#5383);
#4312=AXIS2_PLACEMENT_3D('',#6573,#5385,#5386);
#4313=AXIS2_PLACEMENT_3D('',#6575,#5388,#5389);
#4314=AXIS2_PLACEMENT_3D('',#6577,#5391,#5392);
#4315=AXIS2_PLACEMENT_3D('',#6578,#5393,#5394);
#4316=AXIS2_PLACEMENT_3D('',#6580,#5395,#5396);
#4317=AXIS2_PLACEMENT_3D('',#6583,#5399,#5400);
#4318=AXIS2_PLACEMENT_3D('',#6586,#5403,#5404);
#4319=AXIS2_PLACEMENT_3D('',#6587,#5405,#5406);
#4320=AXIS2_PLACEMENT_3D('',#6588,#5407,#5408);
#4321=AXIS2_PLACEMENT_3D('',#6589,#5409,#5410);
#4322=AXIS2_PLACEMENT_3D('',#6591,#5411,#5412);
#4323=AXIS2_PLACEMENT_3D('',#6592,#5413,#5414);
#4324=AXIS2_PLACEMENT_3D('',#6593,#5415,#5416);
#4325=AXIS2_PLACEMENT_3D('',#6594,#5417,#5418);
#4326=AXIS2_PLACEMENT_3D('',#6595,#5419,#5420);
#4327=AXIS2_PLACEMENT_3D('',#6596,#5421,#5422);
#4328=AXIS2_PLACEMENT_3D('',#6597,#5423,#5424);
#4329=AXIS2_PLACEMENT_3D('',#6598,#5425,#5426);
#4330=AXIS2_PLACEMENT_3D('',#6599,#5427,#5428);
#4331=AXIS2_PLACEMENT_3D('',#6600,#5429,#5430);
#4332=AXIS2_PLACEMENT_3D('',#6601,#5431,#5432);
#4333=AXIS2_PLACEMENT_3D('',#6602,#5433,#5434);
#4334=AXIS2_PLACEMENT_3D('',#6603,#5435,#5436);
#4335=AXIS2_PLACEMENT_3D('',#6604,#5437,#5438);
#4336=AXIS2_PLACEMENT_3D('',#6606,#5439,#5440);
#4337=AXIS2_PLACEMENT_3D('',#6607,#5441,#5442);
#4338=AXIS2_PLACEMENT_3D('',#6609,#5443,#5444);
#4339=AXIS2_PLACEMENT_3D('',#6610,#5445,#5446);
#4340=AXIS2_PLACEMENT_3D('',#6612,#5447,#5448);
#4341=AXIS2_PLACEMENT_3D('',#6613,#5449,#5450);
#4342=AXIS2_PLACEMENT_3D('',#6615,#5451,#5452);
#4343=AXIS2_PLACEMENT_3D('',#6616,#5453,#5454);
#4344=AXIS2_PLACEMENT_3D('',#6618,#5455,#5456);
#4345=AXIS2_PLACEMENT_3D('',#6619,#5457,#5458);
#4346=AXIS2_PLACEMENT_3D('',#6621,#5459,#5460);
#4347=AXIS2_PLACEMENT_3D('',#6622,#5461,#5462);
#4348=AXIS2_PLACEMENT_3D('',#6624,#5463,#5464);
#4349=AXIS2_PLACEMENT_3D('',#6625,#5465,#5466);
#4350=AXIS2_PLACEMENT_3D('',#6627,#5467,#5468);
#4351=AXIS2_PLACEMENT_3D('',#6628,#5469,#5470);
#4352=AXIS2_PLACEMENT_3D('',#6630,#5471,#5472);
#4353=AXIS2_PLACEMENT_3D('',#6631,#5473,#5474);
#4354=AXIS2_PLACEMENT_3D('',#6633,#5475,#5476);
#4355=AXIS2_PLACEMENT_3D('',#6634,#5477,#5478);
#4356=AXIS2_PLACEMENT_3D('',#6636,#5479,#5480);
#4357=AXIS2_PLACEMENT_3D('',#6637,#5481,#5482);
#4358=AXIS2_PLACEMENT_3D('',#6639,#5483,#5484);
#4359=AXIS2_PLACEMENT_3D('',#6640,#5485,#5486);
#4360=AXIS2_PLACEMENT_3D('',#6641,#5487,#5488);
#4361=AXIS2_PLACEMENT_3D('',#6642,#5489,#5490);
#4362=AXIS2_PLACEMENT_3D('',#6643,#5491,#5492);
#4363=AXIS2_PLACEMENT_3D('',#6644,#5493,#5494);
#4364=AXIS2_PLACEMENT_3D('',#6645,#5495,#5496);
#4365=AXIS2_PLACEMENT_3D('',#6646,#5497,#5498);
#4366=AXIS2_PLACEMENT_3D('',#6647,#5499,#5500);
#4367=AXIS2_PLACEMENT_3D('',#6648,#5501,#5502);
#4368=AXIS2_PLACEMENT_3D('',#6649,#5503,#5504);
#4369=AXIS2_PLACEMENT_3D('',#6650,#5505,#5506);
#4370=DIRECTION('',(0.,0.,1.));
#4371=DIRECTION('',(1.,0.,0.));
#4372=DIRECTION('',(0.,1.45402842050322E-26,-1.));
#4373=DIRECTION('',(0.,1.,1.45402842050322E-26));
#4374=DIRECTION('',(0.,0.,1.));
#4375=DIRECTION('',(1.,0.,0.));
#4376=DIRECTION('',(0.,0.,1.));
#4377=DIRECTION('',(1.,0.,0.));
#4378=DIRECTION('',(0.,1.45402842050322E-26,-1.));
#4379=DIRECTION('',(0.,1.,1.45402842050322E-26));
#4380=DIRECTION('',(0.,0.,1.));
#4381=DIRECTION('',(1.,0.,0.));
#4382=DIRECTION('',(0.,0.,1.));
#4383=DIRECTION('',(1.,0.,0.));
#4384=DIRECTION('',(0.,1.45402842050322E-26,-1.));
#4385=DIRECTION('',(0.,1.,1.45402842050322E-26));
#4386=DIRECTION('',(0.,0.,1.));
#4387=DIRECTION('',(1.,0.,0.));
#4388=DIRECTION('',(0.,0.,1.));
#4389=DIRECTION('',(1.,0.,0.));
#4390=DIRECTION('',(0.,1.45402842050322E-26,-1.));
#4391=DIRECTION('',(0.,1.,1.45402842050322E-26));
#4392=DIRECTION('',(0.,0.,1.));
#4393=DIRECTION('',(1.,0.,0.));
#4394=DIRECTION('',(0.,0.,1.));
#4395=DIRECTION('',(1.,0.,0.));
#4396=DIRECTION('',(0.,-1.,0.));
#4397=DIRECTION('',(0.,0.,-1.));
#4398=DIRECTION('',(0.,0.,1.));
#4399=DIRECTION('',(1.,0.,0.));
#4400=DIRECTION('',(0.,0.,1.));
#4401=DIRECTION('',(1.,0.,0.));
#4402=DIRECTION('',(-1.,0.,0.));
#4403=DIRECTION('',(0.,0.,1.));
#4404=DIRECTION('',(0.,-1.,0.));
#4405=DIRECTION('',(0.,0.,1.));
#4406=DIRECTION('',(0.,-1.,0.));
#4407=DIRECTION('',(0.,0.,1.));
#4408=DIRECTION('',(0.,-1.,0.));
#4409=DIRECTION('',(0.,0.,-1.));
#4410=DIRECTION('',(1.,0.,0.));
#4411=DIRECTION('',(0.,0.,1.));
#4412=DIRECTION('',(1.,0.,0.));
#4413=DIRECTION('',(0.,0.,1.));
#4414=DIRECTION('',(1.,0.,0.));
#4415=DIRECTION('',(0.,0.,1.));
#4416=DIRECTION('',(1.,0.,0.));
#4417=DIRECTION('',(0.,0.,1.));
#4418=DIRECTION('',(-1.,0.,0.));
#4419=DIRECTION('',(0.,0.,1.));
#4420=DIRECTION('',(0.,0.,1.));
#4421=DIRECTION('',(0.,-1.,0.));
#4422=DIRECTION('',(0.,0.,1.));
#4423=DIRECTION('',(0.,-1.,0.));
#4424=DIRECTION('',(0.,0.,1.));
#4425=DIRECTION('',(0.,-1.,0.));
#4426=DIRECTION('',(0.,0.,1.));
#4427=DIRECTION('',(0.,-1.,0.));
#4428=DIRECTION('',(0.,0.,1.));
#4429=DIRECTION('',(1.,0.,0.));
#4430=DIRECTION('',(0.,0.,1.));
#4431=DIRECTION('',(1.,0.,0.));
#4432=DIRECTION('',(0.,0.,1.));
#4433=DIRECTION('',(1.,0.,0.));
#4434=DIRECTION('',(0.,0.,1.));
#4435=DIRECTION('',(1.,0.,0.));
#4436=DIRECTION('',(0.,0.,1.));
#4437=DIRECTION('',(1.,0.,0.));
#4438=DIRECTION('',(0.,0.,1.));
#4439=DIRECTION('',(1.,0.,0.));
#4440=DIRECTION('',(0.,0.,1.));
#4441=DIRECTION('',(1.,0.,0.));
#4442=DIRECTION('',(0.,0.,1.));
#4443=DIRECTION('',(0.,0.,1.));
#4444=DIRECTION('',(1.,0.,0.));
#4445=DIRECTION('',(0.,0.,-1.));
#4446=DIRECTION('',(-1.,0.,0.));
#4447=DIRECTION('',(0.,0.,1.));
#4448=DIRECTION('',(1.,0.,0.));
#4449=DIRECTION('',(0.,0.,1.));
#4450=DIRECTION('',(1.,0.,0.));
#4451=DIRECTION('',(0.,0.,1.));
#4452=DIRECTION('',(1.,0.,0.));
#4453=DIRECTION('',(0.,0.,-1.));
#4454=DIRECTION('',(-1.,0.,0.));
#4455=DIRECTION('',(0.,0.,1.));
#4456=DIRECTION('',(1.,0.,0.));
#4457=DIRECTION('',(0.,1.45402842050322E-26,-1.));
#4458=DIRECTION('',(0.,1.,1.45402842050322E-26));
#4459=DIRECTION('',(0.,0.,1.));
#4460=DIRECTION('',(1.,0.,0.));
#4461=DIRECTION('',(0.,0.,1.));
#4462=DIRECTION('',(1.,0.,0.));
#4463=DIRECTION('',(-1.,0.,0.));
#4464=DIRECTION('',(0.,0.,1.));
#4465=DIRECTION('',(0.,1.,0.));
#4466=DIRECTION('',(0.,0.,-1.));
#4467=DIRECTION('',(0.,1.,0.));
#4468=DIRECTION('',(0.,0.,-1.));
#4469=DIRECTION('',(-1.,0.,0.));
#4470=DIRECTION('',(0.,0.,1.));
#4471=DIRECTION('',(0.,0.,-1.));
#4472=DIRECTION('',(0.,1.,0.));
#4473=DIRECTION('',(0.,0.,-1.));
#4474=DIRECTION('',(0.,1.,0.));
#4475=DIRECTION('',(0.,0.,-1.));
#4476=DIRECTION('',(1.,0.,0.));
#4477=DIRECTION('',(1.,0.,0.));
#4478=DIRECTION('',(1.,0.,0.));
#4479=DIRECTION('',(0.,0.,-1.));
#4480=DIRECTION('',(-1.,0.,0.));
#4481=DIRECTION('',(0.,1.,0.));
#4482=DIRECTION('',(0.,0.,-1.));
#4483=DIRECTION('',(-1.,0.,0.));
#4484=DIRECTION('',(0.,0.,-1.));
#4485=DIRECTION('',(1.,0.,0.));
#4486=DIRECTION('',(1.,0.,0.));
#4487=DIRECTION('',(0.,0.,-1.));
#4488=DIRECTION('',(-1.,0.,0.));
#4489=DIRECTION('',(0.,1.,0.));
#4490=DIRECTION('',(0.,0.,-1.));
#4491=DIRECTION('',(-1.,0.,0.));
#4492=DIRECTION('',(1.,0.,0.));
#4493=DIRECTION('',(-1.,0.,0.));
#4494=DIRECTION('',(0.,0.,1.));
#4495=DIRECTION('',(0.,0.,1.));
#4496=DIRECTION('',(0.,-1.,0.));
#4497=DIRECTION('',(0.,0.,1.));
#4498=DIRECTION('',(0.,-1.,0.));
#4499=DIRECTION('',(0.,0.,1.));
#4500=DIRECTION('',(0.,-1.,0.));
#4501=DIRECTION('',(0.,0.,1.));
#4502=DIRECTION('',(0.,-1.,0.));
#4503=DIRECTION('',(0.,-1.,0.));
#4504=DIRECTION('',(0.,0.,-1.));
#4505=DIRECTION('',(0.,0.,1.));
#4506=DIRECTION('',(1.,0.,0.));
#4507=DIRECTION('',(0.,0.,1.));
#4508=DIRECTION('',(1.,0.,0.));
#4509=DIRECTION('',(-1.,0.,0.));
#4510=DIRECTION('',(0.,0.,1.));
#4511=DIRECTION('',(0.,0.,1.));
#4512=DIRECTION('',(0.,-1.,0.));
#4513=DIRECTION('',(0.,0.,1.));
#4514=DIRECTION('',(0.,-1.,0.));
#4515=DIRECTION('',(0.,0.,1.));
#4516=DIRECTION('',(0.,-1.,0.));
#4517=DIRECTION('',(0.,0.,1.));
#4518=DIRECTION('',(0.,-1.,0.));
#4519=DIRECTION('',(0.,-1.,0.));
#4520=DIRECTION('',(0.,0.,-1.));
#4521=DIRECTION('',(0.,0.,1.));
#4522=DIRECTION('',(1.,0.,0.));
#4523=DIRECTION('',(0.,0.,1.));
#4524=DIRECTION('',(1.,0.,0.));
#4525=DIRECTION('',(1.,0.,0.));
#4526=DIRECTION('',(0.,0.,1.));
#4527=DIRECTION('',(1.,0.,0.));
#4528=DIRECTION('',(0.,0.,1.));
#4529=DIRECTION('',(0.,0.,1.));
#4530=DIRECTION('',(1.,0.,0.));
#4531=DIRECTION('',(0.,0.,1.));
#4532=DIRECTION('',(1.,0.,0.));
#4533=DIRECTION('',(0.,0.,1.));
#4534=DIRECTION('',(1.,0.,0.));
#4535=DIRECTION('',(0.,0.,1.));
#4536=DIRECTION('',(1.,0.,0.));
#4537=DIRECTION('',(0.,0.,1.));
#4538=DIRECTION('',(1.,0.,0.));
#4539=DIRECTION('',(0.,0.,-1.));
#4540=DIRECTION('',(-1.,0.,0.));
#4541=DIRECTION('',(0.,0.,1.));
#4542=DIRECTION('',(1.,0.,0.));
#4543=DIRECTION('',(0.,0.,1.));
#4544=DIRECTION('',(1.,0.,0.));
#4545=DIRECTION('',(0.,0.,1.));
#4546=DIRECTION('',(1.,0.,0.));
#4547=DIRECTION('',(0.,0.,-1.));
#4548=DIRECTION('',(-1.,0.,0.));
#4549=DIRECTION('',(0.,0.,1.));
#4550=DIRECTION('',(1.,0.,0.));
#4551=DIRECTION('',(0.,0.,1.));
#4552=DIRECTION('',(1.,0.,0.));
#4553=DIRECTION('',(0.,0.,1.));
#4554=DIRECTION('',(1.,0.,0.));
#4555=DIRECTION('',(0.,0.,-1.));
#4556=DIRECTION('',(1.,0.,0.));
#4557=DIRECTION('',(-1.,0.,0.));
#4558=DIRECTION('',(-1.,0.,0.));
#4559=DIRECTION('',(0.,-1.,0.));
#4560=DIRECTION('',(0.,0.,-1.));
#4561=DIRECTION('',(1.,0.,0.));
#4562=DIRECTION('',(-1.,0.,0.));
#4563=DIRECTION('',(0.,-1.,0.));
#4564=DIRECTION('',(-1.,0.,0.));
#4565=DIRECTION('',(0.,-1.,0.));
#4566=DIRECTION('',(0.,0.,-1.));
#4567=DIRECTION('',(0.,0.,1.));
#4568=DIRECTION('',(0.,-1.,0.));
#4569=DIRECTION('',(0.,0.,-1.));
#4570=DIRECTION('',(0.,0.,1.));
#4571=DIRECTION('',(-1.,0.,0.));
#4572=DIRECTION('',(0.,0.,1.));
#4573=DIRECTION('',(0.,-1.,0.));
#4574=DIRECTION('',(0.,0.,1.));
#4575=DIRECTION('',(0.,-1.,0.));
#4576=DIRECTION('',(0.,0.,1.));
#4577=DIRECTION('',(0.,0.,1.));
#4578=DIRECTION('',(0.,-1.,0.));
#4579=DIRECTION('',(0.,0.,1.));
#4580=DIRECTION('',(0.,-1.,0.));
#4581=DIRECTION('',(0.,-1.,0.));
#4582=DIRECTION('',(0.,0.,-1.));
#4583=DIRECTION('',(0.,0.,1.));
#4584=DIRECTION('',(1.,0.,0.));
#4585=DIRECTION('',(0.,0.,1.));
#4586=DIRECTION('',(1.,0.,0.));
#4587=DIRECTION('',(0.,0.,1.));
#4588=DIRECTION('',(1.,0.,0.));
#4589=DIRECTION('',(0.,0.,1.));
#4590=DIRECTION('',(1.,0.,0.));
#4591=DIRECTION('',(-1.,0.,0.));
#4592=DIRECTION('',(0.,0.,1.));
#4593=DIRECTION('',(0.,-1.,0.));
#4594=DIRECTION('',(0.,0.,1.));
#4595=DIRECTION('',(0.,-1.,0.));
#4596=DIRECTION('',(0.,0.,1.));
#4597=DIRECTION('',(0.,-1.,0.));
#4598=DIRECTION('',(0.,0.,-1.));
#4599=DIRECTION('',(1.,0.,0.));
#4600=DIRECTION('',(0.,0.,1.));
#4601=DIRECTION('',(1.,0.,0.));
#4602=DIRECTION('',(0.,0.,1.));
#4603=DIRECTION('',(1.,0.,0.));
#4604=DIRECTION('',(0.,0.,1.));
#4605=DIRECTION('',(1.,0.,0.));
#4606=DIRECTION('',(0.,0.,1.));
#4607=DIRECTION('',(0.,0.,1.));
#4608=DIRECTION('',(1.,0.,0.));
#4609=DIRECTION('',(0.,0.,1.));
#4610=DIRECTION('',(1.,0.,0.));
#4611=DIRECTION('',(0.,0.,1.));
#4612=DIRECTION('',(1.,0.,0.));
#4613=DIRECTION('',(0.,0.,1.));
#4614=DIRECTION('',(1.,0.,0.));
#4615=DIRECTION('',(0.,0.,1.));
#4616=DIRECTION('',(1.,0.,0.));
#4617=DIRECTION('',(0.,0.,1.));
#4618=DIRECTION('',(1.,0.,0.));
#4619=DIRECTION('',(0.,0.,1.));
#4620=DIRECTION('',(1.,0.,0.));
#4621=DIRECTION('',(0.,0.,1.));
#4622=DIRECTION('',(0.,0.,1.));
#4623=DIRECTION('',(1.,0.,0.));
#4624=DIRECTION('',(0.,0.,-1.));
#4625=DIRECTION('',(-1.,0.,0.));
#4626=DIRECTION('',(0.,0.,1.));
#4627=DIRECTION('',(1.,0.,0.));
#4628=DIRECTION('',(0.,0.,1.));
#4629=DIRECTION('',(0.,0.,1.));
#4630=DIRECTION('',(1.,0.,0.));
#4631=DIRECTION('',(0.,0.,1.));
#4632=DIRECTION('',(1.,0.,0.));
#4633=DIRECTION('',(0.,0.,-1.));
#4634=DIRECTION('',(-1.,0.,0.));
#4635=DIRECTION('',(0.,0.,1.));
#4636=DIRECTION('',(1.,0.,0.));
#4637=DIRECTION('',(0.,1.45402842050322E-26,-1.));
#4638=DIRECTION('',(0.,1.,1.45402842050322E-26));
#4639=DIRECTION('',(0.,0.,1.));
#4640=DIRECTION('',(1.,0.,0.));
#4641=DIRECTION('',(0.,0.,1.));
#4642=DIRECTION('',(1.,0.,0.));
#4643=DIRECTION('',(1.,0.,0.));
#4644=DIRECTION('',(0.,0.,-1.));
#4645=DIRECTION('',(0.,-1.,0.));
#4646=DIRECTION('',(0.,-1.,0.));
#4647=DIRECTION('',(0.,0.,1.));
#4648=DIRECTION('',(0.,0.,-1.));
#4649=DIRECTION('',(1.,0.,0.));
#4650=DIRECTION('',(-1.,0.,0.));
#4651=DIRECTION('',(0.,-1.,0.));
#4652=DIRECTION('',(-1.,0.,0.));
#4653=DIRECTION('',(1.55441171682509E-16,-1.,0.));
#4654=DIRECTION('',(0.,0.,-1.));
#4655=DIRECTION('',(1.,0.,0.));
#4656=DIRECTION('',(0.,-1.,0.));
#4657=DIRECTION('',(-1.,0.,0.));
#4658=DIRECTION('',(1.55441171682509E-16,-1.,0.));
#4659=DIRECTION('',(-1.,0.,0.));
#4660=DIRECTION('',(0.,-1.,0.));
#4661=DIRECTION('',(0.,0.,-1.));
#4662=DIRECTION('',(0.,0.,1.));
#4663=DIRECTION('',(0.,0.,1.));
#4664=DIRECTION('',(0.,-1.,0.));
#4665=DIRECTION('',(0.,0.,-1.));
#4666=DIRECTION('',(0.,0.,1.));
#4667=DIRECTION('',(0.,0.,1.));
#4668=DIRECTION('',(0.,0.,-1.));
#4669=DIRECTION('',(1.,0.,0.));
#4670=DIRECTION('',(0.,-1.,0.));
#4671=DIRECTION('',(1.,0.,0.));
#4672=DIRECTION('',(0.,0.,-1.));
#4673=DIRECTION('',(1.,0.,0.));
#4674=DIRECTION('',(0.,-1.,0.));
#4675=DIRECTION('',(1.,0.,0.));
#4676=DIRECTION('',(1.,0.,0.));
#4677=DIRECTION('',(0.,0.,-1.));
#4678=DIRECTION('',(0.,0.,1.));
#4679=DIRECTION('',(0.,-1.,0.));
#4680=DIRECTION('',(0.,0.,1.));
#4681=DIRECTION('',(0.,-1.,0.));
#4682=DIRECTION('',(-1.,0.,0.));
#4683=DIRECTION('',(0.,0.,1.));
#4684=DIRECTION('',(0.,-1.,0.));
#4685=DIRECTION('',(0.,0.,1.));
#4686=DIRECTION('',(0.,-1.,0.));
#4687=DIRECTION('',(0.,0.,1.));
#4688=DIRECTION('',(0.,-1.,0.));
#4689=DIRECTION('',(0.,0.,-1.));
#4690=DIRECTION('',(0.,-1.,0.));
#4691=DIRECTION('',(0.,0.,-1.));
#4692=DIRECTION('',(0.,-1.,0.));
#4693=DIRECTION('',(0.,0.,-1.));
#4694=DIRECTION('',(1.,0.,0.));
#4695=DIRECTION('',(0.,0.,-1.));
#4696=DIRECTION('',(1.,0.,0.));
#4697=DIRECTION('',(1.,0.,0.));
#4698=DIRECTION('',(0.,0.,1.));
#4699=DIRECTION('',(1.,0.,0.));
#4700=DIRECTION('',(0.,0.,1.));
#4701=DIRECTION('',(0.,-1.,0.));
#4702=DIRECTION('',(0.,0.,-1.));
#4703=DIRECTION('',(0.,0.,1.));
#4704=DIRECTION('',(1.,0.,0.));
#4705=DIRECTION('',(0.,0.,1.));
#4706=DIRECTION('',(1.,0.,0.));
#4707=DIRECTION('',(-1.,-6.21764686730038E-16,0.));
#4708=DIRECTION('',(6.21764686730038E-16,-1.,0.));
#4709=DIRECTION('',(0.,0.,1.));
#4710=DIRECTION('',(6.21764686730038E-16,-1.,0.));
#4711=DIRECTION('',(0.,0.,1.));
#4712=DIRECTION('',(6.21764686730038E-16,-1.,0.));
#4713=DIRECTION('',(0.,0.,1.));
#4714=DIRECTION('',(1.,0.,0.));
#4715=DIRECTION('',(0.,0.,1.));
#4716=DIRECTION('',(1.,0.,0.));
#4717=DIRECTION('',(0.,0.,1.));
#4718=DIRECTION('',(1.,0.,0.));
#4719=DIRECTION('',(0.,0.,1.));
#4720=DIRECTION('',(1.,0.,0.));
#4721=DIRECTION('',(0.,0.,1.));
#4722=DIRECTION('',(1.,0.,0.));
#4723=DIRECTION('',(0.,0.,1.));
#4724=DIRECTION('',(1.,0.,0.));
#4725=DIRECTION('',(0.,0.,1.));
#4726=DIRECTION('',(1.,0.,0.));
#4727=DIRECTION('',(0.,0.,1.));
#4728=DIRECTION('',(1.,0.,0.));
#4729=DIRECTION('',(0.,0.,-1.));
#4730=DIRECTION('',(-1.,0.,0.));
#4731=DIRECTION('',(0.,0.,1.));
#4732=DIRECTION('',(1.,0.,0.));
#4733=DIRECTION('',(0.,0.,-1.));
#4734=DIRECTION('',(-1.,0.,0.));
#4735=DIRECTION('',(0.,0.,1.));
#4736=DIRECTION('',(1.,0.,0.));
#4737=DIRECTION('',(0.,0.,1.));
#4738=DIRECTION('',(1.,0.,0.));
#4739=DIRECTION('',(0.,0.,1.));
#4740=DIRECTION('',(1.,0.,0.));
#4741=DIRECTION('',(-1.,0.,0.));
#4742=DIRECTION('',(0.,0.,1.));
#4743=DIRECTION('',(0.,1.,0.));
#4744=DIRECTION('',(0.,0.,-1.));
#4745=DIRECTION('',(0.,1.,0.));
#4746=DIRECTION('',(-1.,0.,0.));
#4747=DIRECTION('',(0.,0.,1.));
#4748=DIRECTION('',(0.,0.,1.));
#4749=DIRECTION('',(0.,1.,0.));
#4750=DIRECTION('',(0.,0.,1.));
#4751=DIRECTION('',(0.,1.,0.));
#4752=DIRECTION('',(0.,0.,-1.));
#4753=DIRECTION('',(1.,0.,0.));
#4754=DIRECTION('',(1.,0.,0.));
#4755=DIRECTION('',(0.,0.,-1.));
#4756=DIRECTION('',(-1.,0.,0.));
#4757=DIRECTION('',(0.,0.,-1.));
#4758=DIRECTION('',(1.,0.,0.));
#4759=DIRECTION('',(1.,0.,0.));
#4760=DIRECTION('',(0.,0.,-1.));
#4761=DIRECTION('',(-1.,0.,0.));
#4762=DIRECTION('',(-1.,0.,0.));
#4763=DIRECTION('',(0.,0.,1.));
#4764=DIRECTION('',(0.,0.,1.));
#4765=DIRECTION('',(0.,-1.,0.));
#4766=DIRECTION('',(0.,0.,1.));
#4767=DIRECTION('',(0.,-1.,0.));
#4768=DIRECTION('',(0.,0.,1.));
#4769=DIRECTION('',(0.,-1.,0.));
#4770=DIRECTION('',(0.,0.,1.));
#4771=DIRECTION('',(0.,-1.,0.));
#4772=DIRECTION('',(0.,-1.,0.));
#4773=DIRECTION('',(0.,0.,-1.));
#4774=DIRECTION('',(0.,0.,1.));
#4775=DIRECTION('',(1.,0.,0.));
#4776=DIRECTION('',(0.,0.,1.));
#4777=DIRECTION('',(1.,0.,0.));
#4778=DIRECTION('',(0.,0.,1.));
#4779=DIRECTION('',(1.,0.,0.));
#4780=DIRECTION('',(0.,0.,1.));
#4781=DIRECTION('',(1.,0.,0.));
#4782=DIRECTION('',(-1.,0.,0.));
#4783=DIRECTION('',(0.,0.,1.));
#4784=DIRECTION('',(0.,0.,1.));
#4785=DIRECTION('',(0.,-1.,0.));
#4786=DIRECTION('',(0.,0.,1.));
#4787=DIRECTION('',(0.,-1.,0.));
#4788=DIRECTION('',(0.,0.,1.));
#4789=DIRECTION('',(0.,-1.,0.));
#4790=DIRECTION('',(0.,0.,1.));
#4791=DIRECTION('',(0.,-1.,0.));
#4792=DIRECTION('',(0.,-1.,0.));
#4793=DIRECTION('',(0.,0.,-1.));
#4794=DIRECTION('',(1.,0.,0.));
#4795=DIRECTION('',(0.,0.,1.));
#4796=DIRECTION('',(1.,0.,0.));
#4797=DIRECTION('',(0.,0.,1.));
#4798=DIRECTION('',(1.,0.,0.));
#4799=DIRECTION('',(0.,0.,1.));
#4800=DIRECTION('',(1.,0.,0.));
#4801=DIRECTION('',(0.,0.,1.));
#4802=DIRECTION('',(0.,0.,1.));
#4803=DIRECTION('',(1.,0.,0.));
#4804=DIRECTION('',(0.,0.,1.));
#4805=DIRECTION('',(1.,0.,0.));
#4806=DIRECTION('',(0.,0.,1.));
#4807=DIRECTION('',(1.,0.,0.));
#4808=DIRECTION('',(0.,0.,1.));
#4809=DIRECTION('',(1.,0.,0.));
#4810=DIRECTION('',(0.,0.,1.));
#4811=DIRECTION('',(1.,0.,0.));
#4812=DIRECTION('',(0.,0.,1.));
#4813=DIRECTION('',(1.,0.,0.));
#4814=DIRECTION('',(0.,0.,-1.));
#4815=DIRECTION('',(-1.,0.,0.));
#4816=DIRECTION('',(0.,0.,1.));
#4817=DIRECTION('',(1.,0.,0.));
#4818=DIRECTION('',(0.,0.,1.));
#4819=DIRECTION('',(1.,0.,0.));
#4820=DIRECTION('',(0.,0.,1.));
#4821=DIRECTION('',(1.,0.,0.));
#4822=DIRECTION('',(0.,0.,-1.));
#4823=DIRECTION('',(-1.,0.,0.));
#4824=DIRECTION('',(0.,0.,1.));
#4825=DIRECTION('',(1.,0.,0.));
#4826=DIRECTION('',(0.,0.,1.));
#4827=DIRECTION('',(1.,0.,0.));
#4828=DIRECTION('',(0.,0.,1.));
#4829=DIRECTION('',(1.,0.,0.));
#4830=DIRECTION('',(0.,1.45402842050322E-26,-1.));
#4831=DIRECTION('',(0.,1.,1.45402842050322E-26));
#4832=DIRECTION('',(0.,0.,1.));
#4833=DIRECTION('',(1.,0.,0.));
#4834=DIRECTION('',(0.,0.,-1.));
#4835=DIRECTION('',(1.,0.,0.));
#4836=DIRECTION('',(0.,-1.,0.));
#4837=DIRECTION('',(0.,-1.,0.));
#4838=DIRECTION('',(0.,0.,-1.));
#4839=DIRECTION('',(1.,0.,0.));
#4840=DIRECTION('',(0.,-1.,0.));
#4841=DIRECTION('',(0.,-1.,0.));
#4842=DIRECTION('',(1.,0.,0.));
#4843=DIRECTION('',(0.,0.,-1.));
#4844=DIRECTION('',(1.,0.,0.));
#4845=DIRECTION('',(0.,0.,-1.));
#4846=DIRECTION('',(0.,0.,-1.));
#4847=DIRECTION('',(1.,0.,0.));
#4848=DIRECTION('',(0.,-1.,0.));
#4849=DIRECTION('',(1.,0.,0.));
#4850=DIRECTION('',(0.,-1.,0.));
#4851=DIRECTION('',(1.,0.,0.));
#4852=DIRECTION('',(0.,0.,-1.));
#4853=DIRECTION('',(1.,0.,0.));
#4854=DIRECTION('',(1.,0.,0.));
#4855=DIRECTION('',(0.,-1.,0.));
#4856=DIRECTION('',(1.,0.,0.));
#4857=DIRECTION('',(0.,-1.,0.));
#4858=DIRECTION('',(0.,-1.,0.));
#4859=DIRECTION('',(0.,0.,-1.));
#4860=DIRECTION('',(0.,0.,1.));
#4861=DIRECTION('',(-1.,0.,0.));
#4862=DIRECTION('',(-1.,0.,0.));
#4863=DIRECTION('',(0.,-1.,0.));
#4864=DIRECTION('',(0.,0.,-1.));
#4865=DIRECTION('',(-1.,0.,0.));
#4866=DIRECTION('',(0.,0.,1.));
#4867=DIRECTION('',(-1.,0.,0.));
#4868=DIRECTION('',(0.,1.45402842050322E-26,-1.));
#4869=DIRECTION('',(0.,1.,1.45402842050322E-26));
#4870=DIRECTION('',(0.,0.,1.));
#4871=DIRECTION('',(1.,0.,0.));
#4872=DIRECTION('',(0.,0.,1.));
#4873=DIRECTION('',(1.,0.,0.));
#4874=DIRECTION('',(0.,-1.,0.));
#4875=DIRECTION('',(0.,0.,-1.));
#4876=DIRECTION('',(0.,0.,1.));
#4877=DIRECTION('',(-1.,0.,0.));
#4878=DIRECTION('',(0.,0.,1.));
#4879=DIRECTION('',(-1.,0.,0.));
#4880=DIRECTION('',(0.,-1.,0.));
#4881=DIRECTION('',(0.,0.,-1.));
#4882=DIRECTION('',(-1.,0.,0.));
#4883=DIRECTION('',(0.,0.,1.));
#4884=DIRECTION('',(-1.,0.,0.));
#4885=DIRECTION('',(0.,0.,1.));
#4886=DIRECTION('',(0.,1.45402842050322E-26,-1.));
#4887=DIRECTION('',(0.,1.,1.45402842050322E-26));
#4888=DIRECTION('',(0.,0.,1.));
#4889=DIRECTION('',(1.,0.,0.));
#4890=DIRECTION('',(0.,0.,1.));
#4891=DIRECTION('',(1.,0.,0.));
#4892=DIRECTION('',(0.,-1.,0.));
#4893=DIRECTION('',(0.,0.,-1.));
#4894=DIRECTION('',(1.,0.,0.));
#4895=DIRECTION('',(0.,0.,1.));
#4896=DIRECTION('',(1.,0.,0.));
#4897=DIRECTION('',(0.,0.,1.));
#4898=DIRECTION('',(1.,0.,0.));
#4899=DIRECTION('',(0.,0.,1.));
#4900=DIRECTION('',(1.,0.,0.));
#4901=DIRECTION('',(0.,0.,1.));
#4902=DIRECTION('',(-1.,0.,0.));
#4903=DIRECTION('',(0.,0.,1.));
#4904=DIRECTION('',(0.,-1.,0.));
#4905=DIRECTION('',(0.,0.,1.));
#4906=DIRECTION('',(0.,-1.,0.));
#4907=DIRECTION('',(0.,0.,1.));
#4908=DIRECTION('',(0.,0.,-1.));
#4909=DIRECTION('',(0.,0.,-1.));
#4910=DIRECTION('',(-1.,6.21764686730038E-16,0.));
#4911=DIRECTION('',(-6.21764686730038E-16,-1.,0.));
#4912=DIRECTION('',(-6.21764686730038E-16,-1.,0.));
#4913=DIRECTION('',(0.,0.,1.));
#4914=DIRECTION('',(-6.21764686730038E-16,-1.,0.));
#4915=DIRECTION('',(0.,0.,1.));
#4916=DIRECTION('',(0.,-1.,0.));
#4917=DIRECTION('',(0.,0.,-1.));
#4918=DIRECTION('',(0.,0.,1.));
#4919=DIRECTION('',(1.,0.,0.));
#4920=DIRECTION('',(0.,0.,1.));
#4921=DIRECTION('',(1.,0.,0.));
#4922=DIRECTION('',(0.,0.,1.));
#4923=DIRECTION('',(1.,0.,0.));
#4924=DIRECTION('',(0.,0.,1.));
#4925=DIRECTION('',(1.,0.,0.));
#4926=DIRECTION('',(0.,0.,1.));
#4927=DIRECTION('',(1.,0.,0.));
#4928=DIRECTION('',(0.,0.,1.));
#4929=DIRECTION('',(1.,0.,0.));
#4930=DIRECTION('',(0.,0.,1.));
#4931=DIRECTION('',(1.,0.,0.));
#4932=DIRECTION('',(0.,0.,1.));
#4933=DIRECTION('',(1.,0.,0.));
#4934=DIRECTION('',(0.,0.,1.));
#4935=DIRECTION('',(1.,0.,0.));
#4936=DIRECTION('',(0.,0.,-1.));
#4937=DIRECTION('',(-1.,0.,0.));
#4938=DIRECTION('',(0.,0.,1.));
#4939=DIRECTION('',(1.,0.,0.));
#4940=DIRECTION('',(0.,0.,1.));
#4941=DIRECTION('',(1.,0.,0.));
#4942=DIRECTION('',(0.,0.,1.));
#4943=DIRECTION('',(1.,0.,0.));
#4944=DIRECTION('',(0.,0.,-1.));
#4945=DIRECTION('',(-1.,0.,0.));
#4946=DIRECTION('',(0.,0.,1.));
#4947=DIRECTION('',(1.,0.,0.));
#4948=DIRECTION('',(1.,0.,0.));
#4949=DIRECTION('',(0.,0.,-1.));
#4950=DIRECTION('',(0.,-1.,0.));
#4951=DIRECTION('',(0.,0.,1.));
#4952=DIRECTION('',(0.,-1.,0.));
#4953=DIRECTION('',(0.,1.,0.));
#4954=DIRECTION('',(0.,0.,1.));
#4955=DIRECTION('',(0.,0.,-1.));
#4956=DIRECTION('',(0.,1.,0.));
#4957=DIRECTION('',(0.,0.,1.));
#4958=DIRECTION('',(0.,0.,-1.));
#4959=DIRECTION('',(0.,0.,-1.));
#4960=DIRECTION('',(1.,0.,0.));
#4961=DIRECTION('',(1.,0.,0.));
#4962=DIRECTION('',(0.,0.,-1.));
#4963=DIRECTION('',(1.,0.,0.));
#4964=DIRECTION('',(0.,-1.,0.));
#4965=DIRECTION('',(1.55441171682509E-16,-1.,0.));
#4966=DIRECTION('',(0.,0.,-1.));
#4967=DIRECTION('',(1.,0.,0.));
#4968=DIRECTION('',(1.,0.,0.));
#4969=DIRECTION('',(0.,0.,-1.));
#4970=DIRECTION('',(1.,0.,0.));
#4971=DIRECTION('',(0.,-1.,0.));
#4972=DIRECTION('',(1.55441171682509E-16,-1.,0.));
#4973=DIRECTION('',(0.,-1.,0.));
#4974=DIRECTION('',(0.,0.,-1.));
#4975=DIRECTION('',(1.,0.,0.));
#4976=DIRECTION('',(0.,0.,1.));
#4977=DIRECTION('',(1.,0.,0.));
#4978=DIRECTION('',(0.,0.,1.));
#4979=DIRECTION('',(1.,0.,0.));
#4980=DIRECTION('',(0.,0.,1.));
#4981=DIRECTION('',(1.,0.,0.));
#4982=DIRECTION('',(0.,0.,1.));
#4983=DIRECTION('',(-1.,-1.55441171682509E-16,0.));
#4984=DIRECTION('',(1.55441171682509E-16,-1.,0.));
#4985=DIRECTION('',(0.,0.,1.));
#4986=DIRECTION('',(1.55441171682509E-16,-1.,0.));
#4987=DIRECTION('',(0.,0.,1.));
#4988=DIRECTION('',(1.55441171682509E-16,-1.,0.));
#4989=DIRECTION('',(0.,-1.,0.));
#4990=DIRECTION('',(0.,0.,-1.));
#4991=DIRECTION('',(0.,0.,1.));
#4992=DIRECTION('',(1.,0.,0.));
#4993=DIRECTION('',(0.,0.,1.));
#4994=DIRECTION('',(1.,0.,0.));
#4995=DIRECTION('',(0.,0.,1.));
#4996=DIRECTION('',(1.,0.,0.));
#4997=DIRECTION('',(0.,0.,1.));
#4998=DIRECTION('',(1.,0.,0.));
#4999=DIRECTION('',(-1.,-1.55441171682509E-16,0.));
#5000=DIRECTION('',(1.55441171682509E-16,-1.,0.));
#5001=DIRECTION('',(0.,0.,1.));
#5002=DIRECTION('',(1.55441171682509E-16,-1.,0.));
#5003=DIRECTION('',(0.,0.,1.));
#5004=DIRECTION('',(1.55441171682509E-16,-1.,0.));
#5005=DIRECTION('',(0.,0.,1.));
#5006=DIRECTION('',(1.,0.,0.));
#5007=DIRECTION('',(0.,0.,1.));
#5008=DIRECTION('',(1.,0.,0.));
#5009=DIRECTION('',(0.,0.,1.));
#5010=DIRECTION('',(1.,0.,0.));
#5011=DIRECTION('',(0.,0.,1.));
#5012=DIRECTION('',(1.,0.,0.));
#5013=DIRECTION('',(0.,0.,1.));
#5014=DIRECTION('',(1.,0.,0.));
#5015=DIRECTION('',(0.,0.,-1.));
#5016=DIRECTION('',(-1.,0.,0.));
#5017=DIRECTION('',(0.,0.,1.));
#5018=DIRECTION('',(1.,0.,0.));
#5019=DIRECTION('',(0.,0.,1.));
#5020=DIRECTION('',(1.,0.,0.));
#5021=DIRECTION('',(0.,0.,1.));
#5022=DIRECTION('',(1.,0.,0.));
#5023=DIRECTION('',(0.,0.,-1.));
#5024=DIRECTION('',(-1.,0.,0.));
#5025=DIRECTION('',(0.,0.,1.));
#5026=DIRECTION('',(1.,0.,0.));
#5027=DIRECTION('',(0.,0.,1.));
#5028=DIRECTION('',(1.,0.,0.));
#5029=DIRECTION('',(0.,0.,1.));
#5030=DIRECTION('',(1.,0.,0.));
#5031=DIRECTION('',(1.,0.,0.));
#5032=DIRECTION('',(0.,0.,-1.));
#5033=DIRECTION('',(0.,-1.,0.));
#5034=DIRECTION('',(0.,-1.,0.));
#5035=DIRECTION('',(1.,0.,0.));
#5036=DIRECTION('',(0.,0.,-1.));
#5037=DIRECTION('',(0.,-1.,0.));
#5038=DIRECTION('',(0.,-1.,0.));
#5039=DIRECTION('',(0.,0.,-1.));
#5040=DIRECTION('',(1.,0.,0.));
#5041=DIRECTION('',(0.,0.,-1.));
#5042=DIRECTION('',(1.,0.,0.));
#5043=DIRECTION('',(-1.,0.,0.));
#5044=DIRECTION('',(0.,0.,1.));
#5045=DIRECTION('',(0.,0.,1.));
#5046=DIRECTION('',(0.,-1.,0.));
#5047=DIRECTION('',(0.,0.,1.));
#5048=DIRECTION('',(0.,-1.,0.));
#5049=DIRECTION('',(0.,-1.,0.));
#5050=DIRECTION('',(0.,0.,-1.));
#5051=DIRECTION('',(0.,0.,-1.));
#5052=DIRECTION('',(1.,0.,0.));
#5053=DIRECTION('',(0.,0.,1.));
#5054=DIRECTION('',(1.,0.,0.));
#5055=DIRECTION('',(0.,0.,1.));
#5056=DIRECTION('',(1.,0.,0.));
#5057=DIRECTION('',(0.,0.,1.));
#5058=DIRECTION('',(1.,0.,0.));
#5059=DIRECTION('',(0.,-1.,0.));
#5060=DIRECTION('',(0.,0.,-1.));
#5061=DIRECTION('',(1.,0.,0.));
#5062=DIRECTION('',(0.,0.,1.));
#5063=DIRECTION('',(1.,0.,0.));
#5064=DIRECTION('',(0.,0.,1.));
#5065=DIRECTION('',(-1.,0.,0.));
#5066=DIRECTION('',(0.,0.,1.));
#5067=DIRECTION('',(0.,0.,1.));
#5068=DIRECTION('',(0.,-1.,0.));
#5069=DIRECTION('',(0.,0.,1.));
#5070=DIRECTION('',(0.,-1.,0.));
#5071=DIRECTION('',(0.,0.,1.));
#5072=DIRECTION('',(1.,0.,0.));
#5073=DIRECTION('',(0.,0.,1.));
#5074=DIRECTION('',(1.,0.,0.));
#5075=DIRECTION('',(0.,0.,1.));
#5076=DIRECTION('',(1.,0.,0.));
#5077=DIRECTION('',(0.,0.,1.));
#5078=DIRECTION('',(1.,0.,0.));
#5079=DIRECTION('',(0.,0.,1.));
#5080=DIRECTION('',(1.,0.,0.));
#5081=DIRECTION('',(0.,0.,-1.));
#5082=DIRECTION('',(-1.,0.,0.));
#5083=DIRECTION('',(0.,0.,1.));
#5084=DIRECTION('',(1.,0.,0.));
#5085=DIRECTION('',(0.,0.,-1.));
#5086=DIRECTION('',(-1.,0.,0.));
#5087=DIRECTION('',(0.,0.,1.));
#5088=DIRECTION('',(1.,0.,0.));
#5089=DIRECTION('',(0.,0.,1.));
#5090=DIRECTION('',(1.,0.,0.));
#5091=DIRECTION('',(0.,0.,1.));
#5092=DIRECTION('',(1.,0.,0.));
#5093=DIRECTION('',(0.,0.,1.));
#5094=DIRECTION('',(1.,0.,0.));
#5095=DIRECTION('',(0.,0.,1.));
#5096=DIRECTION('',(1.,0.,0.));
#5097=DIRECTION('',(1.,0.,0.));
#5098=DIRECTION('',(0.,0.,-1.));
#5099=DIRECTION('',(0.,-1.,0.));
#5100=DIRECTION('',(0.,-1.,0.));
#5101=DIRECTION('',(0.,0.,-1.));
#5102=DIRECTION('',(-1.,0.,0.));
#5103=DIRECTION('',(0.,0.,1.));
#5104=DIRECTION('',(1.,0.,0.));
#5105=DIRECTION('',(0.,0.,1.));
#5106=DIRECTION('',(0.,0.,1.));
#5107=DIRECTION('',(1.,0.,0.));
#5108=DIRECTION('',(0.,0.,1.));
#5109=DIRECTION('',(0.,0.,1.));
#5110=DIRECTION('',(1.,0.,0.));
#5111=DIRECTION('',(0.,0.,1.));
#5112=DIRECTION('',(1.,0.,0.));
#5113=DIRECTION('',(0.,0.,1.));
#5114=DIRECTION('',(0.,0.,1.));
#5115=DIRECTION('',(1.,0.,0.));
#5116=DIRECTION('',(0.,0.,1.));
#5117=DIRECTION('',(0.,0.,-1.));
#5118=DIRECTION('',(-1.,0.,0.));
#5119=DIRECTION('',(0.,0.,1.));
#5120=DIRECTION('',(1.,0.,0.));
#5121=DIRECTION('',(0.,0.,1.));
#5122=DIRECTION('',(0.,0.,1.));
#5123=DIRECTION('',(1.,0.,0.));
#5124=DIRECTION('',(0.,0.,1.));
#5125=DIRECTION('',(0.,0.,1.));
#5126=DIRECTION('',(0.,0.,1.));
#5127=DIRECTION('',(0.,0.,1.));
#5128=DIRECTION('',(1.,0.,0.));
#5129=DIRECTION('',(0.,0.,1.));
#5130=DIRECTION('',(1.,0.,0.));
#5131=DIRECTION('',(0.,0.,1.));
#5132=DIRECTION('',(0.,0.,1.));
#5133=DIRECTION('',(0.,0.,1.));
#5134=DIRECTION('',(1.,0.,0.));
#5135=DIRECTION('',(0.,0.,1.));
#5136=DIRECTION('',(0.,0.,1.));
#5137=DIRECTION('',(1.,0.,0.));
#5138=DIRECTION('',(1.,0.,0.));
#5139=DIRECTION('',(0.,-1.,0.));
#5140=DIRECTION('',(1.,0.,0.));
#5141=DIRECTION('',(0.,-1.,0.));
#5142=DIRECTION('',(-1.,0.,0.));
#5143=DIRECTION('',(0.,0.,1.));
#5144=DIRECTION('',(0.,-1.,0.));
#5145=DIRECTION('',(-1.,0.,0.));
#5146=DIRECTION('',(0.,0.,1.));
#5147=DIRECTION('',(0.,-1.,0.));
#5148=DIRECTION('',(0.,-1.,0.));
#5149=DIRECTION('',(0.,0.,-1.));
#5150=DIRECTION('',(1.,0.,0.));
#5151=DIRECTION('',(0.,-1.,0.));
#5152=DIRECTION('',(0.,0.,-1.));
#5153=DIRECTION('',(1.,0.,0.));
#5154=DIRECTION('',(0.,0.,-1.));
#5155=DIRECTION('',(1.,0.,0.));
#5156=DIRECTION('',(0.,-1.,0.));
#5157=DIRECTION('',(0.,0.,-1.));
#5158=DIRECTION('',(1.,0.,0.));
#5159=DIRECTION('',(0.,-1.,0.));
#5160=DIRECTION('',(1.,0.,0.));
#5161=DIRECTION('',(0.,0.,-1.));
#5162=DIRECTION('',(0.,-1.,0.));
#5163=DIRECTION('',(0.,0.,-1.));
#5164=DIRECTION('',(-1.,0.,0.));
#5165=DIRECTION('',(-1.,0.,0.));
#5166=DIRECTION('',(0.,-1.,0.));
#5167=DIRECTION('',(0.,0.,-1.));
#5168=DIRECTION('',(-1.,0.,0.));
#5169=DIRECTION('',(-1.,0.,0.));
#5170=DIRECTION('',(0.,0.,-1.));
#5171=DIRECTION('',(1.,0.,0.));
#5172=DIRECTION('',(0.,0.,-1.));
#5173=DIRECTION('',(1.,0.,0.));
#5174=DIRECTION('',(1.,0.,0.));
#5175=DIRECTION('',(0.,0.,-1.));
#5176=DIRECTION('',(0.,1.45402842050322E-26,-1.));
#5177=DIRECTION('',(0.,1.,1.45402842050322E-26));
#5178=DIRECTION('',(0.,0.,1.));
#5179=DIRECTION('',(1.,0.,0.));
#5180=DIRECTION('',(0.,0.,1.));
#5181=DIRECTION('',(1.,0.,0.));
#5182=DIRECTION('',(0.,0.,1.));
#5183=DIRECTION('',(1.,0.,0.));
#5184=DIRECTION('',(0.,0.,1.));
#5185=DIRECTION('',(0.,0.,1.));
#5186=DIRECTION('',(1.,0.,0.));
#5187=DIRECTION('',(0.,0.,1.));
#5188=DIRECTION('',(0.,0.,-1.));
#5189=DIRECTION('',(-1.,0.,0.));
#5190=DIRECTION('',(0.,0.,1.));
#5191=DIRECTION('',(1.,0.,0.));
#5192=DIRECTION('',(0.,0.,1.));
#5193=DIRECTION('',(0.,0.,1.));
#5194=DIRECTION('',(1.,0.,0.));
#5195=DIRECTION('',(0.,0.,1.));
#5196=DIRECTION('',(0.,0.,1.));
#5197=DIRECTION('',(1.,0.,0.));
#5198=DIRECTION('',(0.,-1.,0.));
#5199=DIRECTION('',(0.,0.,1.));
#5200=DIRECTION('',(1.,0.,0.));
#5201=DIRECTION('',(1.,0.,0.));
#5202=DIRECTION('',(0.,-1.,0.));
#5203=DIRECTION('',(1.,0.,0.));
#5204=DIRECTION('',(0.,0.,1.));
#5205=DIRECTION('',(1.,0.,0.));
#5206=DIRECTION('',(-1.,0.,0.));
#5207=DIRECTION('',(0.,0.,1.));
#5208=DIRECTION('',(0.,0.,1.));
#5209=DIRECTION('',(0.,-1.,0.));
#5210=DIRECTION('',(0.,0.,1.));
#5211=DIRECTION('',(0.,0.,1.));
#5212=DIRECTION('',(1.,0.,0.));
#5213=DIRECTION('',(0.,0.,1.));
#5214=DIRECTION('',(0.,0.,1.));
#5215=DIRECTION('',(0.,0.,1.));
#5216=DIRECTION('',(1.,0.,0.));
#5217=DIRECTION('',(0.,0.,1.));
#5218=DIRECTION('',(0.,0.,-1.));
#5219=DIRECTION('',(-1.,0.,0.));
#5220=DIRECTION('',(0.,0.,1.));
#5221=DIRECTION('',(0.,0.,1.));
#5222=DIRECTION('',(0.,0.,1.));
#5223=DIRECTION('',(1.,0.,0.));
#5224=DIRECTION('',(0.,-1.,0.));
#5225=DIRECTION('',(0.,0.,-1.));
#5226=DIRECTION('',(1.,0.,0.));
#5227=DIRECTION('',(-1.,0.,0.));
#5228=DIRECTION('',(0.,0.,1.));
#5229=DIRECTION('',(0.,-1.,0.));
#5230=DIRECTION('',(0.,-1.,0.));
#5231=DIRECTION('',(0.,0.,-1.));
#5232=DIRECTION('',(1.,0.,0.));
#5233=DIRECTION('',(0.,0.,-1.));
#5234=DIRECTION('',(1.,0.,0.));
#5235=DIRECTION('',(1.,0.,0.));
#5236=DIRECTION('',(0.,-1.,0.));
#5237=DIRECTION('',(1.,0.,0.));
#5238=DIRECTION('',(0.,0.,-1.));
#5239=DIRECTION('',(1.,0.,0.));
#5240=DIRECTION('',(0.,-1.,0.));
#5241=DIRECTION('',(1.,0.,0.));
#5242=DIRECTION('',(0.,-1.,0.));
#5243=DIRECTION('',(0.,0.,-1.));
#5244=DIRECTION('',(1.,0.,0.));
#5245=DIRECTION('',(0.,-1.,0.));
#5246=DIRECTION('',(1.,0.,0.));
#5247=DIRECTION('',(1.,0.,0.));
#5248=DIRECTION('',(0.,0.,-1.));
#5249=DIRECTION('',(1.,0.,0.));
#5250=DIRECTION('',(1.,0.,0.));
#5251=DIRECTION('',(0.,-1.,0.));
#5252=DIRECTION('',(0.,-1.,0.));
#5253=DIRECTION('',(0.,1.,0.));
#5254=DIRECTION('',(0.,0.,1.));
#5255=DIRECTION('',(0.,0.,-1.));
#5256=DIRECTION('',(0.,1.,0.));
#5257=DIRECTION('',(0.,0.,1.));
#5258=DIRECTION('',(0.,0.,-1.));
#5259=DIRECTION('',(1.,0.,0.));
#5260=DIRECTION('',(0.,0.,-1.));
#5261=DIRECTION('',(0.,0.,1.));
#5262=DIRECTION('',(1.,0.,0.));
#5263=DIRECTION('',(0.,0.,-1.));
#5264=DIRECTION('',(0.,0.,1.));
#5265=DIRECTION('',(0.,0.,1.));
#5266=DIRECTION('',(1.,0.,0.));
#5267=DIRECTION('',(0.,0.,1.));
#5268=DIRECTION('',(1.,0.,0.));
#5269=DIRECTION('',(0.,0.,1.));
#5270=DIRECTION('',(0.,0.,1.));
#5271=DIRECTION('',(1.,0.,0.));
#5272=DIRECTION('',(0.,0.,1.));
#5273=DIRECTION('',(0.,0.,-1.));
#5274=DIRECTION('',(-1.,0.,0.));
#5275=DIRECTION('',(0.,0.,1.));
#5276=DIRECTION('',(1.,0.,0.));
#5277=DIRECTION('',(0.,0.,1.));
#5278=DIRECTION('',(0.,0.,1.));
#5279=DIRECTION('',(1.,0.,0.));
#5280=DIRECTION('',(0.,0.,1.));
#5281=DIRECTION('',(0.,0.,-1.));
#5282=DIRECTION('',(-1.,0.,0.));
#5283=DIRECTION('',(0.,0.,1.));
#5284=DIRECTION('',(1.,0.,0.));
#5285=DIRECTION('',(0.,0.,1.));
#5286=DIRECTION('',(0.,0.,1.));
#5287=DIRECTION('',(1.,0.,0.));
#5288=DIRECTION('',(0.,0.,1.));
#5289=DIRECTION('',(0.,0.,1.));
#5290=DIRECTION('',(1.,0.,0.));
#5291=DIRECTION('',(0.,0.,1.));
#5292=DIRECTION('',(1.,0.,0.));
#5293=DIRECTION('',(0.,0.,1.));
#5294=DIRECTION('',(0.,0.,1.));
#5295=DIRECTION('',(1.,0.,0.));
#5296=DIRECTION('',(0.,0.,1.));
#5297=DIRECTION('',(0.,0.,1.));
#5298=DIRECTION('',(1.,0.,0.));
#5299=DIRECTION('',(1.,0.,0.));
#5300=DIRECTION('',(0.,-1.,0.));
#5301=DIRECTION('',(1.,0.,0.));
#5302=DIRECTION('',(0.,-1.,0.));
#5303=DIRECTION('',(-1.,0.,0.));
#5304=DIRECTION('',(0.,0.,1.));
#5305=DIRECTION('',(0.,-1.,0.));
#5306=DIRECTION('',(0.,-1.,0.));
#5307=DIRECTION('',(0.,0.,-1.));
#5308=DIRECTION('',(1.,0.,0.));
#5309=DIRECTION('',(-1.,0.,0.));
#5310=DIRECTION('',(0.,0.,1.));
#5311=DIRECTION('',(0.,-1.,0.));
#5312=DIRECTION('',(0.,-1.,0.));
#5313=DIRECTION('',(0.,0.,-1.));
#5314=DIRECTION('',(1.,0.,0.));
#5315=DIRECTION('',(0.,0.,-1.));
#5316=DIRECTION('',(1.,0.,0.));
#5317=DIRECTION('',(0.,1.,0.));
#5318=DIRECTION('',(1.,0.,0.));
#5319=DIRECTION('',(0.,0.,-1.));
#5320=DIRECTION('',(-1.,0.,0.));
#5321=DIRECTION('',(0.,0.,-1.));
#5322=DIRECTION('',(1.,0.,0.));
#5323=DIRECTION('',(3.10882343365019E-16,-1.,0.));
#5324=DIRECTION('',(0.,0.,-1.));
#5325=DIRECTION('',(1.,0.,0.));
#5326=DIRECTION('',(1.,0.,0.));
#5327=DIRECTION('',(0.,1.,0.));
#5328=DIRECTION('',(0.,0.,-1.));
#5329=DIRECTION('',(-1.,0.,0.));
#5330=DIRECTION('',(0.,0.,-1.));
#5331=DIRECTION('',(1.,0.,0.));
#5332=DIRECTION('',(3.10882343365019E-16,-1.,0.));
#5333=DIRECTION('',(-1.,0.,0.));
#5334=DIRECTION('',(0.,0.,1.));
#5335=DIRECTION('',(0.,0.,-1.));
#5336=DIRECTION('',(-1.,0.,0.));
#5337=DIRECTION('',(0.,0.,1.));
#5338=DIRECTION('',(0.,0.,-1.));
#5339=DIRECTION('',(0.,0.,1.));
#5340=DIRECTION('',(1.,0.,0.));
#5341=DIRECTION('',(0.,0.,1.));
#5342=DIRECTION('',(0.,0.,1.));
#5343=DIRECTION('',(1.,0.,0.));
#5344=DIRECTION('',(0.,0.,1.));
#5345=DIRECTION('',(0.,0.,1.));
#5346=DIRECTION('',(1.,0.,0.));
#5347=DIRECTION('',(0.,0.,1.));
#5348=DIRECTION('',(0.,0.,1.));
#5349=DIRECTION('',(1.,0.,0.));
#5350=DIRECTION('',(0.,0.,1.));
#5351=DIRECTION('',(1.,0.,0.));
#5352=DIRECTION('',(0.,0.,1.));
#5353=DIRECTION('',(0.,0.,1.));
#5354=DIRECTION('',(1.,0.,0.));
#5355=DIRECTION('',(0.,0.,1.));
#5356=DIRECTION('',(0.,0.,-1.));
#5357=DIRECTION('',(-1.,0.,0.));
#5358=DIRECTION('',(0.,0.,1.));
#5359=DIRECTION('',(1.,0.,0.));
#5360=DIRECTION('',(0.,0.,1.));
#5361=DIRECTION('',(0.,0.,1.));
#5362=DIRECTION('',(1.,0.,0.));
#5363=DIRECTION('',(0.,0.,1.));
#5364=DIRECTION('',(0.,0.,-1.));
#5365=DIRECTION('',(-1.,0.,0.));
#5366=DIRECTION('',(0.,0.,1.));
#5367=DIRECTION('',(0.,0.,1.));
#5368=DIRECTION('',(1.,0.,0.));
#5369=DIRECTION('',(0.,0.,1.));
#5370=DIRECTION('',(0.,0.,1.));
#5371=DIRECTION('',(1.,0.,0.));
#5372=DIRECTION('',(0.,0.,1.));
#5373=DIRECTION('',(0.,0.,1.));
#5374=DIRECTION('',(1.,0.,0.));
#5375=DIRECTION('',(0.,-1.,0.));
#5376=DIRECTION('',(1.,0.,0.));
#5377=DIRECTION('',(3.10882343365019E-16,-1.,0.));
#5378=DIRECTION('',(1.,0.,0.));
#5379=DIRECTION('',(-1.,0.,0.));
#5380=DIRECTION('',(0.,0.,1.));
#5381=DIRECTION('',(0.,-1.,0.));
#5382=DIRECTION('',(0.,-1.,0.));
#5383=DIRECTION('',(0.,0.,-1.));
#5384=DIRECTION('',(1.,0.,0.));
#5385=DIRECTION('',(-1.,-3.10882343365019E-16,0.));
#5386=DIRECTION('',(3.10882343365019E-16,-1.,0.));
#5387=DIRECTION('',(3.10882343365019E-16,-1.,0.));
#5388=DIRECTION('',(0.,-1.,0.));
#5389=DIRECTION('',(0.,0.,-1.));
#5390=DIRECTION('',(1.,0.,0.));
#5391=DIRECTION('',(0.,1.45402842050322E-26,-1.));
#5392=DIRECTION('',(0.,1.,1.45402842050322E-26));
#5393=DIRECTION('',(0.,0.,1.));
#5394=DIRECTION('',(1.,0.,0.));
#5395=DIRECTION('',(0.,0.,-1.));
#5396=DIRECTION('',(1.,0.,0.));
#5397=DIRECTION('',(-1.,0.,0.));
#5398=DIRECTION('',(-1.,0.,0.));
#5399=DIRECTION('',(0.,0.,-1.));
#5400=DIRECTION('',(1.,0.,0.));
#5401=DIRECTION('',(-1.,0.,0.));
#5402=DIRECTION('',(-1.,0.,0.));
#5403=DIRECTION('',(0.,-1.,0.));
#5404=DIRECTION('',(0.,0.,-1.));
#5405=DIRECTION('',(0.,-1.,0.));
#5406=DIRECTION('',(0.,0.,-1.));
#5407=DIRECTION('',(0.,1.45402842050322E-26,-1.));
#5408=DIRECTION('',(0.,1.,1.45402842050322E-26));
#5409=DIRECTION('',(0.,0.,1.));
#5410=DIRECTION('',(1.,0.,0.));
#5411=DIRECTION('',(0.,0.,-1.));
#5412=DIRECTION('',(-1.,0.,0.));
#5413=DIRECTION('',(0.,0.,-1.));
#5414=DIRECTION('',(-1.,0.,0.));
#5415=DIRECTION('',(0.,0.,-1.));
#5416=DIRECTION('',(-1.,0.,0.));
#5417=DIRECTION('',(0.,0.,-1.));
#5418=DIRECTION('',(-1.,0.,0.));
#5419=DIRECTION('',(0.,0.,1.));
#5420=DIRECTION('',(1.,0.,0.));
#5421=DIRECTION('',(0.,0.,1.));
#5422=DIRECTION('',(1.,0.,0.));
#5423=DIRECTION('',(0.,0.,-1.));
#5424=DIRECTION('',(-1.,0.,0.));
#5425=DIRECTION('',(0.,0.,-1.));
#5426=DIRECTION('',(-1.,0.,0.));
#5427=DIRECTION('',(0.,0.,1.));
#5428=DIRECTION('',(1.,0.,0.));
#5429=DIRECTION('',(0.,0.,1.));
#5430=DIRECTION('',(1.,0.,0.));
#5431=DIRECTION('',(0.,0.,-1.));
#5432=DIRECTION('',(-1.,0.,0.));
#5433=DIRECTION('',(0.,0.,1.));
#5434=DIRECTION('',(1.,0.,0.));
#5435=DIRECTION('',(0.,-1.45402842050322E-26,1.));
#5436=DIRECTION('',(1.,0.,0.));
#5437=DIRECTION('',(0.,-1.45402842050322E-26,1.));
#5438=DIRECTION('',(0.,-1.,-1.45402842050322E-26));
#5439=DIRECTION('',(0.,-1.45402842050322E-26,1.));
#5440=DIRECTION('',(1.,0.,0.));
#5441=DIRECTION('',(0.,-1.45402842050322E-26,1.));
#5442=DIRECTION('',(0.,-1.,-1.45402842050322E-26));
#5443=DIRECTION('',(0.,-1.45402842050322E-26,1.));
#5444=DIRECTION('',(1.,0.,0.));
#5445=DIRECTION('',(0.,-1.45402842050322E-26,1.));
#5446=DIRECTION('',(0.,-1.,-1.45402842050322E-26));
#5447=DIRECTION('',(0.,-1.45402842050322E-26,1.));
#5448=DIRECTION('',(1.,0.,0.));
#5449=DIRECTION('',(0.,-1.45402842050322E-26,1.));
#5450=DIRECTION('',(0.,-1.,-1.45402842050322E-26));
#5451=DIRECTION('',(0.,-1.45402842050322E-26,1.));
#5452=DIRECTION('',(1.,0.,0.));
#5453=DIRECTION('',(0.,-1.45402842050322E-26,1.));
#5454=DIRECTION('',(0.,-1.,-1.45402842050322E-26));
#5455=DIRECTION('',(0.,-1.45402842050322E-26,1.));
#5456=DIRECTION('',(1.,0.,0.));
#5457=DIRECTION('',(0.,-1.45402842050322E-26,1.));
#5458=DIRECTION('',(0.,-1.,-1.45402842050322E-26));
#5459=DIRECTION('',(0.,-1.45402842050322E-26,1.));
#5460=DIRECTION('',(1.,0.,0.));
#5461=DIRECTION('',(0.,-1.45402842050322E-26,1.));
#5462=DIRECTION('',(0.,-1.,-1.45402842050322E-26));
#5463=DIRECTION('',(0.,-1.45402842050322E-26,1.));
#5464=DIRECTION('',(1.,0.,0.));
#5465=DIRECTION('',(0.,-1.45402842050322E-26,1.));
#5466=DIRECTION('',(0.,-1.,-1.45402842050322E-26));
#5467=DIRECTION('',(0.,-1.45402842050322E-26,1.));
#5468=DIRECTION('',(1.,0.,0.));
#5469=DIRECTION('',(0.,-1.45402842050322E-26,1.));
#5470=DIRECTION('',(0.,-1.,-1.45402842050322E-26));
#5471=DIRECTION('',(0.,-1.45402842050322E-26,1.));
#5472=DIRECTION('',(1.,0.,0.));
#5473=DIRECTION('',(0.,-1.45402842050322E-26,1.));
#5474=DIRECTION('',(0.,-1.,-1.45402842050322E-26));
#5475=DIRECTION('',(0.,-1.45402842050322E-26,1.));
#5476=DIRECTION('',(1.,0.,0.));
#5477=DIRECTION('',(0.,-1.45402842050322E-26,1.));
#5478=DIRECTION('',(0.,-1.,-1.45402842050322E-26));
#5479=DIRECTION('',(0.,-1.45402842050322E-26,1.));
#5480=DIRECTION('',(1.,0.,0.));
#5481=DIRECTION('',(0.,-1.45402842050322E-26,1.));
#5482=DIRECTION('',(0.,-1.,-1.45402842050322E-26));
#5483=DIRECTION('',(0.,0.,1.));
#5484=DIRECTION('',(1.,0.,0.));
#5485=DIRECTION('',(0.,0.,1.));
#5486=DIRECTION('',(1.,0.,0.));
#5487=DIRECTION('',(0.,0.,1.));
#5488=DIRECTION('',(1.,0.,0.));
#5489=DIRECTION('',(0.,0.,1.));
#5490=DIRECTION('',(1.,0.,0.));
#5491=DIRECTION('',(0.,0.,1.));
#5492=DIRECTION('',(1.,0.,0.));
#5493=DIRECTION('',(0.,0.,1.));
#5494=DIRECTION('',(1.,0.,0.));
#5495=DIRECTION('',(0.,0.,1.));
#5496=DIRECTION('',(1.,0.,0.));
#5497=DIRECTION('',(0.,0.,1.));
#5498=DIRECTION('',(1.,0.,0.));
#5499=DIRECTION('',(0.,0.,1.));
#5500=DIRECTION('',(1.,0.,0.));
#5501=DIRECTION('',(0.,0.,1.));
#5502=DIRECTION('',(1.,0.,0.));
#5503=DIRECTION('',(0.,0.,1.));
#5504=DIRECTION('',(1.,0.,0.));
#5505=DIRECTION('',(0.,0.,1.));
#5506=DIRECTION('',(1.,0.,0.));
#5507=CARTESIAN_POINT('',(0.,0.,0.));
#5508=CARTESIAN_POINT('',(7.82000000000894E-5,-0.0255019069999984,-0.00339800077999985));
#5509=CARTESIAN_POINT('',(7.82000000000894E-5,-0.0255019069999984,-0.00745000077999976));
#5510=CARTESIAN_POINT('',(0.0017197789300193,-0.0255019069999984,-0.00745000077999976));
#5511=CARTESIAN_POINT('',(7.82000000000894E-5,-0.0255019069999984,-0.00740000077999985));
#5512=CARTESIAN_POINT('',(0.0017197789300193,-0.0255019069999984,-0.00740000077999985));
#5513=CARTESIAN_POINT('',(6.45780000000848E-5,-0.0494843009999975,-0.00339800077999985));
#5514=CARTESIAN_POINT('',(6.45780000000848E-5,-0.0494843009999975,-0.00745000077999976));
#5515=CARTESIAN_POINT('',(0.00170615693001929,-0.0494843009999975,-0.00745000077999976));
#5516=CARTESIAN_POINT('',(6.45780000000848E-5,-0.0494843009999975,-0.00740000077999985));
#5517=CARTESIAN_POINT('',(0.00170615693001929,-0.0494843009999975,-0.00740000077999985));
#5518=CARTESIAN_POINT('',(6.96780000000855E-5,-0.0414873409999979,-0.00339800077999985));
#5519=CARTESIAN_POINT('',(6.96780000000855E-5,-0.0414873409999979,-0.00745000077999976));
#5520=CARTESIAN_POINT('',(0.0017112569300193,-0.0414873409999979,-0.00745000077999976));
#5521=CARTESIAN_POINT('',(6.96780000000855E-5,-0.0414873409999979,-0.00740000077999985));
#5522=CARTESIAN_POINT('',(0.0017112569300193,-0.0414873409999979,-0.00740000077999985));
#5523=CARTESIAN_POINT('',(0.0160646530000002,-0.0334852229999983,-0.00339800077999985));
#5524=CARTESIAN_POINT('',(0.0160646530000002,-0.0334852229999983,-0.00745000077999976));
#5525=CARTESIAN_POINT('',(0.0177062319300194,-0.0334852229999983,-0.00745000077999976));
#5526=CARTESIAN_POINT('',(0.0160646530000002,-0.0334852229999983,-0.00740000077999985));
#5527=CARTESIAN_POINT('',(0.0177062319300194,-0.0334852229999983,-0.00740000077999985));
#5528=CARTESIAN_POINT('',(-0.015929394,-0.0227499999999983,-0.00740000077999985));
#5529=CARTESIAN_POINT('',(-0.020179394,-0.0227499999999983,-0.00340000077999985));
#5530=CARTESIAN_POINT('',(-0.020179394,-0.0227499999999983,-0.00740000077999985));
#5531=CARTESIAN_POINT('',(-0.020179394,-0.0227499999999983,-0.00240000077999985));
#5532=CARTESIAN_POINT('',(-0.015929394,-0.0227499999999983,-0.00240000077999985));
#5533=CARTESIAN_POINT('',(-0.011679394,-0.0227499999999983,-0.00240000077999985));
#5534=CARTESIAN_POINT('',(-0.011679394,-0.0227499999999983,-0.00740000077999985));
#5535=CARTESIAN_POINT('',(-0.011679394,-0.0227499999999983,-0.00740000077999985));
#5536=CARTESIAN_POINT('',(-0.015929394,-0.0227499999999983,-0.00740000077999985));
#5537=CARTESIAN_POINT('',(-0.021679394,-0.0255399999999983,-0.00740000077999985));
#5538=CARTESIAN_POINT('',(-0.021679394,-0.0255399999999983,-0.00740000077999985));
#5539=CARTESIAN_POINT('',(-0.021679394,-0.0242499999999983,-0.00740000077999985));
#5540=CARTESIAN_POINT('',(-0.021679394,-0.0268299999999983,-0.00740000077999985));
#5541=CARTESIAN_POINT('',(-0.021679394,-0.0268299999999983,-0.00740000077999985));
#5542=CARTESIAN_POINT('',(-0.021679394,-0.0268299999999983,-0.00240000077999985));
#5543=CARTESIAN_POINT('',(-0.021679394,-0.0255399999999983,-0.00240000077999985));
#5544=CARTESIAN_POINT('',(-0.021679394,-0.0242499999999983,-0.00240000077999985));
#5545=CARTESIAN_POINT('',(-0.021679394,-0.0242499999999983,-0.00740000077999985));
#5546=CARTESIAN_POINT('',(-0.015929394,-0.0283299999999983,-0.00740000077999985));
#5547=CARTESIAN_POINT('',(-0.015929394,-0.0283299999999983,-0.00670000077999985));
#5548=CARTESIAN_POINT('',(-0.020179394,-0.0283299999999983,-0.00670000077999985));
#5549=CARTESIAN_POINT('',(-0.018979394,-0.0283299999999983,-0.00670000077999985));
#5550=CARTESIAN_POINT('',(-0.020179394,-0.0283299999999983,-0.00740000077999985));
#5551=CARTESIAN_POINT('',(-0.020179394,-0.0283299999999983,-0.00740000077999985));
#5552=CARTESIAN_POINT('',(-0.015929394,-0.0283299999999983,-0.00740000077999985));
#5553=CARTESIAN_POINT('',(-0.011679394,-0.0283299999999983,-0.00740000077999985));
#5554=CARTESIAN_POINT('',(-0.011679394,-0.0283299999999983,-0.00340000077999985));
#5555=CARTESIAN_POINT('',(-0.011679394,-0.0283299999999983,-0.00240000077999985));
#5556=CARTESIAN_POINT('',(-0.015929394,-0.0283299999999983,-0.00240000077999985));
#5557=CARTESIAN_POINT('',(-0.020179394,-0.0283299999999983,-0.00240000077999985));
#5558=CARTESIAN_POINT('',(-0.020179394,-0.0283299999999983,-0.00740000077999985));
#5559=CARTESIAN_POINT('',(-0.020179394,-0.0283299999999983,-0.00610000077999985));
#5560=CARTESIAN_POINT('',(-0.015929394,-0.0283299999999983,-0.00610000077999985));
#5561=CARTESIAN_POINT('',(-0.018979394,-0.0283299999999983,-0.00610000077999985));
#5562=CARTESIAN_POINT('',(-0.018979394,-0.0283299999999983,-0.00740000077999985));
#5563=CARTESIAN_POINT('',(-0.010179394,-0.0255399999999983,-0.00740000077999985));
#5564=CARTESIAN_POINT('',(-0.010179394,-0.0248873409999986,-0.00740000077999985));
#5565=CARTESIAN_POINT('',(-0.010179394,-0.0248873409999986,-0.00670000077999985));
#5566=CARTESIAN_POINT('',(-0.010179394,-0.0248873409999986,-0.00610000077999985));
#5567=CARTESIAN_POINT('',(-0.010179394,-0.0255399999999983,-0.00670000077999985));
#5568=CARTESIAN_POINT('',(-0.010179394,-0.0260873409999986,-0.00670000077999985));
#5569=CARTESIAN_POINT('',(-0.010179394,-0.0260873409999986,-0.00740000077999985));
#5570=CARTESIAN_POINT('',(-0.010179394,-0.0260873409999986,-0.00610000077999985));
#5571=CARTESIAN_POINT('',(-0.010179394,-0.0255399999999983,-0.00610000077999985));
#5572=CARTESIAN_POINT('',(-0.010179394,-0.0242499999999983,-0.00740000077999985));
#5573=CARTESIAN_POINT('',(-0.010179394,-0.0242499999999983,-0.00740000077999985));
#5574=CARTESIAN_POINT('',(-0.010179394,-0.0242499999999983,-0.00240000077999985));
#5575=CARTESIAN_POINT('',(-0.010179394,-0.0255399999999983,-0.00240000077999985));
#5576=CARTESIAN_POINT('',(-0.010179394,-0.0268299999999983,-0.00240000077999985));
#5577=CARTESIAN_POINT('',(-0.010179394,-0.0268299999999983,-0.00740000077999985));
#5578=CARTESIAN_POINT('',(-0.010179394,-0.0268299999999983,-0.00740000077999985));
#5579=CARTESIAN_POINT('',(-0.010179394,-0.0255399999999983,-0.00740000077999985));
#5580=CARTESIAN_POINT('',(6.88200000000874E-5,-0.037513670499998,-0.00740000077999985));
#5581=CARTESIAN_POINT('',(-0.015929394,-0.0255399999999983,-0.00740000077999985));
#5582=CARTESIAN_POINT('',(-0.0142878150699808,-0.0255399999999983,-0.00740000077999985));
#5583=CARTESIAN_POINT('',(-0.020179394,-0.0268299999999983,-0.00740000077999985));
#5584=CARTESIAN_POINT('',(-0.020179394,-0.0242499999999983,-0.00740000077999985));
#5585=CARTESIAN_POINT('',(-0.011679394,-0.0242499999999983,-0.00740000077999985));
#5586=CARTESIAN_POINT('',(-0.011679394,-0.0268299999999983,-0.00740000077999985));
#5587=CARTESIAN_POINT('',(-0.020179394,-0.0268299999999983,-0.00740000077999985));
#5588=CARTESIAN_POINT('',(-0.020179394,-0.0283299999999983,-0.00740000077999985));
#5589=CARTESIAN_POINT('',(-0.020179394,-0.0268299999999983,-0.00240000077999985));
#5590=CARTESIAN_POINT('',(-0.011679394,-0.0268299999999983,-0.00740000077999985));
#5591=CARTESIAN_POINT('',(-0.011679394,-0.0268299999999983,-0.00240000077999985));
#5592=CARTESIAN_POINT('',(-0.011679394,-0.0242499999999983,-0.00740000077999985));
#5593=CARTESIAN_POINT('',(-0.011679394,-0.0242499999999983,-0.00240000077999985));
#5594=CARTESIAN_POINT('',(-0.020179394,-0.0242499999999983,-0.00740000077999985));
#5595=CARTESIAN_POINT('',(-0.020179394,-0.0242499999999983,-0.00240000077999985));
#5596=CARTESIAN_POINT('',(0.0160622720000002,-0.0414816519999979,-0.00339800077999985));
#5597=CARTESIAN_POINT('',(0.0160622720000002,-0.0414816519999979,-0.00745000077999976));
#5598=CARTESIAN_POINT('',(0.0177038509300194,-0.0414816519999979,-0.00745000077999976));
#5599=CARTESIAN_POINT('',(0.0160622720000002,-0.0414816519999979,-0.00740000077999985));
#5600=CARTESIAN_POINT('',(0.0177038509300194,-0.0414816519999979,-0.00740000077999985));
#5601=CARTESIAN_POINT('',(0.0191152480000002,-0.0374834374999981,-0.00610000077999985));
#5602=CARTESIAN_POINT('',(0.0191152480000002,-0.0374834374999981,-0.00610000077999985));
#5603=CARTESIAN_POINT('',(0.0191152480000002,-0.0386916519999979,-0.00610000077999985));
#5604=CARTESIAN_POINT('',(0.0191152480000002,-0.0362752229999983,-0.00610000077999985));
#5605=CARTESIAN_POINT('',(0.0191152480000002,-0.0362752229999983,-0.00740000077999985));
#5606=CARTESIAN_POINT('',(0.0191152480000002,-0.0362752229999983,-0.00670000077999985));
#5607=CARTESIAN_POINT('',(0.0191152480000002,-0.0374834374999981,-0.00670000077999985));
#5608=CARTESIAN_POINT('',(0.0191152480000002,-0.0386916519999979,-0.00670000077999985));
#5609=CARTESIAN_POINT('',(0.0191152480000002,-0.0386916519999979,-0.00740000077999985));
#5610=CARTESIAN_POINT('',(0.0203152480000002,-0.0374856869999981,-0.00610000077999985));
#5611=CARTESIAN_POINT('',(0.0203152480000002,-0.0442716490478031,-0.00740000077999985));
#5612=CARTESIAN_POINT('',(0.0203152480000002,-0.0442716490478031,-0.00610000077999985));
#5613=CARTESIAN_POINT('',(0.0203152480000002,-0.0442716490478031,-0.00670000077999985));
#5614=CARTESIAN_POINT('',(0.0203152480000002,-0.0374856869999981,-0.00610000077999985));
#5615=CARTESIAN_POINT('',(0.0203152480000002,-0.0466940329999976,-0.00610000077999985));
#5616=CARTESIAN_POINT('',(0.0203152480000002,-0.0466940329999976,-0.00740000077999985));
#5617=CARTESIAN_POINT('',(0.0203152480000002,-0.0466940329999976,-0.00670000077999985));
#5618=CARTESIAN_POINT('',(0.0203152480000002,-0.0374856869999981,-0.00670000077999985));
#5619=CARTESIAN_POINT('',(6.79270000000856E-5,-0.0374856869999981,-0.00610000077999985));
#5620=CARTESIAN_POINT('',(0.0160646530000002,-0.0362752229999983,-0.00610000077999985));
#5621=CARTESIAN_POINT('',(0.0203146530000002,-0.0362752229999983,-0.00610000077999985));
#5622=CARTESIAN_POINT('',(0.0160622720000002,-0.0386916519999979,-0.00610000077999985));
#5623=CARTESIAN_POINT('',(0.0203122720000002,-0.0386916519999979,-0.00610000077999985));
#5624=CARTESIAN_POINT('',(0.0203122720000002,-0.0401916519999979,-0.00610000077999985));
#5625=CARTESIAN_POINT('',(0.0203152480000002,-0.0386916549521928,-0.00610000077999985));
#5626=CARTESIAN_POINT('',(0.0203152480000002,-0.0374856869999981,-0.00610000077999985));
#5627=CARTESIAN_POINT('',(0.0203152480000002,-0.0362752228819899,-0.00610000077999985));
#5628=CARTESIAN_POINT('',(0.0203146530000002,-0.0347752229999983,-0.00610000077999985));
#5629=CARTESIAN_POINT('',(6.79270000000856E-5,-0.0374856869999981,-0.00670000077999985));
#5630=CARTESIAN_POINT('',(0.0160646530000002,-0.0362752229999983,-0.00670000077999985));
#5631=CARTESIAN_POINT('',(0.0203146530000002,-0.0362752229999983,-0.00670000077999985));
#5632=CARTESIAN_POINT('',(0.0203146530000002,-0.0347752229999983,-0.00670000077999985));
#5633=CARTESIAN_POINT('',(0.0203152480000002,-0.0362752228819899,-0.00670000077999985));
#5634=CARTESIAN_POINT('',(0.0203152480000002,-0.0374856869999981,-0.00670000077999985));
#5635=CARTESIAN_POINT('',(0.0203152480000002,-0.0386916549521928,-0.00670000077999985));
#5636=CARTESIAN_POINT('',(0.0203122720000002,-0.0401916519999979,-0.00670000077999985));
#5637=CARTESIAN_POINT('',(0.0203122720000002,-0.0386916519999979,-0.00670000077999985));
#5638=CARTESIAN_POINT('',(0.0160622720000002,-0.0386916519999979,-0.00670000077999985));
#5639=CARTESIAN_POINT('',(0.00582820000000009,-0.0255019069999984,-0.00740000077999985));
#5640=CARTESIAN_POINT('',(0.00582820000000009,-0.0242119069999985,-0.00740000077999985));
#5641=CARTESIAN_POINT('',(0.00582820000000009,-0.0242119069999985,-0.00740000077999985));
#5642=CARTESIAN_POINT('',(0.00582820000000009,-0.0242119069999985,-0.00240000077999985));
#5643=CARTESIAN_POINT('',(0.00582820000000009,-0.0255019069999984,-0.00240000077999985));
#5644=CARTESIAN_POINT('',(0.00582820000000009,-0.0267919069999984,-0.00240000077999985));
#5645=CARTESIAN_POINT('',(0.00582820000000009,-0.0267919069999984,-0.00740000077999985));
#5646=CARTESIAN_POINT('',(0.00582820000000009,-0.0267919069999984,-0.00740000077999985));
#5647=CARTESIAN_POINT('',(0.00582820000000009,-0.0255019069999984,-0.00740000077999985));
#5648=CARTESIAN_POINT('',(0.00582820000000009,-0.0248873409999986,-0.00740000077999985));
#5649=CARTESIAN_POINT('',(0.00582820000000009,-0.0248873409999986,-0.00670000077999985));
#5650=CARTESIAN_POINT('',(0.00582820000000009,-0.0248873409999986,-0.00610000077999985));
#5651=CARTESIAN_POINT('',(0.00582820000000009,-0.0255019069999984,-0.00670000077999985));
#5652=CARTESIAN_POINT('',(0.00582820000000009,-0.0260873409999986,-0.00670000077999985));
#5653=CARTESIAN_POINT('',(0.00582820000000009,-0.0260873409999986,-0.00740000077999985));
#5654=CARTESIAN_POINT('',(0.00582820000000009,-0.0260873409999986,-0.00610000077999985));
#5655=CARTESIAN_POINT('',(0.00582820000000009,-0.0255019069999984,-0.00610000077999985));
#5656=CARTESIAN_POINT('',(7.8200000000089E-5,-0.0227119069999984,-0.00740000077999985));
#5657=CARTESIAN_POINT('',(-0.00417179999999991,-0.0227119069999984,-0.00340000077999985));
#5658=CARTESIAN_POINT('',(-0.00417179999999991,-0.0227119069999984,-0.00740000077999985));
#5659=CARTESIAN_POINT('',(-0.00417179999999991,-0.0227119069999984,-0.00240000077999985));
#5660=CARTESIAN_POINT('',(7.8200000000089E-5,-0.0227119069999984,-0.00240000077999985));
#5661=CARTESIAN_POINT('',(0.00432820000000009,-0.0227119069999984,-0.00240000077999985));
#5662=CARTESIAN_POINT('',(0.00432820000000009,-0.0227119069999984,-0.00740000077999985));
#5663=CARTESIAN_POINT('',(0.00432820000000009,-0.0227119069999984,-0.00740000077999985));
#5664=CARTESIAN_POINT('',(7.8200000000089E-5,-0.0227119069999984,-0.00740000077999985));
#5665=CARTESIAN_POINT('',(-0.00567179999999991,-0.0255019069999984,-0.00740000077999985));
#5666=CARTESIAN_POINT('',(-0.00567179999999991,-0.0260873409999986,-0.00740000077999985));
#5667=CARTESIAN_POINT('',(-0.00567179999999991,-0.0260873409999986,-0.00670000077999985));
#5668=CARTESIAN_POINT('',(-0.00567179999999991,-0.0260873409999986,-0.00610000077999985));
#5669=CARTESIAN_POINT('',(-0.00567179999999991,-0.0255019069999984,-0.00670000077999985));
#5670=CARTESIAN_POINT('',(-0.00567179999999991,-0.0248873409999986,-0.00670000077999985));
#5671=CARTESIAN_POINT('',(-0.00567179999999991,-0.0248873409999986,-0.00740000077999985));
#5672=CARTESIAN_POINT('',(-0.00567179999999991,-0.0248873409999986,-0.00610000077999985));
#5673=CARTESIAN_POINT('',(-0.00567179999999991,-0.0255019069999984,-0.00610000077999985));
#5674=CARTESIAN_POINT('',(-0.00567179999999991,-0.0267919069999984,-0.00740000077999985));
#5675=CARTESIAN_POINT('',(-0.00567179999999991,-0.0267919069999984,-0.00740000077999985));
#5676=CARTESIAN_POINT('',(-0.00567179999999991,-0.0267919069999984,-0.00240000077999985));
#5677=CARTESIAN_POINT('',(-0.00567179999999991,-0.0255019069999984,-0.00240000077999985));
#5678=CARTESIAN_POINT('',(-0.00567179999999991,-0.0242119069999985,-0.00240000077999985));
#5679=CARTESIAN_POINT('',(-0.00567179999999991,-0.0242119069999985,-0.00740000077999985));
#5680=CARTESIAN_POINT('',(-0.00567179999999991,-0.0242119069999985,-0.00740000077999985));
#5681=CARTESIAN_POINT('',(-0.00567179999999991,-0.0255019069999984,-0.00740000077999985));
#5682=CARTESIAN_POINT('',(7.8200000000089E-5,-0.0282919069999985,-0.00740000077999985));
#5683=CARTESIAN_POINT('',(0.000678200000000089,-0.0282919069999985,-0.00740000077999985));
#5684=CARTESIAN_POINT('',(0.000678200000000089,-0.0282919069999985,-0.00670000077999985));
#5685=CARTESIAN_POINT('',(0.000678200000000089,-0.0282919069999985,-0.00610000077999985));
#5686=CARTESIAN_POINT('',(7.8200000000089E-5,-0.0282919069999985,-0.00670000077999985));
#5687=CARTESIAN_POINT('',(-0.000521799999999911,-0.0282919069999985,-0.00670000077999985));
#5688=CARTESIAN_POINT('',(-0.000521799999999911,-0.0282919069999985,-0.00740000077999985));
#5689=CARTESIAN_POINT('',(-0.000521799999999911,-0.0282919069999985,-0.00610000077999985));
#5690=CARTESIAN_POINT('',(7.8200000000089E-5,-0.0282919069999985,-0.00610000077999985));
#5691=CARTESIAN_POINT('',(7.8200000000089E-5,-0.0282919069999985,-0.00740000077999985));
#5692=CARTESIAN_POINT('',(-0.00417179999999991,-0.0282919069999985,-0.00740000077999985));
#5693=CARTESIAN_POINT('',(0.00432820000000009,-0.0282919069999985,-0.00740000077999985));
#5694=CARTESIAN_POINT('',(0.00432820000000009,-0.0282919069999985,-0.00340000077999985));
#5695=CARTESIAN_POINT('',(0.00432820000000009,-0.0282919069999985,-0.00240000077999985));
#5696=CARTESIAN_POINT('',(7.8200000000089E-5,-0.0282919069999985,-0.00240000077999985));
#5697=CARTESIAN_POINT('',(-0.00417179999999991,-0.0282919069999985,-0.00240000077999985));
#5698=CARTESIAN_POINT('',(-0.00417179999999991,-0.0282919069999985,-0.00740000077999985));
#5699=CARTESIAN_POINT('',(6.88200000000874E-5,-0.037513670499998,-0.00740000077999985));
#5700=CARTESIAN_POINT('',(0.00432820000000009,-0.0267919069999984,-0.00740000077999985));
#5701=CARTESIAN_POINT('',(-0.00417179999999991,-0.0267919069999984,-0.00740000077999985));
#5702=CARTESIAN_POINT('',(-0.00417179999999991,-0.0242119069999985,-0.00740000077999985));
#5703=CARTESIAN_POINT('',(0.00432820000000009,-0.0242119069999985,-0.00740000077999985));
#5704=CARTESIAN_POINT('',(0.00432820000000009,-0.0267919069999984,-0.00740000077999985));
#5705=CARTESIAN_POINT('',(0.00432820000000009,-0.0267919069999984,-0.00240000077999985));
#5706=CARTESIAN_POINT('',(0.00432820000000009,-0.0242119069999985,-0.00740000077999985));
#5707=CARTESIAN_POINT('',(0.00432820000000009,-0.0242119069999985,-0.00240000077999985));
#5708=CARTESIAN_POINT('',(-0.00417179999999991,-0.0242119069999985,-0.00740000077999985));
#5709=CARTESIAN_POINT('',(-0.00417179999999991,-0.0242119069999985,-0.00240000077999985));
#5710=CARTESIAN_POINT('',(-0.00417179999999991,-0.0267919069999984,-0.00740000077999985));
#5711=CARTESIAN_POINT('',(-0.00417179999999991,-0.0267919069999984,-0.00240000077999985));
#5712=CARTESIAN_POINT('',(6.79270000000856E-5,-0.0374856869999981,-0.00610000077999985));
#5713=CARTESIAN_POINT('',(6.79270000000856E-5,-0.0248873409999986,-0.00610000077999985));
#5714=CARTESIAN_POINT('',(0.0103152480000002,-0.0248873409999986,-0.00610000077999985));
#5715=CARTESIAN_POINT('',(0.00989672400000014,-0.0260873409999986,-0.00610000077999985));
#5716=CARTESIAN_POINT('',(0.0103152480000002,-0.0260873409999986,-0.00610000077999985));
#5717=CARTESIAN_POINT('',(0.0103152480000002,-0.0254873409999986,-0.00610000077999985));
#5718=CARTESIAN_POINT('',(6.79270000000856E-5,-0.0374856869999981,-0.00670000077999985));
#5719=CARTESIAN_POINT('',(6.79270000000856E-5,-0.0248873409999986,-0.00670000077999985));
#5720=CARTESIAN_POINT('',(0.0103152480000002,-0.0248873409999986,-0.00670000077999985));
#5721=CARTESIAN_POINT('',(0.0103152480000002,-0.0254873409999986,-0.00670000077999985));
#5722=CARTESIAN_POINT('',(0.0103152480000002,-0.0260873409999986,-0.00670000077999985));
#5723=CARTESIAN_POINT('',(0.00989672400000014,-0.0260873409999986,-0.00670000077999985));
#5724=CARTESIAN_POINT('',(6.79270000000856E-5,-0.0248873409999986,-0.00610000077999985));
#5725=CARTESIAN_POINT('',(0.0103152480000002,-0.0248873409999986,-0.00740000077999985));
#5726=CARTESIAN_POINT('',(0.00989672400000014,-0.0260873409999986,-0.00610000077999985));
#5727=CARTESIAN_POINT('',(0.0103152480000002,-0.0260873409999986,-0.00740000077999985));
#5728=CARTESIAN_POINT('',(-0.010179394,-0.033497128999998,-0.00740000077999985));
#5729=CARTESIAN_POINT('',(-0.010179394,-0.033497128999998,-0.00740000077999985));
#5730=CARTESIAN_POINT('',(-0.010179394,-0.032207128999998,-0.00740000077999985));
#5731=CARTESIAN_POINT('',(-0.010179394,-0.034787128999998,-0.00740000077999985));
#5732=CARTESIAN_POINT('',(-0.010179394,-0.032207128999998,-0.00740000077999985));
#5733=CARTESIAN_POINT('',(-0.010179394,-0.032207128999998,-0.00240000077999985));
#5734=CARTESIAN_POINT('',(-0.010179394,-0.033497128999998,-0.00240000077999985));
#5735=CARTESIAN_POINT('',(-0.010179394,-0.034787128999998,-0.00240000077999985));
#5736=CARTESIAN_POINT('',(-0.010179394,-0.034787128999998,-0.00740000077999985));
#5737=CARTESIAN_POINT('',(-0.010179394,-0.0328852229999982,-0.00740000077999985));
#5738=CARTESIAN_POINT('',(-0.010179394,-0.0328852229999982,-0.00670000077999985));
#5739=CARTESIAN_POINT('',(-0.010179394,-0.0328852229999982,-0.00610000077999985));
#5740=CARTESIAN_POINT('',(-0.010179394,-0.033497128999998,-0.00670000077999985));
#5741=CARTESIAN_POINT('',(-0.010179394,-0.0340852229999983,-0.00670000077999985));
#5742=CARTESIAN_POINT('',(-0.010179394,-0.0340852229999983,-0.00740000077999985));
#5743=CARTESIAN_POINT('',(-0.010179394,-0.0340852229999983,-0.00610000077999985));
#5744=CARTESIAN_POINT('',(-0.010179394,-0.033497128999998,-0.00610000077999985));
#5745=CARTESIAN_POINT('',(-0.015929394,-0.030707128999998,-0.00740000077999985));
#5746=CARTESIAN_POINT('',(-0.020179394,-0.030707128999998,-0.00340000077999985));
#5747=CARTESIAN_POINT('',(-0.020179394,-0.030707128999998,-0.00740000077999985));
#5748=CARTESIAN_POINT('',(-0.020179394,-0.030707128999998,-0.00670000077999985));
#5749=CARTESIAN_POINT('',(-0.015929394,-0.030707128999998,-0.00670000077999985));
#5750=CARTESIAN_POINT('',(-0.018979394,-0.030707128999998,-0.00670000077999985));
#5751=CARTESIAN_POINT('',(-0.018979394,-0.030707128999998,-0.00740000077999985));
#5752=CARTESIAN_POINT('',(-0.018979394,-0.030707128999998,-0.00610000077999985));
#5753=CARTESIAN_POINT('',(-0.015929394,-0.030707128999998,-0.00610000077999985));
#5754=CARTESIAN_POINT('',(-0.020179394,-0.030707128999998,-0.00610000077999985));
#5755=CARTESIAN_POINT('',(-0.020179394,-0.030707128999998,-0.00340000077999985));
#5756=CARTESIAN_POINT('',(-0.020179394,-0.030707128999998,-0.00240000077999985));
#5757=CARTESIAN_POINT('',(-0.015929394,-0.030707128999998,-0.00240000077999985));
#5758=CARTESIAN_POINT('',(-0.011679394,-0.030707128999998,-0.00240000077999985));
#5759=CARTESIAN_POINT('',(-0.011679394,-0.030707128999998,-0.00740000077999985));
#5760=CARTESIAN_POINT('',(-0.011679394,-0.030707128999998,-0.00740000077999985));
#5761=CARTESIAN_POINT('',(-0.015929394,-0.030707128999998,-0.00740000077999985));
#5762=CARTESIAN_POINT('',(-0.021679394,-0.033497128999998,-0.00740000077999985));
#5763=CARTESIAN_POINT('',(-0.021679394,-0.033497128999998,-0.00740000077999985));
#5764=CARTESIAN_POINT('',(-0.021679394,-0.032207128999998,-0.00740000077999985));
#5765=CARTESIAN_POINT('',(-0.021679394,-0.034787128999998,-0.00740000077999985));
#5766=CARTESIAN_POINT('',(-0.021679394,-0.034787128999998,-0.00740000077999985));
#5767=CARTESIAN_POINT('',(-0.021679394,-0.034787128999998,-0.00240000077999985));
#5768=CARTESIAN_POINT('',(-0.021679394,-0.033497128999998,-0.00240000077999985));
#5769=CARTESIAN_POINT('',(-0.021679394,-0.032207128999998,-0.00240000077999985));
#5770=CARTESIAN_POINT('',(-0.021679394,-0.032207128999998,-0.00740000077999985));
#5771=CARTESIAN_POINT('',(-0.015929394,-0.036287128999998,-0.00740000077999985));
#5772=CARTESIAN_POINT('',(-0.015929394,-0.036287128999998,-0.00670000077999985));
#5773=CARTESIAN_POINT('',(-0.020179394,-0.036287128999998,-0.00670000077999985));
#5774=CARTESIAN_POINT('',(-0.018979394,-0.036287128999998,-0.00670000077999985));
#5775=CARTESIAN_POINT('',(-0.020179394,-0.036287128999998,-0.00740000077999985));
#5776=CARTESIAN_POINT('',(-0.020179394,-0.036287128999998,-0.00740000077999985));
#5777=CARTESIAN_POINT('',(-0.015929394,-0.036287128999998,-0.00740000077999985));
#5778=CARTESIAN_POINT('',(-0.011679394,-0.036287128999998,-0.00740000077999985));
#5779=CARTESIAN_POINT('',(-0.011679394,-0.036287128999998,-0.00340000077999985));
#5780=CARTESIAN_POINT('',(-0.011679394,-0.036287128999998,-0.00240000077999985));
#5781=CARTESIAN_POINT('',(-0.015929394,-0.036287128999998,-0.00240000077999985));
#5782=CARTESIAN_POINT('',(-0.020179394,-0.036287128999998,-0.00240000077999985));
#5783=CARTESIAN_POINT('',(-0.020179394,-0.036287128999998,-0.00740000077999985));
#5784=CARTESIAN_POINT('',(-0.020179394,-0.036287128999998,-0.00610000077999985));
#5785=CARTESIAN_POINT('',(-0.015929394,-0.036287128999998,-0.00610000077999985));
#5786=CARTESIAN_POINT('',(-0.018979394,-0.036287128999998,-0.00610000077999985));
#5787=CARTESIAN_POINT('',(-0.018979394,-0.036287128999998,-0.00740000077999985));
#5788=CARTESIAN_POINT('',(6.88200000000874E-5,-0.037513670499998,-0.00740000077999985));
#5789=CARTESIAN_POINT('',(-0.015929394,-0.033497128999998,-0.00740000077999985));
#5790=CARTESIAN_POINT('',(-0.0142878150699808,-0.033497128999998,-0.00740000077999985));
#5791=CARTESIAN_POINT('',(-0.020179394,-0.034787128999998,-0.00740000077999985));
#5792=CARTESIAN_POINT('',(-0.020179394,-0.032207128999998,-0.00740000077999985));
#5793=CARTESIAN_POINT('',(-0.011679394,-0.032207128999998,-0.00740000077999985));
#5794=CARTESIAN_POINT('',(-0.011679394,-0.034787128999998,-0.00740000077999985));
#5795=CARTESIAN_POINT('',(-0.020179394,-0.034787128999998,-0.00740000077999985));
#5796=CARTESIAN_POINT('',(-0.020179394,-0.036287128999998,-0.00740000077999985));
#5797=CARTESIAN_POINT('',(-0.020179394,-0.034787128999998,-0.00240000077999985));
#5798=CARTESIAN_POINT('',(-0.020179394,-0.032207128999998,-0.00740000077999985));
#5799=CARTESIAN_POINT('',(-0.020179394,-0.032207128999998,-0.00240000077999985));
#5800=CARTESIAN_POINT('',(-0.020179394,-0.030707128999998,-0.00340000077999985));
#5801=CARTESIAN_POINT('',(-0.011679394,-0.032207128999998,-0.00740000077999985));
#5802=CARTESIAN_POINT('',(-0.011679394,-0.032207128999998,-0.00240000077999985));
#5803=CARTESIAN_POINT('',(-0.011679394,-0.034787128999998,-0.00740000077999985));
#5804=CARTESIAN_POINT('',(-0.011679394,-0.034787128999998,-0.00240000077999985));
#5805=CARTESIAN_POINT('',(-0.015929394,-0.0414850749999977,-0.00339800077999985));
#5806=CARTESIAN_POINT('',(-0.015929394,-0.0414850749999977,-0.00745000077999976));
#5807=CARTESIAN_POINT('',(-0.0142878150699808,-0.0414850749999977,-0.00745000077999976));
#5808=CARTESIAN_POINT('',(-0.015929394,-0.0414850749999977,-0.00740000077999985));
#5809=CARTESIAN_POINT('',(-0.0142878150699808,-0.0414850749999977,-0.00740000077999985));
#5810=CARTESIAN_POINT('',(-0.018979394,-0.0374834374999981,-0.00610000077999985));
#5811=CARTESIAN_POINT('',(-0.018979394,-0.0374834374999981,-0.00670000077999985));
#5812=CARTESIAN_POINT('',(-0.018979394,-0.0386950749999977,-0.00670000077999985));
#5813=CARTESIAN_POINT('',(-0.018979394,-0.0374834374999981,-0.00610000077999985));
#5814=CARTESIAN_POINT('',(-0.018979394,-0.0386950749999977,-0.00610000077999985));
#5815=CARTESIAN_POINT('',(-0.018979394,-0.0386950749999977,-0.00740000077999985));
#5816=CARTESIAN_POINT('',(6.79270000000856E-5,-0.0374856869999981,-0.00610000077999985));
#5817=CARTESIAN_POINT('',(-0.009750597,-0.040881651999998,-0.00610000077999985));
#5818=CARTESIAN_POINT('',(-0.00568032199999992,-0.040881651999998,-0.00610000077999985));
#5819=CARTESIAN_POINT('',(-0.010179394,-0.040881651999998,-0.00610000077999985));
#5820=CARTESIAN_POINT('',(-0.010179394,-0.0414850749999977,-0.00610000077999985));
#5821=CARTESIAN_POINT('',(-0.010179394,-0.042081651999998,-0.00610000077999985));
#5822=CARTESIAN_POINT('',(-0.009750597,-0.042081651999998,-0.00610000077999985));
#5823=CARTESIAN_POINT('',(-0.00568032199999992,-0.042081651999998,-0.00610000077999985));
#5824=CARTESIAN_POINT('',(-0.00568032199999992,-0.0414873409999979,-0.00610000077999985));
#5825=CARTESIAN_POINT('',(6.79270000000856E-5,-0.0374856869999981,-0.00670000077999985));
#5826=CARTESIAN_POINT('',(-0.010179394,-0.0414850749999977,-0.00670000077999985));
#5827=CARTESIAN_POINT('',(-0.010179394,-0.040881651999998,-0.00670000077999985));
#5828=CARTESIAN_POINT('',(-0.010179394,-0.042081651999998,-0.00670000077999985));
#5829=CARTESIAN_POINT('',(-0.009750597,-0.040881651999998,-0.00670000077999985));
#5830=CARTESIAN_POINT('',(-0.00568032199999992,-0.040881651999998,-0.00670000077999985));
#5831=CARTESIAN_POINT('',(-0.00568032199999992,-0.0414873409999979,-0.00670000077999985));
#5832=CARTESIAN_POINT('',(-0.00568032199999992,-0.042081651999998,-0.00670000077999985));
#5833=CARTESIAN_POINT('',(-0.009750597,-0.042081651999998,-0.00670000077999985));
#5834=CARTESIAN_POINT('',(-0.009750597,-0.042081651999998,-0.00610000077999985));
#5835=CARTESIAN_POINT('',(-0.010179394,-0.042081651999998,-0.00740000077999985));
#5836=CARTESIAN_POINT('',(-0.00568032199999992,-0.042081651999998,-0.00740000077999985));
#5837=CARTESIAN_POINT('',(-0.009750597,-0.040881651999998,-0.00610000077999985));
#5838=CARTESIAN_POINT('',(-0.010179394,-0.040881651999998,-0.00740000077999985));
#5839=CARTESIAN_POINT('',(-0.00568032199999992,-0.040881651999998,-0.00740000077999985));
#5840=CARTESIAN_POINT('',(6.79270000000856E-5,-0.0374856869999981,-0.00610000077999985));
#5841=CARTESIAN_POINT('',(-0.020179394,-0.0374856869999981,-0.00610000077999985));
#5842=CARTESIAN_POINT('',(-0.020179394,-0.0386950749999977,-0.00610000077999985));
#5843=CARTESIAN_POINT('',(-0.015929394,-0.0386950749999977,-0.00610000077999985));
#5844=CARTESIAN_POINT('',(6.79270000000856E-5,-0.0374856869999981,-0.00670000077999985));
#5845=CARTESIAN_POINT('',(-0.020179394,-0.0374856869999981,-0.00670000077999985));
#5846=CARTESIAN_POINT('',(-0.020179394,-0.0386950749999977,-0.00670000077999985));
#5847=CARTESIAN_POINT('',(-0.015929394,-0.0386950749999977,-0.00670000077999985));
#5848=CARTESIAN_POINT('',(-0.020179394,-0.0374856869999981,-0.00610000077999985));
#5849=CARTESIAN_POINT('',(-0.020179394,-0.0442750749999977,-0.00740000077999985));
#5850=CARTESIAN_POINT('',(-0.020179394,-0.0442750749999977,-0.00670000077999985));
#5851=CARTESIAN_POINT('',(-0.020179394,-0.0442750749999977,-0.00610000077999985));
#5852=CARTESIAN_POINT('',(-0.020179394,-0.0374856869999981,-0.00670000077999985));
#5853=CARTESIAN_POINT('',(-0.020179394,-0.0467499999999974,-0.00670000077999985));
#5854=CARTESIAN_POINT('',(-0.020179394,-0.0467499999999974,-0.00340000077999985));
#5855=CARTESIAN_POINT('',(-0.020179394,-0.0467499999999974,-0.00610000077999985));
#5856=CARTESIAN_POINT('',(-0.020179394,-0.0374856869999981,-0.00610000077999985));
#5857=CARTESIAN_POINT('',(0.0103170340000002,-0.0494840329999976,-0.00740000077999985));
#5858=CARTESIAN_POINT('',(0.0103170340000002,-0.0494840329999976,-0.00740000077999985));
#5859=CARTESIAN_POINT('',(0.0103170340000002,-0.0481940329999976,-0.00740000077999985));
#5860=CARTESIAN_POINT('',(0.0103170340000002,-0.0507740329999976,-0.00740000077999985));
#5861=CARTESIAN_POINT('',(0.0103170340000002,-0.0507740329999976,-0.00740000077999985));
#5862=CARTESIAN_POINT('',(0.0103170340000002,-0.0507740329999976,-0.00240000077999985));
#5863=CARTESIAN_POINT('',(0.0103170340000002,-0.0494840329999976,-0.00240000077999985));
#5864=CARTESIAN_POINT('',(0.0103170340000002,-0.0481940329999976,-0.00240000077999985));
#5865=CARTESIAN_POINT('',(0.0103170340000002,-0.0481940329999976,-0.00740000077999985));
#5866=CARTESIAN_POINT('',(0.0103170340000002,-0.0494840329999976,-0.00610000077999985));
#5867=CARTESIAN_POINT('',(0.0103170340000002,-0.0488840329999977,-0.00610000077999985));
#5868=CARTESIAN_POINT('',(0.0103170340000002,-0.0500840329999977,-0.00610000077999985));
#5869=CARTESIAN_POINT('',(0.0103170340000002,-0.0500840329999977,-0.00740000077999985));
#5870=CARTESIAN_POINT('',(0.0103170340000002,-0.0500840329999977,-0.00670000077999985));
#5871=CARTESIAN_POINT('',(0.0103170340000002,-0.0494840329999976,-0.00670000077999985));
#5872=CARTESIAN_POINT('',(0.0103170340000002,-0.0488840329999977,-0.00670000077999985));
#5873=CARTESIAN_POINT('',(0.0103170340000002,-0.0488840329999977,-0.00740000077999985));
#5874=CARTESIAN_POINT('',(0.0160670340000002,-0.0466940329999976,-0.00740000077999985));
#5875=CARTESIAN_POINT('',(0.0160670340000002,-0.0466940329999976,-0.00610000077999985));
#5876=CARTESIAN_POINT('',(0.0191152480000002,-0.0466940329999976,-0.00610000077999985));
#5877=CARTESIAN_POINT('',(0.0191152480000002,-0.0466940329999976,-0.00740000077999985));
#5878=CARTESIAN_POINT('',(0.0191152480000002,-0.0466940329999976,-0.00670000077999985));
#5879=CARTESIAN_POINT('',(0.0160670340000002,-0.0466940329999976,-0.00670000077999985));
#5880=CARTESIAN_POINT('',(0.0160670340000002,-0.0466940329999976,-0.00740000077999985));
#5881=CARTESIAN_POINT('',(0.0118170340000002,-0.0466940329999976,-0.00740000077999985));
#5882=CARTESIAN_POINT('',(0.0203170340000002,-0.0466940329999976,-0.00740000077999985));
#5883=CARTESIAN_POINT('',(0.0118170340000002,-0.0466940329999976,-0.00340000077999985));
#5884=CARTESIAN_POINT('',(0.0118170340000002,-0.0466940329999976,-0.00240000077999985));
#5885=CARTESIAN_POINT('',(0.0160670340000002,-0.0466940329999976,-0.00240000077999985));
#5886=CARTESIAN_POINT('',(0.0203170340000002,-0.0466940329999976,-0.00240000077999985));
#5887=CARTESIAN_POINT('',(0.0203170340000002,-0.0466940329999976,-0.00740000077999985));
#5888=CARTESIAN_POINT('',(0.0160670340000002,-0.0522740329999977,-0.00740000077999985));
#5889=CARTESIAN_POINT('',(0.0203170340000002,-0.0522740329999977,-0.00340000077999985));
#5890=CARTESIAN_POINT('',(0.0203170340000002,-0.0522740329999977,-0.00740000077999985));
#5891=CARTESIAN_POINT('',(0.0203170340000002,-0.0522740329999977,-0.00240000077999985));
#5892=CARTESIAN_POINT('',(0.0160670340000002,-0.0522740329999977,-0.00240000077999985));
#5893=CARTESIAN_POINT('',(0.0118170340000002,-0.0522740329999977,-0.00240000077999985));
#5894=CARTESIAN_POINT('',(0.0118170340000002,-0.0522740329999977,-0.00740000077999985));
#5895=CARTESIAN_POINT('',(0.0118170340000002,-0.0522740329999977,-0.00740000077999985));
#5896=CARTESIAN_POINT('',(0.0160670340000002,-0.0522740329999977,-0.00740000077999985));
#5897=CARTESIAN_POINT('',(0.0218170340000002,-0.0494840329999976,-0.00740000077999985));
#5898=CARTESIAN_POINT('',(0.0218170340000002,-0.0481940329999976,-0.00740000077999985));
#5899=CARTESIAN_POINT('',(0.0218170340000002,-0.0481940329999976,-0.00740000077999985));
#5900=CARTESIAN_POINT('',(0.0218170340000002,-0.0481940329999976,-0.00240000077999985));
#5901=CARTESIAN_POINT('',(0.0218170340000002,-0.0494840329999976,-0.00240000077999985));
#5902=CARTESIAN_POINT('',(0.0218170340000002,-0.0507740329999976,-0.00240000077999985));
#5903=CARTESIAN_POINT('',(0.0218170340000002,-0.0507740329999976,-0.00740000077999985));
#5904=CARTESIAN_POINT('',(0.0218170340000002,-0.0507740329999976,-0.00740000077999985));
#5905=CARTESIAN_POINT('',(0.0218170340000002,-0.0494840329999976,-0.00740000077999985));
#5906=CARTESIAN_POINT('',(6.88200000000874E-5,-0.037513670499998,-0.00740000077999985));
#5907=CARTESIAN_POINT('',(0.0160670340000002,-0.0494840329999976,-0.00740000077999985));
#5908=CARTESIAN_POINT('',(0.0177086129300194,-0.0494840329999976,-0.00740000077999985));
#5909=CARTESIAN_POINT('',(0.0118170340000002,-0.0507740329999976,-0.00740000077999985));
#5910=CARTESIAN_POINT('',(0.0118170340000002,-0.0481940329999976,-0.00740000077999985));
#5911=CARTESIAN_POINT('',(0.0203170340000002,-0.0481940329999976,-0.00740000077999985));
#5912=CARTESIAN_POINT('',(0.0203170340000002,-0.0507740329999976,-0.00740000077999985));
#5913=CARTESIAN_POINT('',(0.0118170340000002,-0.0507740329999976,-0.00740000077999985));
#5914=CARTESIAN_POINT('',(0.0118170340000002,-0.0507740329999976,-0.00240000077999985));
#5915=CARTESIAN_POINT('',(0.0118170340000002,-0.0481940329999976,-0.00740000077999985));
#5916=CARTESIAN_POINT('',(0.0118170340000002,-0.0481940329999976,-0.00240000077999985));
#5917=CARTESIAN_POINT('',(0.0203170340000002,-0.0507740329999976,-0.00740000077999985));
#5918=CARTESIAN_POINT('',(0.0203170340000002,-0.0507740329999976,-0.00240000077999985));
#5919=CARTESIAN_POINT('',(0.0203170340000002,-0.0481940329999976,-0.00740000077999985));
#5920=CARTESIAN_POINT('',(0.0203170340000002,-0.0481940329999976,-0.00240000077999985));
#5921=CARTESIAN_POINT('',(0.0191152480000002,-0.0454828424999978,-0.00610000077999985));
#5922=CARTESIAN_POINT('',(0.0191152480000002,-0.0454828424999978,-0.00610000077999985));
#5923=CARTESIAN_POINT('',(0.0191152480000002,-0.0442716519999979,-0.00610000077999985));
#5924=CARTESIAN_POINT('',(0.0191152480000002,-0.0442716519999979,-0.00740000077999985));
#5925=CARTESIAN_POINT('',(0.0191152480000002,-0.0442716519999979,-0.00670000077999985));
#5926=CARTESIAN_POINT('',(0.0191152480000002,-0.0454828424999978,-0.00670000077999985));
#5927=CARTESIAN_POINT('',(0.0203152480000002,-0.0374856869999981,-0.00610000077999985));
#5928=CARTESIAN_POINT('',(0.0203152480000002,-0.0306952231180066,-0.00740000077999985));
#5929=CARTESIAN_POINT('',(0.0203152480000002,-0.0306952231180066,-0.00670000077999985));
#5930=CARTESIAN_POINT('',(0.0203152480000002,-0.0306952231180066,-0.00610000077999985));
#5931=CARTESIAN_POINT('',(0.0203152480000002,-0.0374856869999981,-0.00670000077999985));
#5932=CARTESIAN_POINT('',(0.0203152480000002,-0.0282773409999986,-0.00670000077999985));
#5933=CARTESIAN_POINT('',(0.0203152480000002,-0.0282773409999986,-0.00340000077999985));
#5934=CARTESIAN_POINT('',(0.0203152480000002,-0.0282773409999986,-0.00610000077999985));
#5935=CARTESIAN_POINT('',(0.0203152480000002,-0.0374856869999981,-0.00610000077999985));
#5936=CARTESIAN_POINT('',(6.79270000000856E-5,-0.0374856869999981,-0.00610000077999985));
#5937=CARTESIAN_POINT('',(0.0160622720000002,-0.0442716519999979,-0.00610000077999985));
#5938=CARTESIAN_POINT('',(0.0203122720000002,-0.0442716519999979,-0.00610000077999985));
#5939=CARTESIAN_POINT('',(0.0203122720000002,-0.0427716519999979,-0.00610000077999985));
#5940=CARTESIAN_POINT('',(6.79270000000856E-5,-0.0374856869999981,-0.00670000077999985));
#5941=CARTESIAN_POINT('',(0.0160622720000002,-0.0442716519999979,-0.00670000077999985));
#5942=CARTESIAN_POINT('',(0.0203122720000002,-0.0442716519999979,-0.00670000077999985));
#5943=CARTESIAN_POINT('',(0.0203122720000002,-0.0427716519999979,-0.00670000077999985));
#5944=CARTESIAN_POINT('',(-0.00567712799999991,-0.0334885769999981,-0.00740000077999985));
#5945=CARTESIAN_POINT('',(-0.00567712799999991,-0.0347785769999981,-0.00740000077999985));
#5946=CARTESIAN_POINT('',(-0.00567712799999991,-0.0347785769999981,-0.00740000077999985));
#5947=CARTESIAN_POINT('',(-0.00567712799999991,-0.0347785769999981,-0.00240000077999985));
#5948=CARTESIAN_POINT('',(-0.00567712799999991,-0.0334885769999981,-0.00240000077999985));
#5949=CARTESIAN_POINT('',(-0.00567712799999991,-0.0321985769999981,-0.00240000077999985));
#5950=CARTESIAN_POINT('',(-0.00567712799999991,-0.0321985769999981,-0.00740000077999985));
#5951=CARTESIAN_POINT('',(-0.00567712799999991,-0.0321985769999981,-0.00740000077999985));
#5952=CARTESIAN_POINT('',(-0.00567712799999991,-0.0334885769999981,-0.00740000077999985));
#5953=CARTESIAN_POINT('',(-0.00567712799999991,-0.0328852229999982,-0.00740000077999985));
#5954=CARTESIAN_POINT('',(-0.00567712799999991,-0.0328852229999982,-0.00670000077999985));
#5955=CARTESIAN_POINT('',(-0.00567712799999991,-0.0328852229999982,-0.00610000077999985));
#5956=CARTESIAN_POINT('',(-0.00567712799999991,-0.0334885769999981,-0.00610000077999985));
#5957=CARTESIAN_POINT('',(-0.00567712799999991,-0.0340852229999983,-0.00610000077999985));
#5958=CARTESIAN_POINT('',(-0.00567712799999991,-0.0340852229999983,-0.00740000077999985));
#5959=CARTESIAN_POINT('',(-0.00567712799999991,-0.0340852229999983,-0.00670000077999985));
#5960=CARTESIAN_POINT('',(-0.00567712799999991,-0.0334885769999981,-0.00670000077999985));
#5961=CARTESIAN_POINT('',(7.28720000000901E-5,-0.0362785769999981,-0.00740000077999985));
#5962=CARTESIAN_POINT('',(0.00432287200000009,-0.0362785769999981,-0.00340000077999985));
#5963=CARTESIAN_POINT('',(0.00432287200000009,-0.0362785769999981,-0.00740000077999985));
#5964=CARTESIAN_POINT('',(0.00432287200000009,-0.0362785769999981,-0.00240000077999985));
#5965=CARTESIAN_POINT('',(7.28720000000901E-5,-0.0362785769999981,-0.00240000077999985));
#5966=CARTESIAN_POINT('',(-0.00417712799999991,-0.0362785769999981,-0.00240000077999985));
#5967=CARTESIAN_POINT('',(-0.00417712799999991,-0.0362785769999981,-0.00740000077999985));
#5968=CARTESIAN_POINT('',(-0.00417712799999991,-0.0362785769999981,-0.00740000077999985));
#5969=CARTESIAN_POINT('',(7.28720000000901E-5,-0.0362785769999981,-0.00740000077999985));
#5970=CARTESIAN_POINT('',(-0.000521799999999911,-0.0362785769999981,-0.00740000077999985));
#5971=CARTESIAN_POINT('',(-0.000521799999999911,-0.0362785769999981,-0.00670000077999985));
#5972=CARTESIAN_POINT('',(-0.000521799999999911,-0.0362785769999981,-0.00610000077999985));
#5973=CARTESIAN_POINT('',(7.28720000000901E-5,-0.0362785769999981,-0.00610000077999985));
#5974=CARTESIAN_POINT('',(0.000678200000000089,-0.0362785769999981,-0.00610000077999985));
#5975=CARTESIAN_POINT('',(0.000678200000000089,-0.0362785769999981,-0.00740000077999985));
#5976=CARTESIAN_POINT('',(0.000678200000000089,-0.0362785769999981,-0.00670000077999985));
#5977=CARTESIAN_POINT('',(7.28720000000901E-5,-0.0362785769999981,-0.00670000077999985));
#5978=CARTESIAN_POINT('',(0.00582287200000009,-0.0334885769999981,-0.00740000077999985));
#5979=CARTESIAN_POINT('',(0.00582287200000009,-0.0321985769999981,-0.00740000077999985));
#5980=CARTESIAN_POINT('',(0.00582287200000009,-0.0321985769999981,-0.00740000077999985));
#5981=CARTESIAN_POINT('',(0.00582287200000009,-0.0321985769999981,-0.00240000077999985));
#5982=CARTESIAN_POINT('',(0.00582287200000009,-0.0334885769999981,-0.00240000077999985));
#5983=CARTESIAN_POINT('',(0.00582287200000009,-0.0347785769999981,-0.00240000077999985));
#5984=CARTESIAN_POINT('',(0.00582287200000009,-0.0347785769999981,-0.00740000077999985));
#5985=CARTESIAN_POINT('',(0.00582287200000009,-0.0347785769999981,-0.00740000077999985));
#5986=CARTESIAN_POINT('',(0.00582287200000009,-0.0334885769999981,-0.00740000077999985));
#5987=CARTESIAN_POINT('',(0.00582287200000009,-0.0328852229999982,-0.00740000077999985));
#5988=CARTESIAN_POINT('',(0.00582287200000009,-0.0328852229999982,-0.00670000077999985));
#5989=CARTESIAN_POINT('',(0.00582287200000009,-0.0328852229999982,-0.00610000077999985));
#5990=CARTESIAN_POINT('',(0.00582287200000009,-0.0334885769999981,-0.00670000077999985));
#5991=CARTESIAN_POINT('',(0.00582287200000009,-0.0340852229999983,-0.00670000077999985));
#5992=CARTESIAN_POINT('',(0.00582287200000009,-0.0340852229999983,-0.00740000077999985));
#5993=CARTESIAN_POINT('',(0.00582287200000009,-0.0340852229999983,-0.00610000077999985));
#5994=CARTESIAN_POINT('',(0.00582287200000009,-0.0334885769999981,-0.00610000077999985));
#5995=CARTESIAN_POINT('',(7.28720000000905E-5,-0.0306985769999981,-0.00740000077999985));
#5996=CARTESIAN_POINT('',(7.28720000000905E-5,-0.0306985769999981,-0.00670000077999985));
#5997=CARTESIAN_POINT('',(-0.000521799999999911,-0.0306985769999981,-0.00670000077999985));
#5998=CARTESIAN_POINT('',(0.000678200000000089,-0.0306985769999981,-0.00670000077999985));
#5999=CARTESIAN_POINT('',(0.000678200000000089,-0.0306985769999981,-0.00740000077999985));
#6000=CARTESIAN_POINT('',(0.000678200000000089,-0.0306985769999981,-0.00610000077999985));
#6001=CARTESIAN_POINT('',(7.28720000000905E-5,-0.0306985769999981,-0.00610000077999985));
#6002=CARTESIAN_POINT('',(-0.000521799999999911,-0.0306985769999981,-0.00610000077999985));
#6003=CARTESIAN_POINT('',(-0.000521799999999911,-0.0306985769999981,-0.00740000077999985));
#6004=CARTESIAN_POINT('',(7.28720000000905E-5,-0.0306985769999981,-0.00740000077999985));
#6005=CARTESIAN_POINT('',(-0.00417712799999991,-0.0306985769999981,-0.00740000077999985));
#6006=CARTESIAN_POINT('',(0.00432287200000009,-0.0306985769999981,-0.00740000077999985));
#6007=CARTESIAN_POINT('',(-0.00417712799999991,-0.0306985769999981,-0.00340000077999985));
#6008=CARTESIAN_POINT('',(-0.00417712799999991,-0.0306985769999981,-0.00240000077999985));
#6009=CARTESIAN_POINT('',(7.28720000000905E-5,-0.0306985769999981,-0.00240000077999985));
#6010=CARTESIAN_POINT('',(0.00432287200000009,-0.0306985769999981,-0.00240000077999985));
#6011=CARTESIAN_POINT('',(0.00432287200000009,-0.0306985769999981,-0.00740000077999985));
#6012=CARTESIAN_POINT('',(6.88200000000874E-5,-0.037513670499998,-0.00740000077999985));
#6013=CARTESIAN_POINT('',(7.28720000000905E-5,-0.0334885769999981,-0.00740000077999985));
#6014=CARTESIAN_POINT('',(0.0017144509300193,-0.0334885769999981,-0.00740000077999985));
#6015=CARTESIAN_POINT('',(-0.00417712799999991,-0.0321985769999981,-0.00740000077999985));
#6016=CARTESIAN_POINT('',(0.00432287200000009,-0.0321985769999981,-0.00740000077999985));
#6017=CARTESIAN_POINT('',(0.00432287200000009,-0.0347785769999981,-0.00740000077999985));
#6018=CARTESIAN_POINT('',(-0.00417712799999991,-0.0347785769999981,-0.00740000077999985));
#6019=CARTESIAN_POINT('',(-0.00417712799999991,-0.0321985769999981,-0.00740000077999985));
#6020=CARTESIAN_POINT('',(-0.00417712799999991,-0.0321985769999981,-0.00240000077999985));
#6021=CARTESIAN_POINT('',(-0.00417712799999991,-0.0347785769999981,-0.00740000077999985));
#6022=CARTESIAN_POINT('',(-0.00417712799999991,-0.0347785769999981,-0.00240000077999985));
#6023=CARTESIAN_POINT('',(0.00432287200000009,-0.0347785769999981,-0.00740000077999985));
#6024=CARTESIAN_POINT('',(0.00432287200000009,-0.0347785769999981,-0.00240000077999985));
#6025=CARTESIAN_POINT('',(0.00432287200000009,-0.0321985769999981,-0.00740000077999985));
#6026=CARTESIAN_POINT('',(0.00432287200000009,-0.0321985769999981,-0.00240000077999985));
#6027=CARTESIAN_POINT('',(7.28720000000905E-5,-0.0334885769999981,-0.00339800077999985));
#6028=CARTESIAN_POINT('',(7.28720000000905E-5,-0.0334885769999981,-0.00745000077999976));
#6029=CARTESIAN_POINT('',(0.0017144509300193,-0.0334885769999981,-0.00745000077999976));
#6030=CARTESIAN_POINT('',(6.79270000000856E-5,-0.0374856869999981,-0.00610000077999985));
#6031=CARTESIAN_POINT('',(-0.000521799999999911,-0.0294862819999985,-0.00610000077999985));
#6032=CARTESIAN_POINT('',(0.000678200000000089,-0.0294862819999985,-0.00610000077999985));
#6033=CARTESIAN_POINT('',(6.79270000000856E-5,-0.0374856869999981,-0.00670000077999985));
#6034=CARTESIAN_POINT('',(-0.000521799999999911,-0.0294862819999985,-0.00670000077999985));
#6035=CARTESIAN_POINT('',(0.000678200000000089,-0.0294862819999985,-0.00670000077999985));
#6036=CARTESIAN_POINT('',(0.000678200000000089,-0.0294862819999985,-0.00610000077999985));
#6037=CARTESIAN_POINT('',(-0.000521799999999911,-0.0294862819999985,-0.00610000077999985));
#6038=CARTESIAN_POINT('',(6.79270000000856E-5,-0.0374856869999981,-0.00610000077999985));
#6039=CARTESIAN_POINT('',(-0.00568542199999991,-0.0494843009999975,-0.00610000077999985));
#6040=CARTESIAN_POINT('',(-0.00568542199999991,-0.0488840329999977,-0.00610000077999985));
#6041=CARTESIAN_POINT('',(-0.00568542199999991,-0.0500840329999977,-0.00610000077999985));
#6042=CARTESIAN_POINT('',(-0.009750597,-0.0488840329999977,-0.00610000077999985));
#6043=CARTESIAN_POINT('',(-0.010179394,-0.0488840329999977,-0.00610000077999985));
#6044=CARTESIAN_POINT('',(-0.010179394,-0.0495399999999974,-0.00610000077999985));
#6045=CARTESIAN_POINT('',(-0.010179394,-0.0500840329999977,-0.00610000077999985));
#6046=CARTESIAN_POINT('',(6.79270000000856E-5,-0.0500840329999977,-0.00610000077999985));
#6047=CARTESIAN_POINT('',(6.79270000000856E-5,-0.0374856869999981,-0.00670000077999985));
#6048=CARTESIAN_POINT('',(-0.009750597,-0.0488840329999977,-0.00670000077999985));
#6049=CARTESIAN_POINT('',(-0.010179394,-0.0488840329999977,-0.00670000077999985));
#6050=CARTESIAN_POINT('',(-0.00568542199999991,-0.0488840329999977,-0.00670000077999985));
#6051=CARTESIAN_POINT('',(-0.00568542199999991,-0.0494843009999975,-0.00670000077999985));
#6052=CARTESIAN_POINT('',(-0.00568542199999991,-0.0500840329999977,-0.00670000077999985));
#6053=CARTESIAN_POINT('',(6.79270000000856E-5,-0.0500840329999977,-0.00670000077999985));
#6054=CARTESIAN_POINT('',(-0.010179394,-0.0500840329999977,-0.00670000077999985));
#6055=CARTESIAN_POINT('',(-0.010179394,-0.0495399999999974,-0.00670000077999985));
#6056=CARTESIAN_POINT('',(0.00989672400000014,-0.0328852229999982,-0.00610000077999985));
#6057=CARTESIAN_POINT('',(0.0103146530000002,-0.0328852229999982,-0.00740000077999985));
#6058=CARTESIAN_POINT('',(0.0103146530000002,-0.0328852229999982,-0.00670000077999985));
#6059=CARTESIAN_POINT('',(0.0103146530000002,-0.0328852229999982,-0.00610000077999985));
#6060=CARTESIAN_POINT('',(0.00989672400000014,-0.0328852229999982,-0.00670000077999985));
#6061=CARTESIAN_POINT('',(0.00989672400000014,-0.0328852229999982,-0.00610000077999985));
#6062=CARTESIAN_POINT('',(0.00989672400000014,-0.0340852229999983,-0.00610000077999985));
#6063=CARTESIAN_POINT('',(0.00989672400000014,-0.0340852229999983,-0.00670000077999985));
#6064=CARTESIAN_POINT('',(0.0103146530000002,-0.0340852229999983,-0.00670000077999985));
#6065=CARTESIAN_POINT('',(0.0103146530000002,-0.0340852229999983,-0.00740000077999985));
#6066=CARTESIAN_POINT('',(0.0103146530000002,-0.0340852229999983,-0.00610000077999985));
#6067=CARTESIAN_POINT('',(0.00989672400000014,-0.0340852229999983,-0.00610000077999985));
#6068=CARTESIAN_POINT('',(0.0160652480000002,-0.0254873409999986,-0.00339800077999985));
#6069=CARTESIAN_POINT('',(0.0160652480000002,-0.0254873409999986,-0.00745000077999976));
#6070=CARTESIAN_POINT('',(0.0177068269300194,-0.0254873409999986,-0.00745000077999976));
#6071=CARTESIAN_POINT('',(0.0160652480000002,-0.0254873409999986,-0.00740000077999985));
#6072=CARTESIAN_POINT('',(0.0177068269300194,-0.0254873409999986,-0.00740000077999985));
#6073=CARTESIAN_POINT('',(0.00989672400000014,-0.040881651999998,-0.00610000077999985));
#6074=CARTESIAN_POINT('',(0.0103122720000002,-0.040881651999998,-0.00740000077999985));
#6075=CARTESIAN_POINT('',(0.0103122720000002,-0.040881651999998,-0.00670000077999985));
#6076=CARTESIAN_POINT('',(0.0103122720000002,-0.040881651999998,-0.00610000077999985));
#6077=CARTESIAN_POINT('',(0.00989672400000014,-0.040881651999998,-0.00670000077999985));
#6078=CARTESIAN_POINT('',(0.00581967800000008,-0.040881651999998,-0.00670000077999985));
#6079=CARTESIAN_POINT('',(0.00581967800000008,-0.040881651999998,-0.00740000077999985));
#6080=CARTESIAN_POINT('',(0.00581967800000008,-0.040881651999998,-0.00610000077999985));
#6081=CARTESIAN_POINT('',(0.00989672400000014,-0.040881651999998,-0.00610000077999985));
#6082=CARTESIAN_POINT('',(0.00989672400000014,-0.042081651999998,-0.00610000077999985));
#6083=CARTESIAN_POINT('',(0.00989672400000014,-0.042081651999998,-0.00670000077999985));
#6084=CARTESIAN_POINT('',(0.0103122720000002,-0.042081651999998,-0.00670000077999985));
#6085=CARTESIAN_POINT('',(0.00581967800000008,-0.042081651999998,-0.00670000077999985));
#6086=CARTESIAN_POINT('',(0.0103122720000002,-0.042081651999998,-0.00740000077999985));
#6087=CARTESIAN_POINT('',(0.0103122720000002,-0.042081651999998,-0.00610000077999985));
#6088=CARTESIAN_POINT('',(0.00989672400000014,-0.042081651999998,-0.00610000077999985));
#6089=CARTESIAN_POINT('',(0.00581967800000008,-0.042081651999998,-0.00610000077999985));
#6090=CARTESIAN_POINT('',(0.00581967800000008,-0.042081651999998,-0.00740000077999985));
#6091=CARTESIAN_POINT('',(-0.015929394,-0.0495399999999974,-0.00339800077999985));
#6092=CARTESIAN_POINT('',(-0.015929394,-0.0495399999999974,-0.00745000077999976));
#6093=CARTESIAN_POINT('',(-0.0142878150699808,-0.0495399999999974,-0.00745000077999976));
#6094=CARTESIAN_POINT('',(-0.015929394,-0.0495399999999974,-0.00740000077999985));
#6095=CARTESIAN_POINT('',(-0.0142878150699808,-0.0495399999999974,-0.00740000077999985));
#6096=CARTESIAN_POINT('',(-0.015929394,-0.0467499999999974,-0.00740000077999985));
#6097=CARTESIAN_POINT('',(-0.015929394,-0.0467499999999974,-0.00610000077999985));
#6098=CARTESIAN_POINT('',(-0.018979394,-0.0467499999999974,-0.00610000077999985));
#6099=CARTESIAN_POINT('',(-0.020179394,-0.0467499999999974,-0.00340000077999985));
#6100=CARTESIAN_POINT('',(-0.020179394,-0.0467499999999974,-0.00240000077999985));
#6101=CARTESIAN_POINT('',(-0.015929394,-0.0467499999999974,-0.00240000077999985));
#6102=CARTESIAN_POINT('',(-0.011679394,-0.0467499999999974,-0.00240000077999985));
#6103=CARTESIAN_POINT('',(-0.011679394,-0.0467499999999974,-0.00740000077999985));
#6104=CARTESIAN_POINT('',(-0.011679394,-0.0467499999999974,-0.00740000077999985));
#6105=CARTESIAN_POINT('',(-0.015929394,-0.0467499999999974,-0.00740000077999985));
#6106=CARTESIAN_POINT('',(-0.020179394,-0.0467499999999974,-0.00740000077999985));
#6107=CARTESIAN_POINT('',(-0.020179394,-0.0467499999999974,-0.00340000077999985));
#6108=CARTESIAN_POINT('',(-0.015929394,-0.0467499999999974,-0.00670000077999985));
#6109=CARTESIAN_POINT('',(-0.018979394,-0.0467499999999974,-0.00670000077999985));
#6110=CARTESIAN_POINT('',(-0.018979394,-0.0467499999999974,-0.00740000077999985));
#6111=CARTESIAN_POINT('',(-0.010179394,-0.0495399999999974,-0.00740000077999985));
#6112=CARTESIAN_POINT('',(-0.010179394,-0.0495399999999974,-0.00740000077999985));
#6113=CARTESIAN_POINT('',(-0.010179394,-0.0482499999999974,-0.00740000077999985));
#6114=CARTESIAN_POINT('',(-0.010179394,-0.0508299999999974,-0.00740000077999985));
#6115=CARTESIAN_POINT('',(-0.010179394,-0.0482499999999974,-0.00740000077999985));
#6116=CARTESIAN_POINT('',(-0.010179394,-0.0482499999999974,-0.00240000077999985));
#6117=CARTESIAN_POINT('',(-0.010179394,-0.0495399999999974,-0.00240000077999985));
#6118=CARTESIAN_POINT('',(-0.010179394,-0.0508299999999974,-0.00240000077999985));
#6119=CARTESIAN_POINT('',(-0.010179394,-0.0508299999999974,-0.00740000077999985));
#6120=CARTESIAN_POINT('',(-0.010179394,-0.0488840329999977,-0.00740000077999985));
#6121=CARTESIAN_POINT('',(-0.010179394,-0.0500840329999977,-0.00740000077999985));
#6122=CARTESIAN_POINT('',(-0.021679394,-0.0495399999999974,-0.00740000077999985));
#6123=CARTESIAN_POINT('',(-0.021679394,-0.0495399999999974,-0.00740000077999985));
#6124=CARTESIAN_POINT('',(-0.021679394,-0.0482499999999974,-0.00740000077999985));
#6125=CARTESIAN_POINT('',(-0.021679394,-0.0508299999999974,-0.00740000077999985));
#6126=CARTESIAN_POINT('',(-0.021679394,-0.0508299999999974,-0.00740000077999985));
#6127=CARTESIAN_POINT('',(-0.021679394,-0.0508299999999974,-0.00240000077999985));
#6128=CARTESIAN_POINT('',(-0.021679394,-0.0495399999999974,-0.00240000077999985));
#6129=CARTESIAN_POINT('',(-0.021679394,-0.0482499999999974,-0.00240000077999985));
#6130=CARTESIAN_POINT('',(-0.021679394,-0.0482499999999974,-0.00740000077999985));
#6131=CARTESIAN_POINT('',(-0.015929394,-0.0523299999999974,-0.00740000077999985));
#6132=CARTESIAN_POINT('',(-0.011679394,-0.0523299999999974,-0.00340000077999985));
#6133=CARTESIAN_POINT('',(-0.011679394,-0.0523299999999974,-0.00740000077999985));
#6134=CARTESIAN_POINT('',(-0.011679394,-0.0523299999999974,-0.00240000077999985));
#6135=CARTESIAN_POINT('',(-0.015929394,-0.0523299999999974,-0.00240000077999985));
#6136=CARTESIAN_POINT('',(-0.020179394,-0.0523299999999974,-0.00240000077999985));
#6137=CARTESIAN_POINT('',(-0.020179394,-0.0523299999999974,-0.00740000077999985));
#6138=CARTESIAN_POINT('',(-0.020179394,-0.0523299999999974,-0.00740000077999985));
#6139=CARTESIAN_POINT('',(-0.015929394,-0.0523299999999974,-0.00740000077999985));
#6140=CARTESIAN_POINT('',(6.88200000000874E-5,-0.037513670499998,-0.00740000077999985));
#6141=CARTESIAN_POINT('',(-0.020179394,-0.0508299999999974,-0.00740000077999985));
#6142=CARTESIAN_POINT('',(-0.020179394,-0.0482499999999974,-0.00740000077999985));
#6143=CARTESIAN_POINT('',(-0.011679394,-0.0482499999999974,-0.00740000077999985));
#6144=CARTESIAN_POINT('',(-0.011679394,-0.0508299999999974,-0.00740000077999985));
#6145=CARTESIAN_POINT('',(-0.020179394,-0.0508299999999974,-0.00740000077999985));
#6146=CARTESIAN_POINT('',(-0.020179394,-0.0508299999999974,-0.00240000077999985));
#6147=CARTESIAN_POINT('',(-0.020179394,-0.0482499999999974,-0.00740000077999985));
#6148=CARTESIAN_POINT('',(-0.020179394,-0.0482499999999974,-0.00240000077999985));
#6149=CARTESIAN_POINT('',(-0.011679394,-0.0482499999999974,-0.00740000077999985));
#6150=CARTESIAN_POINT('',(-0.011679394,-0.0482499999999974,-0.00240000077999985));
#6151=CARTESIAN_POINT('',(-0.011679394,-0.0508299999999974,-0.00740000077999985));
#6152=CARTESIAN_POINT('',(-0.011679394,-0.0508299999999974,-0.00240000077999985));
#6153=CARTESIAN_POINT('',(-0.018979394,-0.0454828424999978,-0.00610000077999985));
#6154=CARTESIAN_POINT('',(-0.018979394,-0.0454828424999978,-0.00670000077999985));
#6155=CARTESIAN_POINT('',(-0.018979394,-0.0442750749999977,-0.00670000077999985));
#6156=CARTESIAN_POINT('',(-0.018979394,-0.0442750749999977,-0.00740000077999985));
#6157=CARTESIAN_POINT('',(-0.018979394,-0.0442750749999977,-0.00610000077999985));
#6158=CARTESIAN_POINT('',(-0.018979394,-0.0454828424999978,-0.00610000077999985));
#6159=CARTESIAN_POINT('',(-0.009750597,-0.0488840329999977,-0.00610000077999985));
#6160=CARTESIAN_POINT('',(-0.00568542199999991,-0.0488840329999977,-0.00740000077999985));
#6161=CARTESIAN_POINT('',(6.79270000000856E-5,-0.0500840329999977,-0.00610000077999985));
#6162=CARTESIAN_POINT('',(-0.00568542199999991,-0.0500840329999977,-0.00740000077999985));
#6163=CARTESIAN_POINT('',(6.79270000000856E-5,-0.0374856869999981,-0.00610000077999985));
#6164=CARTESIAN_POINT('',(-0.015929394,-0.0442750749999977,-0.00610000077999985));
#6165=CARTESIAN_POINT('',(6.79270000000856E-5,-0.0374856869999981,-0.00610000077999985));
#6166=CARTESIAN_POINT('',(0.0103122720000002,-0.0414816519999979,-0.00610000077999985));
#6167=CARTESIAN_POINT('',(0.00581967800000008,-0.0414873409999979,-0.00610000077999985));
#6168=CARTESIAN_POINT('',(6.79270000000856E-5,-0.0374856869999981,-0.00670000077999985));
#6169=CARTESIAN_POINT('',(-0.015929394,-0.0442750749999977,-0.00670000077999985));
#6170=CARTESIAN_POINT('',(6.79270000000856E-5,-0.0374856869999981,-0.00670000077999985));
#6171=CARTESIAN_POINT('',(0.0103122720000002,-0.0414816519999979,-0.00670000077999985));
#6172=CARTESIAN_POINT('',(0.00581967800000008,-0.0414873409999979,-0.00670000077999985));
#6173=CARTESIAN_POINT('',(6.96780000000842E-5,-0.0386973409999979,-0.00740000077999985));
#6174=CARTESIAN_POINT('',(6.96780000000842E-5,-0.0386973409999979,-0.00740000077999985));
#6175=CARTESIAN_POINT('',(-0.00418032199999992,-0.0386973409999979,-0.00740000077999985));
#6176=CARTESIAN_POINT('',(0.00431967800000009,-0.0386973409999979,-0.00740000077999985));
#6177=CARTESIAN_POINT('',(-0.00418032199999992,-0.0386973409999979,-0.00340000077999985));
#6178=CARTESIAN_POINT('',(-0.00418032199999992,-0.0386973409999979,-0.00240000077999985));
#6179=CARTESIAN_POINT('',(6.96780000000842E-5,-0.0386973409999979,-0.00240000077999985));
#6180=CARTESIAN_POINT('',(0.00431967800000009,-0.0386973409999979,-0.00240000077999985));
#6181=CARTESIAN_POINT('',(0.00431967800000009,-0.0386973409999979,-0.00740000077999985));
#6182=CARTESIAN_POINT('',(6.96780000000842E-5,-0.0386973409999979,-0.00610000077999985));
#6183=CARTESIAN_POINT('',(-0.000521799999999911,-0.0386973409999979,-0.00610000077999985));
#6184=CARTESIAN_POINT('',(0.000678200000000089,-0.0386973409999979,-0.00610000077999985));
#6185=CARTESIAN_POINT('',(-0.000521799999999911,-0.0386973409999979,-0.00740000077999985));
#6186=CARTESIAN_POINT('',(-0.000521799999999911,-0.0386973409999979,-0.00670000077999985));
#6187=CARTESIAN_POINT('',(6.96780000000842E-5,-0.0386973409999979,-0.00670000077999985));
#6188=CARTESIAN_POINT('',(0.000678200000000089,-0.0386973409999979,-0.00670000077999985));
#6189=CARTESIAN_POINT('',(0.000678200000000089,-0.0386973409999979,-0.00740000077999985));
#6190=CARTESIAN_POINT('',(-0.00568032199999992,-0.0414873409999979,-0.00740000077999985));
#6191=CARTESIAN_POINT('',(-0.00568032199999992,-0.0427773409999979,-0.00740000077999985));
#6192=CARTESIAN_POINT('',(-0.00568032199999992,-0.0427773409999979,-0.00740000077999985));
#6193=CARTESIAN_POINT('',(-0.00568032199999992,-0.0427773409999979,-0.00240000077999985));
#6194=CARTESIAN_POINT('',(-0.00568032199999992,-0.0414873409999979,-0.00240000077999985));
#6195=CARTESIAN_POINT('',(-0.00568032199999992,-0.0401973409999979,-0.00240000077999985));
#6196=CARTESIAN_POINT('',(-0.00568032199999992,-0.0401973409999979,-0.00740000077999985));
#6197=CARTESIAN_POINT('',(-0.00568032199999992,-0.0401973409999979,-0.00740000077999985));
#6198=CARTESIAN_POINT('',(-0.00568032199999992,-0.0414873409999979,-0.00740000077999985));
#6199=CARTESIAN_POINT('',(6.96780000000842E-5,-0.0442773409999979,-0.00740000077999985));
#6200=CARTESIAN_POINT('',(0.00431967800000009,-0.0442773409999979,-0.00340000077999985));
#6201=CARTESIAN_POINT('',(0.00431967800000009,-0.0442773409999979,-0.00740000077999985));
#6202=CARTESIAN_POINT('',(0.00431967800000009,-0.0442773409999979,-0.00240000077999985));
#6203=CARTESIAN_POINT('',(6.96780000000842E-5,-0.0442773409999979,-0.00240000077999985));
#6204=CARTESIAN_POINT('',(-0.00418032199999992,-0.0442773409999979,-0.00240000077999985));
#6205=CARTESIAN_POINT('',(-0.00418032199999992,-0.0442773409999979,-0.00740000077999985));
#6206=CARTESIAN_POINT('',(-0.00418032199999992,-0.0442773409999979,-0.00740000077999985));
#6207=CARTESIAN_POINT('',(6.96780000000842E-5,-0.0442773409999979,-0.00740000077999985));
#6208=CARTESIAN_POINT('',(-0.000521799999999911,-0.0442773409999979,-0.00740000077999985));
#6209=CARTESIAN_POINT('',(-0.000521799999999911,-0.0442773409999979,-0.00670000077999985));
#6210=CARTESIAN_POINT('',(-0.000521799999999911,-0.0442773409999979,-0.00610000077999985));
#6211=CARTESIAN_POINT('',(6.96780000000842E-5,-0.0442773409999979,-0.00610000077999985));
#6212=CARTESIAN_POINT('',(0.000678200000000089,-0.0442773409999979,-0.00610000077999985));
#6213=CARTESIAN_POINT('',(0.000678200000000089,-0.0442773409999979,-0.00740000077999985));
#6214=CARTESIAN_POINT('',(0.000678200000000089,-0.0442773409999979,-0.00670000077999985));
#6215=CARTESIAN_POINT('',(6.96780000000842E-5,-0.0442773409999979,-0.00670000077999985));
#6216=CARTESIAN_POINT('',(0.00581967800000008,-0.0414873409999979,-0.00740000077999985));
#6217=CARTESIAN_POINT('',(0.00581967800000008,-0.0401973409999979,-0.00740000077999985));
#6218=CARTESIAN_POINT('',(0.00581967800000008,-0.0401973409999979,-0.00740000077999985));
#6219=CARTESIAN_POINT('',(0.00581967800000008,-0.0401973409999979,-0.00240000077999985));
#6220=CARTESIAN_POINT('',(0.00581967800000008,-0.0414873409999979,-0.00240000077999985));
#6221=CARTESIAN_POINT('',(0.00581967800000008,-0.0427773409999979,-0.00240000077999985));
#6222=CARTESIAN_POINT('',(0.00581967800000008,-0.0427773409999979,-0.00740000077999985));
#6223=CARTESIAN_POINT('',(0.00581967800000008,-0.0427773409999979,-0.00740000077999985));
#6224=CARTESIAN_POINT('',(0.00581967800000008,-0.0414873409999979,-0.00740000077999985));
#6225=CARTESIAN_POINT('',(6.88200000000874E-5,-0.037513670499998,-0.00740000077999985));
#6226=CARTESIAN_POINT('',(-0.00418032199999992,-0.0401973409999979,-0.00740000077999985));
#6227=CARTESIAN_POINT('',(0.00431967800000009,-0.0401973409999979,-0.00740000077999985));
#6228=CARTESIAN_POINT('',(0.00431967800000009,-0.0427773409999979,-0.00740000077999985));
#6229=CARTESIAN_POINT('',(-0.00418032199999992,-0.0427773409999979,-0.00740000077999985));
#6230=CARTESIAN_POINT('',(-0.00418032199999992,-0.0401973409999979,-0.00740000077999985));
#6231=CARTESIAN_POINT('',(-0.00418032199999992,-0.0401973409999979,-0.00240000077999985));
#6232=CARTESIAN_POINT('',(-0.00418032199999992,-0.0427773409999979,-0.00740000077999985));
#6233=CARTESIAN_POINT('',(-0.00418032199999992,-0.0427773409999979,-0.00240000077999985));
#6234=CARTESIAN_POINT('',(0.00431967800000009,-0.0427773409999979,-0.00740000077999985));
#6235=CARTESIAN_POINT('',(0.00431967800000009,-0.0427773409999979,-0.00240000077999985));
#6236=CARTESIAN_POINT('',(0.00431967800000009,-0.0401973409999979,-0.00740000077999985));
#6237=CARTESIAN_POINT('',(0.00431967800000009,-0.0401973409999979,-0.00240000077999985));
#6238=CARTESIAN_POINT('',(0.000678200000000089,-0.0374834374999981,-0.00610000077999985));
#6239=CARTESIAN_POINT('',(0.000678200000000089,-0.0374834374999981,-0.00670000077999985));
#6240=CARTESIAN_POINT('',(0.000678200000000089,-0.0374834374999981,-0.00610000077999985));
#6241=CARTESIAN_POINT('',(-0.000521799999999911,-0.0374834374999981,-0.00610000077999985));
#6242=CARTESIAN_POINT('',(-0.000521799999999911,-0.0374834374999981,-0.00670000077999985));
#6243=CARTESIAN_POINT('',(-0.000521799999999911,-0.0374834374999981,-0.00610000077999985));
#6244=CARTESIAN_POINT('',(6.79270000000856E-5,-0.0374856869999981,-0.00610000077999985));
#6245=CARTESIAN_POINT('',(6.79270000000856E-5,-0.0374856869999981,-0.00670000077999985));
#6246=CARTESIAN_POINT('',(0.0103152480000002,-0.0254873409999986,-0.00740000077999985));
#6247=CARTESIAN_POINT('',(0.0103152480000002,-0.0267773409999986,-0.00740000077999985));
#6248=CARTESIAN_POINT('',(0.0103152480000002,-0.0267773409999986,-0.00740000077999985));
#6249=CARTESIAN_POINT('',(0.0103152480000002,-0.0267773409999986,-0.00240000077999985));
#6250=CARTESIAN_POINT('',(0.0103152480000002,-0.0254873409999986,-0.00240000077999985));
#6251=CARTESIAN_POINT('',(0.0103152480000002,-0.0241973409999986,-0.00240000077999985));
#6252=CARTESIAN_POINT('',(0.0103152480000002,-0.0241973409999986,-0.00740000077999985));
#6253=CARTESIAN_POINT('',(0.0103152480000002,-0.0241973409999986,-0.00740000077999985));
#6254=CARTESIAN_POINT('',(0.0103152480000002,-0.0254873409999986,-0.00740000077999985));
#6255=CARTESIAN_POINT('',(0.0160652480000002,-0.0282773409999986,-0.00740000077999985));
#6256=CARTESIAN_POINT('',(0.0191152480000002,-0.0282773409999986,-0.00740000077999985));
#6257=CARTESIAN_POINT('',(0.0191152480000002,-0.0282773409999986,-0.00610000077999985));
#6258=CARTESIAN_POINT('',(0.0191152480000002,-0.0282773409999986,-0.00670000077999985));
#6259=CARTESIAN_POINT('',(0.0160652480000002,-0.0282773409999986,-0.00610000077999985));
#6260=CARTESIAN_POINT('',(0.0203152480000002,-0.0282773409999986,-0.00340000077999985));
#6261=CARTESIAN_POINT('',(0.0203152480000002,-0.0282773409999986,-0.00240000077999985));
#6262=CARTESIAN_POINT('',(0.0160652480000002,-0.0282773409999986,-0.00240000077999985));
#6263=CARTESIAN_POINT('',(0.0118152480000002,-0.0282773409999986,-0.00240000077999985));
#6264=CARTESIAN_POINT('',(0.0118152480000002,-0.0282773409999986,-0.00740000077999985));
#6265=CARTESIAN_POINT('',(0.0118152480000002,-0.0282773409999986,-0.00740000077999985));
#6266=CARTESIAN_POINT('',(0.0160652480000002,-0.0282773409999986,-0.00740000077999985));
#6267=CARTESIAN_POINT('',(0.0203152480000002,-0.0282773409999986,-0.00740000077999985));
#6268=CARTESIAN_POINT('',(0.0203152480000002,-0.0282773409999986,-0.00340000077999985));
#6269=CARTESIAN_POINT('',(0.0160652480000002,-0.0282773409999986,-0.00670000077999985));
#6270=CARTESIAN_POINT('',(0.0160652480000002,-0.0226973409999986,-0.00740000077999985));
#6271=CARTESIAN_POINT('',(0.0160652480000002,-0.0226973409999986,-0.00740000077999985));
#6272=CARTESIAN_POINT('',(0.0118152480000002,-0.0226973409999986,-0.00740000077999985));
#6273=CARTESIAN_POINT('',(0.0203152480000002,-0.0226973409999986,-0.00740000077999985));
#6274=CARTESIAN_POINT('',(0.0118152480000002,-0.0226973409999986,-0.00340000077999985));
#6275=CARTESIAN_POINT('',(0.0118152480000002,-0.0226973409999986,-0.00240000077999985));
#6276=CARTESIAN_POINT('',(0.0160652480000002,-0.0226973409999986,-0.00240000077999985));
#6277=CARTESIAN_POINT('',(0.0203152480000002,-0.0226973409999986,-0.00240000077999985));
#6278=CARTESIAN_POINT('',(0.0203152480000002,-0.0226973409999986,-0.00740000077999985));
#6279=CARTESIAN_POINT('',(0.0218152480000002,-0.0254873409999986,-0.00740000077999985));
#6280=CARTESIAN_POINT('',(0.0218152480000002,-0.0241973409999986,-0.00740000077999985));
#6281=CARTESIAN_POINT('',(0.0218152480000002,-0.0241973409999986,-0.00740000077999985));
#6282=CARTESIAN_POINT('',(0.0218152480000002,-0.0241973409999986,-0.00240000077999985));
#6283=CARTESIAN_POINT('',(0.0218152480000002,-0.0254873409999986,-0.00240000077999985));
#6284=CARTESIAN_POINT('',(0.0218152480000002,-0.0267773409999986,-0.00240000077999985));
#6285=CARTESIAN_POINT('',(0.0218152480000002,-0.0267773409999986,-0.00740000077999985));
#6286=CARTESIAN_POINT('',(0.0218152480000002,-0.0267773409999986,-0.00740000077999985));
#6287=CARTESIAN_POINT('',(0.0218152480000002,-0.0254873409999986,-0.00740000077999985));
#6288=CARTESIAN_POINT('',(6.88200000000874E-5,-0.037513670499998,-0.00740000077999985));
#6289=CARTESIAN_POINT('',(0.0203152480000002,-0.0267773409999986,-0.00740000077999985));
#6290=CARTESIAN_POINT('',(0.0118152480000002,-0.0267773409999986,-0.00740000077999985));
#6291=CARTESIAN_POINT('',(0.0118152480000002,-0.0241973409999986,-0.00740000077999985));
#6292=CARTESIAN_POINT('',(0.0203152480000002,-0.0241973409999986,-0.00740000077999985));
#6293=CARTESIAN_POINT('',(0.0203152480000002,-0.0267773409999986,-0.00740000077999985));
#6294=CARTESIAN_POINT('',(0.0203152480000002,-0.0267773409999986,-0.00240000077999985));
#6295=CARTESIAN_POINT('',(0.0118152480000002,-0.0241973409999986,-0.00740000077999985));
#6296=CARTESIAN_POINT('',(0.0118152480000002,-0.0241973409999986,-0.00240000077999985));
#6297=CARTESIAN_POINT('',(0.0118152480000002,-0.0267773409999986,-0.00740000077999985));
#6298=CARTESIAN_POINT('',(0.0118152480000002,-0.0267773409999986,-0.00240000077999985));
#6299=CARTESIAN_POINT('',(0.0203152480000002,-0.0241973409999986,-0.00740000077999985));
#6300=CARTESIAN_POINT('',(0.0203152480000002,-0.0241973409999986,-0.00240000077999985));
#6301=CARTESIAN_POINT('',(-0.020179394,-0.0374856869999981,-0.00610000077999985));
#6302=CARTESIAN_POINT('',(-0.020179394,-0.0374856869999981,-0.00670000077999985));
#6303=CARTESIAN_POINT('',(-0.020179394,-0.0374856869999981,-0.00610000077999985));
#6304=CARTESIAN_POINT('',(-0.011679394,-0.0427750749999977,-0.00740000077999985));
#6305=CARTESIAN_POINT('',(-0.011679394,-0.0427750749999977,-0.00740000077999985));
#6306=CARTESIAN_POINT('',(-0.010179394,-0.0427750749999977,-0.00740000077999985));
#6307=CARTESIAN_POINT('',(-0.011679394,-0.0442750749999977,-0.00740000077999985));
#6308=CARTESIAN_POINT('',(-0.010179394,-0.0427750749999977,-0.00740000077999985));
#6309=CARTESIAN_POINT('',(-0.010179394,-0.0427750749999977,-0.00240000077999985));
#6310=CARTESIAN_POINT('',(-0.011679394,-0.0427750749999977,-0.00240000077999985));
#6311=CARTESIAN_POINT('',(-0.011679394,-0.0442750749999977,-0.00240000077999985));
#6312=CARTESIAN_POINT('',(-0.011679394,-0.0442750749999977,-0.00340000077999985));
#6313=CARTESIAN_POINT('',(-0.011679394,-0.0401950749999977,-0.00740000077999985));
#6314=CARTESIAN_POINT('',(-0.011679394,-0.0401950749999977,-0.00740000077999985));
#6315=CARTESIAN_POINT('',(-0.011679394,-0.0386950749999977,-0.00740000077999985));
#6316=CARTESIAN_POINT('',(-0.010179394,-0.0401950749999977,-0.00740000077999985));
#6317=CARTESIAN_POINT('',(-0.011679394,-0.0386950749999977,-0.00740000077999985));
#6318=CARTESIAN_POINT('',(-0.011679394,-0.0386950749999977,-0.00240000077999985));
#6319=CARTESIAN_POINT('',(-0.011679394,-0.0401950749999977,-0.00240000077999985));
#6320=CARTESIAN_POINT('',(-0.010179394,-0.0401950749999977,-0.00240000077999985));
#6321=CARTESIAN_POINT('',(-0.010179394,-0.0401950749999977,-0.00740000077999985));
#6322=CARTESIAN_POINT('',(-0.020179394,-0.0401950749999977,-0.00740000077999985));
#6323=CARTESIAN_POINT('',(-0.020179394,-0.0401950749999977,-0.00740000077999985));
#6324=CARTESIAN_POINT('',(-0.021679394,-0.0401950749999977,-0.00740000077999985));
#6325=CARTESIAN_POINT('',(-0.020179394,-0.0386950749999977,-0.00740000077999985));
#6326=CARTESIAN_POINT('',(-0.021679394,-0.0401950749999977,-0.00740000077999985));
#6327=CARTESIAN_POINT('',(-0.021679394,-0.0401950749999977,-0.00240000077999985));
#6328=CARTESIAN_POINT('',(-0.020179394,-0.0401950749999977,-0.00240000077999985));
#6329=CARTESIAN_POINT('',(-0.020179394,-0.0386950749999977,-0.00240000077999985));
#6330=CARTESIAN_POINT('',(-0.020179394,-0.0386950749999977,-0.00340000077999985));
#6331=CARTESIAN_POINT('',(-0.020179394,-0.0386950749999977,-0.00340000077999985));
#6332=CARTESIAN_POINT('',(-0.020179394,-0.0386950749999977,-0.00340000077999985));
#6333=CARTESIAN_POINT('',(-0.020179394,-0.0427750749999977,-0.00740000077999985));
#6334=CARTESIAN_POINT('',(-0.020179394,-0.0427750749999977,-0.00740000077999985));
#6335=CARTESIAN_POINT('',(-0.020179394,-0.0442750749999977,-0.00740000077999985));
#6336=CARTESIAN_POINT('',(-0.021679394,-0.0427750749999977,-0.00740000077999985));
#6337=CARTESIAN_POINT('',(-0.020179394,-0.0442750749999977,-0.00740000077999985));
#6338=CARTESIAN_POINT('',(-0.020179394,-0.0442750749999977,-0.00740000077999985));
#6339=CARTESIAN_POINT('',(-0.020179394,-0.0442750749999977,-0.00240000077999985));
#6340=CARTESIAN_POINT('',(-0.020179394,-0.0427750749999977,-0.00240000077999985));
#6341=CARTESIAN_POINT('',(-0.021679394,-0.0427750749999977,-0.00240000077999985));
#6342=CARTESIAN_POINT('',(-0.021679394,-0.0427750749999977,-0.00740000077999985));
#6343=CARTESIAN_POINT('',(6.88200000000874E-5,-0.037513670499998,-0.00740000077999985));
#6344=CARTESIAN_POINT('',(-0.015929394,-0.0442750749999977,-0.00740000077999985));
#6345=CARTESIAN_POINT('',(-0.021679394,-0.0414850749999977,-0.00740000077999985));
#6346=CARTESIAN_POINT('',(-0.015929394,-0.0386950749999977,-0.00740000077999985));
#6347=CARTESIAN_POINT('',(-0.010179394,-0.0414850749999977,-0.00740000077999985));
#6348=CARTESIAN_POINT('',(-0.010179394,-0.0414850749999977,-0.00740000077999985));
#6349=CARTESIAN_POINT('',(-0.010179394,-0.0414850749999977,-0.00240000077999985));
#6350=CARTESIAN_POINT('',(-0.021679394,-0.0414850749999977,-0.00740000077999985));
#6351=CARTESIAN_POINT('',(-0.021679394,-0.0414850749999977,-0.00240000077999985));
#6352=CARTESIAN_POINT('',(-0.015929394,-0.0442750749999977,-0.00740000077999985));
#6353=CARTESIAN_POINT('',(-0.015929394,-0.0442750749999977,-0.00240000077999985));
#6354=CARTESIAN_POINT('',(-0.015929394,-0.0386950749999977,-0.00740000077999985));
#6355=CARTESIAN_POINT('',(-0.015929394,-0.0386950749999977,-0.00240000077999985));
#6356=CARTESIAN_POINT('',(6.79270000000856E-5,-0.0374856869999981,-0.00610000077999985));
#6357=CARTESIAN_POINT('',(-0.018979394,-0.0294862819999985,-0.00610000077999985));
#6358=CARTESIAN_POINT('',(6.79270000000856E-5,-0.0374856869999981,-0.00670000077999985));
#6359=CARTESIAN_POINT('',(-0.018979394,-0.0294862819999985,-0.00670000077999985));
#6360=CARTESIAN_POINT('',(-0.020179394,-0.0374856869999981,-0.00610000077999985));
#6361=CARTESIAN_POINT('',(-0.009750597,-0.0340852229999983,-0.00610000077999985));
#6362=CARTESIAN_POINT('',(-0.009750597,-0.0340852229999983,-0.00670000077999985));
#6363=CARTESIAN_POINT('',(-0.009750597,-0.0340852229999983,-0.00610000077999985));
#6364=CARTESIAN_POINT('',(-0.009750597,-0.0328852229999982,-0.00610000077999985));
#6365=CARTESIAN_POINT('',(-0.009750597,-0.0328852229999982,-0.00670000077999985));
#6366=CARTESIAN_POINT('',(-0.009750597,-0.0328852229999982,-0.00610000077999985));
#6367=CARTESIAN_POINT('',(6.79270000000856E-5,-0.0374856869999981,-0.00610000077999985));
#6368=CARTESIAN_POINT('',(6.79270000000856E-5,-0.0374856869999981,-0.00670000077999985));
#6369=CARTESIAN_POINT('',(-0.018979394,-0.0294862819999985,-0.00610000077999985));
#6370=CARTESIAN_POINT('',(-0.015929394,-0.033497128999998,-0.00339800077999985));
#6371=CARTESIAN_POINT('',(-0.015929394,-0.033497128999998,-0.00745000077999976));
#6372=CARTESIAN_POINT('',(-0.0142878150699808,-0.033497128999998,-0.00745000077999976));
#6373=CARTESIAN_POINT('',(0.0118122720000002,-0.0427716519999979,-0.00740000077999985));
#6374=CARTESIAN_POINT('',(0.0118122720000002,-0.0427716519999979,-0.00740000077999985));
#6375=CARTESIAN_POINT('',(0.0118122720000002,-0.0442716519999979,-0.00740000077999985));
#6376=CARTESIAN_POINT('',(0.0103122720000002,-0.0427716519999979,-0.00740000077999985));
#6377=CARTESIAN_POINT('',(0.0118122720000002,-0.0442716519999979,-0.00740000077999985));
#6378=CARTESIAN_POINT('',(0.0118122720000002,-0.0442716519999979,-0.00240000077999985));
#6379=CARTESIAN_POINT('',(0.0118122720000002,-0.0427716519999979,-0.00240000077999985));
#6380=CARTESIAN_POINT('',(0.0103122720000002,-0.0427716519999979,-0.00240000077999985));
#6381=CARTESIAN_POINT('',(0.0103122720000002,-0.0427716519999979,-0.00740000077999985));
#6382=CARTESIAN_POINT('',(0.0118122720000002,-0.0401916519999979,-0.00740000077999985));
#6383=CARTESIAN_POINT('',(0.0118122720000002,-0.0401916519999979,-0.00740000077999985));
#6384=CARTESIAN_POINT('',(0.0103122720000002,-0.0401916519999979,-0.00740000077999985));
#6385=CARTESIAN_POINT('',(0.0118122720000002,-0.0386916519999979,-0.00740000077999985));
#6386=CARTESIAN_POINT('',(0.0103122720000002,-0.0401916519999979,-0.00740000077999985));
#6387=CARTESIAN_POINT('',(0.0103122720000002,-0.0401916519999979,-0.00240000077999985));
#6388=CARTESIAN_POINT('',(0.0118122720000002,-0.0401916519999979,-0.00240000077999985));
#6389=CARTESIAN_POINT('',(0.0118122720000002,-0.0386916519999979,-0.00240000077999985));
#6390=CARTESIAN_POINT('',(0.0118122720000002,-0.0386916519999979,-0.00340000077999985));
#6391=CARTESIAN_POINT('',(6.88200000000874E-5,-0.037513670499998,-0.00740000077999985));
#6392=CARTESIAN_POINT('',(0.0218122720000002,-0.0414816519999979,-0.00740000077999985));
#6393=CARTESIAN_POINT('',(0.0218122720000002,-0.0401916519999979,-0.00740000077999985));
#6394=CARTESIAN_POINT('',(0.0218122720000002,-0.0427716519999979,-0.00740000077999985));
#6395=CARTESIAN_POINT('',(0.0203122720000002,-0.0427716519999979,-0.00740000077999985));
#6396=CARTESIAN_POINT('',(0.0203122720000002,-0.0442716519999979,-0.00740000077999985));
#6397=CARTESIAN_POINT('',(0.0160622720000002,-0.0442716519999979,-0.00740000077999985));
#6398=CARTESIAN_POINT('',(0.0103122720000002,-0.0414816519999979,-0.00740000077999985));
#6399=CARTESIAN_POINT('',(0.0160622720000002,-0.0386916519999979,-0.00740000077999985));
#6400=CARTESIAN_POINT('',(0.0203122720000002,-0.0386916519999979,-0.00740000077999985));
#6401=CARTESIAN_POINT('',(0.0203122720000002,-0.0401916519999979,-0.00740000077999985));
#6402=CARTESIAN_POINT('',(0.0218122720000002,-0.0414816519999979,-0.00740000077999985));
#6403=CARTESIAN_POINT('',(0.0218122720000002,-0.0401916519999979,-0.00740000077999985));
#6404=CARTESIAN_POINT('',(0.0218122720000002,-0.0401916519999979,-0.00240000077999985));
#6405=CARTESIAN_POINT('',(0.0218122720000002,-0.0414816519999979,-0.00240000077999985));
#6406=CARTESIAN_POINT('',(0.0218122720000002,-0.0427716519999979,-0.00240000077999985));
#6407=CARTESIAN_POINT('',(0.0218122720000002,-0.0427716519999979,-0.00740000077999985));
#6408=CARTESIAN_POINT('',(0.0203122720000002,-0.0401916519999979,-0.00740000077999985));
#6409=CARTESIAN_POINT('',(0.0203152480000002,-0.0386916549521928,-0.00740000077999985));
#6410=CARTESIAN_POINT('',(0.0203122720000002,-0.0386916519999979,-0.00740000077999985));
#6411=CARTESIAN_POINT('',(0.0203122720000002,-0.0386916519999979,-0.00240000077999985));
#6412=CARTESIAN_POINT('',(0.0203122720000002,-0.0401916519999979,-0.00240000077999985));
#6413=CARTESIAN_POINT('',(0.0203122720000002,-0.0386916519999979,-0.00740000077999985));
#6414=CARTESIAN_POINT('',(0.0203122720000002,-0.0427716519999979,-0.00740000077999985));
#6415=CARTESIAN_POINT('',(0.0203122720000002,-0.0442716519999979,-0.00340000077999985));
#6416=CARTESIAN_POINT('',(0.0203122720000002,-0.0442716519999979,-0.00240000077999985));
#6417=CARTESIAN_POINT('',(0.0203122720000002,-0.0442716519999979,-0.00340000077999985));
#6418=CARTESIAN_POINT('',(0.0203122720000002,-0.0427716519999979,-0.00240000077999985));
#6419=CARTESIAN_POINT('',(0.0160622720000002,-0.0442716519999979,-0.00740000077999985));
#6420=CARTESIAN_POINT('',(0.0160622720000002,-0.0442716519999979,-0.00240000077999985));
#6421=CARTESIAN_POINT('',(0.0103122720000002,-0.0414816519999979,-0.00740000077999985));
#6422=CARTESIAN_POINT('',(0.0103122720000002,-0.0414816519999979,-0.00240000077999985));
#6423=CARTESIAN_POINT('',(0.0160622720000002,-0.0386916519999979,-0.00740000077999985));
#6424=CARTESIAN_POINT('',(0.0160622720000002,-0.0386916519999979,-0.00240000077999985));
#6425=CARTESIAN_POINT('',(6.79270000000856E-5,-0.0374856869999981,-0.00610000077999985));
#6426=CARTESIAN_POINT('',(0.00989672400000014,-0.0488840329999977,-0.00610000077999985));
#6427=CARTESIAN_POINT('',(0.00581457800000008,-0.0488840329999977,-0.00610000077999985));
#6428=CARTESIAN_POINT('',(0.00581457800000008,-0.0494843009999975,-0.00610000077999985));
#6429=CARTESIAN_POINT('',(0.00581457800000008,-0.0500840329999977,-0.00610000077999985));
#6430=CARTESIAN_POINT('',(6.79270000000856E-5,-0.0500840329999977,-0.00610000077999985));
#6431=CARTESIAN_POINT('',(6.79270000000856E-5,-0.0374856869999981,-0.00610000077999985));
#6432=CARTESIAN_POINT('',(-0.000521799999999911,-0.0454828424999978,-0.00610000077999985));
#6433=CARTESIAN_POINT('',(-0.000521799999999911,-0.0466943009999975,-0.00610000077999985));
#6434=CARTESIAN_POINT('',(6.4578000000085E-5,-0.0466943009999975,-0.00610000077999985));
#6435=CARTESIAN_POINT('',(0.000678200000000089,-0.0466943009999975,-0.00610000077999985));
#6436=CARTESIAN_POINT('',(0.000678200000000089,-0.0454828424999978,-0.00610000077999985));
#6437=CARTESIAN_POINT('',(6.79270000000856E-5,-0.0374856869999981,-0.00670000077999985));
#6438=CARTESIAN_POINT('',(0.00581457800000008,-0.0494843009999975,-0.00670000077999985));
#6439=CARTESIAN_POINT('',(0.00581457800000008,-0.0488840329999977,-0.00670000077999985));
#6440=CARTESIAN_POINT('',(0.00581457800000008,-0.0500840329999977,-0.00670000077999985));
#6441=CARTESIAN_POINT('',(0.00989672400000014,-0.0488840329999977,-0.00670000077999985));
#6442=CARTESIAN_POINT('',(6.79270000000856E-5,-0.0500840329999977,-0.00670000077999985));
#6443=CARTESIAN_POINT('',(6.79270000000856E-5,-0.0374856869999981,-0.00670000077999985));
#6444=CARTESIAN_POINT('',(6.4578000000085E-5,-0.0466943009999975,-0.00670000077999985));
#6445=CARTESIAN_POINT('',(-0.000521799999999911,-0.0466943009999975,-0.00670000077999985));
#6446=CARTESIAN_POINT('',(0.000678200000000089,-0.0466943009999975,-0.00670000077999985));
#6447=CARTESIAN_POINT('',(-0.000521799999999911,-0.0454828424999978,-0.00670000077999985));
#6448=CARTESIAN_POINT('',(0.000678200000000089,-0.0454828424999978,-0.00670000077999985));
#6449=CARTESIAN_POINT('',(6.79270000000856E-5,-0.0500840329999977,-0.00610000077999985));
#6450=CARTESIAN_POINT('',(0.00581457800000008,-0.0500840329999977,-0.00740000077999985));
#6451=CARTESIAN_POINT('',(0.00989672400000014,-0.0488840329999977,-0.00610000077999985));
#6452=CARTESIAN_POINT('',(0.00581457800000008,-0.0488840329999977,-0.00740000077999985));
#6453=CARTESIAN_POINT('',(-0.000521799999999911,-0.0454828424999978,-0.00610000077999985));
#6454=CARTESIAN_POINT('',(-0.000521799999999911,-0.0466943009999975,-0.00740000077999985));
#6455=CARTESIAN_POINT('',(0.000678200000000089,-0.0454828424999978,-0.00610000077999985));
#6456=CARTESIAN_POINT('',(0.000678200000000089,-0.0466943009999975,-0.00740000077999985));
#6457=CARTESIAN_POINT('',(0.00431457800000009,-0.0481943009999975,-0.00740000077999985));
#6458=CARTESIAN_POINT('',(0.00431457800000009,-0.0481943009999975,-0.00740000077999985));
#6459=CARTESIAN_POINT('',(0.00431457800000009,-0.0466943009999975,-0.00740000077999985));
#6460=CARTESIAN_POINT('',(0.00581457800000008,-0.0481943009999975,-0.00740000077999985));
#6461=CARTESIAN_POINT('',(0.00431457800000009,-0.0466943009999975,-0.00740000077999985));
#6462=CARTESIAN_POINT('',(0.00431457800000009,-0.0466943009999975,-0.00240000077999985));
#6463=CARTESIAN_POINT('',(0.00431457800000009,-0.0481943009999975,-0.00240000077999985));
#6464=CARTESIAN_POINT('',(0.00581457800000008,-0.0481943009999975,-0.00240000077999985));
#6465=CARTESIAN_POINT('',(0.00581457800000008,-0.0481943009999975,-0.00740000077999985));
#6466=CARTESIAN_POINT('',(0.00431457800000009,-0.0507743009999975,-0.00740000077999985));
#6467=CARTESIAN_POINT('',(0.00431457800000009,-0.0507743009999975,-0.00740000077999985));
#6468=CARTESIAN_POINT('',(0.00581457800000008,-0.0507743009999975,-0.00740000077999985));
#6469=CARTESIAN_POINT('',(0.00431457800000009,-0.0522743009999975,-0.00740000077999985));
#6470=CARTESIAN_POINT('',(0.00581457800000008,-0.0507743009999975,-0.00740000077999985));
#6471=CARTESIAN_POINT('',(0.00581457800000008,-0.0507743009999975,-0.00240000077999985));
#6472=CARTESIAN_POINT('',(0.00431457800000009,-0.0507743009999975,-0.00240000077999985));
#6473=CARTESIAN_POINT('',(0.00431457800000009,-0.0522743009999975,-0.00240000077999985));
#6474=CARTESIAN_POINT('',(0.00431457800000009,-0.0522743009999975,-0.00340000077999985));
#6475=CARTESIAN_POINT('',(-0.00418542199999992,-0.0481943009999975,-0.00740000077999985));
#6476=CARTESIAN_POINT('',(-0.00418542199999992,-0.0481943009999975,-0.00740000077999985));
#6477=CARTESIAN_POINT('',(-0.00568542199999991,-0.0481943009999975,-0.00740000077999985));
#6478=CARTESIAN_POINT('',(-0.00418542199999992,-0.0466943009999975,-0.00740000077999985));
#6479=CARTESIAN_POINT('',(-0.00568542199999991,-0.0481943009999975,-0.00740000077999985));
#6480=CARTESIAN_POINT('',(-0.00568542199999991,-0.0481943009999975,-0.00240000077999985));
#6481=CARTESIAN_POINT('',(-0.00418542199999992,-0.0481943009999975,-0.00240000077999985));
#6482=CARTESIAN_POINT('',(-0.00418542199999992,-0.0466943009999975,-0.00240000077999985));
#6483=CARTESIAN_POINT('',(-0.00418542199999992,-0.0466943009999975,-0.00340000077999985));
#6484=CARTESIAN_POINT('',(-0.00418542199999992,-0.0507743009999975,-0.00740000077999985));
#6485=CARTESIAN_POINT('',(-0.00418542199999992,-0.0507743009999975,-0.00740000077999985));
#6486=CARTESIAN_POINT('',(-0.00418542199999992,-0.0522743009999975,-0.00740000077999985));
#6487=CARTESIAN_POINT('',(-0.00568542199999991,-0.0507743009999975,-0.00740000077999985));
#6488=CARTESIAN_POINT('',(-0.00418542199999992,-0.0522743009999975,-0.00740000077999985));
#6489=CARTESIAN_POINT('',(-0.00418542199999992,-0.0522743009999975,-0.00240000077999985));
#6490=CARTESIAN_POINT('',(-0.00418542199999992,-0.0507743009999975,-0.00240000077999985));
#6491=CARTESIAN_POINT('',(-0.00568542199999991,-0.0507743009999975,-0.00240000077999985));
#6492=CARTESIAN_POINT('',(-0.00568542199999991,-0.0507743009999975,-0.00740000077999985));
#6493=CARTESIAN_POINT('',(6.88200000000874E-5,-0.037513670499998,-0.00740000077999985));
#6494=CARTESIAN_POINT('',(6.45780000000842E-5,-0.0522743009999975,-0.00740000077999985));
#6495=CARTESIAN_POINT('',(-0.00568542199999991,-0.0494843009999975,-0.00740000077999985));
#6496=CARTESIAN_POINT('',(6.4578000000085E-5,-0.0466943009999975,-0.00740000077999985));
#6497=CARTESIAN_POINT('',(0.00581457800000008,-0.0494843009999975,-0.00740000077999985));
#6498=CARTESIAN_POINT('',(0.00581457800000008,-0.0494843009999975,-0.00740000077999985));
#6499=CARTESIAN_POINT('',(0.00581457800000008,-0.0494843009999975,-0.00240000077999985));
#6500=CARTESIAN_POINT('',(6.45780000000842E-5,-0.0522743009999975,-0.00740000077999985));
#6501=CARTESIAN_POINT('',(6.45780000000842E-5,-0.0522743009999975,-0.00240000077999985));
#6502=CARTESIAN_POINT('',(-0.00568542199999991,-0.0494843009999975,-0.00740000077999985));
#6503=CARTESIAN_POINT('',(-0.00568542199999991,-0.0494843009999975,-0.00240000077999985));
#6504=CARTESIAN_POINT('',(6.4578000000085E-5,-0.0466943009999975,-0.00740000077999985));
#6505=CARTESIAN_POINT('',(6.4578000000085E-5,-0.0466943009999975,-0.00240000077999985));
#6506=CARTESIAN_POINT('',(6.79270000000856E-5,-0.0374856869999981,-0.00610000077999985));
#6507=CARTESIAN_POINT('',(0.0191152480000002,-0.0294862819999985,-0.00610000077999985));
#6508=CARTESIAN_POINT('',(0.0191152480000002,-0.0306952229999983,-0.00610000077999985));
#6509=CARTESIAN_POINT('',(0.0160646530000002,-0.0306952229999983,-0.00610000077999985));
#6510=CARTESIAN_POINT('',(0.0203146530000002,-0.0306952229999983,-0.00610000077999985));
#6511=CARTESIAN_POINT('',(0.0203146530000002,-0.0321952229999983,-0.00610000077999985));
#6512=CARTESIAN_POINT('',(6.79270000000856E-5,-0.0374856869999981,-0.00610000077999985));
#6513=CARTESIAN_POINT('',(0.0103146530000002,-0.0334852229999983,-0.00610000077999985));
#6514=CARTESIAN_POINT('',(6.79270000000856E-5,-0.0374856869999981,-0.00670000077999985));
#6515=CARTESIAN_POINT('',(0.0160646530000002,-0.0306952229999983,-0.00670000077999985));
#6516=CARTESIAN_POINT('',(0.0191152480000002,-0.0306952229999983,-0.00670000077999985));
#6517=CARTESIAN_POINT('',(0.0203146530000002,-0.0306952229999983,-0.00670000077999985));
#6518=CARTESIAN_POINT('',(0.0191152480000002,-0.0294862819999985,-0.00670000077999985));
#6519=CARTESIAN_POINT('',(0.0203146530000002,-0.0321952229999983,-0.00670000077999985));
#6520=CARTESIAN_POINT('',(6.79270000000856E-5,-0.0374856869999981,-0.00670000077999985));
#6521=CARTESIAN_POINT('',(0.0103146530000002,-0.0334852229999983,-0.00670000077999985));
#6522=CARTESIAN_POINT('',(0.0203152480000002,-0.0374856869999981,-0.00610000077999985));
#6523=CARTESIAN_POINT('',(0.0203152480000002,-0.0362752228819899,-0.00740000077999985));
#6524=CARTESIAN_POINT('',(0.0191152480000002,-0.0294862819999985,-0.00610000077999985));
#6525=CARTESIAN_POINT('',(0.0191152480000002,-0.0306952229999983,-0.00740000077999985));
#6526=CARTESIAN_POINT('',(0.0203146530000002,-0.0321952229999983,-0.00740000077999985));
#6527=CARTESIAN_POINT('',(0.0203146530000002,-0.0306952229999983,-0.00740000077999985));
#6528=CARTESIAN_POINT('',(0.0203146530000002,-0.0306952229999983,-0.00240000077999985));
#6529=CARTESIAN_POINT('',(0.0203146530000002,-0.0321952229999983,-0.00240000077999985));
#6530=CARTESIAN_POINT('',(0.0218146530000002,-0.0321952229999983,-0.00240000077999985));
#6531=CARTESIAN_POINT('',(0.0218146530000002,-0.0321952229999983,-0.00740000077999985));
#6532=CARTESIAN_POINT('',(0.0218146530000002,-0.0321952229999983,-0.00740000077999985));
#6533=CARTESIAN_POINT('',(0.0203146530000002,-0.0321952229999983,-0.00740000077999985));
#6534=CARTESIAN_POINT('',(0.0203146530000002,-0.0306952229999983,-0.00740000077999985));
#6535=CARTESIAN_POINT('',(0.0203146530000002,-0.0306952229999983,-0.00740000077999985));
#6536=CARTESIAN_POINT('',(0.0118146530000002,-0.0347752229999983,-0.00740000077999985));
#6537=CARTESIAN_POINT('',(0.0118146530000002,-0.0347752229999983,-0.00740000077999985));
#6538=CARTESIAN_POINT('',(0.0118146530000002,-0.0362752229999983,-0.00740000077999985));
#6539=CARTESIAN_POINT('',(0.0103146530000002,-0.0347752229999983,-0.00740000077999985));
#6540=CARTESIAN_POINT('',(0.0118146530000002,-0.0362752229999983,-0.00740000077999985));
#6541=CARTESIAN_POINT('',(0.0118146530000002,-0.0362752229999983,-0.00240000077999985));
#6542=CARTESIAN_POINT('',(0.0118146530000002,-0.0347752229999983,-0.00240000077999985));
#6543=CARTESIAN_POINT('',(0.0103146530000002,-0.0347752229999983,-0.00240000077999985));
#6544=CARTESIAN_POINT('',(0.0103146530000002,-0.0347752229999983,-0.00740000077999985));
#6545=CARTESIAN_POINT('',(0.0118146530000002,-0.0321952229999983,-0.00740000077999985));
#6546=CARTESIAN_POINT('',(0.0118146530000002,-0.0321952229999983,-0.00740000077999985));
#6547=CARTESIAN_POINT('',(0.0103146530000002,-0.0321952229999983,-0.00740000077999985));
#6548=CARTESIAN_POINT('',(0.0118146530000002,-0.0306952229999983,-0.00740000077999985));
#6549=CARTESIAN_POINT('',(0.0103146530000002,-0.0321952229999983,-0.00740000077999985));
#6550=CARTESIAN_POINT('',(0.0103146530000002,-0.0321952229999983,-0.00240000077999985));
#6551=CARTESIAN_POINT('',(0.0118146530000002,-0.0321952229999983,-0.00240000077999985));
#6552=CARTESIAN_POINT('',(0.0118146530000002,-0.0306952229999983,-0.00240000077999985));
#6553=CARTESIAN_POINT('',(0.0118146530000002,-0.0306952229999983,-0.00340000077999985));
#6554=CARTESIAN_POINT('',(0.0203146530000002,-0.0347752229999983,-0.00740000077999985));
#6555=CARTESIAN_POINT('',(0.0203146530000002,-0.0362752229999983,-0.00340000077999985));
#6556=CARTESIAN_POINT('',(0.0203146530000002,-0.0362752229999983,-0.00740000077999985));
#6557=CARTESIAN_POINT('',(0.0203146530000002,-0.0347752229999983,-0.00740000077999985));
#6558=CARTESIAN_POINT('',(0.0218146530000002,-0.0347752229999983,-0.00740000077999985));
#6559=CARTESIAN_POINT('',(0.0218146530000002,-0.0347752229999983,-0.00740000077999985));
#6560=CARTESIAN_POINT('',(0.0218146530000002,-0.0347752229999983,-0.00240000077999985));
#6561=CARTESIAN_POINT('',(0.0203146530000002,-0.0347752229999983,-0.00240000077999985));
#6562=CARTESIAN_POINT('',(0.0203146530000002,-0.0362752229999983,-0.00240000077999985));
#6563=CARTESIAN_POINT('',(0.0203146530000002,-0.0362752229999983,-0.00340000077999985));
#6564=CARTESIAN_POINT('',(6.88200000000874E-5,-0.037513670499998,-0.00740000077999985));
#6565=CARTESIAN_POINT('',(0.0218146530000002,-0.0334852229999983,-0.00740000077999985));
#6566=CARTESIAN_POINT('',(0.0160646530000002,-0.0362752229999983,-0.00740000077999985));
#6567=CARTESIAN_POINT('',(0.0103146530000002,-0.0334852229999983,-0.00740000077999985));
#6568=CARTESIAN_POINT('',(0.0160646530000002,-0.0306952229999983,-0.00740000077999985));
#6569=CARTESIAN_POINT('',(0.0218146530000002,-0.0334852229999983,-0.00740000077999985));
#6570=CARTESIAN_POINT('',(0.0218146530000002,-0.0334852229999983,-0.00240000077999985));
#6571=CARTESIAN_POINT('',(0.0160646530000002,-0.0362752229999983,-0.00740000077999985));
#6572=CARTESIAN_POINT('',(0.0160646530000002,-0.0362752229999983,-0.00240000077999985));
#6573=CARTESIAN_POINT('',(0.0103146530000002,-0.0334852229999983,-0.00740000077999985));
#6574=CARTESIAN_POINT('',(0.0103146530000002,-0.0334852229999983,-0.00240000077999985));
#6575=CARTESIAN_POINT('',(0.0160646530000002,-0.0306952229999983,-0.00740000077999985));
#6576=CARTESIAN_POINT('',(0.0160646530000002,-0.0306952229999983,-0.00240000077999985));
#6577=CARTESIAN_POINT('',(0.0160670340000002,-0.0494840329999976,-0.00339800077999985));
#6578=CARTESIAN_POINT('',(0.0160670340000002,-0.0494840329999976,-0.00745000077999976));
#6579=CARTESIAN_POINT('',(0.0177086129300194,-0.0494840329999976,-0.00745000077999976));
#6580=CARTESIAN_POINT('',(6.79270000000856E-5,-0.0374856869999981,-0.00610000077999985));
#6581=CARTESIAN_POINT('',(6.79270000000856E-5,-0.0248873409999986,-0.00610000077999985));
#6582=CARTESIAN_POINT('',(-0.009750597,-0.0260873409999986,-0.00610000077999985));
#6583=CARTESIAN_POINT('',(6.79270000000856E-5,-0.0374856869999981,-0.00670000077999985));
#6584=CARTESIAN_POINT('',(6.79270000000856E-5,-0.0248873409999986,-0.00670000077999985));
#6585=CARTESIAN_POINT('',(-0.009750597,-0.0260873409999986,-0.00670000077999985));
#6586=CARTESIAN_POINT('',(-0.009750597,-0.0260873409999986,-0.00610000077999985));
#6587=CARTESIAN_POINT('',(6.79270000000856E-5,-0.0248873409999986,-0.00610000077999985));
#6588=CARTESIAN_POINT('',(-0.015929394,-0.0255399999999983,-0.00339800077999985));
#6589=CARTESIAN_POINT('',(-0.015929394,-0.0255399999999983,-0.00745000077999976));
#6590=CARTESIAN_POINT('',(-0.0142878150699808,-0.0255399999999983,-0.00745000077999976));
#6591=CARTESIAN_POINT('',(0.0242726060000002,-0.0413209534999978,-0.00240000077999985));
#6592=CARTESIAN_POINT('',(0.0242726060000002,-0.0413209534999978,-0.00240000077999985));
#6593=CARTESIAN_POINT('',(0.0242726060000002,-0.0413209534999978,-0.00240000077999985));
#6594=CARTESIAN_POINT('',(0.0242726060000002,-0.0413209534999978,-0.00240000077999985));
#6595=CARTESIAN_POINT('',(6.88200000000874E-5,-0.037513670499998,-0.00240000077999985));
#6596=CARTESIAN_POINT('',(6.88200000000874E-5,-0.037513670499998,-0.00240000077999985));
#6597=CARTESIAN_POINT('',(0.0242726060000002,-0.0413209534999978,-0.00240000077999985));
#6598=CARTESIAN_POINT('',(0.0242726060000002,-0.0413209534999978,-0.00240000077999985));
#6599=CARTESIAN_POINT('',(6.88200000000874E-5,-0.037513670499998,-0.00240000077999985));
#6600=CARTESIAN_POINT('',(6.88200000000874E-5,-0.037513670499998,-0.00240000077999985));
#6601=CARTESIAN_POINT('',(0.0242726060000002,-0.0413209534999978,-0.00240000077999985));
#6602=CARTESIAN_POINT('',(6.88200000000874E-5,-0.037513670499998,-0.00240000077999985));
#6603=CARTESIAN_POINT('',(6.88200000000874E-5,-0.037513670499998,-0.00820000077999976));
#6604=CARTESIAN_POINT('',(-0.015929394,-0.0255399999999983,-0.00820000077999976));
#6605=CARTESIAN_POINT('',(-0.015929394,-0.0264315789300175,-0.00820000077999976));
#6606=CARTESIAN_POINT('',(6.88200000000874E-5,-0.037513670499998,-0.00820000077999976));
#6607=CARTESIAN_POINT('',(0.0160670340000002,-0.0494840329999976,-0.00820000077999976));
#6608=CARTESIAN_POINT('',(0.0160670340000002,-0.0503756119300168,-0.00820000077999976));
#6609=CARTESIAN_POINT('',(6.88200000000874E-5,-0.037513670499998,-0.00820000077999976));
#6610=CARTESIAN_POINT('',(-0.015929394,-0.033497128999998,-0.00820000077999976));
#6611=CARTESIAN_POINT('',(-0.015929394,-0.0343887079300172,-0.00820000077999976));
#6612=CARTESIAN_POINT('',(6.88200000000874E-5,-0.037513670499998,-0.00820000077999976));
#6613=CARTESIAN_POINT('',(-0.015929394,-0.0495399999999974,-0.00820000077999976));
#6614=CARTESIAN_POINT('',(-0.015929394,-0.0504315789300166,-0.00820000077999976));
#6615=CARTESIAN_POINT('',(6.88200000000874E-5,-0.037513670499998,-0.00820000077999976));
#6616=CARTESIAN_POINT('',(0.0160652480000002,-0.0254873409999986,-0.00820000077999976));
#6617=CARTESIAN_POINT('',(0.0160652480000002,-0.0263789199300178,-0.00820000077999976));
#6618=CARTESIAN_POINT('',(6.88200000000874E-5,-0.037513670499998,-0.00820000077999976));
#6619=CARTESIAN_POINT('',(7.28720000000905E-5,-0.0334885769999981,-0.00820000077999976));
#6620=CARTESIAN_POINT('',(7.28720000000905E-5,-0.0343801559300174,-0.00820000077999976));
#6621=CARTESIAN_POINT('',(6.88200000000874E-5,-0.037513670499998,-0.00820000077999976));
#6622=CARTESIAN_POINT('',(-0.015929394,-0.0414850749999977,-0.00820000077999976));
#6623=CARTESIAN_POINT('',(-0.015929394,-0.0423766539300169,-0.00820000077999976));
#6624=CARTESIAN_POINT('',(6.88200000000874E-5,-0.037513670499998,-0.00820000077999976));
#6625=CARTESIAN_POINT('',(0.0160622720000002,-0.0414816519999979,-0.00820000077999976));
#6626=CARTESIAN_POINT('',(0.0160622720000002,-0.0423732309300172,-0.00820000077999976));
#6627=CARTESIAN_POINT('',(6.88200000000874E-5,-0.037513670499998,-0.00820000077999976));
#6628=CARTESIAN_POINT('',(0.0160646530000002,-0.0334852229999983,-0.00820000077999976));
#6629=CARTESIAN_POINT('',(0.0160646530000002,-0.0343768019300175,-0.00820000077999976));
#6630=CARTESIAN_POINT('',(6.88200000000874E-5,-0.037513670499998,-0.00820000077999976));
#6631=CARTESIAN_POINT('',(6.96780000000855E-5,-0.0414873409999979,-0.00820000077999976));
#6632=CARTESIAN_POINT('',(6.96780000000855E-5,-0.0423789199300171,-0.00820000077999976));
#6633=CARTESIAN_POINT('',(6.88200000000874E-5,-0.037513670499998,-0.00820000077999976));
#6634=CARTESIAN_POINT('',(6.45780000000848E-5,-0.0494843009999975,-0.00820000077999976));
#6635=CARTESIAN_POINT('',(6.45780000000848E-5,-0.0503758799300167,-0.00820000077999976));
#6636=CARTESIAN_POINT('',(6.88200000000874E-5,-0.037513670499998,-0.00820000077999976));
#6637=CARTESIAN_POINT('',(7.82000000000894E-5,-0.0255019069999984,-0.00820000077999976));
#6638=CARTESIAN_POINT('',(7.82000000000894E-5,-0.0263934859300177,-0.00820000077999976));
#6639=CARTESIAN_POINT('',(0.0160670340000002,-0.0494840329999976,-0.00745000077999976));
#6640=CARTESIAN_POINT('',(0.0160622720000002,-0.0414816519999979,-0.00745000077999976));
#6641=CARTESIAN_POINT('',(0.0160646530000002,-0.0334852229999983,-0.00745000077999976));
#6642=CARTESIAN_POINT('',(0.0160652480000002,-0.0254873409999986,-0.00745000077999976));
#6643=CARTESIAN_POINT('',(6.45780000000848E-5,-0.0494843009999975,-0.00745000077999976));
#6644=CARTESIAN_POINT('',(6.96780000000855E-5,-0.0414873409999979,-0.00745000077999976));
#6645=CARTESIAN_POINT('',(7.28720000000905E-5,-0.0334885769999981,-0.00745000077999976));
#6646=CARTESIAN_POINT('',(7.82000000000894E-5,-0.0255019069999984,-0.00745000077999976));
#6647=CARTESIAN_POINT('',(-0.015929394,-0.0414850749999977,-0.00745000077999976));
#6648=CARTESIAN_POINT('',(-0.015929394,-0.0495399999999974,-0.00745000077999976));
#6649=CARTESIAN_POINT('',(-0.015929394,-0.033497128999998,-0.00745000077999976));
#6650=CARTESIAN_POINT('',(-0.015929394,-0.0255399999999983,-0.00745000077999976));
#6651=MECHANICAL_DESIGN_GEOMETRIC_PRESENTATION_REPRESENTATION('',(#3994),
#6652);
#6652=(
GEOMETRIC_REPRESENTATION_CONTEXT(3)
GLOBAL_UNCERTAINTY_ASSIGNED_CONTEXT((#6653))
GLOBAL_UNIT_ASSIGNED_CONTEXT((#6656,#6655,#6654))
REPRESENTATION_CONTEXT('Keypad','TOP_LEVEL_ASSEMBLY_PART')
);
#6653=UNCERTAINTY_MEASURE_WITH_UNIT(LENGTH_MEASURE(1.E-8),#6656,
'DISTANCE_ACCURACY_VALUE','Maximum Tolerance applied to model');
#6654=(
NAMED_UNIT(*)
SI_UNIT($,.STERADIAN.)
SOLID_ANGLE_UNIT()
);
#6655=(
NAMED_UNIT(*)
PLANE_ANGLE_UNIT()
SI_UNIT($,.RADIAN.)
);
#6656=(
LENGTH_UNIT()
NAMED_UNIT(*)
SI_UNIT($,.METRE.)
);
#6657=PRODUCT_DEFINITION_SHAPE('','',#6658);
#6658=PRODUCT_DEFINITION('','',#6660,#6659);
#6659=PRODUCT_DEFINITION_CONTEXT('',#6666,'design');
#6660=PRODUCT_DEFINITION_FORMATION_WITH_SPECIFIED_SOURCE('','',#6662,
 .NOT_KNOWN.);
#6661=PRODUCT_RELATED_PRODUCT_CATEGORY('','',(#6662));
#6662=PRODUCT('Keypad','Keypad','Keypad',(#6664));
#6663=PRODUCT_CATEGORY('','');
#6664=PRODUCT_CONTEXT('',#6666,'mechanical');
#6665=APPLICATION_PROTOCOL_DEFINITION('international standard',
'ap242_managed_model_based_3d_engineering',2020,#6666);
#6666=APPLICATION_CONTEXT('managed model based 3d engineering');
ENDSEC;
END-ISO-10303-21;
