ISO-10303-21;
HEADER;
/* Generated by software containing ST-Developer
 * from STEP Tools, Inc. (www.steptools.com) 
 */
/* OPTION: using custom renumber hook */

FILE_DESCRIPTION(
/* description */ ('STEP AP242 Edition 2',
'CAx-IF Rec.Pracs.---Representation and Presentation of Product Manufa
cturing Information (PMI)---4.0---2014-10-13',
'CAx-IF Rec.Pracs.---3D Tessellated Geometry---0.4---2014-09-14','2;1',
'CAx-IF Rec.Pracs.---User Defined Attributes---1.5---2016-08-15'),
/* implementation_level */ '2;1');

FILE_NAME(
/* name */ 'Case - Top_shell',
/* time_stamp */ '2026-09-21T04:08:41Z',
/* author */ (''),
/* organization */ (''),
/* preprocessor_version */ 'ST-DEVELOPER v20',
/* originating_system */ 'ONSHAPE BY PTC INC, 1.221',
/* authorisation */ '  ');

FILE_SCHEMA (('AP242_MANAGED_MODEL_BASED_3D_ENGINEERING_MIM_LF { 1 0 10303 442 3 1 4 }'));
ENDSEC;

DATA;
#10=SHAPE_REPRESENTATION_RELATIONSHIP('','',#7812,#11);
#11=ADVANCED_BREP_SHAPE_REPRESENTATION('',(#7810),#14230);
#12=DEGENERATE_TOROIDAL_SURFACE('',#8542,2.4999999999987E-5,0.00095,.T.);
#13=DEGENERATE_TOROIDAL_SURFACE('',#8548,2.50000000000009E-5,0.00095,.T.);
#14=DEGENERATE_TOROIDAL_SURFACE('',#8569,2.4999999999987E-5,0.00095,.T.);
#15=DEGENERATE_TOROIDAL_SURFACE('',#8576,2.50000000000009E-5,0.00095,.T.);
#16=SPHERICAL_SURFACE('',#8475,0.001);
#17=SPHERICAL_SURFACE('',#8482,0.001);
#18=TOROIDAL_SURFACE('',#7985,0.002,0.001);
#19=TOROIDAL_SURFACE('',#7992,0.002,0.001);
#20=TOROIDAL_SURFACE('',#7994,0.002,0.001);
#21=TOROIDAL_SURFACE('',#8000,0.002,0.001);
#22=TOROIDAL_SURFACE('',#8477,0.00635,0.001);
#23=TOROIDAL_SURFACE('',#8524,0.0025,0.0025);
#24=TOROIDAL_SURFACE('',#8530,0.0025,0.0025);
#25=TOROIDAL_SURFACE('',#8532,0.0025,0.0025);
#26=TOROIDAL_SURFACE('',#8537,0.0025,0.0025);
#27=TOROIDAL_SURFACE('',#8550,0.0012092719282327,0.0003);
#28=TOROIDAL_SURFACE('',#8555,0.00120927192823269,0.0003);
#29=TOROIDAL_SURFACE('',#8556,0.00120927192823269,0.0003);
#30=TOROIDAL_SURFACE('',#8564,0.0012092719282327,0.0003);
#31=TOROIDAL_SURFACE('',#8592,0.00205,0.0005);
#32=TOROIDAL_SURFACE('',#8594,0.00205,0.0005);
#33=TOROIDAL_SURFACE('',#8600,0.00205,0.0005);
#34=TOROIDAL_SURFACE('',#8602,0.00205,0.0005);
#35=TOROIDAL_SURFACE('',#8607,0.00205,0.0005);
#36=TOROIDAL_SURFACE('',#8611,0.00205,0.0005);
#37=TOROIDAL_SURFACE('',#8651,0.0035,0.0015);
#38=CONICAL_SURFACE('',#7974,0.0017,0.785398163397464);
#39=CONICAL_SURFACE('',#7976,0.0017,0.785398163397463);
#40=CONICAL_SURFACE('',#7980,0.0017,0.785398163397462);
#41=CONICAL_SURFACE('',#7982,0.0017,0.785398163397464);
#42=CONICAL_SURFACE('',#8509,0.004,0.78539816339745);
#43=CONICAL_SURFACE('',#8513,0.004,0.785398163397463);
#44=CONICAL_SURFACE('',#8515,0.004,0.785398163397448);
#45=CONICAL_SURFACE('',#8519,0.004,0.785398163397463);
#46=CONICAL_SURFACE('',#8614,0.00385,0.785398163397448);
#47=CONICAL_SURFACE('',#8615,0.00349999999995929,0.785398163397449);
#48=CONICAL_SURFACE('',#8619,0.00349999999995929,0.785398163397449);
#49=CONICAL_SURFACE('',#8620,0.00349999999995929,0.785398163397449);
#50=CONICAL_SURFACE('',#8637,0.0014,0.785398163397426);
#51=CONICAL_SURFACE('',#8638,0.0014,0.785398163397426);
#52=CONICAL_SURFACE('',#8639,0.0014,0.785398163397453);
#53=CONICAL_SURFACE('',#8640,0.0014,0.785398163397453);
#54=CONICAL_SURFACE('',#8644,0.00167414295892878,0.785398163397448);
#55=(
BOUNDED_SURFACE()
B_SPLINE_SURFACE(3,2,((#11535,#11536,#11537),(#11538,#11539,#11540),(#11541,
#11542,#11543),(#11544,#11545,#11546)),.UNSPECIFIED.,.F.,.F.,.F.)
B_SPLINE_SURFACE_WITH_KNOTS((4,4),(3,3),(0.00538876785274869,0.00774322690140972),
(0.,1.),.PIECEWISE_BEZIER_KNOTS.)
GEOMETRIC_REPRESENTATION_ITEM()
RATIONAL_B_SPLINE_SURFACE(((1.,0.750334505184804,1.),(1.,0.775352121517814,
1.),(1.,0.764912778420425,1.),(1.,0.716275690010587,1.)))
REPRESENTATION_ITEM('')
SURFACE()
);
#56=(
BOUNDED_SURFACE()
B_SPLINE_SURFACE(3,2,((#11557,#11558,#11559),(#11560,#11561,#11562),(#11563,
#11564,#11565),(#11566,#11567,#11568),(#11569,#11570,#11571)),
 .UNSPECIFIED.,.F.,.F.,.F.)
B_SPLINE_SURFACE_WITH_KNOTS((4,1,4),(3,3),(0.00236368914048278,0.00305841851932871,
0.00375314789817464),(0.,1.),.UNSPECIFIED.)
GEOMETRIC_REPRESENTATION_ITEM()
RATIONAL_B_SPLINE_SURFACE(((1.,0.722330336562255,1.),(1.,0.734237204553144,
1.),(1.,0.742817537271453,1.),(1.,0.714088470781759,1.),(1.,0.691125414905779,
1.)))
REPRESENTATION_ITEM('')
SURFACE()
);
#57=(
BOUNDED_SURFACE()
B_SPLINE_SURFACE(3,2,((#11577,#11578,#11579),(#11580,#11581,#11582),(#11583,
#11584,#11585),(#11586,#11587,#11588),(#11589,#11590,#11591)),
 .UNSPECIFIED.,.F.,.F.,.F.)
B_SPLINE_SURFACE_WITH_KNOTS((4,1,4),(3,3),(0.00236368914048405,0.00305841851932997,
0.00375314789817589),(0.,1.),.UNSPECIFIED.)
GEOMETRIC_REPRESENTATION_ITEM()
RATIONAL_B_SPLINE_SURFACE(((1.,0.722330336562255,1.),(1.,0.734237204552809,
1.),(1.,0.742817537272885,1.),(1.,0.714088470779249,1.),(1.,0.691125414905788,
1.)))
REPRESENTATION_ITEM('')
SURFACE()
);
#58=(
BOUNDED_SURFACE()
B_SPLINE_SURFACE(3,2,((#11597,#11598,#11599),(#11600,#11601,#11602),(#11603,
#11604,#11605),(#11606,#11607,#11608)),.UNSPECIFIED.,.F.,.F.,.F.)
B_SPLINE_SURFACE_WITH_KNOTS((4,4),(3,3),(0.00538876785274698,0.00774322690140798),
(0.,1.),.PIECEWISE_BEZIER_KNOTS.)
GEOMETRIC_REPRESENTATION_ITEM()
RATIONAL_B_SPLINE_SURFACE(((1.,0.750334505184805,1.),(1.,0.775352121517597,
1.),(1.,0.764912778421599,1.),(1.,0.716275690010586,1.)))
REPRESENTATION_ITEM('')
SURFACE()
);
#59=(
BOUNDED_SURFACE()
B_SPLINE_SURFACE(3,2,((#13492,#13493,#13494),(#13495,#13496,#13497),(#13498,
#13499,#13500),(#13501,#13502,#13503),(#13504,#13505,#13506),(#13507,#13508,
#13509),(#13510,#13511,#13512),(#13513,#13514,#13515),(#13516,#13517,#13518),
(#13519,#13520,#13521),(#13522,#13523,#13524),(#13525,#13526,#13527),(#13528,
#13529,#13530),(#13531,#13532,#13533),(#13534,#13535,#13536),(#13537,#13538,
#13539),(#13540,#13541,#13542),(#13543,#13544,#13545),(#13546,#13547,#13548),
(#13549,#13550,#13551),(#13552,#13553,#13554),(#13555,#13556,#13557),(#13558,
#13559,#13560),(#13561,#13562,#13563)),.UNSPECIFIED.,.F.,.F.,.F.)
B_SPLINE_SURFACE_WITH_KNOTS((4,1,1,1,1,1,1,1,1,1,1,1,1,1,1,1,1,1,1,1,1,
4),(3,3),(7.80625564189563E-18,0.0001446789931417,0.000289357986283393,
0.000434036979425085,0.000578715972566778,0.00072339496570847,0.000868073958850163,
0.00115743194513355,0.00144678993141693,0.00173614791770032,0.00231486389026709,
0.00289357986283386,0.00347229583540063,0.00462972778053417,0.00578715972566771,
0.00694459167080125,0.00752330764336802,0.00810202361593479,0.00839138160221817,
0.00853606059535987,0.00868073958850156,0.00925945556106833),(0.,1.),
 .UNSPECIFIED.)
GEOMETRIC_REPRESENTATION_ITEM()
RATIONAL_B_SPLINE_SURFACE(((1.,0.707106781186503,1.),(1.,0.707106781186503,
1.),(1.,0.707106781186569,1.),(1.,0.707106781186542,1.),(1.,0.707106781186548,
1.),(1.,0.707106781186546,1.),(1.,0.707106781186546,1.),(1.,0.707106781186546,
1.),(1.,0.707106781186545,1.),(1.,0.707106781186545,1.),(1.,0.707106781186546,
1.),(1.,0.707106781186545,1.),(1.,0.707106781186547,1.),(1.,0.707106781186545,
1.),(1.,0.707106781186548,1.),(1.,0.707106781186546,1.),(1.,0.707106781186546,
1.),(1.,0.707106781186548,1.),(1.,0.707106781186549,1.),(1.,0.707106781186548,
1.),(1.,0.707106781186547,1.),(1.,0.707106781186548,1.),(1.,0.707106781186547,
1.),(1.,0.707106781186547,1.)))
REPRESENTATION_ITEM('')
SURFACE()
);
#60=(
BOUNDED_SURFACE()
B_SPLINE_SURFACE(3,2,((#13566,#13567,#13568),(#13569,#13570,#13571),(#13572,
#13573,#13574),(#13575,#13576,#13577),(#13578,#13579,#13580),(#13581,#13582,
#13583),(#13584,#13585,#13586),(#13587,#13588,#13589),(#13590,#13591,#13592),
(#13593,#13594,#13595),(#13596,#13597,#13598),(#13599,#13600,#13601),(#13602,
#13603,#13604),(#13605,#13606,#13607),(#13608,#13609,#13610),(#13611,#13612,
#13613),(#13614,#13615,#13616),(#13617,#13618,#13619),(#13620,#13621,#13622),
(#13623,#13624,#13625),(#13626,#13627,#13628),(#13629,#13630,#13631),(#13632,
#13633,#13634),(#13635,#13636,#13637)),.UNSPECIFIED.,.F.,.F.,.F.)
B_SPLINE_SURFACE_WITH_KNOTS((4,1,1,1,1,1,1,1,1,1,1,1,1,1,1,1,1,1,1,1,1,
4),(3,3),(7.80625564189563E-18,0.0001446789931417,0.000289357986283393,
0.000434036979425085,0.000578715972566777,0.00072339496570847,0.000868073958850162,
0.00115743194513355,0.00144678993141693,0.00173614791770032,0.00231486389026709,
0.00289357986283386,0.00347229583540062,0.00462972778053416,0.0057871597256677,
0.00694459167080124,0.00752330764336801,0.00810202361593478,0.00839138160221816,
0.00853606059535986,0.00868073958850155,0.00925945556106832),(0.,1.),
 .UNSPECIFIED.)
GEOMETRIC_REPRESENTATION_ITEM()
RATIONAL_B_SPLINE_SURFACE(((1.,0.707106781186548,1.),(1.,0.707106781186548,
1.),(1.,0.707106781186548,1.),(1.,0.707106781186548,1.),(1.,0.70710678118655,
1.),(1.,0.70710678118655,1.),(1.,0.70710678118655,1.),(1.,0.707106781186548,
1.),(1.,0.707106781186551,1.),(1.,0.707106781186548,1.),(1.,0.707106781186552,
1.),(1.,0.707106781186549,1.),(1.,0.70710678118655,1.),(1.,0.707106781186549,
1.),(1.,0.707106781186549,1.),(1.,0.707106781186549,1.),(1.,0.707106781186548,
1.),(1.,0.707106781186549,1.),(1.,0.707106781186548,1.),(1.,0.707106781186547,
1.),(1.,0.707106781186548,1.),(1.,0.707106781186548,1.),(1.,0.707106781186548,
1.),(1.,0.707106781186548,1.)))
REPRESENTATION_ITEM('')
SURFACE()
);
#61=(
BOUNDED_SURFACE()
B_SPLINE_SURFACE(3,2,((#13640,#13641,#13642),(#13643,#13644,#13645),(#13646,
#13647,#13648),(#13649,#13650,#13651),(#13652,#13653,#13654),(#13655,#13656,
#13657),(#13658,#13659,#13660),(#13661,#13662,#13663)),.UNSPECIFIED.,.F.,
 .F.,.F.)
B_SPLINE_SURFACE_WITH_KNOTS((4,1,1,1,1,4),(3,3),(-3.90312782094782E-18,
0.00214962243464645,0.00322443365196968,0.00429924486929291,0.00644886730393936,
0.00859848973858582),(0.,1.),.UNSPECIFIED.)
GEOMETRIC_REPRESENTATION_ITEM()
RATIONAL_B_SPLINE_SURFACE(((1.,0.707106781186547,1.),(1.,0.749437807999145,
1.),(1.,0.812793310643961,1.),(1.,0.868301292568139,1.),(1.,0.889041418933779,
1.),(1.,0.833775191883812,1.),(1.,0.749153624865106,1.),(1.,0.707106781186551,
1.)))
REPRESENTATION_ITEM('')
SURFACE()
);
#62=(
BOUNDED_SURFACE()
B_SPLINE_SURFACE(3,2,((#13807,#13808,#13809),(#13810,#13811,#13812),(#13813,
#13814,#13815),(#13816,#13817,#13818),(#13819,#13820,#13821),(#13822,#13823,
#13824),(#13825,#13826,#13827),(#13828,#13829,#13830),(#13831,#13832,#13833),
(#13834,#13835,#13836),(#13837,#13838,#13839),(#13840,#13841,#13842),(#13843,
#13844,#13845),(#13846,#13847,#13848),(#13849,#13850,#13851),(#13852,#13853,
#13854),(#13855,#13856,#13857)),.UNSPECIFIED.,.F.,.F.,.F.)
B_SPLINE_SURFACE_WITH_KNOTS((4,1,1,1,1,1,1,1,1,1,1,1,1,1,4),(3,3),(-5.07897273464476E-5,
0.000215327281562573,0.000481444290471593,0.00101367830828963,0.00154591232610768,
0.00207814634392572,0.0031426143795618,0.00420708241519788,0.00527155045083396,
0.00633601848647005,0.00686825250428809,0.00740048652210613,0.00766660353101515,
0.00793272053992417,0.00846495455774221),(0.,1.),.UNSPECIFIED.)
GEOMETRIC_REPRESENTATION_ITEM()
RATIONAL_B_SPLINE_SURFACE(((1.,0.92384639013233,1.),(1.,0.923903187260416,
1.),(1.,0.923959453778231,1.),(1.,0.923937305745488,1.),(1.,0.923809994677566,
1.),(1.,0.923746366974926,1.),(1.,0.923930629784216,1.),(1.,0.923747421851679,
1.),(1.,0.923989476448215,1.),(1.,0.92383473416299,1.),(1.,0.923883274187804,
1.),(1.,0.923884006356909,1.),(1.,0.923877527239893,1.),(1.,0.923871900084778,
1.),(1.,0.923847147528207,1.),(1.,0.923923339012305,1.),(1.,0.923879455224055,
1.)))
REPRESENTATION_ITEM('')
SURFACE()
);
#63=(
BOUNDED_SURFACE()
B_SPLINE_SURFACE(3,2,((#13877,#13878,#13879),(#13880,#13881,#13882),(#13883,
#13884,#13885),(#13886,#13887,#13888),(#13889,#13890,#13891),(#13892,#13893,
#13894),(#13895,#13896,#13897),(#13898,#13899,#13900),(#13901,#13902,#13903),
(#13904,#13905,#13906),(#13907,#13908,#13909),(#13910,#13911,#13912),(#13913,
#13914,#13915),(#13916,#13917,#13918),(#13919,#13920,#13921),(#13922,#13923,
#13924),(#13925,#13926,#13927)),.UNSPECIFIED.,.F.,.F.,.F.)
B_SPLINE_SURFACE_WITH_KNOTS((4,1,1,1,1,1,1,1,1,1,1,1,1,1,4),(3,3),(0.,0.000539045564951063,
0.000808568347426594,0.00107809112990213,0.00161713669485319,0.00215618225980425,
0.00323427338970637,0.0043123645196085,0.00539045564951062,0.00646854677941275,
0.00700759234436381,0.00754663790931488,0.00808568347426594,0.00835520625674147,
0.008624729039217),(0.,1.),.UNSPECIFIED.)
GEOMETRIC_REPRESENTATION_ITEM()
RATIONAL_B_SPLINE_SURFACE(((1.,0.923879455224057,1.),(1.,0.923922419764312,
1.),(1.,0.923840807752556,1.),(1.,0.923875669644882,1.),(1.,0.923871744433964,
1.),(1.,0.923882819113737,1.),(1.,0.923885416553754,1.),(1.,0.923832364262626,
1.),(1.,0.923991945022531,1.),(1.,0.923745883907003,1.),(1.,0.923933436638185,
1.),(1.,0.923746965613529,1.),(1.,0.92380828187837,1.),(1.,0.923936910878138,
1.),(1.,0.92395965650175,1.),(1.,0.923903265702219,1.),(1.,0.92384628526516,
1.)))
REPRESENTATION_ITEM('')
SURFACE()
);
#64=(
BOUNDED_SURFACE()
B_SPLINE_SURFACE(3,2,((#14141,#14142,#14143),(#14144,#14145,#14146),(#14147,
#14148,#14149),(#14150,#14151,#14152),(#14153,#14154,#14155),(#14156,#14157,
#14158),(#14159,#14160,#14161)),.UNSPECIFIED.,.F.,.F.,.F.)
B_SPLINE_SURFACE_WITH_KNOTS((4,1,1,1,4),(3,3),(3.18755438710738E-17,0.00153609062937322,
0.00307218125874641,0.0046082718881196,0.00614436251749279),(0.,1.),
 .UNSPECIFIED.)
GEOMETRIC_REPRESENTATION_ITEM()
RATIONAL_B_SPLINE_SURFACE(((1.,0.693308978786177,1.),(1.,0.726800796750972,
1.),(1.,0.749151633751603,1.),(1.,0.685434397023412,1.),(1.,0.749095666534644,
1.),(1.,0.726808265491643,1.),(1.,0.693308978786177,1.)))
REPRESENTATION_ITEM('')
SURFACE()
);
#65=(
BOUNDED_SURFACE()
B_SPLINE_SURFACE(3,2,((#14164,#14165,#14166),(#14167,#14168,#14169),(#14170,
#14171,#14172),(#14173,#14174,#14175),(#14176,#14177,#14178),(#14179,#14180,
#14181),(#14182,#14183,#14184)),.UNSPECIFIED.,.F.,.F.,.F.)
B_SPLINE_SURFACE_WITH_KNOTS((4,1,1,1,4),(3,3),(-2.39608680119296E-17,0.0013180675270477,
0.00263613505409542,0.00395420258114314,0.00527227010819086),(0.,1.),
 .UNSPECIFIED.)
GEOMETRIC_REPRESENTATION_ITEM()
RATIONAL_B_SPLINE_SURFACE(((1.,0.693308978786177,1.),(1.,0.668551709040867,
1.),(1.,0.634941178440408,1.),(1.,0.619483922472734,1.),(1.,0.634817144733037,
1.),(1.,0.668544779525292,1.),(1.,0.693308978786177,1.)))
REPRESENTATION_ITEM('')
SURFACE()
);
#66=(
BOUNDED_SURFACE()
B_SPLINE_SURFACE(3,2,((#14185,#14186,#14187),(#14188,#14189,#14190),(#14191,
#14192,#14193),(#14194,#14195,#14196),(#14197,#14198,#14199),(#14200,#14201,
#14202),(#14203,#14204,#14205)),.UNSPECIFIED.,.F.,.F.,.F.)
B_SPLINE_SURFACE_WITH_KNOTS((4,1,1,1,4),(3,3),(-1.52872506320456E-17,0.00153609062937318,
0.00307218125874637,0.00460827188811957,0.00614436251749276),(0.,1.),
 .UNSPECIFIED.)
GEOMETRIC_REPRESENTATION_ITEM()
RATIONAL_B_SPLINE_SURFACE(((1.,0.693308978786177,1.),(1.,0.726800796746218,
1.),(1.,0.749151633753823,1.),(1.,0.685434397022775,1.),(1.,0.749095666534974,
1.),(1.,0.726808265491298,1.),(1.,0.693308978786177,1.)))
REPRESENTATION_ITEM('')
SURFACE()
);
#67=(
BOUNDED_SURFACE()
B_SPLINE_SURFACE(3,2,((#14208,#14209,#14210),(#14211,#14212,#14213),(#14214,
#14215,#14216),(#14217,#14218,#14219),(#14220,#14221,#14222),(#14223,#14224,
#14225),(#14226,#14227,#14228)),.UNSPECIFIED.,.F.,.F.,.F.)
B_SPLINE_SURFACE_WITH_KNOTS((4,1,1,1,4),(3,3),(2.78639958328775E-17,0.00131806752704774,
0.00263613505409546,0.00395420258114317,0.00527227010819089),(0.,1.),
 .UNSPECIFIED.)
GEOMETRIC_REPRESENTATION_ITEM()
RATIONAL_B_SPLINE_SURFACE(((1.,0.693308978786177,1.),(1.,0.668551709039829,
1.),(1.,0.634941178440895,1.),(1.,0.619483922472588,1.),(1.,0.634817144733131,
1.),(1.,0.668544779525169,1.),(1.,0.693308978786177,1.)))
REPRESENTATION_ITEM('')
SURFACE()
);
#68=B_SPLINE_SURFACE_WITH_KNOTS('',3,1,((#11326,#11327),(#11328,#11329),
(#11330,#11331),(#11332,#11333),(#11334,#11335),(#11336,#11337),(#11338,
#11339),(#11340,#11341),(#11342,#11343),(#11344,#11345),(#11346,#11347),
(#11348,#11349),(#11350,#11351),(#11352,#11353),(#11354,#11355),(#11356,
#11357),(#11358,#11359),(#11360,#11361)),.RULED_SURF.,.F.,.F.,.F.,(4,2,
2,2,2,2,2,2,4),(2,2),(0.,0.125,0.25,0.375,0.5,0.625,0.75,0.875,1.),(0.,
0.925732912021686),.UNSPECIFIED.);
#69=B_SPLINE_SURFACE_WITH_KNOTS('',3,1,((#11375,#11376),(#11377,#11378),
(#11379,#11380),(#11381,#11382),(#11383,#11384),(#11385,#11386),(#11387,
#11388),(#11389,#11390),(#11391,#11392),(#11393,#11394),(#11395,#11396),
(#11397,#11398),(#11399,#11400),(#11401,#11402),(#11403,#11404),(#11405,
#11406),(#11407,#11408),(#11409,#11410)),.RULED_SURF.,.F.,.F.,.F.,(4,2,
2,2,2,2,2,2,4),(2,2),(0.,0.125,0.25,0.375,0.5,0.625,0.75,0.875,1.),(0.,
0.933541583981392),.UNSPECIFIED.);
#70=B_SPLINE_SURFACE_WITH_KNOTS('',3,1,((#11422,#11423),(#11424,#11425),
(#11426,#11427),(#11428,#11429),(#11430,#11431),(#11432,#11433),(#11434,
#11435),(#11436,#11437),(#11438,#11439),(#11440,#11441),(#11442,#11443),
(#11444,#11445),(#11446,#11447),(#11448,#11449),(#11450,#11451),(#11452,
#11453),(#11454,#11455),(#11456,#11457)),.RULED_SURF.,.F.,.F.,.F.,(4,2,
2,2,2,2,2,2,4),(2,2),(0.,0.125,0.25,0.375,0.5,0.625,0.75,0.875,1.),(0.,
0.925732912021685),.UNSPECIFIED.);
#71=B_SPLINE_SURFACE_WITH_KNOTS('',3,1,((#11469,#11470),(#11471,#11472),
(#11473,#11474),(#11475,#11476),(#11477,#11478),(#11479,#11480),(#11481,
#11482),(#11483,#11484),(#11485,#11486),(#11487,#11488),(#11489,#11490),
(#11491,#11492),(#11493,#11494),(#11495,#11496),(#11497,#11498),(#11499,
#11500),(#11501,#11502),(#11503,#11504)),.RULED_SURF.,.F.,.F.,.F.,(4,2,
2,2,2,2,2,2,4),(2,2),(0.,0.125,0.25,0.375,0.5,0.625,0.75,0.875,1.),(0.,
0.933541583981392),.UNSPECIFIED.);
#72=B_SPLINE_SURFACE_WITH_KNOTS('',3,1,((#12047,#12048),(#12049,#12050),
(#12051,#12052),(#12053,#12054),(#12055,#12056),(#12057,#12058),(#12059,
#12060)),.SURF_OF_LINEAR_EXTRUSION.,.F.,.F.,.F.,(4,1,1,1,4),(2,2),(0.,0.25,
0.5,0.75,1.),(0.,1.),.UNSPECIFIED.);
#73=B_SPLINE_SURFACE_WITH_KNOTS('',3,1,((#12150,#12151),(#12152,#12153),
(#12154,#12155),(#12156,#12157),(#12158,#12159),(#12160,#12161),(#12162,
#12163)),.SURF_OF_LINEAR_EXTRUSION.,.F.,.F.,.F.,(4,1,1,1,4),(2,2),(0.,0.25,
0.5,0.75,1.),(0.,1.),.UNSPECIFIED.);
#74=B_SPLINE_SURFACE_WITH_KNOTS('',1,3,((#13675,#13676,#13677,#13678,#13679,
#13680,#13681,#13682,#13683,#13684,#13685,#13686,#13687,#13688),(#13689,
#13690,#13691,#13692,#13693,#13694,#13695,#13696,#13697,#13698,#13699,#13700,
#13701,#13702)),.RULED_SURF.,.F.,.F.,.F.,(2,2),(4,2,2,2,2,2,4),(0.,0.269932669972379),
(0.,0.00105922542591126,0.00211845085182253,0.00317767627773379,0.00423690170364505,
0.00635535255546758,0.00847380340729011),.UNSPECIFIED.);
#75=B_SPLINE_SURFACE_WITH_KNOTS('',1,3,((#13753,#13754,#13755,#13756,#13757,
#13758,#13759,#13760,#13761,#13762,#13763,#13764,#13765,#13766),(#13767,
#13768,#13769,#13770,#13771,#13772,#13773,#13774,#13775,#13776,#13777,#13778,
#13779,#13780)),.RULED_SURF.,.F.,.F.,.F.,(2,2),(4,2,2,2,2,2,4),(0.730067492102259,
1.),(0.,0.00105922542591126,0.00211845085182253,0.00317767627773379,0.00423690170364505,
0.00635535255546758,0.00847380340729011),.UNSPECIFIED.);
#76=ELLIPSE('',#7848,0.000707106781186548,0.0005);
#77=ELLIPSE('',#7850,0.000707106781186548,0.0005);
#78=ELLIPSE('',#7851,0.000707106781186547,0.0005);
#79=ELLIPSE('',#8617,0.000707106781186543,0.0005);
#80=CYLINDRICAL_SURFACE('',#7821,0.005);
#81=CYLINDRICAL_SURFACE('',#7837,0.00095);
#82=CYLINDRICAL_SURFACE('',#7840,0.00095);
#83=CYLINDRICAL_SURFACE('',#7843,0.0003);
#84=CYLINDRICAL_SURFACE('',#7845,0.0003);
#85=CYLINDRICAL_SURFACE('',#7858,0.00535);
#86=CYLINDRICAL_SURFACE('',#7862,0.00167414295892878);
#87=CYLINDRICAL_SURFACE('',#7884,0.00187414295892878);
#88=CYLINDRICAL_SURFACE('',#7902,0.00535);
#89=CYLINDRICAL_SURFACE('',#7904,0.00335);
#90=CYLINDRICAL_SURFACE('',#7988,0.001);
#91=CYLINDRICAL_SURFACE('',#7990,0.001);
#92=CYLINDRICAL_SURFACE('',#7996,0.001);
#93=CYLINDRICAL_SURFACE('',#7998,0.001);
#94=CYLINDRICAL_SURFACE('',#8008,0.00175);
#95=CYLINDRICAL_SURFACE('',#8011,0.00175);
#96=CYLINDRICAL_SURFACE('',#8014,0.00175);
#97=CYLINDRICAL_SURFACE('',#8017,0.00175);
#98=CYLINDRICAL_SURFACE('',#8023,0.00175);
#99=CYLINDRICAL_SURFACE('',#8026,0.00175);
#100=CYLINDRICAL_SURFACE('',#8029,0.00175);
#101=CYLINDRICAL_SURFACE('',#8032,0.00175);
#102=CYLINDRICAL_SURFACE('',#8039,0.00175);
#103=CYLINDRICAL_SURFACE('',#8042,0.00175);
#104=CYLINDRICAL_SURFACE('',#8045,0.00175);
#105=CYLINDRICAL_SURFACE('',#8048,0.00175);
#106=CYLINDRICAL_SURFACE('',#8055,0.00175);
#107=CYLINDRICAL_SURFACE('',#8058,0.00175);
#108=CYLINDRICAL_SURFACE('',#8061,0.00175);
#109=CYLINDRICAL_SURFACE('',#8063,0.00175);
#110=CYLINDRICAL_SURFACE('',#8070,0.00175);
#111=CYLINDRICAL_SURFACE('',#8073,0.00175);
#112=CYLINDRICAL_SURFACE('',#8076,0.00175);
#113=CYLINDRICAL_SURFACE('',#8079,0.00175);
#114=CYLINDRICAL_SURFACE('',#8086,0.00175);
#115=CYLINDRICAL_SURFACE('',#8088,0.00175);
#116=CYLINDRICAL_SURFACE('',#8091,0.00175);
#117=CYLINDRICAL_SURFACE('',#8094,0.00175);
#118=CYLINDRICAL_SURFACE('',#8101,0.00175);
#119=CYLINDRICAL_SURFACE('',#8104,0.00175);
#120=CYLINDRICAL_SURFACE('',#8107,0.00175);
#121=CYLINDRICAL_SURFACE('',#8110,0.00175);
#122=CYLINDRICAL_SURFACE('',#8117,0.00175);
#123=CYLINDRICAL_SURFACE('',#8120,0.00175);
#124=CYLINDRICAL_SURFACE('',#8123,0.00175);
#125=CYLINDRICAL_SURFACE('',#8126,0.00175);
#126=CYLINDRICAL_SURFACE('',#8128,0.00175);
#127=CYLINDRICAL_SURFACE('',#8131,0.00175);
#128=CYLINDRICAL_SURFACE('',#8134,0.00175);
#129=CYLINDRICAL_SURFACE('',#8137,0.00175);
#130=CYLINDRICAL_SURFACE('',#8144,0.00175);
#131=CYLINDRICAL_SURFACE('',#8147,0.00175);
#132=CYLINDRICAL_SURFACE('',#8151,0.00175);
#133=CYLINDRICAL_SURFACE('',#8154,0.00175);
#134=CYLINDRICAL_SURFACE('',#8160,0.00175);
#135=CYLINDRICAL_SURFACE('',#8163,0.00175);
#136=CYLINDRICAL_SURFACE('',#8166,0.00175);
#137=CYLINDRICAL_SURFACE('',#8169,0.00175);
#138=CYLINDRICAL_SURFACE('',#8176,0.00175);
#139=CYLINDRICAL_SURFACE('',#8179,0.00175);
#140=CYLINDRICAL_SURFACE('',#8182,0.00175);
#141=CYLINDRICAL_SURFACE('',#8185,0.00175);
#142=CYLINDRICAL_SURFACE('',#8390,0.000935);
#143=CYLINDRICAL_SURFACE('',#8391,0.000935);
#144=CYLINDRICAL_SURFACE('',#8392,0.000935);
#145=CYLINDRICAL_SURFACE('',#8393,0.000935);
#146=CYLINDRICAL_SURFACE('',#8394,0.000935);
#147=CYLINDRICAL_SURFACE('',#8395,0.000935);
#148=CYLINDRICAL_SURFACE('',#8396,0.000935);
#149=CYLINDRICAL_SURFACE('',#8397,0.000935);
#150=CYLINDRICAL_SURFACE('',#8398,0.000935);
#151=CYLINDRICAL_SURFACE('',#8399,0.000935);
#152=CYLINDRICAL_SURFACE('',#8400,0.000935);
#153=CYLINDRICAL_SURFACE('',#8401,0.000935);
#154=CYLINDRICAL_SURFACE('',#8402,0.000935);
#155=CYLINDRICAL_SURFACE('',#8403,0.000935);
#156=CYLINDRICAL_SURFACE('',#8404,0.000935);
#157=CYLINDRICAL_SURFACE('',#8405,0.000935);
#158=CYLINDRICAL_SURFACE('',#8406,0.000935);
#159=CYLINDRICAL_SURFACE('',#8407,0.000935);
#160=CYLINDRICAL_SURFACE('',#8408,0.000935);
#161=CYLINDRICAL_SURFACE('',#8409,0.000935);
#162=CYLINDRICAL_SURFACE('',#8410,0.000935);
#163=CYLINDRICAL_SURFACE('',#8411,0.000935);
#164=CYLINDRICAL_SURFACE('',#8412,0.000935);
#165=CYLINDRICAL_SURFACE('',#8413,0.000935);
#166=CYLINDRICAL_SURFACE('',#8414,0.000935);
#167=CYLINDRICAL_SURFACE('',#8415,0.000935);
#168=CYLINDRICAL_SURFACE('',#8416,0.000935);
#169=CYLINDRICAL_SURFACE('',#8417,0.000935);
#170=CYLINDRICAL_SURFACE('',#8418,0.000935);
#171=CYLINDRICAL_SURFACE('',#8419,0.000935);
#172=CYLINDRICAL_SURFACE('',#8420,0.000935);
#173=CYLINDRICAL_SURFACE('',#8421,0.000935);
#174=CYLINDRICAL_SURFACE('',#8422,0.000935);
#175=CYLINDRICAL_SURFACE('',#8423,0.000935);
#176=CYLINDRICAL_SURFACE('',#8424,0.000935);
#177=CYLINDRICAL_SURFACE('',#8425,0.000935);
#178=CYLINDRICAL_SURFACE('',#8426,0.000935);
#179=CYLINDRICAL_SURFACE('',#8427,0.000935);
#180=CYLINDRICAL_SURFACE('',#8428,0.000935);
#181=CYLINDRICAL_SURFACE('',#8429,0.000935);
#182=CYLINDRICAL_SURFACE('',#8430,0.000935);
#183=CYLINDRICAL_SURFACE('',#8431,0.000935);
#184=CYLINDRICAL_SURFACE('',#8432,0.000935);
#185=CYLINDRICAL_SURFACE('',#8433,0.000935);
#186=CYLINDRICAL_SURFACE('',#8434,0.000935);
#187=CYLINDRICAL_SURFACE('',#8435,0.000935);
#188=CYLINDRICAL_SURFACE('',#8436,0.000935);
#189=CYLINDRICAL_SURFACE('',#8437,0.000935);
#190=CYLINDRICAL_SURFACE('',#8438,0.000935);
#191=CYLINDRICAL_SURFACE('',#8439,0.000935);
#192=CYLINDRICAL_SURFACE('',#8440,0.000935);
#193=CYLINDRICAL_SURFACE('',#8441,0.000935);
#194=CYLINDRICAL_SURFACE('',#8442,0.000935);
#195=CYLINDRICAL_SURFACE('',#8443,0.000935);
#196=CYLINDRICAL_SURFACE('',#8444,0.000935);
#197=CYLINDRICAL_SURFACE('',#8445,0.000935);
#198=CYLINDRICAL_SURFACE('',#8446,0.000935);
#199=CYLINDRICAL_SURFACE('',#8447,0.000935);
#200=CYLINDRICAL_SURFACE('',#8448,0.000935);
#201=CYLINDRICAL_SURFACE('',#8449,0.000935);
#202=CYLINDRICAL_SURFACE('',#8450,0.000935);
#203=CYLINDRICAL_SURFACE('',#8451,0.000935);
#204=CYLINDRICAL_SURFACE('',#8452,0.000935);
#205=CYLINDRICAL_SURFACE('',#8453,0.000935);
#206=CYLINDRICAL_SURFACE('',#8454,0.000935);
#207=CYLINDRICAL_SURFACE('',#8455,0.000935);
#208=CYLINDRICAL_SURFACE('',#8456,0.000935);
#209=CYLINDRICAL_SURFACE('',#8457,0.000935);
#210=CYLINDRICAL_SURFACE('',#8470,0.001);
#211=CYLINDRICAL_SURFACE('',#8472,0.001);
#212=CYLINDRICAL_SURFACE('',#8479,0.001);
#213=CYLINDRICAL_SURFACE('',#8484,0.001);
#214=CYLINDRICAL_SURFACE('',#8485,0.005);
#215=CYLINDRICAL_SURFACE('',#8487,0.005);
#216=CYLINDRICAL_SURFACE('',#8490,0.005);
#217=CYLINDRICAL_SURFACE('',#8492,0.00299999999995929);
#218=CYLINDRICAL_SURFACE('',#8494,0.00299999999995929);
#219=CYLINDRICAL_SURFACE('',#8496,0.00299999999995929);
#220=CYLINDRICAL_SURFACE('',#8498,0.00299999999995929);
#221=CYLINDRICAL_SURFACE('',#8500,0.002);
#222=CYLINDRICAL_SURFACE('',#8502,0.002);
#223=CYLINDRICAL_SURFACE('',#8504,0.002);
#224=CYLINDRICAL_SURFACE('',#8507,0.002);
#225=CYLINDRICAL_SURFACE('',#8522,0.0025);
#226=CYLINDRICAL_SURFACE('',#8526,0.0025);
#227=CYLINDRICAL_SURFACE('',#8528,0.0025);
#228=CYLINDRICAL_SURFACE('',#8534,0.0025);
#229=CYLINDRICAL_SURFACE('',#8535,0.0025);
#230=CYLINDRICAL_SURFACE('',#8539,0.0025);
#231=CYLINDRICAL_SURFACE('',#8546,0.00095);
#232=CYLINDRICAL_SURFACE('',#8547,0.00095);
#233=CYLINDRICAL_SURFACE('',#8553,0.0003);
#234=CYLINDRICAL_SURFACE('',#8554,0.0003);
#235=CYLINDRICAL_SURFACE('',#8560,0.0003);
#236=CYLINDRICAL_SURFACE('',#8562,0.0003);
#237=CYLINDRICAL_SURFACE('',#8572,0.00095);
#238=CYLINDRICAL_SURFACE('',#8574,0.00095);
#239=CYLINDRICAL_SURFACE('',#8577,0.00155);
#240=CYLINDRICAL_SURFACE('',#8580,0.00155);
#241=CYLINDRICAL_SURFACE('',#8582,0.00155);
#242=CYLINDRICAL_SURFACE('',#8586,0.00155);
#243=CYLINDRICAL_SURFACE('',#8589,0.0005);
#244=CYLINDRICAL_SURFACE('',#8596,0.0005);
#245=CYLINDRICAL_SURFACE('',#8598,0.0005);
#246=CYLINDRICAL_SURFACE('',#8604,0.0005);
#247=CYLINDRICAL_SURFACE('',#8605,0.0005);
#248=CYLINDRICAL_SURFACE('',#8609,0.0005);
#249=CYLINDRICAL_SURFACE('',#8613,0.0005);
#250=CYLINDRICAL_SURFACE('',#8623,0.0005);
#251=CYLINDRICAL_SURFACE('',#8624,0.0005);
#252=CYLINDRICAL_SURFACE('',#8625,0.0005);
#253=CYLINDRICAL_SURFACE('',#8626,0.0005);
#254=CYLINDRICAL_SURFACE('',#8629,0.0014);
#255=CYLINDRICAL_SURFACE('',#8634,0.0014);
#256=CYLINDRICAL_SURFACE('',#8649,0.0005);
#257=CYLINDRICAL_SURFACE('',#8650,0.0005);
#258=B_SPLINE_CURVE_WITH_KNOTS('',3,(#11017,#11018,#11019,#11020,#11021,
#11022,#11023),.UNSPECIFIED.,.F.,.F.,(4,1,1,1,4),(0.,0.00131806752704772,
0.00263613505409545,0.00395420258114317,0.00527227010819089),
 .UNSPECIFIED.);
#259=B_SPLINE_CURVE_WITH_KNOTS('',3,(#11033,#11034,#11035,#11036,#11037,
#11038,#11039,#11040,#11041,#11042),.UNSPECIFIED.,.F.,.F.,(4,1,1,1,1,1,
1,4),(0.,0.00211483978960557,0.00422967957921115,0.00528709947401394,0.00634451936881672,
0.00740193926361951,0.00793064921102091,0.0084593591584223),
 .UNSPECIFIED.);
#260=B_SPLINE_CURVE_WITH_KNOTS('',3,(#11051,#11052,#11053,#11054,#11055,
#11056,#11057),.UNSPECIFIED.,.F.,.F.,(4,1,1,1,4),(0.,0.00131806752704771,
0.00263613505409542,0.00395420258114313,0.00527227010819084),
 .UNSPECIFIED.);
#261=B_SPLINE_CURVE_WITH_KNOTS('',3,(#11067,#11068,#11069,#11070,#11071,
#11072,#11073),.UNSPECIFIED.,.F.,.F.,(4,1,1,1,4),(0.,0.00159077241629371,
0.00318154483258743,0.00477231724888114,0.00636308966517486),
 .UNSPECIFIED.);
#262=B_SPLINE_CURVE_WITH_KNOTS('',3,(#11075,#11076,#11077,#11078,#11079,
#11080,#11081),.UNSPECIFIED.,.F.,.F.,(4,1,1,1,4),(0.,0.00159077241629372,
0.00318154483258744,0.00477231724888116,0.00636308966517488),
 .UNSPECIFIED.);
#263=B_SPLINE_CURVE_WITH_KNOTS('',3,(#11157,#11158,#11159,#11160,#11161,
#11162,#11163,#11164,#11165,#11166,#11167,#11168),.UNSPECIFIED.,.F.,.F.,
(4,1,1,1,1,1,1,1,1,4),(5.59704604674769E-17,0.000289214187196629,0.000578428374393202,
0.00115685674878635,0.00231371349757264,0.00347057024635893,0.00462742699514522,
0.0069411404927178,0.00809799724150409,0.00925485399029038),
 .UNSPECIFIED.);
#264=B_SPLINE_CURVE_WITH_KNOTS('',3,(#11191,#11192,#11193,#11194),
 .UNSPECIFIED.,.F.,.F.,(4,4),(0.,0.000437697026113036),.UNSPECIFIED.);
#265=B_SPLINE_CURVE_WITH_KNOTS('',3,(#11206,#11207,#11208,#11209),
 .UNSPECIFIED.,.F.,.F.,(4,4),(0.,0.00043678361451758),.UNSPECIFIED.);
#266=B_SPLINE_CURVE_WITH_KNOTS('',3,(#11211,#11212,#11213,#11214),
 .UNSPECIFIED.,.F.,.F.,(4,4),(0.,0.00041990131625864),.UNSPECIFIED.);
#267=B_SPLINE_CURVE_WITH_KNOTS('',3,(#11220,#11221,#11222,#11223),
 .UNSPECIFIED.,.F.,.F.,(4,4),(0.,0.000420354696599126),.UNSPECIFIED.);
#268=B_SPLINE_CURVE_WITH_KNOTS('',3,(#11362,#11363,#11364,#11365),
 .UNSPECIFIED.,.F.,.F.,(4,4),(2.60208521396521E-18,8.09522621129906E-6),
 .UNSPECIFIED.);
#269=B_SPLINE_CURVE_WITH_KNOTS('',3,(#11368,#11369,#11370,#11371),
 .UNSPECIFIED.,.F.,.F.,(4,4),(6.56682346537576E-9,0.0014878311233238),
 .UNSPECIFIED.);
#270=B_SPLINE_CURVE_WITH_KNOTS('',3,(#11411,#11412,#11413,#11414),
 .UNSPECIFIED.,.F.,.F.,(4,4),(0.,8.56094925605641E-5),.UNSPECIFIED.);
#271=B_SPLINE_CURVE_WITH_KNOTS('',3,(#11416,#11417,#11418,#11419),
 .UNSPECIFIED.,.F.,.F.,(4,4),(7.29317134789161E-6,0.00239854098750682),
 .UNSPECIFIED.);
#272=B_SPLINE_CURVE_WITH_KNOTS('',3,(#11458,#11459,#11460,#11461),
 .UNSPECIFIED.,.F.,.F.,(4,4),(0.,8.09522621129909E-6),.UNSPECIFIED.);
#273=B_SPLINE_CURVE_WITH_KNOTS('',3,(#11463,#11464,#11465,#11466),
 .UNSPECIFIED.,.F.,.F.,(4,4),(6.56682346035377E-9,0.00148783112332379),
 .UNSPECIFIED.);
#274=B_SPLINE_CURVE_WITH_KNOTS('',3,(#11505,#11506,#11507,#11508),
 .UNSPECIFIED.,.F.,.F.,(4,4),(1.04893408390121E-17,8.56094925605725E-5),
 .UNSPECIFIED.);
#275=B_SPLINE_CURVE_WITH_KNOTS('',3,(#11510,#11511,#11512,#11513),
 .UNSPECIFIED.,.F.,.F.,(4,4),(7.29317134784297E-6,0.00239854098750683),
 .UNSPECIFIED.);
#276=B_SPLINE_CURVE_WITH_KNOTS('',3,(#11515,#11516,#11517,#11518),
 .UNSPECIFIED.,.F.,.F.,(4,4),(0.,0.000520547057871348),.UNSPECIFIED.);
#277=B_SPLINE_CURVE_WITH_KNOTS('',3,(#11521,#11522,#11523,#11524),
 .UNSPECIFIED.,.F.,.F.,(4,4),(0.,0.00146107426534129),.UNSPECIFIED.);
#278=B_SPLINE_CURVE_WITH_KNOTS('',3,(#11526,#11527,#11528,#11529),
 .UNSPECIFIED.,.F.,.F.,(4,4),(0.,0.000520547057871353),.UNSPECIFIED.);
#279=B_SPLINE_CURVE_WITH_KNOTS('',3,(#11531,#11532,#11533,#11534),
 .UNSPECIFIED.,.F.,.F.,(4,4),(0.,0.00146107426534124),.UNSPECIFIED.);
#280=B_SPLINE_CURVE_WITH_KNOTS('',3,(#11547,#11548,#11549,#11550,#11551),
 .UNSPECIFIED.,.F.,.F.,(4,1,4),(2.31481607234534E-16,0.000425133465085712,
0.000850266930171193),.UNSPECIFIED.);
#281=B_SPLINE_CURVE_WITH_KNOTS('',3,(#11552,#11553,#11554,#11555,#11556),
 .UNSPECIFIED.,.F.,.F.,(4,1,4),(0.,0.00044967918087807,0.00089935836175614),
 .UNSPECIFIED.);
#282=B_SPLINE_CURVE_WITH_KNOTS('',3,(#11572,#11573,#11574,#11575,#11576),
 .UNSPECIFIED.,.F.,.F.,(4,1,4),(0.,0.000449679180877994,0.000899358361755987),
 .UNSPECIFIED.);
#283=B_SPLINE_CURVE_WITH_KNOTS('',3,(#11592,#11593,#11594,#11595,#11596),
 .UNSPECIFIED.,.F.,.F.,(4,1,4),(2.20063984614699E-16,0.000425133465085727,
0.000850266930171234),.UNSPECIFIED.);
#284=B_SPLINE_CURVE_WITH_KNOTS('',3,(#11616,#11617,#11618,#11619),
 .UNSPECIFIED.,.F.,.F.,(4,4),(0.,0.000291867751726009),.UNSPECIFIED.);
#285=B_SPLINE_CURVE_WITH_KNOTS('',3,(#11621,#11622,#11623,#11624),
 .UNSPECIFIED.,.F.,.F.,(4,4),(0.,0.000291867751726009),.UNSPECIFIED.);
#286=B_SPLINE_CURVE_WITH_KNOTS('',3,(#11644,#11645,#11646,#11647,#11648,
#11649,#11650,#11651,#11652,#11653),.UNSPECIFIED.,.F.,.F.,(4,1,1,1,1,1,
1,4),(0.00064616909072855,0.001294882575183,0.00194359605963746,0.00259230954409191,
0.00324102302854636,0.00388973651300082,0.00453844999745527,0.00583587696636418),
 .UNSPECIFIED.);
#287=B_SPLINE_CURVE_WITH_KNOTS('',3,(#11730,#11731,#11732,#11733,#11734),
 .UNSPECIFIED.,.F.,.F.,(4,1,4),(0.,0.0042992448692929,0.0085984897385858),
 .UNSPECIFIED.);
#288=B_SPLINE_CURVE_WITH_KNOTS('',3,(#11824,#11825,#11826,#11827,#11828,
#11829,#11830,#11831,#11832,#11833,#11834,#11835),.UNSPECIFIED.,.F.,.F.,
(4,1,1,1,1,1,1,1,1,4),(0.,0.00117784350312458,0.00235568700624915,0.00471137401249831,
0.00588921751562289,0.00706706101874746,0.00824490452187204,0.00883382627343433,
0.00912828714921547,0.00942274802499662),.UNSPECIFIED.);
#289=B_SPLINE_CURVE_WITH_KNOTS('',3,(#12061,#12062,#12063,#12064,#12065,
#12066,#12067),.UNSPECIFIED.,.F.,.F.,(4,1,1,1,4),(0.,0.25,0.5,0.75,1.),
 .UNSPECIFIED.);
#290=B_SPLINE_CURVE_WITH_KNOTS('',3,(#12068,#12069,#12070,#12071,#12072,
#12073,#12074),.UNSPECIFIED.,.F.,.F.,(4,1,1,1,4),(0.,0.25,0.5,0.75,1.),
 .UNSPECIFIED.);
#291=B_SPLINE_CURVE_WITH_KNOTS('',3,(#12084,#12085,#12086,#12087,#12088,
#12089,#12090,#12091,#12092,#12093),.UNSPECIFIED.,.F.,.F.,(4,1,1,1,1,1,
1,4),(0.,0.000535420443944591,0.00107084088788918,0.00214168177577836,0.00321252266366754,
0.00428336355155672,0.00642504532733509,0.00856672710311345),
 .UNSPECIFIED.);
#292=B_SPLINE_CURVE_WITH_KNOTS('',3,(#12167,#12168,#12169,#12170,#12171,
#12172,#12173,#12174,#12175,#12176),.UNSPECIFIED.,.F.,.F.,(4,1,1,1,1,1,
1,4),(-6.00000000009737E-8,0.00109605987025507,0.00219217974051014,0.00438441948102028,
0.00548053935127535,0.00657665922153041,0.00767277909178548,0.00876889896204055),
 .UNSPECIFIED.);
#293=B_SPLINE_CURVE_WITH_KNOTS('',3,(#12177,#12178,#12179,#12180,#12181,
#12182,#12183,#12184,#12185,#12186),.UNSPECIFIED.,.F.,.F.,(4,1,1,1,1,1,
1,4),(-6.00000000016972E-8,0.00105810459771823,0.00211626919543646,0.00317443379315469,
0.00423259839087293,0.00634892758630939,0.00740709218402762,0.00846525678174585),
 .UNSPECIFIED.);
#294=B_SPLINE_CURVE_WITH_KNOTS('',3,(#13244,#13245,#13246,#13247),
 .UNSPECIFIED.,.F.,.F.,(4,4),(0.,0.00108531171118575),.UNSPECIFIED.);
#295=B_SPLINE_CURVE_WITH_KNOTS('',3,(#13248,#13249,#13250,#13251),
 .UNSPECIFIED.,.F.,.F.,(4,4),(0.,0.00108531171118545),.UNSPECIFIED.);
#296=B_SPLINE_CURVE_WITH_KNOTS('',3,(#13433,#13434,#13435,#13436,#13437,
#13438,#13439),.UNSPECIFIED.,.F.,.F.,(4,1,1,1,4),(0.,0.00221635834280361,
0.00443271668560721,0.00664907502841082,0.00886543337121443),
 .UNSPECIFIED.);
#297=B_SPLINE_CURVE_WITH_KNOTS('',3,(#13452,#13453,#13454,#13455),
 .UNSPECIFIED.,.F.,.F.,(4,4),(4.01161558119609E-14,0.000781567242220532),
 .UNSPECIFIED.);
#298=B_SPLINE_CURVE_WITH_KNOTS('',3,(#13457,#13458,#13459,#13460),
 .UNSPECIFIED.,.F.,.F.,(4,4),(0.,0.000786188478191884),.UNSPECIFIED.);
#299=B_SPLINE_CURVE_WITH_KNOTS('',3,(#13464,#13465,#13466,#13467),
 .UNSPECIFIED.,.F.,.F.,(4,4),(0.,0.000781880736297803),.UNSPECIFIED.);
#300=B_SPLINE_CURVE_WITH_KNOTS('',3,(#13474,#13475,#13476,#13477),
 .UNSPECIFIED.,.F.,.F.,(4,4),(0.,0.000783297123548688),.UNSPECIFIED.);
#301=B_SPLINE_CURVE_WITH_KNOTS('',3,(#13481,#13482,#13483,#13484),
 .UNSPECIFIED.,.F.,.F.,(4,4),(0.,0.000783325385096529),.UNSPECIFIED.);
#302=B_SPLINE_CURVE_WITH_KNOTS('',3,(#13667,#13668,#13669,#13670),
 .UNSPECIFIED.,.F.,.F.,(4,4),(0.,0.267761075876678),.UNSPECIFIED.);
#303=B_SPLINE_CURVE_WITH_KNOTS('',3,(#13703,#13704,#13705,#13706),
 .UNSPECIFIED.,.F.,.F.,(4,4),(0.732233047033657,1.),.UNSPECIFIED.);
#304=B_SPLINE_CURVE_WITH_KNOTS('',3,(#13708,#13709,#13710,#13711,#13712,
#13713,#13714,#13715,#13716,#13717),.UNSPECIFIED.,.F.,.F.,(4,1,1,1,1,1,
1,4),(-6.00000000047144E-8,0.00109276498027864,0.00218558996055728,0.00437123992111457,
0.00546406490139322,0.00655688988167186,0.00764971486195051,0.00874253984222915),
 .UNSPECIFIED.);
#305=B_SPLINE_CURVE_WITH_KNOTS('',3,(#13745,#13746,#13747,#13748),
 .UNSPECIFIED.,.F.,.F.,(4,4),(0.73223892412332,1.),.UNSPECIFIED.);
#306=B_SPLINE_CURVE_WITH_KNOTS('',3,(#13781,#13782,#13783,#13784,#13785,
#13786,#13787,#13788,#13789,#13790,#13791),.UNSPECIFIED.,.F.,.F.,(4,1,1,
1,1,1,1,1,4),(-5.99999999955308E-8,0.00106623731997264,0.00213253463994527,
0.00319883195991791,0.00426512927989054,0.00533142659986318,0.00639772391983581,
0.00746402123980845,0.00853031855978108),.UNSPECIFIED.);
#307=B_SPLINE_CURVE_WITH_KNOTS('',3,(#13793,#13794,#13795,#13796),
 .UNSPECIFIED.,.F.,.F.,(4,4),(0.,0.267766952966341),.UNSPECIFIED.);
#308=B_SPLINE_CURVE_WITH_KNOTS('',3,(#13800,#13801,#13802,#13803),
 .UNSPECIFIED.,.F.,.F.,(4,4),(0.,0.999999485710315),.UNSPECIFIED.);
#309=B_SPLINE_CURVE_WITH_KNOTS('',3,(#13858,#13859,#13860,#13861),
 .UNSPECIFIED.,.F.,.F.,(4,4),(0.,1.),.UNSPECIFIED.);
#310=B_SPLINE_CURVE_WITH_KNOTS('',3,(#13871,#13872,#13873,#13874),
 .UNSPECIFIED.,.F.,.F.,(4,4),(5.14289684414193E-7,1.),.UNSPECIFIED.);
#311=B_SPLINE_CURVE_WITH_KNOTS('',3,(#13928,#13929,#13930,#13931),
 .UNSPECIFIED.,.F.,.F.,(4,4),(0.,1.),.UNSPECIFIED.);
#312=B_SPLINE_CURVE_WITH_KNOTS('',3,(#13946,#13947,#13948,#13949),
 .UNSPECIFIED.,.F.,.F.,(4,4),(0.,0.000436783614517564),.UNSPECIFIED.);
#313=B_SPLINE_CURVE_WITH_KNOTS('',3,(#13951,#13952,#13953,#13954),
 .UNSPECIFIED.,.F.,.F.,(4,4),(0.,0.000437697026113032),.UNSPECIFIED.);
#314=B_SPLINE_CURVE_WITH_KNOTS('',3,(#13961,#13962,#13963,#13964),
 .UNSPECIFIED.,.F.,.F.,(4,4),(0.,0.000420354696599108),.UNSPECIFIED.);
#315=B_SPLINE_CURVE_WITH_KNOTS('',3,(#13966,#13967,#13968,#13969),
 .UNSPECIFIED.,.F.,.F.,(4,4),(0.,0.000419901316258633),.UNSPECIFIED.);
#316=B_SPLINE_CURVE_WITH_KNOTS('',3,(#14109,#14110,#14111,#14112,#14113,
#14114,#14115),.UNSPECIFIED.,.F.,.F.,(4,1,1,1,4),(0.,0.00130327840237795,
0.00260655680475591,0.00390983520713386,0.00521311360951181),
 .UNSPECIFIED.);
#317=B_SPLINE_CURVE_WITH_KNOTS('',3,(#14118,#14119,#14120,#14121,#14122,
#14123,#14124),.UNSPECIFIED.,.F.,.F.,(4,1,1,1,4),(0.,0.00111445740997601,
0.00222891481995202,0.00334337222992803,0.00445782963990404),
 .UNSPECIFIED.);
#318=B_SPLINE_CURVE_WITH_KNOTS('',3,(#14125,#14126,#14127,#14128,#14129,
#14130,#14131),.UNSPECIFIED.,.F.,.F.,(4,1,1,1,4),(0.,0.00130327840237791,
0.00260655680475582,0.00390983520713373,0.00521311360951164),
 .UNSPECIFIED.);
#319=B_SPLINE_CURVE_WITH_KNOTS('',3,(#14134,#14135,#14136,#14137,#14138,
#14139,#14140),.UNSPECIFIED.,.F.,.F.,(4,1,1,1,4),(0.,0.00111445740997603,
0.00222891481995206,0.00334337222992808,0.00445782963990411),
 .UNSPECIFIED.);
#320=LINE('',#11001,#974);
#321=LINE('',#11005,#975);
#322=LINE('',#11009,#976);
#323=LINE('',#11013,#977);
#324=LINE('',#11014,#978);
#325=LINE('',#11025,#979);
#326=LINE('',#11027,#980);
#327=LINE('',#11029,#981);
#328=LINE('',#11031,#982);
#329=LINE('',#11044,#983);
#330=LINE('',#11048,#984);
#331=LINE('',#11059,#985);
#332=LINE('',#11061,#986);
#333=LINE('',#11063,#987);
#334=LINE('',#11065,#988);
#335=LINE('',#11084,#989);
#336=LINE('',#11087,#990);
#337=LINE('',#11089,#991);
#338=LINE('',#11091,#992);
#339=LINE('',#11093,#993);
#340=LINE('',#11096,#994);
#341=LINE('',#11100,#995);
#342=LINE('',#11102,#996);
#343=LINE('',#11104,#997);
#344=LINE('',#11108,#998);
#345=LINE('',#11112,#999);
#346=LINE('',#11116,#1000);
#347=LINE('',#11118,#1001);
#348=LINE('',#11121,#1002);
#349=LINE('',#11123,#1003);
#350=LINE('',#11127,#1004);
#351=LINE('',#11129,#1005);
#352=LINE('',#11133,#1006);
#353=LINE('',#11137,#1007);
#354=LINE('',#11139,#1008);
#355=LINE('',#11143,#1009);
#356=LINE('',#11145,#1010);
#357=LINE('',#11147,#1011);
#358=LINE('',#11149,#1012);
#359=LINE('',#11151,#1013);
#360=LINE('',#11153,#1014);
#361=LINE('',#11155,#1015);
#362=LINE('',#11170,#1016);
#363=LINE('',#11172,#1017);
#364=LINE('',#11174,#1018);
#365=LINE('',#11176,#1019);
#366=LINE('',#11178,#1020);
#367=LINE('',#11180,#1021);
#368=LINE('',#11183,#1022);
#369=LINE('',#11187,#1023);
#370=LINE('',#11196,#1024);
#371=LINE('',#11204,#1025);
#372=LINE('',#11218,#1026);
#373=LINE('',#11225,#1027);
#374=LINE('',#11230,#1028);
#375=LINE('',#11235,#1029);
#376=LINE('',#11240,#1030);
#377=LINE('',#11244,#1031);
#378=LINE('',#11248,#1032);
#379=LINE('',#11254,#1033);
#380=LINE('',#11258,#1034);
#381=LINE('',#11262,#1035);
#382=LINE('',#11266,#1036);
#383=LINE('',#11279,#1037);
#384=LINE('',#11283,#1038);
#385=LINE('',#11285,#1039);
#386=LINE('',#11287,#1040);
#387=LINE('',#11289,#1041);
#388=LINE('',#11293,#1042);
#389=LINE('',#11295,#1043);
#390=LINE('',#11297,#1044);
#391=LINE('',#11298,#1045);
#392=LINE('',#11301,#1046);
#393=LINE('',#11305,#1047);
#394=LINE('',#11309,#1048);
#395=LINE('',#11313,#1049);
#396=LINE('',#11317,#1050);
#397=LINE('',#11321,#1051);
#398=LINE('',#11325,#1052);
#399=LINE('',#11373,#1053);
#400=LINE('',#11374,#1054);
#401=LINE('',#11421,#1055);
#402=LINE('',#11468,#1056);
#403=LINE('',#11610,#1057);
#404=LINE('',#11612,#1058);
#405=LINE('',#11614,#1059);
#406=LINE('',#11626,#1060);
#407=LINE('',#11628,#1061);
#408=LINE('',#11630,#1062);
#409=LINE('',#11632,#1063);
#410=LINE('',#11635,#1064);
#411=LINE('',#11636,#1065);
#412=LINE('',#11640,#1066);
#413=LINE('',#11642,#1067);
#414=LINE('',#11656,#1068);
#415=LINE('',#11657,#1069);
#416=LINE('',#11661,#1070);
#417=LINE('',#11664,#1071);
#418=LINE('',#11666,#1072);
#419=LINE('',#11668,#1073);
#420=LINE('',#11669,#1074);
#421=LINE('',#11673,#1075);
#422=LINE('',#11677,#1076);
#423=LINE('',#11679,#1077);
#424=LINE('',#11682,#1078);
#425=LINE('',#11684,#1079);
#426=LINE('',#11686,#1080);
#427=LINE('',#11687,#1081);
#428=LINE('',#11688,#1082);
#429=LINE('',#11692,#1083);
#430=LINE('',#11696,#1084);
#431=LINE('',#11699,#1085);
#432=LINE('',#11703,#1086);
#433=LINE('',#11705,#1087);
#434=LINE('',#11710,#1088);
#435=LINE('',#11714,#1089);
#436=LINE('',#11718,#1090);
#437=LINE('',#11721,#1091);
#438=LINE('',#11722,#1092);
#439=LINE('',#11724,#1093);
#440=LINE('',#11726,#1094);
#441=LINE('',#11728,#1095);
#442=LINE('',#11736,#1096);
#443=LINE('',#11738,#1097);
#444=LINE('',#11740,#1098);
#445=LINE('',#11742,#1099);
#446=LINE('',#11744,#1100);
#447=LINE('',#11746,#1101);
#448=LINE('',#11751,#1102);
#449=LINE('',#11753,#1103);
#450=LINE('',#11755,#1104);
#451=LINE('',#11757,#1105);
#452=LINE('',#11761,#1106);
#453=LINE('',#11768,#1107);
#454=LINE('',#11772,#1108);
#455=LINE('',#11773,#1109);
#456=LINE('',#11775,#1110);
#457=LINE('',#11777,#1111);
#458=LINE('',#11779,#1112);
#459=LINE('',#11782,#1113);
#460=LINE('',#11784,#1114);
#461=LINE('',#11786,#1115);
#462=LINE('',#11788,#1116);
#463=LINE('',#11789,#1117);
#464=LINE('',#11795,#1118);
#465=LINE('',#11800,#1119);
#466=LINE('',#11803,#1120);
#467=LINE('',#11808,#1121);
#468=LINE('',#11812,#1122);
#469=LINE('',#11813,#1123);
#470=LINE('',#11815,#1124);
#471=LINE('',#11817,#1125);
#472=LINE('',#11818,#1126);
#473=LINE('',#11820,#1127);
#474=LINE('',#11822,#1128);
#475=LINE('',#11837,#1129);
#476=LINE('',#11839,#1130);
#477=LINE('',#11841,#1131);
#478=LINE('',#11843,#1132);
#479=LINE('',#11848,#1133);
#480=LINE('',#11852,#1134);
#481=LINE('',#11856,#1135);
#482=LINE('',#11859,#1136);
#483=LINE('',#11864,#1137);
#484=LINE('',#11868,#1138);
#485=LINE('',#11872,#1139);
#486=LINE('',#11875,#1140);
#487=LINE('',#11880,#1141);
#488=LINE('',#11884,#1142);
#489=LINE('',#11888,#1143);
#490=LINE('',#11891,#1144);
#491=LINE('',#11896,#1145);
#492=LINE('',#11900,#1146);
#493=LINE('',#11904,#1147);
#494=LINE('',#11907,#1148);
#495=LINE('',#11912,#1149);
#496=LINE('',#11916,#1150);
#497=LINE('',#11920,#1151);
#498=LINE('',#11923,#1152);
#499=LINE('',#11928,#1153);
#500=LINE('',#11932,#1154);
#501=LINE('',#11936,#1155);
#502=LINE('',#11939,#1156);
#503=LINE('',#11944,#1157);
#504=LINE('',#11948,#1158);
#505=LINE('',#11952,#1159);
#506=LINE('',#11955,#1160);
#507=LINE('',#11960,#1161);
#508=LINE('',#11964,#1162);
#509=LINE('',#11968,#1163);
#510=LINE('',#11974,#1164);
#511=LINE('',#11978,#1165);
#512=LINE('',#11982,#1166);
#513=LINE('',#11986,#1167);
#514=LINE('',#11990,#1168);
#515=LINE('',#11994,#1169);
#516=LINE('',#11998,#1170);
#517=LINE('',#12002,#1171);
#518=LINE('',#12006,#1172);
#519=LINE('',#12010,#1173);
#520=LINE('',#12014,#1174);
#521=LINE('',#12018,#1175);
#522=LINE('',#12022,#1176);
#523=LINE('',#12026,#1177);
#524=LINE('',#12030,#1178);
#525=LINE('',#12034,#1179);
#526=LINE('',#12038,#1180);
#527=LINE('',#12040,#1181);
#528=LINE('',#12042,#1182);
#529=LINE('',#12046,#1183);
#530=LINE('',#12076,#1184);
#531=LINE('',#12080,#1185);
#532=LINE('',#12082,#1186);
#533=LINE('',#12096,#1187);
#534=LINE('',#12098,#1188);
#535=LINE('',#12099,#1189);
#536=LINE('',#12101,#1190);
#537=LINE('',#12103,#1191);
#538=LINE('',#12105,#1192);
#539=LINE('',#12107,#1193);
#540=LINE('',#12109,#1194);
#541=LINE('',#12115,#1195);
#542=LINE('',#12117,#1196);
#543=LINE('',#12119,#1197);
#544=LINE('',#12121,#1198);
#545=LINE('',#12123,#1199);
#546=LINE('',#12125,#1200);
#547=LINE('',#12131,#1201);
#548=LINE('',#12133,#1202);
#549=LINE('',#12164,#1203);
#550=LINE('',#12188,#1204);
#551=LINE('',#12194,#1205);
#552=LINE('',#12196,#1206);
#553=LINE('',#12198,#1207);
#554=LINE('',#12200,#1208);
#555=LINE('',#12202,#1209);
#556=LINE('',#12204,#1210);
#557=LINE('',#12206,#1211);
#558=LINE('',#12209,#1212);
#559=LINE('',#12211,#1213);
#560=LINE('',#12213,#1214);
#561=LINE('',#12214,#1215);
#562=LINE('',#12216,#1216);
#563=LINE('',#12219,#1217);
#564=LINE('',#12220,#1218);
#565=LINE('',#12224,#1219);
#566=LINE('',#12230,#1220);
#567=LINE('',#12236,#1221);
#568=LINE('',#12242,#1222);
#569=LINE('',#12245,#1223);
#570=LINE('',#12246,#1224);
#571=LINE('',#12248,#1225);
#572=LINE('',#12250,#1226);
#573=LINE('',#12252,#1227);
#574=LINE('',#12254,#1228);
#575=LINE('',#12256,#1229);
#576=LINE('',#12258,#1230);
#577=LINE('',#12260,#1231);
#578=LINE('',#12263,#1232);
#579=LINE('',#12265,#1233);
#580=LINE('',#12267,#1234);
#581=LINE('',#12268,#1235);
#582=LINE('',#12270,#1236);
#583=LINE('',#12272,#1237);
#584=LINE('',#12276,#1238);
#585=LINE('',#12282,#1239);
#586=LINE('',#12288,#1240);
#587=LINE('',#12294,#1241);
#588=LINE('',#12298,#1242);
#589=LINE('',#12301,#1243);
#590=LINE('',#12302,#1244);
#591=LINE('',#12304,#1245);
#592=LINE('',#12307,#1246);
#593=LINE('',#12309,#1247);
#594=LINE('',#12311,#1248);
#595=LINE('',#12312,#1249);
#596=LINE('',#12314,#1250);
#597=LINE('',#12316,#1251);
#598=LINE('',#12318,#1252);
#599=LINE('',#12320,#1253);
#600=LINE('',#12323,#1254);
#601=LINE('',#12325,#1255);
#602=LINE('',#12327,#1256);
#603=LINE('',#12328,#1257);
#604=LINE('',#12332,#1258);
#605=LINE('',#12338,#1259);
#606=LINE('',#12344,#1260);
#607=LINE('',#12350,#1261);
#608=LINE('',#12354,#1262);
#609=LINE('',#12357,#1263);
#610=LINE('',#12358,#1264);
#611=LINE('',#12360,#1265);
#612=LINE('',#12363,#1266);
#613=LINE('',#12365,#1267);
#614=LINE('',#12367,#1268);
#615=LINE('',#12368,#1269);
#616=LINE('',#12370,#1270);
#617=LINE('',#12372,#1271);
#618=LINE('',#12374,#1272);
#619=LINE('',#12376,#1273);
#620=LINE('',#12378,#1274);
#621=LINE('',#12380,#1275);
#622=LINE('',#12384,#1276);
#623=LINE('',#12390,#1277);
#624=LINE('',#12398,#1278);
#625=LINE('',#12402,#1279);
#626=LINE('',#12404,#1280);
#627=LINE('',#12406,#1281);
#628=LINE('',#12408,#1282);
#629=LINE('',#12411,#1283);
#630=LINE('',#12413,#1284);
#631=LINE('',#12415,#1285);
#632=LINE('',#12417,#1286);
#633=LINE('',#12419,#1287);
#634=LINE('',#12420,#1288);
#635=LINE('',#12422,#1289);
#636=LINE('',#12425,#1290);
#637=LINE('',#12426,#1291);
#638=LINE('',#12428,#1292);
#639=LINE('',#12431,#1293);
#640=LINE('',#12433,#1294);
#641=LINE('',#12435,#1295);
#642=LINE('',#12437,#1296);
#643=LINE('',#12439,#1297);
#644=LINE('',#12440,#1298);
#645=LINE('',#12444,#1299);
#646=LINE('',#12450,#1300);
#647=LINE('',#12456,#1301);
#648=LINE('',#12462,#1302);
#649=LINE('',#12466,#1303);
#650=LINE('',#12469,#1304);
#651=LINE('',#12471,#1305);
#652=LINE('',#12473,#1306);
#653=LINE('',#12474,#1307);
#654=LINE('',#12476,#1308);
#655=LINE('',#12478,#1309);
#656=LINE('',#12480,#1310);
#657=LINE('',#12482,#1311);
#658=LINE('',#12484,#1312);
#659=LINE('',#12486,#1313);
#660=LINE('',#12488,#1314);
#661=LINE('',#12490,#1315);
#662=LINE('',#12492,#1316);
#663=LINE('',#12498,#1317);
#664=LINE('',#12504,#1318);
#665=LINE('',#12510,#1319);
#666=LINE('',#12514,#1320);
#667=LINE('',#12517,#1321);
#668=LINE('',#12519,#1322);
#669=LINE('',#12521,#1323);
#670=LINE('',#12522,#1324);
#671=LINE('',#12524,#1325);
#672=LINE('',#12526,#1326);
#673=LINE('',#12528,#1327);
#674=LINE('',#12530,#1328);
#675=LINE('',#12532,#1329);
#676=LINE('',#12534,#1330);
#677=LINE('',#12537,#1331);
#678=LINE('',#12539,#1332);
#679=LINE('',#12541,#1333);
#680=LINE('',#12542,#1334);
#681=LINE('',#12544,#1335);
#682=LINE('',#12546,#1336);
#683=LINE('',#12548,#1337);
#684=LINE('',#12551,#1338);
#685=LINE('',#12552,#1339);
#686=LINE('',#12556,#1340);
#687=LINE('',#12562,#1341);
#688=LINE('',#12568,#1342);
#689=LINE('',#12574,#1343);
#690=LINE('',#12578,#1344);
#691=LINE('',#12580,#1345);
#692=LINE('',#12582,#1346);
#693=LINE('',#12584,#1347);
#694=LINE('',#12587,#1348);
#695=LINE('',#12589,#1349);
#696=LINE('',#12591,#1350);
#697=LINE('',#12592,#1351);
#698=LINE('',#12594,#1352);
#699=LINE('',#12596,#1353);
#700=LINE('',#12598,#1354);
#701=LINE('',#12600,#1355);
#702=LINE('',#12602,#1356);
#703=LINE('',#12604,#1357);
#704=LINE('',#12608,#1358);
#705=LINE('',#12614,#1359);
#706=LINE('',#12620,#1360);
#707=LINE('',#12626,#1361);
#708=LINE('',#12630,#1362);
#709=LINE('',#12634,#1363);
#710=LINE('',#12639,#1364);
#711=LINE('',#12643,#1365);
#712=LINE('',#12644,#1366);
#713=LINE('',#12649,#1367);
#714=LINE('',#12653,#1368);
#715=LINE('',#12654,#1369);
#716=LINE('',#12659,#1370);
#717=LINE('',#12663,#1371);
#718=LINE('',#12664,#1372);
#719=LINE('',#12666,#1373);
#720=LINE('',#12668,#1374);
#721=LINE('',#12670,#1375);
#722=LINE('',#12672,#1376);
#723=LINE('',#12674,#1377);
#724=LINE('',#12676,#1378);
#725=LINE('',#12678,#1379);
#726=LINE('',#12680,#1380);
#727=LINE('',#12685,#1381);
#728=LINE('',#12689,#1382);
#729=LINE('',#12690,#1383);
#730=LINE('',#12692,#1384);
#731=LINE('',#12696,#1385);
#732=LINE('',#12700,#1386);
#733=LINE('',#12702,#1387);
#734=LINE('',#12704,#1388);
#735=LINE('',#12706,#1389);
#736=LINE('',#12711,#1390);
#737=LINE('',#12714,#1391);
#738=LINE('',#12718,#1392);
#739=LINE('',#12722,#1393);
#740=LINE('',#12724,#1394);
#741=LINE('',#12726,#1395);
#742=LINE('',#12728,#1396);
#743=LINE('',#12730,#1397);
#744=LINE('',#12732,#1398);
#745=LINE('',#12734,#1399);
#746=LINE('',#12736,#1400);
#747=LINE('',#12741,#1401);
#748=LINE('',#12745,#1402);
#749=LINE('',#12746,#1403);
#750=LINE('',#12751,#1404);
#751=LINE('',#12755,#1405);
#752=LINE('',#12756,#1406);
#753=LINE('',#12761,#1407);
#754=LINE('',#12765,#1408);
#755=LINE('',#12766,#1409);
#756=LINE('',#12771,#1410);
#757=LINE('',#12775,#1411);
#758=LINE('',#12776,#1412);
#759=LINE('',#12778,#1413);
#760=LINE('',#12780,#1414);
#761=LINE('',#12782,#1415);
#762=LINE('',#12784,#1416);
#763=LINE('',#12786,#1417);
#764=LINE('',#12788,#1418);
#765=LINE('',#12790,#1419);
#766=LINE('',#12792,#1420);
#767=LINE('',#12797,#1421);
#768=LINE('',#12801,#1422);
#769=LINE('',#12802,#1423);
#770=LINE('',#12807,#1424);
#771=LINE('',#12811,#1425);
#772=LINE('',#12812,#1426);
#773=LINE('',#12814,#1427);
#774=LINE('',#12818,#1428);
#775=LINE('',#12822,#1429);
#776=LINE('',#12827,#1430);
#777=LINE('',#12831,#1431);
#778=LINE('',#12832,#1432);
#779=LINE('',#12834,#1433);
#780=LINE('',#12836,#1434);
#781=LINE('',#12838,#1435);
#782=LINE('',#12840,#1436);
#783=LINE('',#12842,#1437);
#784=LINE('',#12844,#1438);
#785=LINE('',#12846,#1439);
#786=LINE('',#12848,#1440);
#787=LINE('',#12850,#1441);
#788=LINE('',#12853,#1442);
#789=LINE('',#12855,#1443);
#790=LINE('',#12857,#1444);
#791=LINE('',#12859,#1445);
#792=LINE('',#12862,#1446);
#793=LINE('',#12864,#1447);
#794=LINE('',#12866,#1448);
#795=LINE('',#12870,#1449);
#796=LINE('',#12876,#1450);
#797=LINE('',#12882,#1451);
#798=LINE('',#12887,#1452);
#799=LINE('',#12889,#1453);
#800=LINE('',#12891,#1454);
#801=LINE('',#12893,#1455);
#802=LINE('',#12896,#1456);
#803=LINE('',#12897,#1457);
#804=LINE('',#12899,#1458);
#805=LINE('',#12902,#1459);
#806=LINE('',#12904,#1460);
#807=LINE('',#12906,#1461);
#808=LINE('',#12908,#1462);
#809=LINE('',#12914,#1463);
#810=LINE('',#12919,#1464);
#811=LINE('',#12921,#1465);
#812=LINE('',#12923,#1466);
#813=LINE('',#12925,#1467);
#814=LINE('',#12928,#1468);
#815=LINE('',#12929,#1469);
#816=LINE('',#12935,#1470);
#817=LINE('',#12939,#1471);
#818=LINE('',#12942,#1472);
#819=LINE('',#12944,#1473);
#820=LINE('',#12946,#1474);
#821=LINE('',#12948,#1475);
#822=LINE('',#12951,#1476);
#823=LINE('',#12953,#1477);
#824=LINE('',#12955,#1478);
#825=LINE('',#12957,#1479);
#826=LINE('',#12960,#1480);
#827=LINE('',#12962,#1481);
#828=LINE('',#12964,#1482);
#829=LINE('',#12973,#1483);
#830=LINE('',#12978,#1484);
#831=LINE('',#12982,#1485);
#832=LINE('',#12985,#1486);
#833=LINE('',#12986,#1487);
#834=LINE('',#12988,#1488);
#835=LINE('',#12991,#1489);
#836=LINE('',#12992,#1490);
#837=LINE('',#12996,#1491);
#838=LINE('',#13001,#1492);
#839=LINE('',#13005,#1493);
#840=LINE('',#13008,#1494);
#841=LINE('',#13010,#1495);
#842=LINE('',#13012,#1496);
#843=LINE('',#13014,#1497);
#844=LINE('',#13017,#1498);
#845=LINE('',#13019,#1499);
#846=LINE('',#13021,#1500);
#847=LINE('',#13023,#1501);
#848=LINE('',#13026,#1502);
#849=LINE('',#13028,#1503);
#850=LINE('',#13030,#1504);
#851=LINE('',#13032,#1505);
#852=LINE('',#13035,#1506);
#853=LINE('',#13037,#1507);
#854=LINE('',#13039,#1508);
#855=LINE('',#13041,#1509);
#856=LINE('',#13044,#1510);
#857=LINE('',#13046,#1511);
#858=LINE('',#13048,#1512);
#859=LINE('',#13050,#1513);
#860=LINE('',#13052,#1514);
#861=LINE('',#13054,#1515);
#862=LINE('',#13056,#1516);
#863=LINE('',#13058,#1517);
#864=LINE('',#13060,#1518);
#865=LINE('',#13072,#1519);
#866=LINE('',#13075,#1520);
#867=LINE('',#13077,#1521);
#868=LINE('',#13079,#1522);
#869=LINE('',#13081,#1523);
#870=LINE('',#13084,#1524);
#871=LINE('',#13086,#1525);
#872=LINE('',#13088,#1526);
#873=LINE('',#13095,#1527);
#874=LINE('',#13098,#1528);
#875=LINE('',#13100,#1529);
#876=LINE('',#13102,#1530);
#877=LINE('',#13106,#1531);
#878=LINE('',#13112,#1532);
#879=LINE('',#13115,#1533);
#880=LINE('',#13116,#1534);
#881=LINE('',#13118,#1535);
#882=LINE('',#13121,#1536);
#883=LINE('',#13123,#1537);
#884=LINE('',#13125,#1538);
#885=LINE('',#13127,#1539);
#886=LINE('',#13130,#1540);
#887=LINE('',#13132,#1541);
#888=LINE('',#13134,#1542);
#889=LINE('',#13141,#1543);
#890=LINE('',#13143,#1544);
#891=LINE('',#13145,#1545);
#892=LINE('',#13149,#1546);
#893=LINE('',#13154,#1547);
#894=LINE('',#13158,#1548);
#895=LINE('',#13164,#1549);
#896=LINE('',#13169,#1550);
#897=LINE('',#13171,#1551);
#898=LINE('',#13173,#1552);
#899=LINE('',#13175,#1553);
#900=LINE('',#13178,#1554);
#901=LINE('',#13179,#1555);
#902=LINE('',#13181,#1556);
#903=LINE('',#13184,#1557);
#904=LINE('',#13185,#1558);
#905=LINE('',#13187,#1559);
#906=LINE('',#13189,#1560);
#907=LINE('',#13191,#1561);
#908=LINE('',#13195,#1562);
#909=LINE('',#13206,#1563);
#910=LINE('',#13209,#1564);
#911=LINE('',#13210,#1565);
#912=LINE('',#13212,#1566);
#913=LINE('',#13214,#1567);
#914=LINE('',#13216,#1568);
#915=LINE('',#13218,#1569);
#916=LINE('',#13224,#1570);
#917=LINE('',#13229,#1571);
#918=LINE('',#13231,#1572);
#919=LINE('',#13233,#1573);
#920=LINE('',#13235,#1574);
#921=LINE('',#13237,#1575);
#922=LINE('',#13239,#1576);
#923=LINE('',#13241,#1577);
#924=LINE('',#13327,#1578);
#925=LINE('',#13400,#1579);
#926=LINE('',#13402,#1580);
#927=LINE('',#13404,#1581);
#928=LINE('',#13406,#1582);
#929=LINE('',#13408,#1583);
#930=LINE('',#13410,#1584);
#931=LINE('',#13414,#1585);
#932=LINE('',#13419,#1586);
#933=LINE('',#13428,#1587);
#934=LINE('',#13445,#1588);
#935=LINE('',#13490,#1589);
#936=LINE('',#13672,#1590);
#937=LINE('',#13674,#1591);
#938=LINE('',#13721,#1592);
#939=LINE('',#13723,#1593);
#940=LINE('',#13725,#1594);
#941=LINE('',#13727,#1595);
#942=LINE('',#13729,#1596);
#943=LINE('',#13731,#1597);
#944=LINE('',#13737,#1598);
#945=LINE('',#13739,#1599);
#946=LINE('',#13741,#1600);
#947=LINE('',#13743,#1601);
#948=LINE('',#13750,#1602);
#949=LINE('',#13798,#1603);
#950=LINE('',#13936,#1604);
#951=LINE('',#13938,#1605);
#952=LINE('',#13978,#1606);
#953=LINE('',#13984,#1607);
#954=LINE('',#13988,#1608);
#955=LINE('',#13993,#1609);
#956=LINE('',#14007,#1610);
#957=LINE('',#14009,#1611);
#958=LINE('',#14011,#1612);
#959=LINE('',#14017,#1613);
#960=LINE('',#14021,#1614);
#961=LINE('',#14023,#1615);
#962=LINE('',#14025,#1616);
#963=LINE('',#14056,#1617);
#964=LINE('',#14059,#1618);
#965=LINE('',#14061,#1619);
#966=LINE('',#14063,#1620);
#967=LINE('',#14065,#1621);
#968=LINE('',#14068,#1622);
#969=LINE('',#14069,#1623);
#970=LINE('',#14071,#1624);
#971=LINE('',#14074,#1625);
#972=LINE('',#14101,#1626);
#973=LINE('',#14104,#1627);
#974=VECTOR('',#8662,1.);
#975=VECTOR('',#8665,1.);
#976=VECTOR('',#8668,1.);
#977=VECTOR('',#8671,1.);
#978=VECTOR('',#8672,1.);
#979=VECTOR('',#8673,1.);
#980=VECTOR('',#8674,1.);
#981=VECTOR('',#8675,1.);
#982=VECTOR('',#8676,1.);
#983=VECTOR('',#8677,1.);
#984=VECTOR('',#8682,1.);
#985=VECTOR('',#8683,1.);
#986=VECTOR('',#8684,1.);
#987=VECTOR('',#8685,1.);
#988=VECTOR('',#8686,1.);
#989=VECTOR('',#8695,1.);
#990=VECTOR('',#8696,1.);
#991=VECTOR('',#8697,1.);
#992=VECTOR('',#8698,1.);
#993=VECTOR('',#8699,1.);
#994=VECTOR('',#8702,1.);
#995=VECTOR('',#8705,1.);
#996=VECTOR('',#8706,1.);
#997=VECTOR('',#8707,1.);
#998=VECTOR('',#8710,1.);
#999=VECTOR('',#8713,1.);
#1000=VECTOR('',#8716,1.);
#1001=VECTOR('',#8719,1.);
#1002=VECTOR('',#8720,1.);
#1003=VECTOR('',#8721,1.);
#1004=VECTOR('',#8724,1.);
#1005=VECTOR('',#8725,1.);
#1006=VECTOR('',#8728,1.);
#1007=VECTOR('',#8731,1.);
#1008=VECTOR('',#8732,1.);
#1009=VECTOR('',#8735,1.);
#1010=VECTOR('',#8736,1.);
#1011=VECTOR('',#8737,1.);
#1012=VECTOR('',#8738,1.);
#1013=VECTOR('',#8739,1.);
#1014=VECTOR('',#8740,1.);
#1015=VECTOR('',#8741,1.);
#1016=VECTOR('',#8742,1.);
#1017=VECTOR('',#8743,1.);
#1018=VECTOR('',#8744,1.);
#1019=VECTOR('',#8745,1.);
#1020=VECTOR('',#8746,1.);
#1021=VECTOR('',#8749,1.);
#1022=VECTOR('',#8750,1.);
#1023=VECTOR('',#8753,1.);
#1024=VECTOR('',#8758,1.);
#1025=VECTOR('',#8767,1.);
#1026=VECTOR('',#8772,1.);
#1027=VECTOR('',#8775,1.);
#1028=VECTOR('',#8782,1.);
#1029=VECTOR('',#8791,1.);
#1030=VECTOR('',#8794,1.);
#1031=VECTOR('',#8797,1.);
#1032=VECTOR('',#8800,1.);
#1033=VECTOR('',#8807,1.);
#1034=VECTOR('',#8810,1.);
#1035=VECTOR('',#8813,1.);
#1036=VECTOR('',#8816,1.);
#1037=VECTOR('',#8829,1.);
#1038=VECTOR('',#8832,1.);
#1039=VECTOR('',#8835,1.);
#1040=VECTOR('',#8836,1.);
#1041=VECTOR('',#8837,1.);
#1042=VECTOR('',#8840,1.);
#1043=VECTOR('',#8841,1.);
#1044=VECTOR('',#8842,1.);
#1045=VECTOR('',#8843,1.);
#1046=VECTOR('',#8844,1.);
#1047=VECTOR('',#8847,1.);
#1048=VECTOR('',#8850,1.);
#1049=VECTOR('',#8853,1.);
#1050=VECTOR('',#8856,1.);
#1051=VECTOR('',#8859,1.);
#1052=VECTOR('',#8862,1.);
#1053=VECTOR('',#8863,1.);
#1054=VECTOR('',#8864,1.);
#1055=VECTOR('',#8865,1.);
#1056=VECTOR('',#8866,1.);
#1057=VECTOR('',#8871,1.);
#1058=VECTOR('',#8872,1.);
#1059=VECTOR('',#8873,1.);
#1060=VECTOR('',#8876,1.);
#1061=VECTOR('',#8877,1.);
#1062=VECTOR('',#8878,1.);
#1063=VECTOR('',#8881,1.);
#1064=VECTOR('',#8886,1.);
#1065=VECTOR('',#8887,1.);
#1066=VECTOR('',#8890,1.);
#1067=VECTOR('',#8891,1.);
#1068=VECTOR('',#8894,1.);
#1069=VECTOR('',#8895,1.);
#1070=VECTOR('',#8900,1.);
#1071=VECTOR('',#8901,1.);
#1072=VECTOR('',#8902,1.);
#1073=VECTOR('',#8903,1.);
#1074=VECTOR('',#8904,1.);
#1075=VECTOR('',#8907,1.);
#1076=VECTOR('',#8910,1.);
#1077=VECTOR('',#8913,1.);
#1078=VECTOR('',#8914,1.);
#1079=VECTOR('',#8915,1.);
#1080=VECTOR('',#8916,1.);
#1081=VECTOR('',#8917,1.);
#1082=VECTOR('',#8918,1.);
#1083=VECTOR('',#8923,1.);
#1084=VECTOR('',#8928,1.);
#1085=VECTOR('',#8929,1.);
#1086=VECTOR('',#8932,1.);
#1087=VECTOR('',#8935,1.);
#1088=VECTOR('',#8938,1.);
#1089=VECTOR('',#8941,1.);
#1090=VECTOR('',#8944,1.);
#1091=VECTOR('',#8947,1.);
#1092=VECTOR('',#8948,1.);
#1093=VECTOR('',#8949,1.);
#1094=VECTOR('',#8950,1.);
#1095=VECTOR('',#8951,1.);
#1096=VECTOR('',#8952,1.);
#1097=VECTOR('',#8953,1.);
#1098=VECTOR('',#8954,1.);
#1099=VECTOR('',#8955,1.);
#1100=VECTOR('',#8956,1.);
#1101=VECTOR('',#8957,1.);
#1102=VECTOR('',#8962,1.);
#1103=VECTOR('',#8963,1.);
#1104=VECTOR('',#8964,1.);
#1105=VECTOR('',#8967,1.);
#1106=VECTOR('',#8970,1.);
#1107=VECTOR('',#8979,1.);
#1108=VECTOR('',#8982,1.);
#1109=VECTOR('',#8983,1.);
#1110=VECTOR('',#8984,1.);
#1111=VECTOR('',#8985,1.);
#1112=VECTOR('',#8988,1.);
#1113=VECTOR('',#8989,1.);
#1114=VECTOR('',#8990,1.);
#1115=VECTOR('',#8991,1.);
#1116=VECTOR('',#8992,1.);
#1117=VECTOR('',#8993,1.);
#1118=VECTOR('',#9000,1.);
#1119=VECTOR('',#9003,1.);
#1120=VECTOR('',#9006,1.);
#1121=VECTOR('',#9011,1.);
#1122=VECTOR('',#9014,1.);
#1123=VECTOR('',#9015,1.);
#1124=VECTOR('',#9016,1.);
#1125=VECTOR('',#9017,1.);
#1126=VECTOR('',#9018,1.);
#1127=VECTOR('',#9019,1.);
#1128=VECTOR('',#9020,1.);
#1129=VECTOR('',#9021,1.);
#1130=VECTOR('',#9022,1.);
#1131=VECTOR('',#9025,1.);
#1132=VECTOR('',#9028,1.);
#1133=VECTOR('',#9031,1.);
#1134=VECTOR('',#9034,1.);
#1135=VECTOR('',#9037,1.);
#1136=VECTOR('',#9040,1.);
#1137=VECTOR('',#9043,1.);
#1138=VECTOR('',#9046,1.);
#1139=VECTOR('',#9049,1.);
#1140=VECTOR('',#9052,1.);
#1141=VECTOR('',#9055,1.);
#1142=VECTOR('',#9058,1.);
#1143=VECTOR('',#9061,1.);
#1144=VECTOR('',#9064,1.);
#1145=VECTOR('',#9067,1.);
#1146=VECTOR('',#9070,1.);
#1147=VECTOR('',#9073,1.);
#1148=VECTOR('',#9076,1.);
#1149=VECTOR('',#9079,1.);
#1150=VECTOR('',#9082,1.);
#1151=VECTOR('',#9085,1.);
#1152=VECTOR('',#9088,1.);
#1153=VECTOR('',#9091,1.);
#1154=VECTOR('',#9094,1.);
#1155=VECTOR('',#9097,1.);
#1156=VECTOR('',#9100,1.);
#1157=VECTOR('',#9103,1.);
#1158=VECTOR('',#9106,1.);
#1159=VECTOR('',#9109,1.);
#1160=VECTOR('',#9112,1.);
#1161=VECTOR('',#9115,1.);
#1162=VECTOR('',#9118,1.);
#1163=VECTOR('',#9121,1.);
#1164=VECTOR('',#9126,1.);
#1165=VECTOR('',#9129,1.);
#1166=VECTOR('',#9132,1.);
#1167=VECTOR('',#9135,1.);
#1168=VECTOR('',#9138,1.);
#1169=VECTOR('',#9141,1.);
#1170=VECTOR('',#9144,1.);
#1171=VECTOR('',#9147,1.);
#1172=VECTOR('',#9150,1.);
#1173=VECTOR('',#9153,1.);
#1174=VECTOR('',#9156,1.);
#1175=VECTOR('',#9159,1.);
#1176=VECTOR('',#9162,1.);
#1177=VECTOR('',#9165,1.);
#1178=VECTOR('',#9168,1.);
#1179=VECTOR('',#9171,1.);
#1180=VECTOR('',#9174,1.);
#1181=VECTOR('',#9175,1.);
#1182=VECTOR('',#9176,1.);
#1183=VECTOR('',#9179,1.);
#1184=VECTOR('',#9182,1.);
#1185=VECTOR('',#9185,1.);
#1186=VECTOR('',#9186,1.);
#1187=VECTOR('',#9189,1.);
#1188=VECTOR('',#9190,1.);
#1189=VECTOR('',#9191,1.);
#1190=VECTOR('',#9192,1.);
#1191=VECTOR('',#9195,1.);
#1192=VECTOR('',#9196,1.);
#1193=VECTOR('',#9197,1.);
#1194=VECTOR('',#9200,1.);
#1195=VECTOR('',#9207,1.);
#1196=VECTOR('',#9210,1.);
#1197=VECTOR('',#9211,1.);
#1198=VECTOR('',#9214,1.);
#1199=VECTOR('',#9215,1.);
#1200=VECTOR('',#9218,1.);
#1201=VECTOR('',#9225,1.);
#1202=VECTOR('',#9228,1.);
#1203=VECTOR('',#9261,1.);
#1204=VECTOR('',#9264,1.);
#1205=VECTOR('',#9271,1.);
#1206=VECTOR('',#9272,1.);
#1207=VECTOR('',#9273,1.);
#1208=VECTOR('',#9276,1.);
#1209=VECTOR('',#9277,1.);
#1210=VECTOR('',#9278,1.);
#1211=VECTOR('',#9281,1.);
#1212=VECTOR('',#9282,1.);
#1213=VECTOR('',#9283,1.);
#1214=VECTOR('',#9284,1.);
#1215=VECTOR('',#9285,1.);
#1216=VECTOR('',#9288,1.);
#1217=VECTOR('',#9289,1.);
#1218=VECTOR('',#9290,1.);
#1219=VECTOR('',#9295,1.);
#1220=VECTOR('',#9302,1.);
#1221=VECTOR('',#9309,1.);
#1222=VECTOR('',#9318,1.);
#1223=VECTOR('',#9319,1.);
#1224=VECTOR('',#9320,1.);
#1225=VECTOR('',#9323,1.);
#1226=VECTOR('',#9324,1.);
#1227=VECTOR('',#9325,1.);
#1228=VECTOR('',#9328,1.);
#1229=VECTOR('',#9329,1.);
#1230=VECTOR('',#9330,1.);
#1231=VECTOR('',#9333,1.);
#1232=VECTOR('',#9334,1.);
#1233=VECTOR('',#9335,1.);
#1234=VECTOR('',#9336,1.);
#1235=VECTOR('',#9337,1.);
#1236=VECTOR('',#9338,1.);
#1237=VECTOR('',#9339,1.);
#1238=VECTOR('',#9344,1.);
#1239=VECTOR('',#9351,1.);
#1240=VECTOR('',#9358,1.);
#1241=VECTOR('',#9365,1.);
#1242=VECTOR('',#9370,1.);
#1243=VECTOR('',#9371,1.);
#1244=VECTOR('',#9372,1.);
#1245=VECTOR('',#9375,1.);
#1246=VECTOR('',#9376,1.);
#1247=VECTOR('',#9377,1.);
#1248=VECTOR('',#9378,1.);
#1249=VECTOR('',#9379,1.);
#1250=VECTOR('',#9382,1.);
#1251=VECTOR('',#9383,1.);
#1252=VECTOR('',#9384,1.);
#1253=VECTOR('',#9387,1.);
#1254=VECTOR('',#9388,1.);
#1255=VECTOR('',#9389,1.);
#1256=VECTOR('',#9390,1.);
#1257=VECTOR('',#9391,1.);
#1258=VECTOR('',#9396,1.);
#1259=VECTOR('',#9403,1.);
#1260=VECTOR('',#9410,1.);
#1261=VECTOR('',#9417,1.);
#1262=VECTOR('',#9422,1.);
#1263=VECTOR('',#9423,1.);
#1264=VECTOR('',#9424,1.);
#1265=VECTOR('',#9427,1.);
#1266=VECTOR('',#9428,1.);
#1267=VECTOR('',#9429,1.);
#1268=VECTOR('',#9430,1.);
#1269=VECTOR('',#9431,1.);
#1270=VECTOR('',#9434,1.);
#1271=VECTOR('',#9435,1.);
#1272=VECTOR('',#9436,1.);
#1273=VECTOR('',#9439,1.);
#1274=VECTOR('',#9440,1.);
#1275=VECTOR('',#9441,1.);
#1276=VECTOR('',#9446,1.);
#1277=VECTOR('',#9453,1.);
#1278=VECTOR('',#9464,1.);
#1279=VECTOR('',#9469,1.);
#1280=VECTOR('',#9470,1.);
#1281=VECTOR('',#9471,1.);
#1282=VECTOR('',#9474,1.);
#1283=VECTOR('',#9475,1.);
#1284=VECTOR('',#9476,1.);
#1285=VECTOR('',#9477,1.);
#1286=VECTOR('',#9478,1.);
#1287=VECTOR('',#9479,1.);
#1288=VECTOR('',#9480,1.);
#1289=VECTOR('',#9483,1.);
#1290=VECTOR('',#9484,1.);
#1291=VECTOR('',#9485,1.);
#1292=VECTOR('',#9488,1.);
#1293=VECTOR('',#9489,1.);
#1294=VECTOR('',#9490,1.);
#1295=VECTOR('',#9491,1.);
#1296=VECTOR('',#9492,1.);
#1297=VECTOR('',#9493,1.);
#1298=VECTOR('',#9494,1.);
#1299=VECTOR('',#9499,1.);
#1300=VECTOR('',#9506,1.);
#1301=VECTOR('',#9513,1.);
#1302=VECTOR('',#9520,1.);
#1303=VECTOR('',#9525,1.);
#1304=VECTOR('',#9526,1.);
#1305=VECTOR('',#9527,1.);
#1306=VECTOR('',#9528,1.);
#1307=VECTOR('',#9529,1.);
#1308=VECTOR('',#9532,1.);
#1309=VECTOR('',#9533,1.);
#1310=VECTOR('',#9534,1.);
#1311=VECTOR('',#9537,1.);
#1312=VECTOR('',#9538,1.);
#1313=VECTOR('',#9539,1.);
#1314=VECTOR('',#9542,1.);
#1315=VECTOR('',#9543,1.);
#1316=VECTOR('',#9544,1.);
#1317=VECTOR('',#9553,1.);
#1318=VECTOR('',#9560,1.);
#1319=VECTOR('',#9567,1.);
#1320=VECTOR('',#9572,1.);
#1321=VECTOR('',#9573,1.);
#1322=VECTOR('',#9574,1.);
#1323=VECTOR('',#9575,1.);
#1324=VECTOR('',#9576,1.);
#1325=VECTOR('',#9577,1.);
#1326=VECTOR('',#9578,1.);
#1327=VECTOR('',#9581,1.);
#1328=VECTOR('',#9582,1.);
#1329=VECTOR('',#9583,1.);
#1330=VECTOR('',#9586,1.);
#1331=VECTOR('',#9587,1.);
#1332=VECTOR('',#9588,1.);
#1333=VECTOR('',#9589,1.);
#1334=VECTOR('',#9590,1.);
#1335=VECTOR('',#9591,1.);
#1336=VECTOR('',#9592,1.);
#1337=VECTOR('',#9595,1.);
#1338=VECTOR('',#9596,1.);
#1339=VECTOR('',#9597,1.);
#1340=VECTOR('',#9602,1.);
#1341=VECTOR('',#9609,1.);
#1342=VECTOR('',#9616,1.);
#1343=VECTOR('',#9623,1.);
#1344=VECTOR('',#9628,1.);
#1345=VECTOR('',#9629,1.);
#1346=VECTOR('',#9630,1.);
#1347=VECTOR('',#9633,1.);
#1348=VECTOR('',#9634,1.);
#1349=VECTOR('',#9635,1.);
#1350=VECTOR('',#9636,1.);
#1351=VECTOR('',#9637,1.);
#1352=VECTOR('',#9640,1.);
#1353=VECTOR('',#9641,1.);
#1354=VECTOR('',#9642,1.);
#1355=VECTOR('',#9645,1.);
#1356=VECTOR('',#9646,1.);
#1357=VECTOR('',#9647,1.);
#1358=VECTOR('',#9652,1.);
#1359=VECTOR('',#9659,1.);
#1360=VECTOR('',#9666,1.);
#1361=VECTOR('',#9675,1.);
#1362=VECTOR('',#9678,1.);
#1363=VECTOR('',#9681,1.);
#1364=VECTOR('',#9686,1.);
#1365=VECTOR('',#9689,1.);
#1366=VECTOR('',#9690,1.);
#1367=VECTOR('',#9695,1.);
#1368=VECTOR('',#9698,1.);
#1369=VECTOR('',#9699,1.);
#1370=VECTOR('',#9704,1.);
#1371=VECTOR('',#9707,1.);
#1372=VECTOR('',#9708,1.);
#1373=VECTOR('',#9711,1.);
#1374=VECTOR('',#9714,1.);
#1375=VECTOR('',#9717,1.);
#1376=VECTOR('',#9718,1.);
#1377=VECTOR('',#9719,1.);
#1378=VECTOR('',#9722,1.);
#1379=VECTOR('',#9723,1.);
#1380=VECTOR('',#9724,1.);
#1381=VECTOR('',#9729,1.);
#1382=VECTOR('',#9732,1.);
#1383=VECTOR('',#9733,1.);
#1384=VECTOR('',#9736,1.);
#1385=VECTOR('',#9739,1.);
#1386=VECTOR('',#9742,1.);
#1387=VECTOR('',#9745,1.);
#1388=VECTOR('',#9746,1.);
#1389=VECTOR('',#9747,1.);
#1390=VECTOR('',#9752,1.);
#1391=VECTOR('',#9755,1.);
#1392=VECTOR('',#9760,1.);
#1393=VECTOR('',#9763,1.);
#1394=VECTOR('',#9766,1.);
#1395=VECTOR('',#9767,1.);
#1396=VECTOR('',#9768,1.);
#1397=VECTOR('',#9771,1.);
#1398=VECTOR('',#9774,1.);
#1399=VECTOR('',#9775,1.);
#1400=VECTOR('',#9776,1.);
#1401=VECTOR('',#9781,1.);
#1402=VECTOR('',#9784,1.);
#1403=VECTOR('',#9785,1.);
#1404=VECTOR('',#9790,1.);
#1405=VECTOR('',#9793,1.);
#1406=VECTOR('',#9794,1.);
#1407=VECTOR('',#9799,1.);
#1408=VECTOR('',#9802,1.);
#1409=VECTOR('',#9803,1.);
#1410=VECTOR('',#9808,1.);
#1411=VECTOR('',#9811,1.);
#1412=VECTOR('',#9812,1.);
#1413=VECTOR('',#9815,1.);
#1414=VECTOR('',#9818,1.);
#1415=VECTOR('',#9821,1.);
#1416=VECTOR('',#9824,1.);
#1417=VECTOR('',#9825,1.);
#1418=VECTOR('',#9826,1.);
#1419=VECTOR('',#9827,1.);
#1420=VECTOR('',#9828,1.);
#1421=VECTOR('',#9833,1.);
#1422=VECTOR('',#9836,1.);
#1423=VECTOR('',#9837,1.);
#1424=VECTOR('',#9842,1.);
#1425=VECTOR('',#9845,1.);
#1426=VECTOR('',#9846,1.);
#1427=VECTOR('',#9849,1.);
#1428=VECTOR('',#9852,1.);
#1429=VECTOR('',#9855,1.);
#1430=VECTOR('',#9860,1.);
#1431=VECTOR('',#9863,1.);
#1432=VECTOR('',#9864,1.);
#1433=VECTOR('',#9867,1.);
#1434=VECTOR('',#9870,1.);
#1435=VECTOR('',#9871,1.);
#1436=VECTOR('',#9872,1.);
#1437=VECTOR('',#9875,1.);
#1438=VECTOR('',#9878,1.);
#1439=VECTOR('',#9879,1.);
#1440=VECTOR('',#9880,1.);
#1441=VECTOR('',#9883,1.);
#1442=VECTOR('',#9884,1.);
#1443=VECTOR('',#9885,1.);
#1444=VECTOR('',#9886,1.);
#1445=VECTOR('',#9889,1.);
#1446=VECTOR('',#9890,1.);
#1447=VECTOR('',#9891,1.);
#1448=VECTOR('',#9892,1.);
#1449=VECTOR('',#9897,1.);
#1450=VECTOR('',#9906,1.);
#1451=VECTOR('',#9911,1.);
#1452=VECTOR('',#9918,1.);
#1453=VECTOR('',#9919,1.);
#1454=VECTOR('',#9920,1.);
#1455=VECTOR('',#9923,1.);
#1456=VECTOR('',#9924,1.);
#1457=VECTOR('',#9925,1.);
#1458=VECTOR('',#9928,1.);
#1459=VECTOR('',#9929,1.);
#1460=VECTOR('',#9930,1.);
#1461=VECTOR('',#9931,1.);
#1462=VECTOR('',#9934,1.);
#1463=VECTOR('',#9939,1.);
#1464=VECTOR('',#9946,1.);
#1465=VECTOR('',#9947,1.);
#1466=VECTOR('',#9948,1.);
#1467=VECTOR('',#9951,1.);
#1468=VECTOR('',#9952,1.);
#1469=VECTOR('',#9953,1.);
#1470=VECTOR('',#9962,1.);
#1471=VECTOR('',#9967,1.);
#1472=VECTOR('',#9968,1.);
#1473=VECTOR('',#9969,1.);
#1474=VECTOR('',#9970,1.);
#1475=VECTOR('',#9973,1.);
#1476=VECTOR('',#9974,1.);
#1477=VECTOR('',#9975,1.);
#1478=VECTOR('',#9976,1.);
#1479=VECTOR('',#9979,1.);
#1480=VECTOR('',#9980,1.);
#1481=VECTOR('',#9981,1.);
#1482=VECTOR('',#9982,1.);
#1483=VECTOR('',#9997,1.);
#1484=VECTOR('',#10002,1.);
#1485=VECTOR('',#10007,1.);
#1486=VECTOR('',#10008,1.);
#1487=VECTOR('',#10009,1.);
#1488=VECTOR('',#10012,1.);
#1489=VECTOR('',#10013,1.);
#1490=VECTOR('',#10014,1.);
#1491=VECTOR('',#10019,1.);
#1492=VECTOR('',#10024,1.);
#1493=VECTOR('',#10029,1.);
#1494=VECTOR('',#10030,1.);
#1495=VECTOR('',#10031,1.);
#1496=VECTOR('',#10032,1.);
#1497=VECTOR('',#10035,1.);
#1498=VECTOR('',#10036,1.);
#1499=VECTOR('',#10037,1.);
#1500=VECTOR('',#10038,1.);
#1501=VECTOR('',#10041,1.);
#1502=VECTOR('',#10042,1.);
#1503=VECTOR('',#10043,1.);
#1504=VECTOR('',#10044,1.);
#1505=VECTOR('',#10047,1.);
#1506=VECTOR('',#10048,1.);
#1507=VECTOR('',#10049,1.);
#1508=VECTOR('',#10050,1.);
#1509=VECTOR('',#10053,1.);
#1510=VECTOR('',#10054,1.);
#1511=VECTOR('',#10055,1.);
#1512=VECTOR('',#10056,1.);
#1513=VECTOR('',#10059,1.);
#1514=VECTOR('',#10060,1.);
#1515=VECTOR('',#10061,1.);
#1516=VECTOR('',#10064,1.);
#1517=VECTOR('',#10065,1.);
#1518=VECTOR('',#10066,1.);
#1519=VECTOR('',#10089,1.);
#1520=VECTOR('',#10090,1.);
#1521=VECTOR('',#10091,1.);
#1522=VECTOR('',#10092,1.);
#1523=VECTOR('',#10095,1.);
#1524=VECTOR('',#10096,1.);
#1525=VECTOR('',#10097,1.);
#1526=VECTOR('',#10098,1.);
#1527=VECTOR('',#10111,1.);
#1528=VECTOR('',#10112,1.);
#1529=VECTOR('',#10113,1.);
#1530=VECTOR('',#10114,1.);
#1531=VECTOR('',#10119,1.);
#1532=VECTOR('',#10128,1.);
#1533=VECTOR('',#10129,1.);
#1534=VECTOR('',#10130,1.);
#1535=VECTOR('',#10133,1.);
#1536=VECTOR('',#10134,1.);
#1537=VECTOR('',#10135,1.);
#1538=VECTOR('',#10136,1.);
#1539=VECTOR('',#10139,1.);
#1540=VECTOR('',#10140,1.);
#1541=VECTOR('',#10141,1.);
#1542=VECTOR('',#10142,1.);
#1543=VECTOR('',#10155,1.);
#1544=VECTOR('',#10156,1.);
#1545=VECTOR('',#10157,1.);
#1546=VECTOR('',#10162,1.);
#1547=VECTOR('',#10167,1.);
#1548=VECTOR('',#10172,1.);
#1549=VECTOR('',#10177,1.);
#1550=VECTOR('',#10184,1.);
#1551=VECTOR('',#10185,1.);
#1552=VECTOR('',#10186,1.);
#1553=VECTOR('',#10189,1.);
#1554=VECTOR('',#10190,1.);
#1555=VECTOR('',#10191,1.);
#1556=VECTOR('',#10194,1.);
#1557=VECTOR('',#10195,1.);
#1558=VECTOR('',#10196,1.);
#1559=VECTOR('',#10199,1.);
#1560=VECTOR('',#10200,1.);
#1561=VECTOR('',#10201,1.);
#1562=VECTOR('',#10206,1.);
#1563=VECTOR('',#10225,1.);
#1564=VECTOR('',#10226,1.);
#1565=VECTOR('',#10227,1.);
#1566=VECTOR('',#10230,1.);
#1567=VECTOR('',#10231,1.);
#1568=VECTOR('',#10232,1.);
#1569=VECTOR('',#10235,1.);
#1570=VECTOR('',#10240,1.);
#1571=VECTOR('',#10247,1.);
#1572=VECTOR('',#10248,1.);
#1573=VECTOR('',#10249,1.);
#1574=VECTOR('',#10252,1.);
#1575=VECTOR('',#10253,1.);
#1576=VECTOR('',#10254,1.);
#1577=VECTOR('',#10257,1.);
#1578=VECTOR('',#10408,1.);
#1579=VECTOR('',#10553,1.);
#1580=VECTOR('',#10554,1.);
#1581=VECTOR('',#10555,1.);
#1582=VECTOR('',#10558,1.);
#1583=VECTOR('',#10559,1.);
#1584=VECTOR('',#10560,1.);
#1585=VECTOR('',#10567,1.);
#1586=VECTOR('',#10576,1.);
#1587=VECTOR('',#10591,1.);
#1588=VECTOR('',#10608,1.);
#1589=VECTOR('',#10647,1.);
#1590=VECTOR('',#10664,1.);
#1591=VECTOR('',#10665,1.);
#1592=VECTOR('',#10670,1.);
#1593=VECTOR('',#10673,1.);
#1594=VECTOR('',#10674,1.);
#1595=VECTOR('',#10677,1.);
#1596=VECTOR('',#10678,1.);
#1597=VECTOR('',#10681,1.);
#1598=VECTOR('',#10688,1.);
#1599=VECTOR('',#10691,1.);
#1600=VECTOR('',#10692,1.);
#1601=VECTOR('',#10695,1.);
#1602=VECTOR('',#10698,1.);
#1603=VECTOR('',#10703,1.);
#1604=VECTOR('',#10742,1.);
#1605=VECTOR('',#10743,1.);
#1606=VECTOR('',#10784,1.);
#1607=VECTOR('',#10791,1.);
#1608=VECTOR('',#10798,1.);
#1609=VECTOR('',#10801,1.);
#1610=VECTOR('',#10824,1.);
#1611=VECTOR('',#10827,1.);
#1612=VECTOR('',#10828,1.);
#1613=VECTOR('',#10837,1.);
#1614=VECTOR('',#10842,1.);
#1615=VECTOR('',#10843,1.);
#1616=VECTOR('',#10844,1.);
#1617=VECTOR('',#10905,1.);
#1618=VECTOR('',#10910,1.);
#1619=VECTOR('',#10913,1.);
#1620=VECTOR('',#10916,1.);
#1621=VECTOR('',#10919,1.);
#1622=VECTOR('',#10924,1.);
#1623=VECTOR('',#10925,1.);
#1624=VECTOR('',#10928,1.);
#1625=VECTOR('',#10933,1.);
#1626=VECTOR('',#10974,1.);
#1627=VECTOR('',#10979,1.);
#1628=ORIENTED_EDGE('',*,*,#3962,.T.);
#1629=ORIENTED_EDGE('',*,*,#3963,.T.);
#1630=ORIENTED_EDGE('',*,*,#3964,.T.);
#1631=ORIENTED_EDGE('',*,*,#3965,.T.);
#1632=ORIENTED_EDGE('',*,*,#3966,.T.);
#1633=ORIENTED_EDGE('',*,*,#3967,.T.);
#1634=ORIENTED_EDGE('',*,*,#3968,.T.);
#1635=ORIENTED_EDGE('',*,*,#3969,.T.);
#1636=ORIENTED_EDGE('',*,*,#3970,.T.);
#1637=ORIENTED_EDGE('',*,*,#3971,.T.);
#1638=ORIENTED_EDGE('',*,*,#3972,.T.);
#1639=ORIENTED_EDGE('',*,*,#3973,.T.);
#1640=ORIENTED_EDGE('',*,*,#3974,.T.);
#1641=ORIENTED_EDGE('',*,*,#3975,.T.);
#1642=ORIENTED_EDGE('',*,*,#3976,.T.);
#1643=ORIENTED_EDGE('',*,*,#3977,.T.);
#1644=ORIENTED_EDGE('',*,*,#3978,.F.);
#1645=ORIENTED_EDGE('',*,*,#3979,.T.);
#1646=ORIENTED_EDGE('',*,*,#3980,.T.);
#1647=ORIENTED_EDGE('',*,*,#3981,.T.);
#1648=ORIENTED_EDGE('',*,*,#3982,.T.);
#1649=ORIENTED_EDGE('',*,*,#3983,.T.);
#1650=ORIENTED_EDGE('',*,*,#3984,.F.);
#1651=ORIENTED_EDGE('',*,*,#3972,.F.);
#1652=ORIENTED_EDGE('',*,*,#3985,.T.);
#1653=ORIENTED_EDGE('',*,*,#3970,.F.);
#1654=ORIENTED_EDGE('',*,*,#3986,.T.);
#1655=ORIENTED_EDGE('',*,*,#3981,.F.);
#1656=ORIENTED_EDGE('',*,*,#3987,.T.);
#1657=ORIENTED_EDGE('',*,*,#3979,.F.);
#1658=ORIENTED_EDGE('',*,*,#3988,.F.);
#1659=ORIENTED_EDGE('',*,*,#3989,.F.);
#1660=ORIENTED_EDGE('',*,*,#3990,.F.);
#1661=ORIENTED_EDGE('',*,*,#3991,.T.);
#1662=ORIENTED_EDGE('',*,*,#3992,.T.);
#1663=ORIENTED_EDGE('',*,*,#3993,.T.);
#1664=ORIENTED_EDGE('',*,*,#3973,.F.);
#1665=ORIENTED_EDGE('',*,*,#3988,.T.);
#1666=ORIENTED_EDGE('',*,*,#3984,.T.);
#1667=ORIENTED_EDGE('',*,*,#3994,.T.);
#1668=ORIENTED_EDGE('',*,*,#3995,.T.);
#1669=ORIENTED_EDGE('',*,*,#3996,.T.);
#1670=ORIENTED_EDGE('',*,*,#3997,.F.);
#1671=ORIENTED_EDGE('',*,*,#3998,.T.);
#1672=ORIENTED_EDGE('',*,*,#3999,.T.);
#1673=ORIENTED_EDGE('',*,*,#4000,.T.);
#1674=ORIENTED_EDGE('',*,*,#4001,.T.);
#1675=ORIENTED_EDGE('',*,*,#4002,.T.);
#1676=ORIENTED_EDGE('',*,*,#4003,.T.);
#1677=ORIENTED_EDGE('',*,*,#4004,.T.);
#1678=ORIENTED_EDGE('',*,*,#4005,.T.);
#1679=ORIENTED_EDGE('',*,*,#4006,.T.);
#1680=ORIENTED_EDGE('',*,*,#4007,.T.);
#1681=ORIENTED_EDGE('',*,*,#4008,.T.);
#1682=ORIENTED_EDGE('',*,*,#4009,.T.);
#1683=ORIENTED_EDGE('',*,*,#4010,.T.);
#1684=ORIENTED_EDGE('',*,*,#4011,.T.);
#1685=ORIENTED_EDGE('',*,*,#4012,.T.);
#1686=ORIENTED_EDGE('',*,*,#4013,.T.);
#1687=ORIENTED_EDGE('',*,*,#4014,.T.);
#1688=ORIENTED_EDGE('',*,*,#4015,.T.);
#1689=ORIENTED_EDGE('',*,*,#4016,.T.);
#1690=ORIENTED_EDGE('',*,*,#4017,.T.);
#1691=ORIENTED_EDGE('',*,*,#4018,.T.);
#1692=ORIENTED_EDGE('',*,*,#4019,.F.);
#1693=ORIENTED_EDGE('',*,*,#4020,.T.);
#1694=ORIENTED_EDGE('',*,*,#4021,.T.);
#1695=ORIENTED_EDGE('',*,*,#4022,.F.);
#1696=ORIENTED_EDGE('',*,*,#4023,.F.);
#1697=ORIENTED_EDGE('',*,*,#4024,.T.);
#1698=ORIENTED_EDGE('',*,*,#4025,.T.);
#1699=ORIENTED_EDGE('',*,*,#4026,.F.);
#1700=ORIENTED_EDGE('',*,*,#4027,.T.);
#1701=ORIENTED_EDGE('',*,*,#4028,.T.);
#1702=ORIENTED_EDGE('',*,*,#4029,.F.);
#1703=ORIENTED_EDGE('',*,*,#4030,.T.);
#1704=ORIENTED_EDGE('',*,*,#4031,.F.);
#1705=ORIENTED_EDGE('',*,*,#4032,.T.);
#1706=ORIENTED_EDGE('',*,*,#4033,.T.);
#1707=ORIENTED_EDGE('',*,*,#4034,.T.);
#1708=ORIENTED_EDGE('',*,*,#4035,.F.);
#1709=ORIENTED_EDGE('',*,*,#4036,.T.);
#1710=ORIENTED_EDGE('',*,*,#4037,.F.);
#1711=ORIENTED_EDGE('',*,*,#4038,.F.);
#1712=ORIENTED_EDGE('',*,*,#4032,.F.);
#1713=ORIENTED_EDGE('',*,*,#4039,.F.);
#1714=ORIENTED_EDGE('',*,*,#4034,.F.);
#1715=ORIENTED_EDGE('',*,*,#4040,.F.);
#1716=ORIENTED_EDGE('',*,*,#4041,.F.);
#1717=ORIENTED_EDGE('',*,*,#4042,.T.);
#1718=ORIENTED_EDGE('',*,*,#4043,.F.);
#1719=ORIENTED_EDGE('',*,*,#4018,.F.);
#1720=ORIENTED_EDGE('',*,*,#4044,.F.);
#1721=ORIENTED_EDGE('',*,*,#4045,.T.);
#1722=ORIENTED_EDGE('',*,*,#4046,.F.);
#1723=ORIENTED_EDGE('',*,*,#4047,.T.);
#1724=ORIENTED_EDGE('',*,*,#4048,.F.);
#1725=ORIENTED_EDGE('',*,*,#4016,.F.);
#1726=ORIENTED_EDGE('',*,*,#4049,.F.);
#1727=ORIENTED_EDGE('',*,*,#4005,.F.);
#1728=ORIENTED_EDGE('',*,*,#4050,.F.);
#1729=ORIENTED_EDGE('',*,*,#4020,.F.);
#1730=ORIENTED_EDGE('',*,*,#4051,.F.);
#1731=ORIENTED_EDGE('',*,*,#4006,.F.);
#1732=ORIENTED_EDGE('',*,*,#4052,.T.);
#1733=ORIENTED_EDGE('',*,*,#3992,.F.);
#1734=ORIENTED_EDGE('',*,*,#4053,.F.);
#1735=ORIENTED_EDGE('',*,*,#4054,.F.);
#1736=ORIENTED_EDGE('',*,*,#4055,.T.);
#1737=ORIENTED_EDGE('',*,*,#4056,.T.);
#1738=ORIENTED_EDGE('',*,*,#4057,.F.);
#1739=ORIENTED_EDGE('',*,*,#4058,.F.);
#1740=ORIENTED_EDGE('',*,*,#4059,.F.);
#1741=ORIENTED_EDGE('',*,*,#4060,.T.);
#1742=ORIENTED_EDGE('',*,*,#4061,.T.);
#1743=ORIENTED_EDGE('',*,*,#4062,.F.);
#1744=ORIENTED_EDGE('',*,*,#4063,.T.);
#1745=ORIENTED_EDGE('',*,*,#4064,.T.);
#1746=ORIENTED_EDGE('',*,*,#4065,.T.);
#1747=ORIENTED_EDGE('',*,*,#4066,.T.);
#1748=ORIENTED_EDGE('',*,*,#4067,.T.);
#1749=ORIENTED_EDGE('',*,*,#4068,.T.);
#1750=ORIENTED_EDGE('',*,*,#4054,.T.);
#1751=ORIENTED_EDGE('',*,*,#4069,.T.);
#1752=ORIENTED_EDGE('',*,*,#4070,.F.);
#1753=ORIENTED_EDGE('',*,*,#4071,.F.);
#1754=ORIENTED_EDGE('',*,*,#4072,.F.);
#1755=ORIENTED_EDGE('',*,*,#4073,.T.);
#1756=ORIENTED_EDGE('',*,*,#4074,.F.);
#1757=ORIENTED_EDGE('',*,*,#4075,.F.);
#1758=ORIENTED_EDGE('',*,*,#4076,.T.);
#1759=ORIENTED_EDGE('',*,*,#4075,.T.);
#1760=ORIENTED_EDGE('',*,*,#4077,.T.);
#1761=ORIENTED_EDGE('',*,*,#4078,.T.);
#1762=ORIENTED_EDGE('',*,*,#4079,.F.);
#1763=ORIENTED_EDGE('',*,*,#4080,.F.);
#1764=ORIENTED_EDGE('',*,*,#4081,.T.);
#1765=ORIENTED_EDGE('',*,*,#4082,.T.);
#1766=ORIENTED_EDGE('',*,*,#4083,.F.);
#1767=ORIENTED_EDGE('',*,*,#4084,.F.);
#1768=ORIENTED_EDGE('',*,*,#4085,.T.);
#1769=ORIENTED_EDGE('',*,*,#4086,.T.);
#1770=ORIENTED_EDGE('',*,*,#4087,.T.);
#1771=ORIENTED_EDGE('',*,*,#4088,.T.);
#1772=ORIENTED_EDGE('',*,*,#4089,.T.);
#1773=ORIENTED_EDGE('',*,*,#4090,.T.);
#1774=ORIENTED_EDGE('',*,*,#4091,.T.);
#1775=ORIENTED_EDGE('',*,*,#4092,.T.);
#1776=ORIENTED_EDGE('',*,*,#4093,.T.);
#1777=ORIENTED_EDGE('',*,*,#4094,.T.);
#1778=ORIENTED_EDGE('',*,*,#4095,.T.);
#1779=ORIENTED_EDGE('',*,*,#4096,.T.);
#1780=ORIENTED_EDGE('',*,*,#4097,.T.);
#1781=ORIENTED_EDGE('',*,*,#4098,.T.);
#1782=ORIENTED_EDGE('',*,*,#4099,.T.);
#1783=ORIENTED_EDGE('',*,*,#4100,.F.);
#1784=ORIENTED_EDGE('',*,*,#4072,.T.);
#1785=ORIENTED_EDGE('',*,*,#4101,.T.);
#1786=ORIENTED_EDGE('',*,*,#4102,.T.);
#1787=ORIENTED_EDGE('',*,*,#4103,.T.);
#1788=ORIENTED_EDGE('',*,*,#4104,.F.);
#1789=ORIENTED_EDGE('',*,*,#4069,.F.);
#1790=ORIENTED_EDGE('',*,*,#4100,.T.);
#1791=ORIENTED_EDGE('',*,*,#4104,.T.);
#1792=ORIENTED_EDGE('',*,*,#4105,.T.);
#1793=ORIENTED_EDGE('',*,*,#4106,.T.);
#1794=ORIENTED_EDGE('',*,*,#4107,.F.);
#1795=ORIENTED_EDGE('',*,*,#4070,.T.);
#1796=ORIENTED_EDGE('',*,*,#4107,.T.);
#1797=ORIENTED_EDGE('',*,*,#4108,.T.);
#1798=ORIENTED_EDGE('',*,*,#4109,.T.);
#1799=ORIENTED_EDGE('',*,*,#4101,.F.);
#1800=ORIENTED_EDGE('',*,*,#4071,.T.);
#1801=ORIENTED_EDGE('',*,*,#4110,.T.);
#1802=ORIENTED_EDGE('',*,*,#4111,.T.);
#1803=ORIENTED_EDGE('',*,*,#4112,.T.);
#1804=ORIENTED_EDGE('',*,*,#4113,.T.);
#1805=ORIENTED_EDGE('',*,*,#4098,.F.);
#1806=ORIENTED_EDGE('',*,*,#4109,.F.);
#1807=ORIENTED_EDGE('',*,*,#4114,.F.);
#1808=ORIENTED_EDGE('',*,*,#4113,.F.);
#1809=ORIENTED_EDGE('',*,*,#4115,.F.);
#1810=ORIENTED_EDGE('',*,*,#4108,.F.);
#1811=ORIENTED_EDGE('',*,*,#4106,.F.);
#1812=ORIENTED_EDGE('',*,*,#4116,.F.);
#1813=ORIENTED_EDGE('',*,*,#4110,.F.);
#1814=ORIENTED_EDGE('',*,*,#4114,.T.);
#1815=ORIENTED_EDGE('',*,*,#4115,.T.);
#1816=ORIENTED_EDGE('',*,*,#4112,.F.);
#1817=ORIENTED_EDGE('',*,*,#4117,.F.);
#1818=ORIENTED_EDGE('',*,*,#4102,.F.);
#1819=ORIENTED_EDGE('',*,*,#4099,.F.);
#1820=ORIENTED_EDGE('',*,*,#4105,.F.);
#1821=ORIENTED_EDGE('',*,*,#4103,.F.);
#1822=ORIENTED_EDGE('',*,*,#4117,.T.);
#1823=ORIENTED_EDGE('',*,*,#4111,.F.);
#1824=ORIENTED_EDGE('',*,*,#4116,.T.);
#1825=ORIENTED_EDGE('',*,*,#4076,.F.);
#1826=ORIENTED_EDGE('',*,*,#4083,.T.);
#1827=ORIENTED_EDGE('',*,*,#4118,.F.);
#1828=ORIENTED_EDGE('',*,*,#4119,.T.);
#1829=ORIENTED_EDGE('',*,*,#4120,.F.);
#1830=ORIENTED_EDGE('',*,*,#4121,.T.);
#1831=ORIENTED_EDGE('',*,*,#4077,.F.);
#1832=ORIENTED_EDGE('',*,*,#4074,.T.);
#1833=ORIENTED_EDGE('',*,*,#4122,.T.);
#1834=ORIENTED_EDGE('',*,*,#4123,.T.);
#1835=ORIENTED_EDGE('',*,*,#4124,.T.);
#1836=ORIENTED_EDGE('',*,*,#4125,.T.);
#1837=ORIENTED_EDGE('',*,*,#4120,.T.);
#1838=ORIENTED_EDGE('',*,*,#4126,.T.);
#1839=ORIENTED_EDGE('',*,*,#4123,.F.);
#1840=ORIENTED_EDGE('',*,*,#4127,.T.);
#1841=ORIENTED_EDGE('',*,*,#4125,.F.);
#1842=ORIENTED_EDGE('',*,*,#4128,.T.);
#1843=ORIENTED_EDGE('',*,*,#4118,.T.);
#1844=ORIENTED_EDGE('',*,*,#4082,.F.);
#1845=ORIENTED_EDGE('',*,*,#4129,.F.);
#1846=ORIENTED_EDGE('',*,*,#4130,.F.);
#1847=ORIENTED_EDGE('',*,*,#4131,.F.);
#1848=ORIENTED_EDGE('',*,*,#4132,.T.);
#1849=ORIENTED_EDGE('',*,*,#4078,.F.);
#1850=ORIENTED_EDGE('',*,*,#4133,.F.);
#1851=ORIENTED_EDGE('',*,*,#4134,.F.);
#1852=ORIENTED_EDGE('',*,*,#4080,.T.);
#1853=ORIENTED_EDGE('',*,*,#4135,.T.);
#1854=ORIENTED_EDGE('',*,*,#4136,.F.);
#1855=ORIENTED_EDGE('',*,*,#4137,.F.);
#1856=ORIENTED_EDGE('',*,*,#4138,.T.);
#1857=ORIENTED_EDGE('',*,*,#4139,.T.);
#1858=ORIENTED_EDGE('',*,*,#4140,.T.);
#1859=ORIENTED_EDGE('',*,*,#3989,.T.);
#1860=ORIENTED_EDGE('',*,*,#4141,.T.);
#1861=ORIENTED_EDGE('',*,*,#4142,.F.);
#1862=ORIENTED_EDGE('',*,*,#4143,.F.);
#1863=ORIENTED_EDGE('',*,*,#4144,.F.);
#1864=ORIENTED_EDGE('',*,*,#4145,.T.);
#1865=ORIENTED_EDGE('',*,*,#4146,.F.);
#1866=ORIENTED_EDGE('',*,*,#4147,.T.);
#1867=ORIENTED_EDGE('',*,*,#4148,.T.);
#1868=ORIENTED_EDGE('',*,*,#4149,.T.);
#1869=ORIENTED_EDGE('',*,*,#4035,.T.);
#1870=ORIENTED_EDGE('',*,*,#4031,.T.);
#1871=ORIENTED_EDGE('',*,*,#4039,.T.);
#1872=ORIENTED_EDGE('',*,*,#4150,.F.);
#1873=ORIENTED_EDGE('',*,*,#3991,.F.);
#1874=ORIENTED_EDGE('',*,*,#4151,.F.);
#1875=ORIENTED_EDGE('',*,*,#4140,.F.);
#1876=ORIENTED_EDGE('',*,*,#4152,.T.);
#1877=ORIENTED_EDGE('',*,*,#4153,.F.);
#1878=ORIENTED_EDGE('',*,*,#4154,.T.);
#1879=ORIENTED_EDGE('',*,*,#4151,.T.);
#1880=ORIENTED_EDGE('',*,*,#3990,.T.);
#1881=ORIENTED_EDGE('',*,*,#4155,.T.);
#1882=ORIENTED_EDGE('',*,*,#4156,.T.);
#1883=ORIENTED_EDGE('',*,*,#4157,.T.);
#1884=ORIENTED_EDGE('',*,*,#4158,.T.);
#1885=ORIENTED_EDGE('',*,*,#4159,.T.);
#1886=ORIENTED_EDGE('',*,*,#4160,.T.);
#1887=ORIENTED_EDGE('',*,*,#4161,.T.);
#1888=ORIENTED_EDGE('',*,*,#4162,.T.);
#1889=ORIENTED_EDGE('',*,*,#4163,.T.);
#1890=ORIENTED_EDGE('',*,*,#4164,.T.);
#1891=ORIENTED_EDGE('',*,*,#4165,.T.);
#1892=ORIENTED_EDGE('',*,*,#4166,.T.);
#1893=ORIENTED_EDGE('',*,*,#4167,.T.);
#1894=ORIENTED_EDGE('',*,*,#4131,.T.);
#1895=ORIENTED_EDGE('',*,*,#4168,.T.);
#1896=ORIENTED_EDGE('',*,*,#4169,.F.);
#1897=ORIENTED_EDGE('',*,*,#4170,.F.);
#1898=ORIENTED_EDGE('',*,*,#4171,.T.);
#1899=ORIENTED_EDGE('',*,*,#4172,.T.);
#1900=ORIENTED_EDGE('',*,*,#4173,.T.);
#1901=ORIENTED_EDGE('',*,*,#4174,.T.);
#1902=ORIENTED_EDGE('',*,*,#4175,.T.);
#1903=ORIENTED_EDGE('',*,*,#4176,.T.);
#1904=ORIENTED_EDGE('',*,*,#4177,.T.);
#1905=ORIENTED_EDGE('',*,*,#4178,.T.);
#1906=ORIENTED_EDGE('',*,*,#4136,.T.);
#1907=ORIENTED_EDGE('',*,*,#4179,.T.);
#1908=ORIENTED_EDGE('',*,*,#4180,.T.);
#1909=ORIENTED_EDGE('',*,*,#4181,.T.);
#1910=ORIENTED_EDGE('',*,*,#4182,.T.);
#1911=ORIENTED_EDGE('',*,*,#4058,.T.);
#1912=ORIENTED_EDGE('',*,*,#4183,.T.);
#1913=ORIENTED_EDGE('',*,*,#4184,.T.);
#1914=ORIENTED_EDGE('',*,*,#4185,.T.);
#1915=ORIENTED_EDGE('',*,*,#4186,.T.);
#1916=ORIENTED_EDGE('',*,*,#3978,.T.);
#1917=ORIENTED_EDGE('',*,*,#4187,.T.);
#1918=ORIENTED_EDGE('',*,*,#4188,.T.);
#1919=ORIENTED_EDGE('',*,*,#4022,.T.);
#1920=ORIENTED_EDGE('',*,*,#4189,.T.);
#1921=ORIENTED_EDGE('',*,*,#4190,.T.);
#1922=ORIENTED_EDGE('',*,*,#4183,.F.);
#1923=ORIENTED_EDGE('',*,*,#4057,.T.);
#1924=ORIENTED_EDGE('',*,*,#4191,.T.);
#1925=ORIENTED_EDGE('',*,*,#4192,.T.);
#1926=ORIENTED_EDGE('',*,*,#4193,.T.);
#1927=ORIENTED_EDGE('',*,*,#4194,.F.);
#1928=ORIENTED_EDGE('',*,*,#4195,.F.);
#1929=ORIENTED_EDGE('',*,*,#4196,.F.);
#1930=ORIENTED_EDGE('',*,*,#4197,.T.);
#1931=ORIENTED_EDGE('',*,*,#4198,.T.);
#1932=ORIENTED_EDGE('',*,*,#4059,.T.);
#1933=ORIENTED_EDGE('',*,*,#4185,.F.);
#1934=ORIENTED_EDGE('',*,*,#4199,.T.);
#1935=ORIENTED_EDGE('',*,*,#4200,.T.);
#1936=ORIENTED_EDGE('',*,*,#4201,.T.);
#1937=ORIENTED_EDGE('',*,*,#4202,.F.);
#1938=ORIENTED_EDGE('',*,*,#4203,.T.);
#1939=ORIENTED_EDGE('',*,*,#4204,.F.);
#1940=ORIENTED_EDGE('',*,*,#4205,.T.);
#1941=ORIENTED_EDGE('',*,*,#4029,.T.);
#1942=ORIENTED_EDGE('',*,*,#4206,.T.);
#1943=ORIENTED_EDGE('',*,*,#4207,.F.);
#1944=ORIENTED_EDGE('',*,*,#4208,.F.);
#1945=ORIENTED_EDGE('',*,*,#4209,.F.);
#1946=ORIENTED_EDGE('',*,*,#4210,.F.);
#1947=ORIENTED_EDGE('',*,*,#4211,.T.);
#1948=ORIENTED_EDGE('',*,*,#4212,.T.);
#1949=ORIENTED_EDGE('',*,*,#4213,.T.);
#1950=ORIENTED_EDGE('',*,*,#4202,.T.);
#1951=ORIENTED_EDGE('',*,*,#4214,.F.);
#1952=ORIENTED_EDGE('',*,*,#4215,.F.);
#1953=ORIENTED_EDGE('',*,*,#4216,.T.);
#1954=ORIENTED_EDGE('',*,*,#4217,.T.);
#1955=ORIENTED_EDGE('',*,*,#4218,.T.);
#1956=ORIENTED_EDGE('',*,*,#4219,.T.);
#1957=ORIENTED_EDGE('',*,*,#4194,.T.);
#1958=ORIENTED_EDGE('',*,*,#4028,.F.);
#1959=ORIENTED_EDGE('',*,*,#4220,.T.);
#1960=ORIENTED_EDGE('',*,*,#4214,.T.);
#1961=ORIENTED_EDGE('',*,*,#4206,.F.);
#1962=ORIENTED_EDGE('',*,*,#4221,.F.);
#1963=ORIENTED_EDGE('',*,*,#4222,.T.);
#1964=ORIENTED_EDGE('',*,*,#4223,.T.);
#1965=ORIENTED_EDGE('',*,*,#4224,.T.);
#1966=ORIENTED_EDGE('',*,*,#4225,.T.);
#1967=ORIENTED_EDGE('',*,*,#4226,.T.);
#1968=ORIENTED_EDGE('',*,*,#4227,.F.);
#1969=ORIENTED_EDGE('',*,*,#4228,.T.);
#1970=ORIENTED_EDGE('',*,*,#4229,.F.);
#1971=ORIENTED_EDGE('',*,*,#4230,.T.);
#1972=ORIENTED_EDGE('',*,*,#4231,.F.);
#1973=ORIENTED_EDGE('',*,*,#4232,.T.);
#1974=ORIENTED_EDGE('',*,*,#4233,.T.);
#1975=ORIENTED_EDGE('',*,*,#4234,.T.);
#1976=ORIENTED_EDGE('',*,*,#4235,.T.);
#1977=ORIENTED_EDGE('',*,*,#4236,.T.);
#1978=ORIENTED_EDGE('',*,*,#4237,.T.);
#1979=ORIENTED_EDGE('',*,*,#4238,.T.);
#1980=ORIENTED_EDGE('',*,*,#4239,.F.);
#1981=ORIENTED_EDGE('',*,*,#4240,.T.);
#1982=ORIENTED_EDGE('',*,*,#4241,.F.);
#1983=ORIENTED_EDGE('',*,*,#4242,.T.);
#1984=ORIENTED_EDGE('',*,*,#4243,.T.);
#1985=ORIENTED_EDGE('',*,*,#4244,.T.);
#1986=ORIENTED_EDGE('',*,*,#4245,.T.);
#1987=ORIENTED_EDGE('',*,*,#4246,.T.);
#1988=ORIENTED_EDGE('',*,*,#4247,.T.);
#1989=ORIENTED_EDGE('',*,*,#4248,.T.);
#1990=ORIENTED_EDGE('',*,*,#4249,.F.);
#1991=ORIENTED_EDGE('',*,*,#4250,.T.);
#1992=ORIENTED_EDGE('',*,*,#4251,.F.);
#1993=ORIENTED_EDGE('',*,*,#4252,.T.);
#1994=ORIENTED_EDGE('',*,*,#4253,.T.);
#1995=ORIENTED_EDGE('',*,*,#4254,.T.);
#1996=ORIENTED_EDGE('',*,*,#4255,.T.);
#1997=ORIENTED_EDGE('',*,*,#4256,.T.);
#1998=ORIENTED_EDGE('',*,*,#4257,.F.);
#1999=ORIENTED_EDGE('',*,*,#4258,.T.);
#2000=ORIENTED_EDGE('',*,*,#4259,.F.);
#2001=ORIENTED_EDGE('',*,*,#4260,.T.);
#2002=ORIENTED_EDGE('',*,*,#4261,.T.);
#2003=ORIENTED_EDGE('',*,*,#4262,.T.);
#2004=ORIENTED_EDGE('',*,*,#4263,.F.);
#2005=ORIENTED_EDGE('',*,*,#4264,.T.);
#2006=ORIENTED_EDGE('',*,*,#4265,.F.);
#2007=ORIENTED_EDGE('',*,*,#4266,.T.);
#2008=ORIENTED_EDGE('',*,*,#4267,.T.);
#2009=ORIENTED_EDGE('',*,*,#4268,.T.);
#2010=ORIENTED_EDGE('',*,*,#4269,.T.);
#2011=ORIENTED_EDGE('',*,*,#4270,.T.);
#2012=ORIENTED_EDGE('',*,*,#4271,.T.);
#2013=ORIENTED_EDGE('',*,*,#4272,.T.);
#2014=ORIENTED_EDGE('',*,*,#4273,.F.);
#2015=ORIENTED_EDGE('',*,*,#4274,.T.);
#2016=ORIENTED_EDGE('',*,*,#4275,.F.);
#2017=ORIENTED_EDGE('',*,*,#4276,.T.);
#2018=ORIENTED_EDGE('',*,*,#4277,.T.);
#2019=ORIENTED_EDGE('',*,*,#4278,.T.);
#2020=ORIENTED_EDGE('',*,*,#4279,.T.);
#2021=ORIENTED_EDGE('',*,*,#4280,.T.);
#2022=ORIENTED_EDGE('',*,*,#4281,.F.);
#2023=ORIENTED_EDGE('',*,*,#4282,.T.);
#2024=ORIENTED_EDGE('',*,*,#4283,.F.);
#2025=ORIENTED_EDGE('',*,*,#4284,.T.);
#2026=ORIENTED_EDGE('',*,*,#4285,.T.);
#2027=ORIENTED_EDGE('',*,*,#4286,.T.);
#2028=ORIENTED_EDGE('',*,*,#4287,.T.);
#2029=ORIENTED_EDGE('',*,*,#4288,.T.);
#2030=ORIENTED_EDGE('',*,*,#4289,.T.);
#2031=ORIENTED_EDGE('',*,*,#4290,.F.);
#2032=ORIENTED_EDGE('',*,*,#4291,.T.);
#2033=ORIENTED_EDGE('',*,*,#4292,.F.);
#2034=ORIENTED_EDGE('',*,*,#4293,.T.);
#2035=ORIENTED_EDGE('',*,*,#4294,.T.);
#2036=ORIENTED_EDGE('',*,*,#4295,.T.);
#2037=ORIENTED_EDGE('',*,*,#4296,.T.);
#2038=ORIENTED_EDGE('',*,*,#4297,.T.);
#2039=ORIENTED_EDGE('',*,*,#4298,.F.);
#2040=ORIENTED_EDGE('',*,*,#4299,.T.);
#2041=ORIENTED_EDGE('',*,*,#4300,.F.);
#2042=ORIENTED_EDGE('',*,*,#4301,.T.);
#2043=ORIENTED_EDGE('',*,*,#4302,.T.);
#2044=ORIENTED_EDGE('',*,*,#4303,.T.);
#2045=ORIENTED_EDGE('',*,*,#4304,.T.);
#2046=ORIENTED_EDGE('',*,*,#4305,.T.);
#2047=ORIENTED_EDGE('',*,*,#4306,.F.);
#2048=ORIENTED_EDGE('',*,*,#4307,.T.);
#2049=ORIENTED_EDGE('',*,*,#4308,.F.);
#2050=ORIENTED_EDGE('',*,*,#4309,.T.);
#2051=ORIENTED_EDGE('',*,*,#4310,.T.);
#2052=ORIENTED_EDGE('',*,*,#4311,.T.);
#2053=ORIENTED_EDGE('',*,*,#4312,.T.);
#2054=ORIENTED_EDGE('',*,*,#4313,.T.);
#2055=ORIENTED_EDGE('',*,*,#4314,.F.);
#2056=ORIENTED_EDGE('',*,*,#4315,.T.);
#2057=ORIENTED_EDGE('',*,*,#4316,.F.);
#2058=ORIENTED_EDGE('',*,*,#4317,.T.);
#2059=ORIENTED_EDGE('',*,*,#4318,.T.);
#2060=ORIENTED_EDGE('',*,*,#4319,.T.);
#2061=ORIENTED_EDGE('',*,*,#4320,.T.);
#2062=ORIENTED_EDGE('',*,*,#4321,.T.);
#2063=ORIENTED_EDGE('',*,*,#4322,.T.);
#2064=ORIENTED_EDGE('',*,*,#4319,.F.);
#2065=ORIENTED_EDGE('',*,*,#4323,.T.);
#2066=ORIENTED_EDGE('',*,*,#4084,.T.);
#2067=ORIENTED_EDGE('',*,*,#4324,.T.);
#2068=ORIENTED_EDGE('',*,*,#4325,.T.);
#2069=ORIENTED_EDGE('',*,*,#4326,.T.);
#2070=ORIENTED_EDGE('',*,*,#3997,.T.);
#2071=ORIENTED_EDGE('',*,*,#4327,.T.);
#2072=ORIENTED_EDGE('',*,*,#4328,.T.);
#2073=ORIENTED_EDGE('',*,*,#4329,.T.);
#2074=ORIENTED_EDGE('',*,*,#4330,.T.);
#2075=ORIENTED_EDGE('',*,*,#4331,.T.);
#2076=ORIENTED_EDGE('',*,*,#3995,.F.);
#2077=ORIENTED_EDGE('',*,*,#4332,.T.);
#2078=ORIENTED_EDGE('',*,*,#4333,.T.);
#2079=ORIENTED_EDGE('',*,*,#4334,.F.);
#2080=ORIENTED_EDGE('',*,*,#4335,.T.);
#2081=ORIENTED_EDGE('',*,*,#4336,.F.);
#2082=ORIENTED_EDGE('',*,*,#4095,.F.);
#2083=ORIENTED_EDGE('',*,*,#4337,.F.);
#2084=ORIENTED_EDGE('',*,*,#4338,.T.);
#2085=ORIENTED_EDGE('',*,*,#4334,.T.);
#2086=ORIENTED_EDGE('',*,*,#4094,.F.);
#2087=ORIENTED_EDGE('',*,*,#4336,.T.);
#2088=ORIENTED_EDGE('',*,*,#4339,.T.);
#2089=ORIENTED_EDGE('',*,*,#4340,.F.);
#2090=ORIENTED_EDGE('',*,*,#4096,.F.);
#2091=ORIENTED_EDGE('',*,*,#4341,.F.);
#2092=ORIENTED_EDGE('',*,*,#4342,.T.);
#2093=ORIENTED_EDGE('',*,*,#4337,.T.);
#2094=ORIENTED_EDGE('',*,*,#4093,.F.);
#2095=ORIENTED_EDGE('',*,*,#4340,.T.);
#2096=ORIENTED_EDGE('',*,*,#4343,.T.);
#2097=ORIENTED_EDGE('',*,*,#4344,.F.);
#2098=ORIENTED_EDGE('',*,*,#4097,.F.);
#2099=ORIENTED_EDGE('',*,*,#4345,.F.);
#2100=ORIENTED_EDGE('',*,*,#4346,.T.);
#2101=ORIENTED_EDGE('',*,*,#4341,.T.);
#2102=ORIENTED_EDGE('',*,*,#4092,.F.);
#2103=ORIENTED_EDGE('',*,*,#4344,.T.);
#2104=ORIENTED_EDGE('',*,*,#4347,.T.);
#2105=ORIENTED_EDGE('',*,*,#4348,.F.);
#2106=ORIENTED_EDGE('',*,*,#4090,.F.);
#2107=ORIENTED_EDGE('',*,*,#4348,.T.);
#2108=ORIENTED_EDGE('',*,*,#4349,.T.);
#2109=ORIENTED_EDGE('',*,*,#4345,.T.);
#2110=ORIENTED_EDGE('',*,*,#4091,.F.);
#2111=ORIENTED_EDGE('',*,*,#4350,.F.);
#2112=ORIENTED_EDGE('',*,*,#4338,.F.);
#2113=ORIENTED_EDGE('',*,*,#4351,.F.);
#2114=ORIENTED_EDGE('',*,*,#4164,.F.);
#2115=ORIENTED_EDGE('',*,*,#4351,.T.);
#2116=ORIENTED_EDGE('',*,*,#4342,.F.);
#2117=ORIENTED_EDGE('',*,*,#4352,.F.);
#2118=ORIENTED_EDGE('',*,*,#4165,.F.);
#2119=ORIENTED_EDGE('',*,*,#4350,.T.);
#2120=ORIENTED_EDGE('',*,*,#4163,.F.);
#2121=ORIENTED_EDGE('',*,*,#4353,.F.);
#2122=ORIENTED_EDGE('',*,*,#4335,.F.);
#2123=ORIENTED_EDGE('',*,*,#4352,.T.);
#2124=ORIENTED_EDGE('',*,*,#4346,.F.);
#2125=ORIENTED_EDGE('',*,*,#4354,.F.);
#2126=ORIENTED_EDGE('',*,*,#4166,.F.);
#2127=ORIENTED_EDGE('',*,*,#4353,.T.);
#2128=ORIENTED_EDGE('',*,*,#4162,.F.);
#2129=ORIENTED_EDGE('',*,*,#4355,.F.);
#2130=ORIENTED_EDGE('',*,*,#4339,.F.);
#2131=ORIENTED_EDGE('',*,*,#4354,.T.);
#2132=ORIENTED_EDGE('',*,*,#4349,.F.);
#2133=ORIENTED_EDGE('',*,*,#4356,.F.);
#2134=ORIENTED_EDGE('',*,*,#4159,.F.);
#2135=ORIENTED_EDGE('',*,*,#4355,.T.);
#2136=ORIENTED_EDGE('',*,*,#4161,.F.);
#2137=ORIENTED_EDGE('',*,*,#4357,.F.);
#2138=ORIENTED_EDGE('',*,*,#4343,.F.);
#2139=ORIENTED_EDGE('',*,*,#4356,.T.);
#2140=ORIENTED_EDGE('',*,*,#4347,.F.);
#2141=ORIENTED_EDGE('',*,*,#4357,.T.);
#2142=ORIENTED_EDGE('',*,*,#4160,.F.);
#2143=ORIENTED_EDGE('',*,*,#4358,.T.);
#2144=ORIENTED_EDGE('',*,*,#4359,.T.);
#2145=ORIENTED_EDGE('',*,*,#4177,.F.);
#2146=ORIENTED_EDGE('',*,*,#4360,.T.);
#2147=ORIENTED_EDGE('',*,*,#4361,.T.);
#2148=ORIENTED_EDGE('',*,*,#4362,.T.);
#2149=ORIENTED_EDGE('',*,*,#4358,.F.);
#2150=ORIENTED_EDGE('',*,*,#4363,.T.);
#2151=ORIENTED_EDGE('',*,*,#4227,.T.);
#2152=ORIENTED_EDGE('',*,*,#4364,.F.);
#2153=ORIENTED_EDGE('',*,*,#4365,.T.);
#2154=ORIENTED_EDGE('',*,*,#4366,.F.);
#2155=ORIENTED_EDGE('',*,*,#4367,.F.);
#2156=ORIENTED_EDGE('',*,*,#4368,.F.);
#2157=ORIENTED_EDGE('',*,*,#4369,.F.);
#2158=ORIENTED_EDGE('',*,*,#4225,.F.);
#2159=ORIENTED_EDGE('',*,*,#4370,.F.);
#2160=ORIENTED_EDGE('',*,*,#4371,.T.);
#2161=ORIENTED_EDGE('',*,*,#4372,.F.);
#2162=ORIENTED_EDGE('',*,*,#4373,.F.);
#2163=ORIENTED_EDGE('',*,*,#4223,.F.);
#2164=ORIENTED_EDGE('',*,*,#4374,.F.);
#2165=ORIENTED_EDGE('',*,*,#4375,.T.);
#2166=ORIENTED_EDGE('',*,*,#4376,.F.);
#2167=ORIENTED_EDGE('',*,*,#4221,.T.);
#2168=ORIENTED_EDGE('',*,*,#4377,.F.);
#2169=ORIENTED_EDGE('',*,*,#4378,.T.);
#2170=ORIENTED_EDGE('',*,*,#4379,.T.);
#2171=ORIENTED_EDGE('',*,*,#4380,.F.);
#2172=ORIENTED_EDGE('',*,*,#4367,.T.);
#2173=ORIENTED_EDGE('',*,*,#4224,.F.);
#2174=ORIENTED_EDGE('',*,*,#4373,.T.);
#2175=ORIENTED_EDGE('',*,*,#4376,.T.);
#2176=ORIENTED_EDGE('',*,*,#4381,.T.);
#2177=ORIENTED_EDGE('',*,*,#4382,.T.);
#2178=ORIENTED_EDGE('',*,*,#4383,.F.);
#2179=ORIENTED_EDGE('',*,*,#4374,.T.);
#2180=ORIENTED_EDGE('',*,*,#4222,.F.);
#2181=ORIENTED_EDGE('',*,*,#4384,.F.);
#2182=ORIENTED_EDGE('',*,*,#4385,.T.);
#2183=ORIENTED_EDGE('',*,*,#4386,.T.);
#2184=ORIENTED_EDGE('',*,*,#4377,.T.);
#2185=ORIENTED_EDGE('',*,*,#4228,.F.);
#2186=ORIENTED_EDGE('',*,*,#4366,.T.);
#2187=ORIENTED_EDGE('',*,*,#4369,.T.);
#2188=ORIENTED_EDGE('',*,*,#4387,.F.);
#2189=ORIENTED_EDGE('',*,*,#4364,.T.);
#2190=ORIENTED_EDGE('',*,*,#4226,.F.);
#2191=ORIENTED_EDGE('',*,*,#4388,.T.);
#2192=ORIENTED_EDGE('',*,*,#4389,.F.);
#2193=ORIENTED_EDGE('',*,*,#4231,.T.);
#2194=ORIENTED_EDGE('',*,*,#4390,.F.);
#2195=ORIENTED_EDGE('',*,*,#4229,.T.);
#2196=ORIENTED_EDGE('',*,*,#4391,.F.);
#2197=ORIENTED_EDGE('',*,*,#4392,.T.);
#2198=ORIENTED_EDGE('',*,*,#4393,.F.);
#2199=ORIENTED_EDGE('',*,*,#4394,.F.);
#2200=ORIENTED_EDGE('',*,*,#4395,.F.);
#2201=ORIENTED_EDGE('',*,*,#4396,.F.);
#2202=ORIENTED_EDGE('',*,*,#4235,.F.);
#2203=ORIENTED_EDGE('',*,*,#4397,.F.);
#2204=ORIENTED_EDGE('',*,*,#4398,.T.);
#2205=ORIENTED_EDGE('',*,*,#4399,.F.);
#2206=ORIENTED_EDGE('',*,*,#4400,.F.);
#2207=ORIENTED_EDGE('',*,*,#4233,.F.);
#2208=ORIENTED_EDGE('',*,*,#4401,.F.);
#2209=ORIENTED_EDGE('',*,*,#4402,.F.);
#2210=ORIENTED_EDGE('',*,*,#4403,.T.);
#2211=ORIENTED_EDGE('',*,*,#4389,.T.);
#2212=ORIENTED_EDGE('',*,*,#4404,.T.);
#2213=ORIENTED_EDGE('',*,*,#4405,.T.);
#2214=ORIENTED_EDGE('',*,*,#4406,.F.);
#2215=ORIENTED_EDGE('',*,*,#4401,.T.);
#2216=ORIENTED_EDGE('',*,*,#4232,.F.);
#2217=ORIENTED_EDGE('',*,*,#4407,.F.);
#2218=ORIENTED_EDGE('',*,*,#4408,.T.);
#2219=ORIENTED_EDGE('',*,*,#4409,.T.);
#2220=ORIENTED_EDGE('',*,*,#4390,.T.);
#2221=ORIENTED_EDGE('',*,*,#4230,.F.);
#2222=ORIENTED_EDGE('',*,*,#4393,.T.);
#2223=ORIENTED_EDGE('',*,*,#4396,.T.);
#2224=ORIENTED_EDGE('',*,*,#4410,.T.);
#2225=ORIENTED_EDGE('',*,*,#4411,.T.);
#2226=ORIENTED_EDGE('',*,*,#4412,.F.);
#2227=ORIENTED_EDGE('',*,*,#4391,.T.);
#2228=ORIENTED_EDGE('',*,*,#4236,.F.);
#2229=ORIENTED_EDGE('',*,*,#4413,.F.);
#2230=ORIENTED_EDGE('',*,*,#4414,.T.);
#2231=ORIENTED_EDGE('',*,*,#4415,.T.);
#2232=ORIENTED_EDGE('',*,*,#4394,.T.);
#2233=ORIENTED_EDGE('',*,*,#4234,.F.);
#2234=ORIENTED_EDGE('',*,*,#4400,.T.);
#2235=ORIENTED_EDGE('',*,*,#4416,.T.);
#2236=ORIENTED_EDGE('',*,*,#4417,.F.);
#2237=ORIENTED_EDGE('',*,*,#4241,.T.);
#2238=ORIENTED_EDGE('',*,*,#4418,.F.);
#2239=ORIENTED_EDGE('',*,*,#4419,.T.);
#2240=ORIENTED_EDGE('',*,*,#4420,.T.);
#2241=ORIENTED_EDGE('',*,*,#4421,.T.);
#2242=ORIENTED_EDGE('',*,*,#4422,.F.);
#2243=ORIENTED_EDGE('',*,*,#4239,.T.);
#2244=ORIENTED_EDGE('',*,*,#4423,.F.);
#2245=ORIENTED_EDGE('',*,*,#4424,.F.);
#2246=ORIENTED_EDGE('',*,*,#4425,.F.);
#2247=ORIENTED_EDGE('',*,*,#4426,.F.);
#2248=ORIENTED_EDGE('',*,*,#4237,.F.);
#2249=ORIENTED_EDGE('',*,*,#4427,.F.);
#2250=ORIENTED_EDGE('',*,*,#4428,.T.);
#2251=ORIENTED_EDGE('',*,*,#4429,.F.);
#2252=ORIENTED_EDGE('',*,*,#4430,.F.);
#2253=ORIENTED_EDGE('',*,*,#4243,.F.);
#2254=ORIENTED_EDGE('',*,*,#4431,.F.);
#2255=ORIENTED_EDGE('',*,*,#4432,.T.);
#2256=ORIENTED_EDGE('',*,*,#4433,.T.);
#2257=ORIENTED_EDGE('',*,*,#4434,.F.);
#2258=ORIENTED_EDGE('',*,*,#4424,.T.);
#2259=ORIENTED_EDGE('',*,*,#4244,.F.);
#2260=ORIENTED_EDGE('',*,*,#4430,.T.);
#2261=ORIENTED_EDGE('',*,*,#4435,.F.);
#2262=ORIENTED_EDGE('',*,*,#4436,.T.);
#2263=ORIENTED_EDGE('',*,*,#4437,.F.);
#2264=ORIENTED_EDGE('',*,*,#4423,.T.);
#2265=ORIENTED_EDGE('',*,*,#4238,.F.);
#2266=ORIENTED_EDGE('',*,*,#4426,.T.);
#2267=ORIENTED_EDGE('',*,*,#4438,.F.);
#2268=ORIENTED_EDGE('',*,*,#4439,.T.);
#2269=ORIENTED_EDGE('',*,*,#4440,.T.);
#2270=ORIENTED_EDGE('',*,*,#4418,.T.);
#2271=ORIENTED_EDGE('',*,*,#4240,.F.);
#2272=ORIENTED_EDGE('',*,*,#4422,.T.);
#2273=ORIENTED_EDGE('',*,*,#4417,.T.);
#2274=ORIENTED_EDGE('',*,*,#4441,.T.);
#2275=ORIENTED_EDGE('',*,*,#4442,.T.);
#2276=ORIENTED_EDGE('',*,*,#4443,.F.);
#2277=ORIENTED_EDGE('',*,*,#4431,.T.);
#2278=ORIENTED_EDGE('',*,*,#4242,.F.);
#2279=ORIENTED_EDGE('',*,*,#4444,.F.);
#2280=ORIENTED_EDGE('',*,*,#4445,.F.);
#2281=ORIENTED_EDGE('',*,*,#4247,.F.);
#2282=ORIENTED_EDGE('',*,*,#4446,.F.);
#2283=ORIENTED_EDGE('',*,*,#4447,.T.);
#2284=ORIENTED_EDGE('',*,*,#4448,.T.);
#2285=ORIENTED_EDGE('',*,*,#4449,.T.);
#2286=ORIENTED_EDGE('',*,*,#4450,.F.);
#2287=ORIENTED_EDGE('',*,*,#4249,.T.);
#2288=ORIENTED_EDGE('',*,*,#4451,.F.);
#2289=ORIENTED_EDGE('',*,*,#4452,.F.);
#2290=ORIENTED_EDGE('',*,*,#4453,.F.);
#2291=ORIENTED_EDGE('',*,*,#4454,.F.);
#2292=ORIENTED_EDGE('',*,*,#4245,.F.);
#2293=ORIENTED_EDGE('',*,*,#4251,.T.);
#2294=ORIENTED_EDGE('',*,*,#4455,.F.);
#2295=ORIENTED_EDGE('',*,*,#4456,.T.);
#2296=ORIENTED_EDGE('',*,*,#4457,.F.);
#2297=ORIENTED_EDGE('',*,*,#4458,.F.);
#2298=ORIENTED_EDGE('',*,*,#4459,.T.);
#2299=ORIENTED_EDGE('',*,*,#4460,.T.);
#2300=ORIENTED_EDGE('',*,*,#4446,.T.);
#2301=ORIENTED_EDGE('',*,*,#4246,.F.);
#2302=ORIENTED_EDGE('',*,*,#4454,.T.);
#2303=ORIENTED_EDGE('',*,*,#4461,.T.);
#2304=ORIENTED_EDGE('',*,*,#4462,.T.);
#2305=ORIENTED_EDGE('',*,*,#4463,.F.);
#2306=ORIENTED_EDGE('',*,*,#4451,.T.);
#2307=ORIENTED_EDGE('',*,*,#4248,.F.);
#2308=ORIENTED_EDGE('',*,*,#4445,.T.);
#2309=ORIENTED_EDGE('',*,*,#4457,.T.);
#2310=ORIENTED_EDGE('',*,*,#4464,.F.);
#2311=ORIENTED_EDGE('',*,*,#4452,.T.);
#2312=ORIENTED_EDGE('',*,*,#4252,.F.);
#2313=ORIENTED_EDGE('',*,*,#4465,.F.);
#2314=ORIENTED_EDGE('',*,*,#4466,.T.);
#2315=ORIENTED_EDGE('',*,*,#4467,.F.);
#2316=ORIENTED_EDGE('',*,*,#4455,.T.);
#2317=ORIENTED_EDGE('',*,*,#4250,.F.);
#2318=ORIENTED_EDGE('',*,*,#4450,.T.);
#2319=ORIENTED_EDGE('',*,*,#4468,.F.);
#2320=ORIENTED_EDGE('',*,*,#4469,.F.);
#2321=ORIENTED_EDGE('',*,*,#4470,.F.);
#2322=ORIENTED_EDGE('',*,*,#4255,.F.);
#2323=ORIENTED_EDGE('',*,*,#4471,.F.);
#2324=ORIENTED_EDGE('',*,*,#4472,.T.);
#2325=ORIENTED_EDGE('',*,*,#4473,.F.);
#2326=ORIENTED_EDGE('',*,*,#4474,.T.);
#2327=ORIENTED_EDGE('',*,*,#4475,.F.);
#2328=ORIENTED_EDGE('',*,*,#4476,.F.);
#2329=ORIENTED_EDGE('',*,*,#4253,.F.);
#2330=ORIENTED_EDGE('',*,*,#4477,.F.);
#2331=ORIENTED_EDGE('',*,*,#4478,.T.);
#2332=ORIENTED_EDGE('',*,*,#4479,.F.);
#2333=ORIENTED_EDGE('',*,*,#4259,.T.);
#2334=ORIENTED_EDGE('',*,*,#4480,.F.);
#2335=ORIENTED_EDGE('',*,*,#4481,.T.);
#2336=ORIENTED_EDGE('',*,*,#4482,.T.);
#2337=ORIENTED_EDGE('',*,*,#4483,.T.);
#2338=ORIENTED_EDGE('',*,*,#4484,.T.);
#2339=ORIENTED_EDGE('',*,*,#4485,.T.);
#2340=ORIENTED_EDGE('',*,*,#4486,.F.);
#2341=ORIENTED_EDGE('',*,*,#4257,.T.);
#2342=ORIENTED_EDGE('',*,*,#4487,.F.);
#2343=ORIENTED_EDGE('',*,*,#4470,.T.);
#2344=ORIENTED_EDGE('',*,*,#4488,.T.);
#2345=ORIENTED_EDGE('',*,*,#4489,.T.);
#2346=ORIENTED_EDGE('',*,*,#4490,.F.);
#2347=ORIENTED_EDGE('',*,*,#4487,.T.);
#2348=ORIENTED_EDGE('',*,*,#4256,.F.);
#2349=ORIENTED_EDGE('',*,*,#4491,.F.);
#2350=ORIENTED_EDGE('',*,*,#4492,.T.);
#2351=ORIENTED_EDGE('',*,*,#4493,.T.);
#2352=ORIENTED_EDGE('',*,*,#4468,.T.);
#2353=ORIENTED_EDGE('',*,*,#4254,.F.);
#2354=ORIENTED_EDGE('',*,*,#4476,.T.);
#2355=ORIENTED_EDGE('',*,*,#4479,.T.);
#2356=ORIENTED_EDGE('',*,*,#4494,.T.);
#2357=ORIENTED_EDGE('',*,*,#4495,.T.);
#2358=ORIENTED_EDGE('',*,*,#4496,.F.);
#2359=ORIENTED_EDGE('',*,*,#4477,.T.);
#2360=ORIENTED_EDGE('',*,*,#4260,.F.);
#2361=ORIENTED_EDGE('',*,*,#4497,.F.);
#2362=ORIENTED_EDGE('',*,*,#4498,.T.);
#2363=ORIENTED_EDGE('',*,*,#4499,.T.);
#2364=ORIENTED_EDGE('',*,*,#4480,.T.);
#2365=ORIENTED_EDGE('',*,*,#4258,.F.);
#2366=ORIENTED_EDGE('',*,*,#4486,.T.);
#2367=ORIENTED_EDGE('',*,*,#4500,.T.);
#2368=ORIENTED_EDGE('',*,*,#4501,.T.);
#2369=ORIENTED_EDGE('',*,*,#4502,.T.);
#2370=ORIENTED_EDGE('',*,*,#4503,.F.);
#2371=ORIENTED_EDGE('',*,*,#4263,.T.);
#2372=ORIENTED_EDGE('',*,*,#4504,.F.);
#2373=ORIENTED_EDGE('',*,*,#4505,.F.);
#2374=ORIENTED_EDGE('',*,*,#4506,.T.);
#2375=ORIENTED_EDGE('',*,*,#4507,.F.);
#2376=ORIENTED_EDGE('',*,*,#4265,.T.);
#2377=ORIENTED_EDGE('',*,*,#4508,.F.);
#2378=ORIENTED_EDGE('',*,*,#4509,.F.);
#2379=ORIENTED_EDGE('',*,*,#4510,.F.);
#2380=ORIENTED_EDGE('',*,*,#4261,.F.);
#2381=ORIENTED_EDGE('',*,*,#4511,.F.);
#2382=ORIENTED_EDGE('',*,*,#4512,.F.);
#2383=ORIENTED_EDGE('',*,*,#4513,.F.);
#2384=ORIENTED_EDGE('',*,*,#4267,.F.);
#2385=ORIENTED_EDGE('',*,*,#4513,.T.);
#2386=ORIENTED_EDGE('',*,*,#4514,.F.);
#2387=ORIENTED_EDGE('',*,*,#4508,.T.);
#2388=ORIENTED_EDGE('',*,*,#4268,.F.);
#2389=ORIENTED_EDGE('',*,*,#4515,.F.);
#2390=ORIENTED_EDGE('',*,*,#4516,.T.);
#2391=ORIENTED_EDGE('',*,*,#4517,.F.);
#2392=ORIENTED_EDGE('',*,*,#4504,.T.);
#2393=ORIENTED_EDGE('',*,*,#4262,.F.);
#2394=ORIENTED_EDGE('',*,*,#4510,.T.);
#2395=ORIENTED_EDGE('',*,*,#4518,.F.);
#2396=ORIENTED_EDGE('',*,*,#4519,.T.);
#2397=ORIENTED_EDGE('',*,*,#4520,.T.);
#2398=ORIENTED_EDGE('',*,*,#4505,.T.);
#2399=ORIENTED_EDGE('',*,*,#4264,.F.);
#2400=ORIENTED_EDGE('',*,*,#4503,.T.);
#2401=ORIENTED_EDGE('',*,*,#4521,.T.);
#2402=ORIENTED_EDGE('',*,*,#4522,.T.);
#2403=ORIENTED_EDGE('',*,*,#4523,.F.);
#2404=ORIENTED_EDGE('',*,*,#4511,.T.);
#2405=ORIENTED_EDGE('',*,*,#4266,.F.);
#2406=ORIENTED_EDGE('',*,*,#4507,.T.);
#2407=ORIENTED_EDGE('',*,*,#4524,.T.);
#2408=ORIENTED_EDGE('',*,*,#4525,.T.);
#2409=ORIENTED_EDGE('',*,*,#4526,.T.);
#2410=ORIENTED_EDGE('',*,*,#4527,.F.);
#2411=ORIENTED_EDGE('',*,*,#4273,.T.);
#2412=ORIENTED_EDGE('',*,*,#4528,.F.);
#2413=ORIENTED_EDGE('',*,*,#4529,.T.);
#2414=ORIENTED_EDGE('',*,*,#4530,.T.);
#2415=ORIENTED_EDGE('',*,*,#4531,.F.);
#2416=ORIENTED_EDGE('',*,*,#4532,.F.);
#2417=ORIENTED_EDGE('',*,*,#4533,.F.);
#2418=ORIENTED_EDGE('',*,*,#4271,.F.);
#2419=ORIENTED_EDGE('',*,*,#4534,.F.);
#2420=ORIENTED_EDGE('',*,*,#4535,.T.);
#2421=ORIENTED_EDGE('',*,*,#4536,.F.);
#2422=ORIENTED_EDGE('',*,*,#4537,.F.);
#2423=ORIENTED_EDGE('',*,*,#4269,.F.);
#2424=ORIENTED_EDGE('',*,*,#4538,.F.);
#2425=ORIENTED_EDGE('',*,*,#4539,.F.);
#2426=ORIENTED_EDGE('',*,*,#4540,.T.);
#2427=ORIENTED_EDGE('',*,*,#4541,.T.);
#2428=ORIENTED_EDGE('',*,*,#4542,.F.);
#2429=ORIENTED_EDGE('',*,*,#4275,.T.);
#2430=ORIENTED_EDGE('',*,*,#4543,.F.);
#2431=ORIENTED_EDGE('',*,*,#4533,.T.);
#2432=ORIENTED_EDGE('',*,*,#4544,.T.);
#2433=ORIENTED_EDGE('',*,*,#4545,.T.);
#2434=ORIENTED_EDGE('',*,*,#4546,.F.);
#2435=ORIENTED_EDGE('',*,*,#4528,.T.);
#2436=ORIENTED_EDGE('',*,*,#4272,.F.);
#2437=ORIENTED_EDGE('',*,*,#4547,.F.);
#2438=ORIENTED_EDGE('',*,*,#4548,.T.);
#2439=ORIENTED_EDGE('',*,*,#4549,.T.);
#2440=ORIENTED_EDGE('',*,*,#4531,.T.);
#2441=ORIENTED_EDGE('',*,*,#4270,.F.);
#2442=ORIENTED_EDGE('',*,*,#4537,.T.);
#2443=ORIENTED_EDGE('',*,*,#4542,.T.);
#2444=ORIENTED_EDGE('',*,*,#4550,.T.);
#2445=ORIENTED_EDGE('',*,*,#4551,.T.);
#2446=ORIENTED_EDGE('',*,*,#4552,.F.);
#2447=ORIENTED_EDGE('',*,*,#4538,.T.);
#2448=ORIENTED_EDGE('',*,*,#4276,.F.);
#2449=ORIENTED_EDGE('',*,*,#4553,.F.);
#2450=ORIENTED_EDGE('',*,*,#4554,.T.);
#2451=ORIENTED_EDGE('',*,*,#4555,.T.);
#2452=ORIENTED_EDGE('',*,*,#4543,.T.);
#2453=ORIENTED_EDGE('',*,*,#4274,.F.);
#2454=ORIENTED_EDGE('',*,*,#4527,.T.);
#2455=ORIENTED_EDGE('',*,*,#4556,.F.);
#2456=ORIENTED_EDGE('',*,*,#4557,.F.);
#2457=ORIENTED_EDGE('',*,*,#4558,.F.);
#2458=ORIENTED_EDGE('',*,*,#4279,.F.);
#2459=ORIENTED_EDGE('',*,*,#4559,.F.);
#2460=ORIENTED_EDGE('',*,*,#4560,.T.);
#2461=ORIENTED_EDGE('',*,*,#4561,.F.);
#2462=ORIENTED_EDGE('',*,*,#4562,.F.);
#2463=ORIENTED_EDGE('',*,*,#4277,.F.);
#2464=ORIENTED_EDGE('',*,*,#4563,.F.);
#2465=ORIENTED_EDGE('',*,*,#4281,.T.);
#2466=ORIENTED_EDGE('',*,*,#4564,.F.);
#2467=ORIENTED_EDGE('',*,*,#4565,.T.);
#2468=ORIENTED_EDGE('',*,*,#4566,.F.);
#2469=ORIENTED_EDGE('',*,*,#4283,.T.);
#2470=ORIENTED_EDGE('',*,*,#4567,.F.);
#2471=ORIENTED_EDGE('',*,*,#4568,.T.);
#2472=ORIENTED_EDGE('',*,*,#4569,.F.);
#2473=ORIENTED_EDGE('',*,*,#4570,.F.);
#2474=ORIENTED_EDGE('',*,*,#4571,.T.);
#2475=ORIENTED_EDGE('',*,*,#4572,.F.);
#2476=ORIENTED_EDGE('',*,*,#4563,.T.);
#2477=ORIENTED_EDGE('',*,*,#4284,.F.);
#2478=ORIENTED_EDGE('',*,*,#4569,.T.);
#2479=ORIENTED_EDGE('',*,*,#4558,.T.);
#2480=ORIENTED_EDGE('',*,*,#4573,.T.);
#2481=ORIENTED_EDGE('',*,*,#4574,.T.);
#2482=ORIENTED_EDGE('',*,*,#4575,.F.);
#2483=ORIENTED_EDGE('',*,*,#4564,.T.);
#2484=ORIENTED_EDGE('',*,*,#4280,.F.);
#2485=ORIENTED_EDGE('',*,*,#4576,.F.);
#2486=ORIENTED_EDGE('',*,*,#4577,.T.);
#2487=ORIENTED_EDGE('',*,*,#4578,.T.);
#2488=ORIENTED_EDGE('',*,*,#4556,.T.);
#2489=ORIENTED_EDGE('',*,*,#4278,.F.);
#2490=ORIENTED_EDGE('',*,*,#4562,.T.);
#2491=ORIENTED_EDGE('',*,*,#4566,.T.);
#2492=ORIENTED_EDGE('',*,*,#4579,.F.);
#2493=ORIENTED_EDGE('',*,*,#4567,.T.);
#2494=ORIENTED_EDGE('',*,*,#4282,.F.);
#2495=ORIENTED_EDGE('',*,*,#4580,.T.);
#2496=ORIENTED_EDGE('',*,*,#4581,.T.);
#2497=ORIENTED_EDGE('',*,*,#4582,.T.);
#2498=ORIENTED_EDGE('',*,*,#4583,.F.);
#2499=ORIENTED_EDGE('',*,*,#4584,.T.);
#2500=ORIENTED_EDGE('',*,*,#4285,.F.);
#2501=ORIENTED_EDGE('',*,*,#4585,.F.);
#2502=ORIENTED_EDGE('',*,*,#4586,.T.);
#2503=ORIENTED_EDGE('',*,*,#4587,.T.);
#2504=ORIENTED_EDGE('',*,*,#4588,.T.);
#2505=ORIENTED_EDGE('',*,*,#4291,.F.);
#2506=ORIENTED_EDGE('',*,*,#4589,.T.);
#2507=ORIENTED_EDGE('',*,*,#4590,.F.);
#2508=ORIENTED_EDGE('',*,*,#4591,.T.);
#2509=ORIENTED_EDGE('',*,*,#4592,.F.);
#2510=ORIENTED_EDGE('',*,*,#4593,.T.);
#2511=ORIENTED_EDGE('',*,*,#4289,.F.);
#2512=ORIENTED_EDGE('',*,*,#4594,.T.);
#2513=ORIENTED_EDGE('',*,*,#4595,.T.);
#2514=ORIENTED_EDGE('',*,*,#4596,.T.);
#2515=ORIENTED_EDGE('',*,*,#4597,.F.);
#2516=ORIENTED_EDGE('',*,*,#4598,.T.);
#2517=ORIENTED_EDGE('',*,*,#4287,.F.);
#2518=ORIENTED_EDGE('',*,*,#4599,.T.);
#2519=ORIENTED_EDGE('',*,*,#4600,.T.);
#2520=ORIENTED_EDGE('',*,*,#4580,.F.);
#2521=ORIENTED_EDGE('',*,*,#4292,.T.);
#2522=ORIENTED_EDGE('',*,*,#4588,.F.);
#2523=ORIENTED_EDGE('',*,*,#4598,.F.);
#2524=ORIENTED_EDGE('',*,*,#4601,.F.);
#2525=ORIENTED_EDGE('',*,*,#4594,.F.);
#2526=ORIENTED_EDGE('',*,*,#4288,.F.);
#2527=ORIENTED_EDGE('',*,*,#4602,.F.);
#2528=ORIENTED_EDGE('',*,*,#4603,.T.);
#2529=ORIENTED_EDGE('',*,*,#4604,.F.);
#2530=ORIENTED_EDGE('',*,*,#4599,.F.);
#2531=ORIENTED_EDGE('',*,*,#4286,.F.);
#2532=ORIENTED_EDGE('',*,*,#4584,.F.);
#2533=ORIENTED_EDGE('',*,*,#4605,.T.);
#2534=ORIENTED_EDGE('',*,*,#4606,.T.);
#2535=ORIENTED_EDGE('',*,*,#4607,.T.);
#2536=ORIENTED_EDGE('',*,*,#4589,.F.);
#2537=ORIENTED_EDGE('',*,*,#4290,.T.);
#2538=ORIENTED_EDGE('',*,*,#4593,.F.);
#2539=ORIENTED_EDGE('',*,*,#4608,.F.);
#2540=ORIENTED_EDGE('',*,*,#4609,.T.);
#2541=ORIENTED_EDGE('',*,*,#4610,.T.);
#2542=ORIENTED_EDGE('',*,*,#4611,.T.);
#2543=ORIENTED_EDGE('',*,*,#4295,.F.);
#2544=ORIENTED_EDGE('',*,*,#4612,.T.);
#2545=ORIENTED_EDGE('',*,*,#4613,.T.);
#2546=ORIENTED_EDGE('',*,*,#4614,.T.);
#2547=ORIENTED_EDGE('',*,*,#4615,.T.);
#2548=ORIENTED_EDGE('',*,*,#4616,.F.);
#2549=ORIENTED_EDGE('',*,*,#4617,.T.);
#2550=ORIENTED_EDGE('',*,*,#4297,.F.);
#2551=ORIENTED_EDGE('',*,*,#4300,.T.);
#2552=ORIENTED_EDGE('',*,*,#4618,.F.);
#2553=ORIENTED_EDGE('',*,*,#4619,.T.);
#2554=ORIENTED_EDGE('',*,*,#4620,.F.);
#2555=ORIENTED_EDGE('',*,*,#4621,.F.);
#2556=ORIENTED_EDGE('',*,*,#4622,.T.);
#2557=ORIENTED_EDGE('',*,*,#4623,.F.);
#2558=ORIENTED_EDGE('',*,*,#4618,.T.);
#2559=ORIENTED_EDGE('',*,*,#4299,.F.);
#2560=ORIENTED_EDGE('',*,*,#4624,.T.);
#2561=ORIENTED_EDGE('',*,*,#4625,.F.);
#2562=ORIENTED_EDGE('',*,*,#4626,.T.);
#2563=ORIENTED_EDGE('',*,*,#4627,.F.);
#2564=ORIENTED_EDGE('',*,*,#4628,.T.);
#2565=ORIENTED_EDGE('',*,*,#4293,.F.);
#2566=ORIENTED_EDGE('',*,*,#4620,.T.);
#2567=ORIENTED_EDGE('',*,*,#4629,.F.);
#2568=ORIENTED_EDGE('',*,*,#4630,.T.);
#2569=ORIENTED_EDGE('',*,*,#4631,.F.);
#2570=ORIENTED_EDGE('',*,*,#4612,.F.);
#2571=ORIENTED_EDGE('',*,*,#4294,.F.);
#2572=ORIENTED_EDGE('',*,*,#4628,.F.);
#2573=ORIENTED_EDGE('',*,*,#4611,.F.);
#2574=ORIENTED_EDGE('',*,*,#4632,.F.);
#2575=ORIENTED_EDGE('',*,*,#4613,.F.);
#2576=ORIENTED_EDGE('',*,*,#4296,.F.);
#2577=ORIENTED_EDGE('',*,*,#4633,.T.);
#2578=ORIENTED_EDGE('',*,*,#4634,.T.);
#2579=ORIENTED_EDGE('',*,*,#4635,.T.);
#2580=ORIENTED_EDGE('',*,*,#4624,.F.);
#2581=ORIENTED_EDGE('',*,*,#4298,.T.);
#2582=ORIENTED_EDGE('',*,*,#4617,.F.);
#2583=ORIENTED_EDGE('',*,*,#4636,.F.);
#2584=ORIENTED_EDGE('',*,*,#4637,.T.);
#2585=ORIENTED_EDGE('',*,*,#4638,.T.);
#2586=ORIENTED_EDGE('',*,*,#4639,.T.);
#2587=ORIENTED_EDGE('',*,*,#4307,.F.);
#2588=ORIENTED_EDGE('',*,*,#4640,.T.);
#2589=ORIENTED_EDGE('',*,*,#4641,.T.);
#2590=ORIENTED_EDGE('',*,*,#4642,.T.);
#2591=ORIENTED_EDGE('',*,*,#4643,.F.);
#2592=ORIENTED_EDGE('',*,*,#4644,.T.);
#2593=ORIENTED_EDGE('',*,*,#4301,.F.);
#2594=ORIENTED_EDGE('',*,*,#4645,.T.);
#2595=ORIENTED_EDGE('',*,*,#4646,.T.);
#2596=ORIENTED_EDGE('',*,*,#4647,.T.);
#2597=ORIENTED_EDGE('',*,*,#4648,.F.);
#2598=ORIENTED_EDGE('',*,*,#4649,.T.);
#2599=ORIENTED_EDGE('',*,*,#4305,.F.);
#2600=ORIENTED_EDGE('',*,*,#4650,.T.);
#2601=ORIENTED_EDGE('',*,*,#4651,.F.);
#2602=ORIENTED_EDGE('',*,*,#4652,.T.);
#2603=ORIENTED_EDGE('',*,*,#4653,.T.);
#2604=ORIENTED_EDGE('',*,*,#4654,.T.);
#2605=ORIENTED_EDGE('',*,*,#4303,.F.);
#2606=ORIENTED_EDGE('',*,*,#4655,.T.);
#2607=ORIENTED_EDGE('',*,*,#4639,.F.);
#2608=ORIENTED_EDGE('',*,*,#4656,.T.);
#2609=ORIENTED_EDGE('',*,*,#4645,.F.);
#2610=ORIENTED_EDGE('',*,*,#4308,.T.);
#2611=ORIENTED_EDGE('',*,*,#4644,.F.);
#2612=ORIENTED_EDGE('',*,*,#4657,.F.);
#2613=ORIENTED_EDGE('',*,*,#4655,.F.);
#2614=ORIENTED_EDGE('',*,*,#4302,.F.);
#2615=ORIENTED_EDGE('',*,*,#4658,.F.);
#2616=ORIENTED_EDGE('',*,*,#4650,.F.);
#2617=ORIENTED_EDGE('',*,*,#4304,.F.);
#2618=ORIENTED_EDGE('',*,*,#4654,.F.);
#2619=ORIENTED_EDGE('',*,*,#4659,.T.);
#2620=ORIENTED_EDGE('',*,*,#4660,.T.);
#2621=ORIENTED_EDGE('',*,*,#4661,.T.);
#2622=ORIENTED_EDGE('',*,*,#4662,.T.);
#2623=ORIENTED_EDGE('',*,*,#4663,.T.);
#2624=ORIENTED_EDGE('',*,*,#4640,.F.);
#2625=ORIENTED_EDGE('',*,*,#4306,.T.);
#2626=ORIENTED_EDGE('',*,*,#4649,.F.);
#2627=ORIENTED_EDGE('',*,*,#4664,.F.);
#2628=ORIENTED_EDGE('',*,*,#4665,.T.);
#2629=ORIENTED_EDGE('',*,*,#4666,.F.);
#2630=ORIENTED_EDGE('',*,*,#4667,.T.);
#2631=ORIENTED_EDGE('',*,*,#4315,.F.);
#2632=ORIENTED_EDGE('',*,*,#4668,.T.);
#2633=ORIENTED_EDGE('',*,*,#4669,.F.);
#2634=ORIENTED_EDGE('',*,*,#4670,.T.);
#2635=ORIENTED_EDGE('',*,*,#4671,.T.);
#2636=ORIENTED_EDGE('',*,*,#4672,.T.);
#2637=ORIENTED_EDGE('',*,*,#4311,.F.);
#2638=ORIENTED_EDGE('',*,*,#4673,.T.);
#2639=ORIENTED_EDGE('',*,*,#4674,.T.);
#2640=ORIENTED_EDGE('',*,*,#4675,.T.);
#2641=ORIENTED_EDGE('',*,*,#4676,.T.);
#2642=ORIENTED_EDGE('',*,*,#4677,.F.);
#2643=ORIENTED_EDGE('',*,*,#4678,.T.);
#2644=ORIENTED_EDGE('',*,*,#4313,.F.);
#2645=ORIENTED_EDGE('',*,*,#4679,.F.);
#2646=ORIENTED_EDGE('',*,*,#4680,.T.);
#2647=ORIENTED_EDGE('',*,*,#4681,.F.);
#2648=ORIENTED_EDGE('',*,*,#4682,.T.);
#2649=ORIENTED_EDGE('',*,*,#4309,.F.);
#2650=ORIENTED_EDGE('',*,*,#4683,.T.);
#2651=ORIENTED_EDGE('',*,*,#4316,.T.);
#2652=ORIENTED_EDGE('',*,*,#4667,.F.);
#2653=ORIENTED_EDGE('',*,*,#4684,.T.);
#2654=ORIENTED_EDGE('',*,*,#4683,.F.);
#2655=ORIENTED_EDGE('',*,*,#4685,.F.);
#2656=ORIENTED_EDGE('',*,*,#4686,.T.);
#2657=ORIENTED_EDGE('',*,*,#4687,.F.);
#2658=ORIENTED_EDGE('',*,*,#4673,.F.);
#2659=ORIENTED_EDGE('',*,*,#4310,.F.);
#2660=ORIENTED_EDGE('',*,*,#4682,.F.);
#2661=ORIENTED_EDGE('',*,*,#4672,.F.);
#2662=ORIENTED_EDGE('',*,*,#4688,.F.);
#2663=ORIENTED_EDGE('',*,*,#4674,.F.);
#2664=ORIENTED_EDGE('',*,*,#4312,.F.);
#2665=ORIENTED_EDGE('',*,*,#4689,.T.);
#2666=ORIENTED_EDGE('',*,*,#4690,.T.);
#2667=ORIENTED_EDGE('',*,*,#4691,.T.);
#2668=ORIENTED_EDGE('',*,*,#4668,.F.);
#2669=ORIENTED_EDGE('',*,*,#4314,.T.);
#2670=ORIENTED_EDGE('',*,*,#4678,.F.);
#2671=ORIENTED_EDGE('',*,*,#4692,.F.);
#2672=ORIENTED_EDGE('',*,*,#4693,.T.);
#2673=ORIENTED_EDGE('',*,*,#4694,.F.);
#2674=ORIENTED_EDGE('',*,*,#4695,.T.);
#2675=ORIENTED_EDGE('',*,*,#4696,.T.);
#2676=ORIENTED_EDGE('',*,*,#4697,.T.);
#2677=ORIENTED_EDGE('',*,*,#4698,.T.);
#2678=ORIENTED_EDGE('',*,*,#4699,.T.);
#2679=ORIENTED_EDGE('',*,*,#4685,.T.);
#2680=ORIENTED_EDGE('',*,*,#4681,.T.);
#2681=ORIENTED_EDGE('',*,*,#4700,.T.);
#2682=ORIENTED_EDGE('',*,*,#4701,.F.);
#2683=ORIENTED_EDGE('',*,*,#4702,.T.);
#2684=ORIENTED_EDGE('',*,*,#4621,.T.);
#2685=ORIENTED_EDGE('',*,*,#4635,.F.);
#2686=ORIENTED_EDGE('',*,*,#4703,.T.);
#2687=ORIENTED_EDGE('',*,*,#4692,.T.);
#2688=ORIENTED_EDGE('',*,*,#4704,.T.);
#2689=ORIENTED_EDGE('',*,*,#4705,.F.);
#2690=ORIENTED_EDGE('',*,*,#4706,.T.);
#2691=ORIENTED_EDGE('',*,*,#4573,.F.);
#2692=ORIENTED_EDGE('',*,*,#4557,.T.);
#2693=ORIENTED_EDGE('',*,*,#4578,.F.);
#2694=ORIENTED_EDGE('',*,*,#4707,.T.);
#2695=ORIENTED_EDGE('',*,*,#4708,.T.);
#2696=ORIENTED_EDGE('',*,*,#4709,.T.);
#2697=ORIENTED_EDGE('',*,*,#4404,.F.);
#2698=ORIENTED_EDGE('',*,*,#4388,.F.);
#2699=ORIENTED_EDGE('',*,*,#4409,.F.);
#2700=ORIENTED_EDGE('',*,*,#4710,.T.);
#2701=ORIENTED_EDGE('',*,*,#4705,.T.);
#2702=ORIENTED_EDGE('',*,*,#4711,.T.);
#2703=ORIENTED_EDGE('',*,*,#4712,.T.);
#2704=ORIENTED_EDGE('',*,*,#4713,.T.);
#2705=ORIENTED_EDGE('',*,*,#4714,.F.);
#2706=ORIENTED_EDGE('',*,*,#4715,.T.);
#2707=ORIENTED_EDGE('',*,*,#4708,.F.);
#2708=ORIENTED_EDGE('',*,*,#4716,.T.);
#2709=ORIENTED_EDGE('',*,*,#4717,.F.);
#2710=ORIENTED_EDGE('',*,*,#4718,.T.);
#2711=ORIENTED_EDGE('',*,*,#4719,.F.);
#2712=ORIENTED_EDGE('',*,*,#4720,.T.);
#2713=ORIENTED_EDGE('',*,*,#4721,.F.);
#2714=ORIENTED_EDGE('',*,*,#4722,.T.);
#2715=ORIENTED_EDGE('',*,*,#4544,.F.);
#2716=ORIENTED_EDGE('',*,*,#4532,.T.);
#2717=ORIENTED_EDGE('',*,*,#4549,.F.);
#2718=ORIENTED_EDGE('',*,*,#4723,.T.);
#2719=ORIENTED_EDGE('',*,*,#4724,.T.);
#2720=ORIENTED_EDGE('',*,*,#4725,.T.);
#2721=ORIENTED_EDGE('',*,*,#4581,.F.);
#2722=ORIENTED_EDGE('',*,*,#4600,.F.);
#2723=ORIENTED_EDGE('',*,*,#4587,.F.);
#2724=ORIENTED_EDGE('',*,*,#4726,.T.);
#2725=ORIENTED_EDGE('',*,*,#4724,.F.);
#2726=ORIENTED_EDGE('',*,*,#4727,.T.);
#2727=ORIENTED_EDGE('',*,*,#4728,.F.);
#2728=ORIENTED_EDGE('',*,*,#4729,.T.);
#2729=ORIENTED_EDGE('',*,*,#4730,.T.);
#2730=ORIENTED_EDGE('',*,*,#4731,.T.);
#2731=ORIENTED_EDGE('',*,*,#4721,.T.);
#2732=ORIENTED_EDGE('',*,*,#4732,.T.);
#2733=ORIENTED_EDGE('',*,*,#4429,.T.);
#2734=ORIENTED_EDGE('',*,*,#4733,.T.);
#2735=ORIENTED_EDGE('',*,*,#4719,.T.);
#2736=ORIENTED_EDGE('',*,*,#4734,.T.);
#2737=ORIENTED_EDGE('',*,*,#4605,.F.);
#2738=ORIENTED_EDGE('',*,*,#4592,.T.);
#2739=ORIENTED_EDGE('',*,*,#4735,.T.);
#2740=ORIENTED_EDGE('',*,*,#4736,.F.);
#2741=ORIENTED_EDGE('',*,*,#4737,.T.);
#2742=ORIENTED_EDGE('',*,*,#4432,.F.);
#2743=ORIENTED_EDGE('',*,*,#4738,.T.);
#2744=ORIENTED_EDGE('',*,*,#4739,.T.);
#2745=ORIENTED_EDGE('',*,*,#4740,.T.);
#2746=ORIENTED_EDGE('',*,*,#4741,.T.);
#2747=ORIENTED_EDGE('',*,*,#4742,.F.);
#2748=ORIENTED_EDGE('',*,*,#4743,.T.);
#2749=ORIENTED_EDGE('',*,*,#4744,.F.);
#2750=ORIENTED_EDGE('',*,*,#4745,.T.);
#2751=ORIENTED_EDGE('',*,*,#4746,.T.);
#2752=ORIENTED_EDGE('',*,*,#4747,.T.);
#2753=ORIENTED_EDGE('',*,*,#4748,.T.);
#2754=ORIENTED_EDGE('',*,*,#4749,.T.);
#2755=ORIENTED_EDGE('',*,*,#4629,.T.);
#2756=ORIENTED_EDGE('',*,*,#4627,.T.);
#2757=ORIENTED_EDGE('',*,*,#4750,.T.);
#2758=ORIENTED_EDGE('',*,*,#4698,.F.);
#2759=ORIENTED_EDGE('',*,*,#4751,.T.);
#2760=ORIENTED_EDGE('',*,*,#4465,.T.);
#2761=ORIENTED_EDGE('',*,*,#4449,.F.);
#2762=ORIENTED_EDGE('',*,*,#4752,.T.);
#2763=ORIENTED_EDGE('',*,*,#4742,.T.);
#2764=ORIENTED_EDGE('',*,*,#4753,.T.);
#2765=ORIENTED_EDGE('',*,*,#4397,.T.);
#2766=ORIENTED_EDGE('',*,*,#4754,.T.);
#2767=ORIENTED_EDGE('',*,*,#4755,.T.);
#2768=ORIENTED_EDGE('',*,*,#4756,.T.);
#2769=ORIENTED_EDGE('',*,*,#4483,.F.);
#2770=ORIENTED_EDGE('',*,*,#4757,.T.);
#2771=ORIENTED_EDGE('',*,*,#4758,.F.);
#2772=ORIENTED_EDGE('',*,*,#4759,.T.);
#2773=ORIENTED_EDGE('',*,*,#4760,.F.);
#2774=ORIENTED_EDGE('',*,*,#4761,.T.);
#2775=ORIENTED_EDGE('',*,*,#4755,.F.);
#2776=ORIENTED_EDGE('',*,*,#4762,.T.);
#2777=ORIENTED_EDGE('',*,*,#4763,.T.);
#2778=ORIENTED_EDGE('',*,*,#4764,.T.);
#2779=ORIENTED_EDGE('',*,*,#4758,.T.);
#2780=ORIENTED_EDGE('',*,*,#4765,.T.);
#2781=ORIENTED_EDGE('',*,*,#4658,.T.);
#2782=ORIENTED_EDGE('',*,*,#4653,.F.);
#2783=ORIENTED_EDGE('',*,*,#4766,.T.);
#2784=ORIENTED_EDGE('',*,*,#4767,.F.);
#2785=ORIENTED_EDGE('',*,*,#4768,.T.);
#2786=ORIENTED_EDGE('',*,*,#4521,.F.);
#2787=ORIENTED_EDGE('',*,*,#4506,.F.);
#2788=ORIENTED_EDGE('',*,*,#4520,.F.);
#2789=ORIENTED_EDGE('',*,*,#4769,.T.);
#2790=ORIENTED_EDGE('',*,*,#4770,.T.);
#2791=ORIENTED_EDGE('',*,*,#4771,.T.);
#2792=ORIENTED_EDGE('',*,*,#4646,.F.);
#2793=ORIENTED_EDGE('',*,*,#4772,.T.);
#2794=ORIENTED_EDGE('',*,*,#4773,.T.);
#2795=ORIENTED_EDGE('',*,*,#4774,.T.);
#2796=ORIENTED_EDGE('',*,*,#4775,.T.);
#2797=ORIENTED_EDGE('',*,*,#4776,.F.);
#2798=ORIENTED_EDGE('',*,*,#4777,.T.);
#2799=ORIENTED_EDGE('',*,*,#4778,.F.);
#2800=ORIENTED_EDGE('',*,*,#4779,.T.);
#2801=ORIENTED_EDGE('',*,*,#4780,.T.);
#2802=ORIENTED_EDGE('',*,*,#4781,.T.);
#2803=ORIENTED_EDGE('',*,*,#4782,.T.);
#2804=ORIENTED_EDGE('',*,*,#4783,.T.);
#2805=ORIENTED_EDGE('',*,*,#4784,.F.);
#2806=ORIENTED_EDGE('',*,*,#4785,.T.);
#2807=ORIENTED_EDGE('',*,*,#4786,.F.);
#2808=ORIENTED_EDGE('',*,*,#4787,.T.);
#2809=ORIENTED_EDGE('',*,*,#4788,.F.);
#2810=ORIENTED_EDGE('',*,*,#4789,.T.);
#2811=ORIENTED_EDGE('',*,*,#4790,.F.);
#2812=ORIENTED_EDGE('',*,*,#4791,.T.);
#2813=ORIENTED_EDGE('',*,*,#4770,.F.);
#2814=ORIENTED_EDGE('',*,*,#4792,.T.);
#2815=ORIENTED_EDGE('',*,*,#4793,.F.);
#2816=ORIENTED_EDGE('',*,*,#4794,.T.);
#2817=ORIENTED_EDGE('',*,*,#4767,.T.);
#2818=ORIENTED_EDGE('',*,*,#4795,.T.);
#2819=ORIENTED_EDGE('',*,*,#4796,.T.);
#2820=ORIENTED_EDGE('',*,*,#4797,.T.);
#2821=ORIENTED_EDGE('',*,*,#4604,.T.);
#2822=ORIENTED_EDGE('',*,*,#4798,.T.);
#2823=ORIENTED_EDGE('',*,*,#4788,.T.);
#2824=ORIENTED_EDGE('',*,*,#4799,.T.);
#2825=ORIENTED_EDGE('',*,*,#4500,.F.);
#2826=ORIENTED_EDGE('',*,*,#4517,.T.);
#2827=ORIENTED_EDGE('',*,*,#4800,.T.);
#2828=ORIENTED_EDGE('',*,*,#4740,.F.);
#2829=ORIENTED_EDGE('',*,*,#4801,.T.);
#2830=ORIENTED_EDGE('',*,*,#4595,.F.);
#2831=ORIENTED_EDGE('',*,*,#4632,.T.);
#2832=ORIENTED_EDGE('',*,*,#4610,.F.);
#2833=ORIENTED_EDGE('',*,*,#4802,.T.);
#2834=ORIENTED_EDGE('',*,*,#4784,.T.);
#2835=ORIENTED_EDGE('',*,*,#4803,.T.);
#2836=ORIENTED_EDGE('',*,*,#4550,.F.);
#2837=ORIENTED_EDGE('',*,*,#4541,.F.);
#2838=ORIENTED_EDGE('',*,*,#4555,.F.);
#2839=ORIENTED_EDGE('',*,*,#4804,.T.);
#2840=ORIENTED_EDGE('',*,*,#4780,.F.);
#2841=ORIENTED_EDGE('',*,*,#4805,.T.);
#2842=ORIENTED_EDGE('',*,*,#4614,.F.);
#2843=ORIENTED_EDGE('',*,*,#4806,.F.);
#2844=ORIENTED_EDGE('',*,*,#4807,.T.);
#2845=ORIENTED_EDGE('',*,*,#4808,.F.);
#2846=ORIENTED_EDGE('',*,*,#4809,.T.);
#2847=ORIENTED_EDGE('',*,*,#4810,.T.);
#2848=ORIENTED_EDGE('',*,*,#4811,.T.);
#2849=ORIENTED_EDGE('',*,*,#4812,.T.);
#2850=ORIENTED_EDGE('',*,*,#4813,.T.);
#2851=ORIENTED_EDGE('',*,*,#4473,.T.);
#2852=ORIENTED_EDGE('',*,*,#4814,.T.);
#2853=ORIENTED_EDGE('',*,*,#4806,.T.);
#2854=ORIENTED_EDGE('',*,*,#4815,.T.);
#2855=ORIENTED_EDGE('',*,*,#4524,.F.);
#2856=ORIENTED_EDGE('',*,*,#4816,.T.);
#2857=ORIENTED_EDGE('',*,*,#4810,.F.);
#2858=ORIENTED_EDGE('',*,*,#4817,.T.);
#2859=ORIENTED_EDGE('',*,*,#4818,.T.);
#2860=ORIENTED_EDGE('',*,*,#4819,.T.);
#2861=ORIENTED_EDGE('',*,*,#4820,.T.);
#2862=ORIENTED_EDGE('',*,*,#4821,.T.);
#2863=ORIENTED_EDGE('',*,*,#4372,.T.);
#2864=ORIENTED_EDGE('',*,*,#4822,.T.);
#2865=ORIENTED_EDGE('',*,*,#4823,.T.);
#2866=ORIENTED_EDGE('',*,*,#4824,.T.);
#2867=ORIENTED_EDGE('',*,*,#4419,.F.);
#2868=ORIENTED_EDGE('',*,*,#4437,.T.);
#2869=ORIENTED_EDGE('',*,*,#4825,.T.);
#2870=ORIENTED_EDGE('',*,*,#4820,.F.);
#2871=ORIENTED_EDGE('',*,*,#4826,.T.);
#2872=ORIENTED_EDGE('',*,*,#4378,.F.);
#2873=ORIENTED_EDGE('',*,*,#4827,.T.);
#2874=ORIENTED_EDGE('',*,*,#4828,.T.);
#2875=ORIENTED_EDGE('',*,*,#4736,.T.);
#2876=ORIENTED_EDGE('',*,*,#4829,.T.);
#2877=ORIENTED_EDGE('',*,*,#4830,.F.);
#2878=ORIENTED_EDGE('',*,*,#4831,.T.);
#2879=ORIENTED_EDGE('',*,*,#4832,.F.);
#2880=ORIENTED_EDGE('',*,*,#4833,.T.);
#2881=ORIENTED_EDGE('',*,*,#4834,.T.);
#2882=ORIENTED_EDGE('',*,*,#4835,.T.);
#2883=ORIENTED_EDGE('',*,*,#4836,.T.);
#2884=ORIENTED_EDGE('',*,*,#4837,.T.);
#2885=ORIENTED_EDGE('',*,*,#4834,.F.);
#2886=ORIENTED_EDGE('',*,*,#4838,.T.);
#2887=ORIENTED_EDGE('',*,*,#4488,.F.);
#2888=ORIENTED_EDGE('',*,*,#4469,.T.);
#2889=ORIENTED_EDGE('',*,*,#4493,.F.);
#2890=ORIENTED_EDGE('',*,*,#4839,.T.);
#2891=ORIENTED_EDGE('',*,*,#4830,.T.);
#2892=ORIENTED_EDGE('',*,*,#4840,.T.);
#2893=ORIENTED_EDGE('',*,*,#4441,.F.);
#2894=ORIENTED_EDGE('',*,*,#4416,.F.);
#2895=ORIENTED_EDGE('',*,*,#4440,.F.);
#2896=ORIENTED_EDGE('',*,*,#4841,.T.);
#2897=ORIENTED_EDGE('',*,*,#4823,.F.);
#2898=ORIENTED_EDGE('',*,*,#4842,.T.);
#2899=ORIENTED_EDGE('',*,*,#4843,.F.);
#2900=ORIENTED_EDGE('',*,*,#4844,.T.);
#2901=ORIENTED_EDGE('',*,*,#4656,.F.);
#2902=ORIENTED_EDGE('',*,*,#4638,.F.);
#2903=ORIENTED_EDGE('',*,*,#4845,.T.);
#2904=ORIENTED_EDGE('',*,*,#4846,.T.);
#2905=ORIENTED_EDGE('',*,*,#4847,.T.);
#2906=ORIENTED_EDGE('',*,*,#4461,.F.);
#2907=ORIENTED_EDGE('',*,*,#4444,.T.);
#2908=ORIENTED_EDGE('',*,*,#4460,.F.);
#2909=ORIENTED_EDGE('',*,*,#4848,.T.);
#2910=ORIENTED_EDGE('',*,*,#4849,.F.);
#2911=ORIENTED_EDGE('',*,*,#4850,.T.);
#2912=ORIENTED_EDGE('',*,*,#4641,.F.);
#2913=ORIENTED_EDGE('',*,*,#4851,.F.);
#2914=ORIENTED_EDGE('',*,*,#4852,.T.);
#2915=ORIENTED_EDGE('',*,*,#4534,.T.);
#2916=ORIENTED_EDGE('',*,*,#4853,.T.);
#2917=ORIENTED_EDGE('',*,*,#4854,.T.);
#2918=ORIENTED_EDGE('',*,*,#4855,.T.);
#2919=ORIENTED_EDGE('',*,*,#4661,.F.);
#2920=ORIENTED_EDGE('',*,*,#4856,.T.);
#2921=ORIENTED_EDGE('',*,*,#4849,.T.);
#2922=ORIENTED_EDGE('',*,*,#4857,.T.);
#2923=ORIENTED_EDGE('',*,*,#4858,.T.);
#2924=ORIENTED_EDGE('',*,*,#4859,.T.);
#2925=ORIENTED_EDGE('',*,*,#4860,.F.);
#2926=ORIENTED_EDGE('',*,*,#4861,.T.);
#2927=ORIENTED_EDGE('',*,*,#4846,.F.);
#2928=ORIENTED_EDGE('',*,*,#4862,.T.);
#2929=ORIENTED_EDGE('',*,*,#4863,.T.);
#2930=ORIENTED_EDGE('',*,*,#4864,.T.);
#2931=ORIENTED_EDGE('',*,*,#4851,.T.);
#2932=ORIENTED_EDGE('',*,*,#4865,.T.);
#2933=ORIENTED_EDGE('',*,*,#4854,.F.);
#2934=ORIENTED_EDGE('',*,*,#4866,.T.);
#2935=ORIENTED_EDGE('',*,*,#4867,.F.);
#2936=ORIENTED_EDGE('',*,*,#4868,.T.);
#2937=ORIENTED_EDGE('',*,*,#4691,.F.);
#2938=ORIENTED_EDGE('',*,*,#4869,.T.);
#2939=ORIENTED_EDGE('',*,*,#4870,.T.);
#2940=ORIENTED_EDGE('',*,*,#4871,.T.);
#2941=ORIENTED_EDGE('',*,*,#4559,.T.);
#2942=ORIENTED_EDGE('',*,*,#4572,.T.);
#2943=ORIENTED_EDGE('',*,*,#4872,.T.);
#2944=ORIENTED_EDGE('',*,*,#4746,.F.);
#2945=ORIENTED_EDGE('',*,*,#4873,.T.);
#2946=ORIENTED_EDGE('',*,*,#4664,.T.);
#2947=ORIENTED_EDGE('',*,*,#4688,.T.);
#2948=ORIENTED_EDGE('',*,*,#4671,.F.);
#2949=ORIENTED_EDGE('',*,*,#4874,.T.);
#2950=ORIENTED_EDGE('',*,*,#4776,.T.);
#2951=ORIENTED_EDGE('',*,*,#4875,.T.);
#2952=ORIENTED_EDGE('',*,*,#4494,.F.);
#2953=ORIENTED_EDGE('',*,*,#4478,.F.);
#2954=ORIENTED_EDGE('',*,*,#4499,.F.);
#2955=ORIENTED_EDGE('',*,*,#4876,.T.);
#2956=ORIENTED_EDGE('',*,*,#4774,.F.);
#2957=ORIENTED_EDGE('',*,*,#4877,.T.);
#2958=ORIENTED_EDGE('',*,*,#4675,.F.);
#2959=ORIENTED_EDGE('',*,*,#4878,.T.);
#2960=ORIENTED_EDGE('',*,*,#4879,.T.);
#2961=ORIENTED_EDGE('',*,*,#4701,.T.);
#2962=ORIENTED_EDGE('',*,*,#4880,.T.);
#2963=ORIENTED_EDGE('',*,*,#4870,.F.);
#2964=ORIENTED_EDGE('',*,*,#4881,.T.);
#2965=ORIENTED_EDGE('',*,*,#4882,.F.);
#2966=ORIENTED_EDGE('',*,*,#4883,.T.);
#2967=ORIENTED_EDGE('',*,*,#4884,.F.);
#2968=ORIENTED_EDGE('',*,*,#4885,.T.);
#2969=ORIENTED_EDGE('',*,*,#4410,.F.);
#2970=ORIENTED_EDGE('',*,*,#4395,.T.);
#2971=ORIENTED_EDGE('',*,*,#4415,.F.);
#2972=ORIENTED_EDGE('',*,*,#4886,.T.);
#2973=ORIENTED_EDGE('',*,*,#4887,.T.);
#2974=ORIENTED_EDGE('',*,*,#4888,.T.);
#2975=ORIENTED_EDGE('',*,*,#4381,.F.);
#2976=ORIENTED_EDGE('',*,*,#4375,.F.);
#2977=ORIENTED_EDGE('',*,*,#4386,.F.);
#2978=ORIENTED_EDGE('',*,*,#4889,.T.);
#2979=ORIENTED_EDGE('',*,*,#4887,.F.);
#2980=ORIENTED_EDGE('',*,*,#4890,.T.);
#2981=ORIENTED_EDGE('',*,*,#4891,.F.);
#2982=ORIENTED_EDGE('',*,*,#4892,.T.);
#2983=ORIENTED_EDGE('',*,*,#4884,.T.);
#2984=ORIENTED_EDGE('',*,*,#4893,.T.);
#2985=ORIENTED_EDGE('',*,*,#4894,.T.);
#2986=ORIENTED_EDGE('',*,*,#4895,.T.);
#2987=ORIENTED_EDGE('',*,*,#4896,.F.);
#2988=ORIENTED_EDGE('',*,*,#4897,.T.);
#2989=ORIENTED_EDGE('',*,*,#4361,.F.);
#2990=ORIENTED_EDGE('',*,*,#4898,.T.);
#2991=ORIENTED_EDGE('',*,*,#4843,.T.);
#2992=ORIENTED_EDGE('',*,*,#4899,.T.);
#2993=ORIENTED_EDGE('',*,*,#4370,.T.);
#2994=ORIENTED_EDGE('',*,*,#4383,.T.);
#2995=ORIENTED_EDGE('',*,*,#4900,.T.);
#2996=ORIENTED_EDGE('',*,*,#4891,.T.);
#2997=ORIENTED_EDGE('',*,*,#4901,.T.);
#2998=ORIENTED_EDGE('',*,*,#4413,.T.);
#2999=ORIENTED_EDGE('',*,*,#4399,.T.);
#3000=ORIENTED_EDGE('',*,*,#4902,.T.);
#3001=ORIENTED_EDGE('',*,*,#4763,.F.);
#3002=ORIENTED_EDGE('',*,*,#4903,.T.);
#3003=ORIENTED_EDGE('',*,*,#4481,.F.);
#3004=ORIENTED_EDGE('',*,*,#4490,.T.);
#3005=ORIENTED_EDGE('',*,*,#4904,.T.);
#3006=ORIENTED_EDGE('',*,*,#4836,.F.);
#3007=ORIENTED_EDGE('',*,*,#4905,.T.);
#3008=ORIENTED_EDGE('',*,*,#4438,.T.);
#3009=ORIENTED_EDGE('',*,*,#4421,.F.);
#3010=ORIENTED_EDGE('',*,*,#4906,.T.);
#3011=ORIENTED_EDGE('',*,*,#4812,.F.);
#3012=ORIENTED_EDGE('',*,*,#4907,.T.);
#3013=ORIENTED_EDGE('',*,*,#4529,.F.);
#3014=ORIENTED_EDGE('',*,*,#4546,.T.);
#3015=ORIENTED_EDGE('',*,*,#4908,.T.);
#3016=ORIENTED_EDGE('',*,*,#4730,.F.);
#3017=ORIENTED_EDGE('',*,*,#4909,.T.);
#3018=ORIENTED_EDGE('',*,*,#4585,.T.);
#3019=ORIENTED_EDGE('',*,*,#4607,.F.);
#3020=ORIENTED_EDGE('',*,*,#4910,.T.);
#3021=ORIENTED_EDGE('',*,*,#4717,.T.);
#3022=ORIENTED_EDGE('',*,*,#4911,.T.);
#3023=ORIENTED_EDGE('',*,*,#4427,.T.);
#3024=ORIENTED_EDGE('',*,*,#4443,.T.);
#3025=ORIENTED_EDGE('',*,*,#4912,.T.);
#3026=ORIENTED_EDGE('',*,*,#4832,.T.);
#3027=ORIENTED_EDGE('',*,*,#4913,.T.);
#3028=ORIENTED_EDGE('',*,*,#4491,.T.);
#3029=ORIENTED_EDGE('',*,*,#4475,.T.);
#3030=ORIENTED_EDGE('',*,*,#4914,.T.);
#3031=ORIENTED_EDGE('',*,*,#4485,.F.);
#3032=ORIENTED_EDGE('',*,*,#4915,.T.);
#3033=ORIENTED_EDGE('',*,*,#4760,.T.);
#3034=ORIENTED_EDGE('',*,*,#4916,.T.);
#3035=ORIENTED_EDGE('',*,*,#4402,.T.);
#3036=ORIENTED_EDGE('',*,*,#4406,.T.);
#3037=ORIENTED_EDGE('',*,*,#4917,.T.);
#3038=ORIENTED_EDGE('',*,*,#4714,.T.);
#3039=ORIENTED_EDGE('',*,*,#4918,.T.);
#3040=ORIENTED_EDGE('',*,*,#4576,.T.);
#3041=ORIENTED_EDGE('',*,*,#4561,.T.);
#3042=ORIENTED_EDGE('',*,*,#4919,.T.);
#3043=ORIENTED_EDGE('',*,*,#4882,.T.);
#3044=ORIENTED_EDGE('',*,*,#4920,.T.);
#3045=ORIENTED_EDGE('',*,*,#4689,.F.);
#3046=ORIENTED_EDGE('',*,*,#4677,.T.);
#3047=ORIENTED_EDGE('',*,*,#4921,.T.);
#3048=ORIENTED_EDGE('',*,*,#4772,.F.);
#3049=ORIENTED_EDGE('',*,*,#4922,.T.);
#3050=ORIENTED_EDGE('',*,*,#4497,.T.);
#3051=ORIENTED_EDGE('',*,*,#4808,.T.);
#3052=ORIENTED_EDGE('',*,*,#4923,.T.);
#3053=ORIENTED_EDGE('',*,*,#4471,.T.);
#3054=ORIENTED_EDGE('',*,*,#4496,.T.);
#3055=ORIENTED_EDGE('',*,*,#4924,.T.);
#3056=ORIENTED_EDGE('',*,*,#4778,.T.);
#3057=ORIENTED_EDGE('',*,*,#4925,.T.);
#3058=ORIENTED_EDGE('',*,*,#4669,.T.);
#3059=ORIENTED_EDGE('',*,*,#4687,.T.);
#3060=ORIENTED_EDGE('',*,*,#4926,.T.);
#3061=ORIENTED_EDGE('',*,*,#4694,.T.);
#3062=ORIENTED_EDGE('',*,*,#4927,.T.);
#3063=ORIENTED_EDGE('',*,*,#4633,.F.);
#3064=ORIENTED_EDGE('',*,*,#4616,.T.);
#3065=ORIENTED_EDGE('',*,*,#4928,.T.);
#3066=ORIENTED_EDGE('',*,*,#4782,.F.);
#3067=ORIENTED_EDGE('',*,*,#4929,.T.);
#3068=ORIENTED_EDGE('',*,*,#4553,.T.);
#3069=ORIENTED_EDGE('',*,*,#4526,.F.);
#3070=ORIENTED_EDGE('',*,*,#4930,.T.);
#3071=ORIENTED_EDGE('',*,*,#4536,.T.);
#3072=ORIENTED_EDGE('',*,*,#4931,.T.);
#3073=ORIENTED_EDGE('',*,*,#4863,.F.);
#3074=ORIENTED_EDGE('',*,*,#4932,.T.);
#3075=ORIENTED_EDGE('',*,*,#4659,.F.);
#3076=ORIENTED_EDGE('',*,*,#4648,.T.);
#3077=ORIENTED_EDGE('',*,*,#4933,.T.);
#3078=ORIENTED_EDGE('',*,*,#4793,.T.);
#3079=ORIENTED_EDGE('',*,*,#4934,.T.);
#3080=ORIENTED_EDGE('',*,*,#4518,.T.);
#3081=ORIENTED_EDGE('',*,*,#4502,.F.);
#3082=ORIENTED_EDGE('',*,*,#4935,.T.);
#3083=ORIENTED_EDGE('',*,*,#4790,.T.);
#3084=ORIENTED_EDGE('',*,*,#4936,.T.);
#3085=ORIENTED_EDGE('',*,*,#4602,.T.);
#3086=ORIENTED_EDGE('',*,*,#4583,.T.);
#3087=ORIENTED_EDGE('',*,*,#4937,.T.);
#3088=ORIENTED_EDGE('',*,*,#4728,.T.);
#3089=ORIENTED_EDGE('',*,*,#4938,.T.);
#3090=ORIENTED_EDGE('',*,*,#4547,.T.);
#3091=ORIENTED_EDGE('',*,*,#4744,.T.);
#3092=ORIENTED_EDGE('',*,*,#4939,.T.);
#3093=ORIENTED_EDGE('',*,*,#4447,.F.);
#3094=ORIENTED_EDGE('',*,*,#4463,.T.);
#3095=ORIENTED_EDGE('',*,*,#4940,.T.);
#3096=ORIENTED_EDGE('',*,*,#4860,.T.);
#3097=ORIENTED_EDGE('',*,*,#4941,.T.);
#3098=ORIENTED_EDGE('',*,*,#4636,.T.);
#3099=ORIENTED_EDGE('',*,*,#4663,.F.);
#3100=ORIENTED_EDGE('',*,*,#4942,.T.);
#3101=ORIENTED_EDGE('',*,*,#4867,.T.);
#3102=ORIENTED_EDGE('',*,*,#4943,.T.);
#3103=ORIENTED_EDGE('',*,*,#4539,.T.);
#3104=ORIENTED_EDGE('',*,*,#4552,.T.);
#3105=ORIENTED_EDGE('',*,*,#4944,.T.);
#3106=ORIENTED_EDGE('',*,*,#4786,.T.);
#3107=ORIENTED_EDGE('',*,*,#4945,.T.);
#3108=ORIENTED_EDGE('',*,*,#4608,.T.);
#3109=ORIENTED_EDGE('',*,*,#4631,.T.);
#3110=ORIENTED_EDGE('',*,*,#4946,.T.);
#3111=ORIENTED_EDGE('',*,*,#4858,.F.);
#3112=ORIENTED_EDGE('',*,*,#4947,.T.);
#3113=ORIENTED_EDGE('',*,*,#4458,.T.);
#3114=ORIENTED_EDGE('',*,*,#4453,.T.);
#3115=ORIENTED_EDGE('',*,*,#4464,.T.);
#3116=ORIENTED_EDGE('',*,*,#4456,.F.);
#3117=ORIENTED_EDGE('',*,*,#4467,.T.);
#3118=ORIENTED_EDGE('',*,*,#4948,.T.);
#3119=ORIENTED_EDGE('',*,*,#4696,.F.);
#3120=ORIENTED_EDGE('',*,*,#4949,.T.);
#3121=ORIENTED_EDGE('',*,*,#4625,.T.);
#3122=ORIENTED_EDGE('',*,*,#4619,.F.);
#3123=ORIENTED_EDGE('',*,*,#4623,.T.);
#3124=ORIENTED_EDGE('',*,*,#4950,.T.);
#3125=ORIENTED_EDGE('',*,*,#4878,.F.);
#3126=ORIENTED_EDGE('',*,*,#4951,.T.);
#3127=ORIENTED_EDGE('',*,*,#4679,.T.);
#3128=ORIENTED_EDGE('',*,*,#4684,.F.);
#3129=ORIENTED_EDGE('',*,*,#4666,.T.);
#3130=ORIENTED_EDGE('',*,*,#4952,.T.);
#3131=ORIENTED_EDGE('',*,*,#4748,.F.);
#3132=ORIENTED_EDGE('',*,*,#4953,.T.);
#3133=ORIENTED_EDGE('',*,*,#4570,.T.);
#3134=ORIENTED_EDGE('',*,*,#4568,.F.);
#3135=ORIENTED_EDGE('',*,*,#4579,.T.);
#3136=ORIENTED_EDGE('',*,*,#4565,.F.);
#3137=ORIENTED_EDGE('',*,*,#4575,.T.);
#3138=ORIENTED_EDGE('',*,*,#4954,.T.);
#3139=ORIENTED_EDGE('',*,*,#4712,.F.);
#3140=ORIENTED_EDGE('',*,*,#4955,.T.);
#3141=ORIENTED_EDGE('',*,*,#4407,.T.);
#3142=ORIENTED_EDGE('',*,*,#4392,.F.);
#3143=ORIENTED_EDGE('',*,*,#4412,.T.);
#3144=ORIENTED_EDGE('',*,*,#4956,.T.);
#3145=ORIENTED_EDGE('',*,*,#4894,.F.);
#3146=ORIENTED_EDGE('',*,*,#4957,.T.);
#3147=ORIENTED_EDGE('',*,*,#4384,.T.);
#3148=ORIENTED_EDGE('',*,*,#4365,.F.);
#3149=ORIENTED_EDGE('',*,*,#4387,.T.);
#3150=ORIENTED_EDGE('',*,*,#4368,.T.);
#3151=ORIENTED_EDGE('',*,*,#4380,.T.);
#3152=ORIENTED_EDGE('',*,*,#4958,.T.);
#3153=ORIENTED_EDGE('',*,*,#4818,.F.);
#3154=ORIENTED_EDGE('',*,*,#4959,.T.);
#3155=ORIENTED_EDGE('',*,*,#4435,.T.);
#3156=ORIENTED_EDGE('',*,*,#4425,.T.);
#3157=ORIENTED_EDGE('',*,*,#4434,.T.);
#3158=ORIENTED_EDGE('',*,*,#4960,.T.);
#3159=ORIENTED_EDGE('',*,*,#4827,.F.);
#3160=ORIENTED_EDGE('',*,*,#4961,.T.);
#3161=ORIENTED_EDGE('',*,*,#4590,.T.);
#3162=ORIENTED_EDGE('',*,*,#4601,.T.);
#3163=ORIENTED_EDGE('',*,*,#4597,.T.);
#3164=ORIENTED_EDGE('',*,*,#4962,.T.);
#3165=ORIENTED_EDGE('',*,*,#4738,.F.);
#3166=ORIENTED_EDGE('',*,*,#4963,.T.);
#3167=ORIENTED_EDGE('',*,*,#4515,.T.);
#3168=ORIENTED_EDGE('',*,*,#4509,.T.);
#3169=ORIENTED_EDGE('',*,*,#4514,.T.);
#3170=ORIENTED_EDGE('',*,*,#4512,.T.);
#3171=ORIENTED_EDGE('',*,*,#4523,.T.);
#3172=ORIENTED_EDGE('',*,*,#4964,.T.);
#3173=ORIENTED_EDGE('',*,*,#4796,.F.);
#3174=ORIENTED_EDGE('',*,*,#4965,.T.);
#3175=ORIENTED_EDGE('',*,*,#4651,.T.);
#3176=ORIENTED_EDGE('',*,*,#4657,.T.);
#3177=ORIENTED_EDGE('',*,*,#4643,.T.);
#3178=ORIENTED_EDGE('',*,*,#4966,.T.);
#3179=ORIENTED_EDGE('',*,*,#4967,.F.);
#3180=ORIENTED_EDGE('',*,*,#4215,.T.);
#3181=ORIENTED_EDGE('',*,*,#4220,.F.);
#3182=ORIENTED_EDGE('',*,*,#4027,.F.);
#3183=ORIENTED_EDGE('',*,*,#4026,.T.);
#3184=ORIENTED_EDGE('',*,*,#4968,.T.);
#3185=ORIENTED_EDGE('',*,*,#4896,.T.);
#3186=ORIENTED_EDGE('',*,*,#4969,.T.);
#3187=ORIENTED_EDGE('',*,*,#4216,.F.);
#3188=ORIENTED_EDGE('',*,*,#4967,.T.);
#3189=ORIENTED_EDGE('',*,*,#4931,.F.);
#3190=ORIENTED_EDGE('',*,*,#4535,.F.);
#3191=ORIENTED_EDGE('',*,*,#4852,.F.);
#3192=ORIENTED_EDGE('',*,*,#4864,.F.);
#3193=ORIENTED_EDGE('',*,*,#4938,.F.);
#3194=ORIENTED_EDGE('',*,*,#4727,.F.);
#3195=ORIENTED_EDGE('',*,*,#4723,.F.);
#3196=ORIENTED_EDGE('',*,*,#4548,.F.);
#3197=ORIENTED_EDGE('',*,*,#4937,.F.);
#3198=ORIENTED_EDGE('',*,*,#4582,.F.);
#3199=ORIENTED_EDGE('',*,*,#4725,.F.);
#3200=ORIENTED_EDGE('',*,*,#4729,.F.);
#3201=ORIENTED_EDGE('',*,*,#4936,.F.);
#3202=ORIENTED_EDGE('',*,*,#4789,.F.);
#3203=ORIENTED_EDGE('',*,*,#4798,.F.);
#3204=ORIENTED_EDGE('',*,*,#4603,.F.);
#3205=ORIENTED_EDGE('',*,*,#4935,.F.);
#3206=ORIENTED_EDGE('',*,*,#4501,.F.);
#3207=ORIENTED_EDGE('',*,*,#4799,.F.);
#3208=ORIENTED_EDGE('',*,*,#4791,.F.);
#3209=ORIENTED_EDGE('',*,*,#4769,.F.);
#3210=ORIENTED_EDGE('',*,*,#4519,.F.);
#3211=ORIENTED_EDGE('',*,*,#4934,.F.);
#3212=ORIENTED_EDGE('',*,*,#4792,.F.);
#3213=ORIENTED_EDGE('',*,*,#4771,.F.);
#3214=ORIENTED_EDGE('',*,*,#4794,.F.);
#3215=ORIENTED_EDGE('',*,*,#4933,.F.);
#3216=ORIENTED_EDGE('',*,*,#4647,.F.);
#3217=ORIENTED_EDGE('',*,*,#4752,.F.);
#3218=ORIENTED_EDGE('',*,*,#4448,.F.);
#3219=ORIENTED_EDGE('',*,*,#4939,.F.);
#3220=ORIENTED_EDGE('',*,*,#4743,.F.);
#3221=ORIENTED_EDGE('',*,*,#4753,.F.);
#3222=ORIENTED_EDGE('',*,*,#4745,.F.);
#3223=ORIENTED_EDGE('',*,*,#4946,.F.);
#3224=ORIENTED_EDGE('',*,*,#4630,.F.);
#3225=ORIENTED_EDGE('',*,*,#4945,.F.);
#3226=ORIENTED_EDGE('',*,*,#4785,.F.);
#3227=ORIENTED_EDGE('',*,*,#4802,.F.);
#3228=ORIENTED_EDGE('',*,*,#4609,.F.);
#3229=ORIENTED_EDGE('',*,*,#4944,.F.);
#3230=ORIENTED_EDGE('',*,*,#4551,.F.);
#3231=ORIENTED_EDGE('',*,*,#4803,.F.);
#3232=ORIENTED_EDGE('',*,*,#4787,.F.);
#3233=ORIENTED_EDGE('',*,*,#4932,.F.);
#3234=ORIENTED_EDGE('',*,*,#4865,.F.);
#3235=ORIENTED_EDGE('',*,*,#4856,.F.);
#3236=ORIENTED_EDGE('',*,*,#4660,.F.);
#3237=ORIENTED_EDGE('',*,*,#4847,.F.);
#3238=ORIENTED_EDGE('',*,*,#4861,.F.);
#3239=ORIENTED_EDGE('',*,*,#4940,.F.);
#3240=ORIENTED_EDGE('',*,*,#4462,.F.);
#3241=ORIENTED_EDGE('',*,*,#4845,.F.);
#3242=ORIENTED_EDGE('',*,*,#4637,.F.);
#3243=ORIENTED_EDGE('',*,*,#4941,.F.);
#3244=ORIENTED_EDGE('',*,*,#4862,.F.);
#3245=ORIENTED_EDGE('',*,*,#4943,.F.);
#3246=ORIENTED_EDGE('',*,*,#4866,.F.);
#3247=ORIENTED_EDGE('',*,*,#4853,.F.);
#3248=ORIENTED_EDGE('',*,*,#4540,.F.);
#3249=ORIENTED_EDGE('',*,*,#4942,.F.);
#3250=ORIENTED_EDGE('',*,*,#4662,.F.);
#3251=ORIENTED_EDGE('',*,*,#4855,.F.);
#3252=ORIENTED_EDGE('',*,*,#4868,.F.);
#3253=ORIENTED_EDGE('',*,*,#4923,.F.);
#3254=ORIENTED_EDGE('',*,*,#4807,.F.);
#3255=ORIENTED_EDGE('',*,*,#4814,.F.);
#3256=ORIENTED_EDGE('',*,*,#4472,.F.);
#3257=ORIENTED_EDGE('',*,*,#4930,.F.);
#3258=ORIENTED_EDGE('',*,*,#4525,.F.);
#3259=ORIENTED_EDGE('',*,*,#4815,.F.);
#3260=ORIENTED_EDGE('',*,*,#4809,.F.);
#3261=ORIENTED_EDGE('',*,*,#4929,.F.);
#3262=ORIENTED_EDGE('',*,*,#4781,.F.);
#3263=ORIENTED_EDGE('',*,*,#4804,.F.);
#3264=ORIENTED_EDGE('',*,*,#4554,.F.);
#3265=ORIENTED_EDGE('',*,*,#4928,.F.);
#3266=ORIENTED_EDGE('',*,*,#4615,.F.);
#3267=ORIENTED_EDGE('',*,*,#4805,.F.);
#3268=ORIENTED_EDGE('',*,*,#4783,.F.);
#3269=ORIENTED_EDGE('',*,*,#4703,.F.);
#3270=ORIENTED_EDGE('',*,*,#4634,.F.);
#3271=ORIENTED_EDGE('',*,*,#4927,.F.);
#3272=ORIENTED_EDGE('',*,*,#4693,.F.);
#3273=ORIENTED_EDGE('',*,*,#4704,.F.);
#3274=ORIENTED_EDGE('',*,*,#4695,.F.);
#3275=ORIENTED_EDGE('',*,*,#4926,.F.);
#3276=ORIENTED_EDGE('',*,*,#4686,.F.);
#3277=ORIENTED_EDGE('',*,*,#4925,.F.);
#3278=ORIENTED_EDGE('',*,*,#4777,.F.);
#3279=ORIENTED_EDGE('',*,*,#4874,.F.);
#3280=ORIENTED_EDGE('',*,*,#4670,.F.);
#3281=ORIENTED_EDGE('',*,*,#4924,.F.);
#3282=ORIENTED_EDGE('',*,*,#4495,.F.);
#3283=ORIENTED_EDGE('',*,*,#4875,.F.);
#3284=ORIENTED_EDGE('',*,*,#4779,.F.);
#3285=ORIENTED_EDGE('',*,*,#4907,.F.);
#3286=ORIENTED_EDGE('',*,*,#4811,.F.);
#3287=ORIENTED_EDGE('',*,*,#4816,.F.);
#3288=ORIENTED_EDGE('',*,*,#4530,.F.);
#3289=ORIENTED_EDGE('',*,*,#4914,.F.);
#3290=ORIENTED_EDGE('',*,*,#4474,.F.);
#3291=ORIENTED_EDGE('',*,*,#4817,.F.);
#3292=ORIENTED_EDGE('',*,*,#4813,.F.);
#3293=ORIENTED_EDGE('',*,*,#4913,.F.);
#3294=ORIENTED_EDGE('',*,*,#4831,.F.);
#3295=ORIENTED_EDGE('',*,*,#4839,.F.);
#3296=ORIENTED_EDGE('',*,*,#4492,.F.);
#3297=ORIENTED_EDGE('',*,*,#4910,.F.);
#3298=ORIENTED_EDGE('',*,*,#4606,.F.);
#3299=ORIENTED_EDGE('',*,*,#4734,.F.);
#3300=ORIENTED_EDGE('',*,*,#4718,.F.);
#3301=ORIENTED_EDGE('',*,*,#4911,.F.);
#3302=ORIENTED_EDGE('',*,*,#4720,.F.);
#3303=ORIENTED_EDGE('',*,*,#4733,.F.);
#3304=ORIENTED_EDGE('',*,*,#4428,.F.);
#3305=ORIENTED_EDGE('',*,*,#4912,.F.);
#3306=ORIENTED_EDGE('',*,*,#4442,.F.);
#3307=ORIENTED_EDGE('',*,*,#4840,.F.);
#3308=ORIENTED_EDGE('',*,*,#4833,.F.);
#3309=ORIENTED_EDGE('',*,*,#4908,.F.);
#3310=ORIENTED_EDGE('',*,*,#4545,.F.);
#3311=ORIENTED_EDGE('',*,*,#4722,.F.);
#3312=ORIENTED_EDGE('',*,*,#4731,.F.);
#3313=ORIENTED_EDGE('',*,*,#4909,.F.);
#3314=ORIENTED_EDGE('',*,*,#4732,.F.);
#3315=ORIENTED_EDGE('',*,*,#4726,.F.);
#3316=ORIENTED_EDGE('',*,*,#4586,.F.);
#3317=ORIENTED_EDGE('',*,*,#4899,.F.);
#3318=ORIENTED_EDGE('',*,*,#4842,.F.);
#3319=ORIENTED_EDGE('',*,*,#4822,.F.);
#3320=ORIENTED_EDGE('',*,*,#4371,.F.);
#3321=ORIENTED_EDGE('',*,*,#4906,.F.);
#3322=ORIENTED_EDGE('',*,*,#4420,.F.);
#3323=ORIENTED_EDGE('',*,*,#4824,.F.);
#3324=ORIENTED_EDGE('',*,*,#4844,.F.);
#3325=ORIENTED_EDGE('',*,*,#4901,.F.);
#3326=ORIENTED_EDGE('',*,*,#4890,.F.);
#3327=ORIENTED_EDGE('',*,*,#4886,.F.);
#3328=ORIENTED_EDGE('',*,*,#4414,.F.);
#3329=ORIENTED_EDGE('',*,*,#4902,.F.);
#3330=ORIENTED_EDGE('',*,*,#4398,.F.);
#3331=ORIENTED_EDGE('',*,*,#4759,.F.);
#3332=ORIENTED_EDGE('',*,*,#4764,.F.);
#3333=ORIENTED_EDGE('',*,*,#4903,.F.);
#3334=ORIENTED_EDGE('',*,*,#4765,.F.);
#3335=ORIENTED_EDGE('',*,*,#4757,.F.);
#3336=ORIENTED_EDGE('',*,*,#4482,.F.);
#3337=ORIENTED_EDGE('',*,*,#4900,.F.);
#3338=ORIENTED_EDGE('',*,*,#4382,.F.);
#3339=ORIENTED_EDGE('',*,*,#4888,.F.);
#3340=ORIENTED_EDGE('',*,*,#4892,.F.);
#3341=ORIENTED_EDGE('',*,*,#4905,.F.);
#3342=ORIENTED_EDGE('',*,*,#4835,.F.);
#3343=ORIENTED_EDGE('',*,*,#4841,.F.);
#3344=ORIENTED_EDGE('',*,*,#4439,.F.);
#3345=ORIENTED_EDGE('',*,*,#4904,.F.);
#3346=ORIENTED_EDGE('',*,*,#4489,.F.);
#3347=ORIENTED_EDGE('',*,*,#4838,.F.);
#3348=ORIENTED_EDGE('',*,*,#4837,.F.);
#3349=ORIENTED_EDGE('',*,*,#4915,.F.);
#3350=ORIENTED_EDGE('',*,*,#4484,.F.);
#3351=ORIENTED_EDGE('',*,*,#4756,.F.);
#3352=ORIENTED_EDGE('',*,*,#4761,.F.);
#3353=ORIENTED_EDGE('',*,*,#4916,.F.);
#3354=ORIENTED_EDGE('',*,*,#4762,.F.);
#3355=ORIENTED_EDGE('',*,*,#4754,.F.);
#3356=ORIENTED_EDGE('',*,*,#4403,.F.);
#3357=ORIENTED_EDGE('',*,*,#4921,.F.);
#3358=ORIENTED_EDGE('',*,*,#4676,.F.);
#3359=ORIENTED_EDGE('',*,*,#4877,.F.);
#3360=ORIENTED_EDGE('',*,*,#4773,.F.);
#3361=ORIENTED_EDGE('',*,*,#4922,.F.);
#3362=ORIENTED_EDGE('',*,*,#4775,.F.);
#3363=ORIENTED_EDGE('',*,*,#4876,.F.);
#3364=ORIENTED_EDGE('',*,*,#4498,.F.);
#3365=ORIENTED_EDGE('',*,*,#4917,.F.);
#3366=ORIENTED_EDGE('',*,*,#4405,.F.);
#3367=ORIENTED_EDGE('',*,*,#4709,.F.);
#3368=ORIENTED_EDGE('',*,*,#4715,.F.);
#3369=ORIENTED_EDGE('',*,*,#4918,.F.);
#3370=ORIENTED_EDGE('',*,*,#4716,.F.);
#3371=ORIENTED_EDGE('',*,*,#4707,.F.);
#3372=ORIENTED_EDGE('',*,*,#4577,.F.);
#3373=ORIENTED_EDGE('',*,*,#4869,.F.);
#3374=ORIENTED_EDGE('',*,*,#4690,.F.);
#3375=ORIENTED_EDGE('',*,*,#4920,.F.);
#3376=ORIENTED_EDGE('',*,*,#4881,.F.);
#3377=ORIENTED_EDGE('',*,*,#4871,.F.);
#3378=ORIENTED_EDGE('',*,*,#4883,.F.);
#3379=ORIENTED_EDGE('',*,*,#4919,.F.);
#3380=ORIENTED_EDGE('',*,*,#4560,.F.);
#3381=ORIENTED_EDGE('',*,*,#4848,.F.);
#3382=ORIENTED_EDGE('',*,*,#4459,.F.);
#3383=ORIENTED_EDGE('',*,*,#4947,.F.);
#3384=ORIENTED_EDGE('',*,*,#4857,.F.);
#3385=ORIENTED_EDGE('',*,*,#4850,.F.);
#3386=ORIENTED_EDGE('',*,*,#4859,.F.);
#3387=ORIENTED_EDGE('',*,*,#4966,.F.);
#3388=ORIENTED_EDGE('',*,*,#4642,.F.);
#3389=ORIENTED_EDGE('',*,*,#4766,.F.);
#3390=ORIENTED_EDGE('',*,*,#4652,.F.);
#3391=ORIENTED_EDGE('',*,*,#4965,.F.);
#3392=ORIENTED_EDGE('',*,*,#4795,.F.);
#3393=ORIENTED_EDGE('',*,*,#4768,.F.);
#3394=ORIENTED_EDGE('',*,*,#4797,.F.);
#3395=ORIENTED_EDGE('',*,*,#4964,.F.);
#3396=ORIENTED_EDGE('',*,*,#4522,.F.);
#3397=ORIENTED_EDGE('',*,*,#4962,.F.);
#3398=ORIENTED_EDGE('',*,*,#4596,.F.);
#3399=ORIENTED_EDGE('',*,*,#4801,.F.);
#3400=ORIENTED_EDGE('',*,*,#4739,.F.);
#3401=ORIENTED_EDGE('',*,*,#4963,.F.);
#3402=ORIENTED_EDGE('',*,*,#4741,.F.);
#3403=ORIENTED_EDGE('',*,*,#4800,.F.);
#3404=ORIENTED_EDGE('',*,*,#4516,.F.);
#3405=ORIENTED_EDGE('',*,*,#4960,.F.);
#3406=ORIENTED_EDGE('',*,*,#4433,.F.);
#3407=ORIENTED_EDGE('',*,*,#4737,.F.);
#3408=ORIENTED_EDGE('',*,*,#4828,.F.);
#3409=ORIENTED_EDGE('',*,*,#4961,.F.);
#3410=ORIENTED_EDGE('',*,*,#4829,.F.);
#3411=ORIENTED_EDGE('',*,*,#4735,.F.);
#3412=ORIENTED_EDGE('',*,*,#4591,.F.);
#3413=ORIENTED_EDGE('',*,*,#4826,.F.);
#3414=ORIENTED_EDGE('',*,*,#4819,.F.);
#3415=ORIENTED_EDGE('',*,*,#4958,.F.);
#3416=ORIENTED_EDGE('',*,*,#4379,.F.);
#3417=ORIENTED_EDGE('',*,*,#4959,.F.);
#3418=ORIENTED_EDGE('',*,*,#4821,.F.);
#3419=ORIENTED_EDGE('',*,*,#4825,.F.);
#3420=ORIENTED_EDGE('',*,*,#4436,.F.);
#3421=ORIENTED_EDGE('',*,*,#4957,.F.);
#3422=ORIENTED_EDGE('',*,*,#4893,.F.);
#3423=ORIENTED_EDGE('',*,*,#4889,.F.);
#3424=ORIENTED_EDGE('',*,*,#4385,.F.);
#3425=ORIENTED_EDGE('',*,*,#4956,.F.);
#3426=ORIENTED_EDGE('',*,*,#4411,.F.);
#3427=ORIENTED_EDGE('',*,*,#4885,.F.);
#3428=ORIENTED_EDGE('',*,*,#4895,.F.);
#3429=ORIENTED_EDGE('',*,*,#4955,.F.);
#3430=ORIENTED_EDGE('',*,*,#4711,.F.);
#3431=ORIENTED_EDGE('',*,*,#4710,.F.);
#3432=ORIENTED_EDGE('',*,*,#4408,.F.);
#3433=ORIENTED_EDGE('',*,*,#4954,.F.);
#3434=ORIENTED_EDGE('',*,*,#4574,.F.);
#3435=ORIENTED_EDGE('',*,*,#4706,.F.);
#3436=ORIENTED_EDGE('',*,*,#4713,.F.);
#3437=ORIENTED_EDGE('',*,*,#4948,.F.);
#3438=ORIENTED_EDGE('',*,*,#4466,.F.);
#3439=ORIENTED_EDGE('',*,*,#4751,.F.);
#3440=ORIENTED_EDGE('',*,*,#4697,.F.);
#3441=ORIENTED_EDGE('',*,*,#4750,.F.);
#3442=ORIENTED_EDGE('',*,*,#4626,.F.);
#3443=ORIENTED_EDGE('',*,*,#4949,.F.);
#3444=ORIENTED_EDGE('',*,*,#4699,.F.);
#3445=ORIENTED_EDGE('',*,*,#4950,.F.);
#3446=ORIENTED_EDGE('',*,*,#4622,.F.);
#3447=ORIENTED_EDGE('',*,*,#4702,.F.);
#3448=ORIENTED_EDGE('',*,*,#4879,.F.);
#3449=ORIENTED_EDGE('',*,*,#4700,.F.);
#3450=ORIENTED_EDGE('',*,*,#4680,.F.);
#3451=ORIENTED_EDGE('',*,*,#4951,.F.);
#3452=ORIENTED_EDGE('',*,*,#4880,.F.);
#3453=ORIENTED_EDGE('',*,*,#4953,.F.);
#3454=ORIENTED_EDGE('',*,*,#4747,.F.);
#3455=ORIENTED_EDGE('',*,*,#4872,.F.);
#3456=ORIENTED_EDGE('',*,*,#4571,.F.);
#3457=ORIENTED_EDGE('',*,*,#4952,.F.);
#3458=ORIENTED_EDGE('',*,*,#4665,.F.);
#3459=ORIENTED_EDGE('',*,*,#4873,.F.);
#3460=ORIENTED_EDGE('',*,*,#4749,.F.);
#3461=ORIENTED_EDGE('',*,*,#4970,.T.);
#3462=ORIENTED_EDGE('',*,*,#4971,.T.);
#3463=ORIENTED_EDGE('',*,*,#4972,.T.);
#3464=ORIENTED_EDGE('',*,*,#4204,.T.);
#3465=ORIENTED_EDGE('',*,*,#4973,.T.);
#3466=ORIENTED_EDGE('',*,*,#4974,.T.);
#3467=ORIENTED_EDGE('',*,*,#4975,.T.);
#3468=ORIENTED_EDGE('',*,*,#4199,.F.);
#3469=ORIENTED_EDGE('',*,*,#4184,.F.);
#3470=ORIENTED_EDGE('',*,*,#4190,.F.);
#3471=ORIENTED_EDGE('',*,*,#4174,.F.);
#3472=ORIENTED_EDGE('',*,*,#4976,.T.);
#3473=ORIENTED_EDGE('',*,*,#4155,.F.);
#3474=ORIENTED_EDGE('',*,*,#4977,.T.);
#3475=ORIENTED_EDGE('',*,*,#4196,.T.);
#3476=ORIENTED_EDGE('',*,*,#4978,.F.);
#3477=ORIENTED_EDGE('',*,*,#4219,.F.);
#3478=ORIENTED_EDGE('',*,*,#4979,.T.);
#3479=ORIENTED_EDGE('',*,*,#4175,.F.);
#3480=ORIENTED_EDGE('',*,*,#4978,.T.);
#3481=ORIENTED_EDGE('',*,*,#4195,.T.);
#3482=ORIENTED_EDGE('',*,*,#4181,.F.);
#3483=ORIENTED_EDGE('',*,*,#4980,.T.);
#3484=ORIENTED_EDGE('',*,*,#4170,.T.);
#3485=ORIENTED_EDGE('',*,*,#4981,.T.);
#3486=ORIENTED_EDGE('',*,*,#4193,.F.);
#3487=ORIENTED_EDGE('',*,*,#4982,.T.);
#3488=ORIENTED_EDGE('',*,*,#4169,.T.);
#3489=ORIENTED_EDGE('',*,*,#4983,.T.);
#3490=ORIENTED_EDGE('',*,*,#4023,.T.);
#3491=ORIENTED_EDGE('',*,*,#4188,.F.);
#3492=ORIENTED_EDGE('',*,*,#4981,.F.);
#3493=ORIENTED_EDGE('',*,*,#4977,.F.);
#3494=ORIENTED_EDGE('',*,*,#4158,.F.);
#3495=ORIENTED_EDGE('',*,*,#4984,.F.);
#3496=ORIENTED_EDGE('',*,*,#4197,.F.);
#3497=ORIENTED_EDGE('',*,*,#4985,.F.);
#3498=ORIENTED_EDGE('',*,*,#4986,.T.);
#3499=ORIENTED_EDGE('',*,*,#4060,.F.);
#3500=ORIENTED_EDGE('',*,*,#4198,.F.);
#3501=ORIENTED_EDGE('',*,*,#4987,.F.);
#3502=ORIENTED_EDGE('',*,*,#4064,.F.);
#3503=ORIENTED_EDGE('',*,*,#4987,.T.);
#3504=ORIENTED_EDGE('',*,*,#4984,.T.);
#3505=ORIENTED_EDGE('',*,*,#4988,.F.);
#3506=ORIENTED_EDGE('',*,*,#4157,.F.);
#3507=ORIENTED_EDGE('',*,*,#4989,.T.);
#3508=ORIENTED_EDGE('',*,*,#4179,.F.);
#3509=ORIENTED_EDGE('',*,*,#4990,.F.);
#3510=ORIENTED_EDGE('',*,*,#4065,.F.);
#3511=ORIENTED_EDGE('',*,*,#4988,.T.);
#3512=ORIENTED_EDGE('',*,*,#4991,.F.);
#3513=ORIENTED_EDGE('',*,*,#4066,.F.);
#3514=ORIENTED_EDGE('',*,*,#4992,.F.);
#3515=ORIENTED_EDGE('',*,*,#4191,.F.);
#3516=ORIENTED_EDGE('',*,*,#4056,.F.);
#3517=ORIENTED_EDGE('',*,*,#4993,.F.);
#3518=ORIENTED_EDGE('',*,*,#4992,.T.);
#3519=ORIENTED_EDGE('',*,*,#4990,.T.);
#3520=ORIENTED_EDGE('',*,*,#4994,.F.);
#3521=ORIENTED_EDGE('',*,*,#4982,.F.);
#3522=ORIENTED_EDGE('',*,*,#4192,.F.);
#3523=ORIENTED_EDGE('',*,*,#4994,.T.);
#3524=ORIENTED_EDGE('',*,*,#4182,.F.);
#3525=ORIENTED_EDGE('',*,*,#4331,.F.);
#3526=ORIENTED_EDGE('',*,*,#4995,.T.);
#3527=ORIENTED_EDGE('',*,*,#4327,.F.);
#3528=ORIENTED_EDGE('',*,*,#3996,.F.);
#3529=ORIENTED_EDGE('',*,*,#3974,.F.);
#3530=ORIENTED_EDGE('',*,*,#4996,.T.);
#3531=ORIENTED_EDGE('',*,*,#4997,.T.);
#3532=ORIENTED_EDGE('',*,*,#4998,.F.);
#3533=ORIENTED_EDGE('',*,*,#4999,.T.);
#3534=ORIENTED_EDGE('',*,*,#4325,.F.);
#3535=ORIENTED_EDGE('',*,*,#5000,.T.);
#3536=ORIENTED_EDGE('',*,*,#3983,.F.);
#3537=ORIENTED_EDGE('',*,*,#5001,.T.);
#3538=ORIENTED_EDGE('',*,*,#4332,.F.);
#3539=ORIENTED_EDGE('',*,*,#3994,.F.);
#3540=ORIENTED_EDGE('',*,*,#4213,.F.);
#3541=ORIENTED_EDGE('',*,*,#5002,.T.);
#3542=ORIENTED_EDGE('',*,*,#4970,.F.);
#3543=ORIENTED_EDGE('',*,*,#4203,.F.);
#3544=ORIENTED_EDGE('',*,*,#4972,.F.);
#3545=ORIENTED_EDGE('',*,*,#5003,.T.);
#3546=ORIENTED_EDGE('',*,*,#5004,.T.);
#3547=ORIENTED_EDGE('',*,*,#5005,.T.);
#3548=ORIENTED_EDGE('',*,*,#4030,.F.);
#3549=ORIENTED_EDGE('',*,*,#4205,.F.);
#3550=ORIENTED_EDGE('',*,*,#4021,.F.);
#3551=ORIENTED_EDGE('',*,*,#5006,.T.);
#3552=ORIENTED_EDGE('',*,*,#4973,.F.);
#3553=ORIENTED_EDGE('',*,*,#4189,.F.);
#3554=ORIENTED_EDGE('',*,*,#4975,.F.);
#3555=ORIENTED_EDGE('',*,*,#5007,.T.);
#3556=ORIENTED_EDGE('',*,*,#4211,.F.);
#3557=ORIENTED_EDGE('',*,*,#4200,.F.);
#3558=ORIENTED_EDGE('',*,*,#4168,.F.);
#3559=ORIENTED_EDGE('',*,*,#4130,.T.);
#3560=ORIENTED_EDGE('',*,*,#5008,.T.);
#3561=ORIENTED_EDGE('',*,*,#4133,.T.);
#3562=ORIENTED_EDGE('',*,*,#4178,.F.);
#3563=ORIENTED_EDGE('',*,*,#5009,.F.);
#3564=ORIENTED_EDGE('',*,*,#4024,.F.);
#3565=ORIENTED_EDGE('',*,*,#4983,.F.);
#3566=ORIENTED_EDGE('',*,*,#4968,.F.);
#3567=ORIENTED_EDGE('',*,*,#4025,.F.);
#3568=ORIENTED_EDGE('',*,*,#5009,.T.);
#3569=ORIENTED_EDGE('',*,*,#4359,.F.);
#3570=ORIENTED_EDGE('',*,*,#4362,.F.);
#3571=ORIENTED_EDGE('',*,*,#4897,.F.);
#3572=ORIENTED_EDGE('',*,*,#4979,.F.);
#3573=ORIENTED_EDGE('',*,*,#4218,.F.);
#3574=ORIENTED_EDGE('',*,*,#5010,.F.);
#3575=ORIENTED_EDGE('',*,*,#4176,.F.);
#3576=ORIENTED_EDGE('',*,*,#4363,.F.);
#3577=ORIENTED_EDGE('',*,*,#4360,.F.);
#3578=ORIENTED_EDGE('',*,*,#5010,.T.);
#3579=ORIENTED_EDGE('',*,*,#4217,.F.);
#3580=ORIENTED_EDGE('',*,*,#4969,.F.);
#3581=ORIENTED_EDGE('',*,*,#4898,.F.);
#3582=ORIENTED_EDGE('',*,*,#4976,.F.);
#3583=ORIENTED_EDGE('',*,*,#4173,.F.);
#3584=ORIENTED_EDGE('',*,*,#5011,.F.);
#3585=ORIENTED_EDGE('',*,*,#4156,.F.);
#3586=ORIENTED_EDGE('',*,*,#5011,.T.);
#3587=ORIENTED_EDGE('',*,*,#4172,.F.);
#3588=ORIENTED_EDGE('',*,*,#5012,.F.);
#3589=ORIENTED_EDGE('',*,*,#4989,.F.);
#3590=ORIENTED_EDGE('',*,*,#4980,.F.);
#3591=ORIENTED_EDGE('',*,*,#4180,.F.);
#3592=ORIENTED_EDGE('',*,*,#5012,.T.);
#3593=ORIENTED_EDGE('',*,*,#4171,.F.);
#3594=ORIENTED_EDGE('',*,*,#5013,.F.);
#3595=ORIENTED_EDGE('',*,*,#5014,.T.);
#3596=ORIENTED_EDGE('',*,*,#5015,.F.);
#3597=ORIENTED_EDGE('',*,*,#4320,.F.);
#3598=ORIENTED_EDGE('',*,*,#5016,.F.);
#3599=ORIENTED_EDGE('',*,*,#5017,.T.);
#3600=ORIENTED_EDGE('',*,*,#5013,.T.);
#3601=ORIENTED_EDGE('',*,*,#4324,.F.);
#3602=ORIENTED_EDGE('',*,*,#5015,.T.);
#3603=ORIENTED_EDGE('',*,*,#5018,.T.);
#3604=ORIENTED_EDGE('',*,*,#5019,.F.);
#3605=ORIENTED_EDGE('',*,*,#4321,.F.);
#3606=ORIENTED_EDGE('',*,*,#5020,.F.);
#3607=ORIENTED_EDGE('',*,*,#5021,.T.);
#3608=ORIENTED_EDGE('',*,*,#5016,.T.);
#3609=ORIENTED_EDGE('',*,*,#4089,.F.);
#3610=ORIENTED_EDGE('',*,*,#5019,.T.);
#3611=ORIENTED_EDGE('',*,*,#5022,.T.);
#3612=ORIENTED_EDGE('',*,*,#5023,.F.);
#3613=ORIENTED_EDGE('',*,*,#4322,.F.);
#3614=ORIENTED_EDGE('',*,*,#5024,.F.);
#3615=ORIENTED_EDGE('',*,*,#5025,.T.);
#3616=ORIENTED_EDGE('',*,*,#5020,.T.);
#3617=ORIENTED_EDGE('',*,*,#4088,.F.);
#3618=ORIENTED_EDGE('',*,*,#5023,.T.);
#3619=ORIENTED_EDGE('',*,*,#5026,.T.);
#3620=ORIENTED_EDGE('',*,*,#5027,.F.);
#3621=ORIENTED_EDGE('',*,*,#4317,.F.);
#3622=ORIENTED_EDGE('',*,*,#5028,.F.);
#3623=ORIENTED_EDGE('',*,*,#5029,.T.);
#3624=ORIENTED_EDGE('',*,*,#5024,.T.);
#3625=ORIENTED_EDGE('',*,*,#4087,.F.);
#3626=ORIENTED_EDGE('',*,*,#5027,.T.);
#3627=ORIENTED_EDGE('',*,*,#5030,.T.);
#3628=ORIENTED_EDGE('',*,*,#5031,.F.);
#3629=ORIENTED_EDGE('',*,*,#4318,.F.);
#3630=ORIENTED_EDGE('',*,*,#5032,.F.);
#3631=ORIENTED_EDGE('',*,*,#5033,.T.);
#3632=ORIENTED_EDGE('',*,*,#5028,.T.);
#3633=ORIENTED_EDGE('',*,*,#4086,.F.);
#3634=ORIENTED_EDGE('',*,*,#5031,.T.);
#3635=ORIENTED_EDGE('',*,*,#5034,.T.);
#3636=ORIENTED_EDGE('',*,*,#5035,.F.);
#3637=ORIENTED_EDGE('',*,*,#4323,.F.);
#3638=ORIENTED_EDGE('',*,*,#5035,.T.);
#3639=ORIENTED_EDGE('',*,*,#5036,.T.);
#3640=ORIENTED_EDGE('',*,*,#5032,.T.);
#3641=ORIENTED_EDGE('',*,*,#4085,.F.);
#3642=ORIENTED_EDGE('',*,*,#5037,.F.);
#3643=ORIENTED_EDGE('',*,*,#5021,.F.);
#3644=ORIENTED_EDGE('',*,*,#5038,.F.);
#3645=ORIENTED_EDGE('',*,*,#3977,.F.);
#3646=ORIENTED_EDGE('',*,*,#5038,.T.);
#3647=ORIENTED_EDGE('',*,*,#5025,.F.);
#3648=ORIENTED_EDGE('',*,*,#5039,.F.);
#3649=ORIENTED_EDGE('',*,*,#3986,.F.);
#3650=ORIENTED_EDGE('',*,*,#5037,.T.);
#3651=ORIENTED_EDGE('',*,*,#3976,.F.);
#3652=ORIENTED_EDGE('',*,*,#5040,.F.);
#3653=ORIENTED_EDGE('',*,*,#5017,.F.);
#3654=ORIENTED_EDGE('',*,*,#5039,.T.);
#3655=ORIENTED_EDGE('',*,*,#5029,.F.);
#3656=ORIENTED_EDGE('',*,*,#5041,.F.);
#3657=ORIENTED_EDGE('',*,*,#3982,.F.);
#3658=ORIENTED_EDGE('',*,*,#5040,.T.);
#3659=ORIENTED_EDGE('',*,*,#3975,.F.);
#3660=ORIENTED_EDGE('',*,*,#5042,.F.);
#3661=ORIENTED_EDGE('',*,*,#5014,.F.);
#3662=ORIENTED_EDGE('',*,*,#5041,.T.);
#3663=ORIENTED_EDGE('',*,*,#5033,.F.);
#3664=ORIENTED_EDGE('',*,*,#5043,.F.);
#3665=ORIENTED_EDGE('',*,*,#5001,.F.);
#3666=ORIENTED_EDGE('',*,*,#5042,.T.);
#3667=ORIENTED_EDGE('',*,*,#5000,.F.);
#3668=ORIENTED_EDGE('',*,*,#5044,.F.);
#3669=ORIENTED_EDGE('',*,*,#5018,.F.);
#3670=ORIENTED_EDGE('',*,*,#5043,.T.);
#3671=ORIENTED_EDGE('',*,*,#5036,.F.);
#3672=ORIENTED_EDGE('',*,*,#5045,.F.);
#3673=ORIENTED_EDGE('',*,*,#4333,.F.);
#3674=ORIENTED_EDGE('',*,*,#5044,.T.);
#3675=ORIENTED_EDGE('',*,*,#4328,.F.);
#3676=ORIENTED_EDGE('',*,*,#5046,.F.);
#3677=ORIENTED_EDGE('',*,*,#5022,.F.);
#3678=ORIENTED_EDGE('',*,*,#5045,.T.);
#3679=ORIENTED_EDGE('',*,*,#5034,.F.);
#3680=ORIENTED_EDGE('',*,*,#5047,.F.);
#3681=ORIENTED_EDGE('',*,*,#4329,.F.);
#3682=ORIENTED_EDGE('',*,*,#5046,.T.);
#3683=ORIENTED_EDGE('',*,*,#4995,.F.);
#3684=ORIENTED_EDGE('',*,*,#5048,.F.);
#3685=ORIENTED_EDGE('',*,*,#5026,.F.);
#3686=ORIENTED_EDGE('',*,*,#5047,.T.);
#3687=ORIENTED_EDGE('',*,*,#5030,.F.);
#3688=ORIENTED_EDGE('',*,*,#5048,.T.);
#3689=ORIENTED_EDGE('',*,*,#4330,.F.);
#3690=ORIENTED_EDGE('',*,*,#5049,.T.);
#3691=ORIENTED_EDGE('',*,*,#4143,.T.);
#3692=ORIENTED_EDGE('',*,*,#5050,.T.);
#3693=ORIENTED_EDGE('',*,*,#5051,.T.);
#3694=ORIENTED_EDGE('',*,*,#5052,.F.);
#3695=ORIENTED_EDGE('',*,*,#5051,.F.);
#3696=ORIENTED_EDGE('',*,*,#5053,.F.);
#3697=ORIENTED_EDGE('',*,*,#5054,.F.);
#3698=ORIENTED_EDGE('',*,*,#4047,.F.);
#3699=ORIENTED_EDGE('',*,*,#5055,.T.);
#3700=ORIENTED_EDGE('',*,*,#4144,.T.);
#3701=ORIENTED_EDGE('',*,*,#5049,.F.);
#3702=ORIENTED_EDGE('',*,*,#5052,.T.);
#3703=ORIENTED_EDGE('',*,*,#4142,.T.);
#3704=ORIENTED_EDGE('',*,*,#5056,.T.);
#3705=ORIENTED_EDGE('',*,*,#4045,.F.);
#3706=ORIENTED_EDGE('',*,*,#5053,.T.);
#3707=ORIENTED_EDGE('',*,*,#5050,.F.);
#3708=ORIENTED_EDGE('',*,*,#4040,.T.);
#3709=ORIENTED_EDGE('',*,*,#4033,.F.);
#3710=ORIENTED_EDGE('',*,*,#4038,.T.);
#3711=ORIENTED_EDGE('',*,*,#5057,.F.);
#3712=ORIENTED_EDGE('',*,*,#5058,.F.);
#3713=ORIENTED_EDGE('',*,*,#5057,.T.);
#3714=ORIENTED_EDGE('',*,*,#5059,.F.);
#3715=ORIENTED_EDGE('',*,*,#4009,.F.);
#3716=ORIENTED_EDGE('',*,*,#5060,.F.);
#3717=ORIENTED_EDGE('',*,*,#4041,.T.);
#3718=ORIENTED_EDGE('',*,*,#5058,.T.);
#3719=ORIENTED_EDGE('',*,*,#4008,.F.);
#3720=ORIENTED_EDGE('',*,*,#5061,.F.);
#3721=ORIENTED_EDGE('',*,*,#4010,.F.);
#3722=ORIENTED_EDGE('',*,*,#5059,.T.);
#3723=ORIENTED_EDGE('',*,*,#4037,.T.);
#3724=ORIENTED_EDGE('',*,*,#4048,.T.);
#3725=ORIENTED_EDGE('',*,*,#5054,.T.);
#3726=ORIENTED_EDGE('',*,*,#4044,.T.);
#3727=ORIENTED_EDGE('',*,*,#4017,.F.);
#3728=ORIENTED_EDGE('',*,*,#4207,.T.);
#3729=ORIENTED_EDGE('',*,*,#5062,.T.);
#3730=ORIENTED_EDGE('',*,*,#5063,.T.);
#3731=ORIENTED_EDGE('',*,*,#5064,.T.);
#3732=ORIENTED_EDGE('',*,*,#4208,.T.);
#3733=ORIENTED_EDGE('',*,*,#5064,.F.);
#3734=ORIENTED_EDGE('',*,*,#5065,.T.);
#3735=ORIENTED_EDGE('',*,*,#5066,.T.);
#3736=ORIENTED_EDGE('',*,*,#4210,.T.);
#3737=ORIENTED_EDGE('',*,*,#5067,.T.);
#3738=ORIENTED_EDGE('',*,*,#5068,.T.);
#3739=ORIENTED_EDGE('',*,*,#5062,.F.);
#3740=ORIENTED_EDGE('',*,*,#4209,.T.);
#3741=ORIENTED_EDGE('',*,*,#5066,.F.);
#3742=ORIENTED_EDGE('',*,*,#5069,.T.);
#3743=ORIENTED_EDGE('',*,*,#5067,.F.);
#3744=ORIENTED_EDGE('',*,*,#5070,.F.);
#3745=ORIENTED_EDGE('',*,*,#5071,.F.);
#3746=ORIENTED_EDGE('',*,*,#5072,.F.);
#3747=ORIENTED_EDGE('',*,*,#5073,.F.);
#3748=ORIENTED_EDGE('',*,*,#5074,.T.);
#3749=ORIENTED_EDGE('',*,*,#5071,.T.);
#3750=ORIENTED_EDGE('',*,*,#5075,.T.);
#3751=ORIENTED_EDGE('',*,*,#5063,.F.);
#3752=ORIENTED_EDGE('',*,*,#5075,.F.);
#3753=ORIENTED_EDGE('',*,*,#5070,.T.);
#3754=ORIENTED_EDGE('',*,*,#5076,.T.);
#3755=ORIENTED_EDGE('',*,*,#5065,.F.);
#3756=ORIENTED_EDGE('',*,*,#5077,.T.);
#3757=ORIENTED_EDGE('',*,*,#5072,.T.);
#3758=ORIENTED_EDGE('',*,*,#5074,.F.);
#3759=ORIENTED_EDGE('',*,*,#5068,.F.);
#3760=ORIENTED_EDGE('',*,*,#5076,.F.);
#3761=ORIENTED_EDGE('',*,*,#5073,.T.);
#3762=ORIENTED_EDGE('',*,*,#5077,.F.);
#3763=ORIENTED_EDGE('',*,*,#5069,.F.);
#3764=ORIENTED_EDGE('',*,*,#4139,.F.);
#3765=ORIENTED_EDGE('',*,*,#5078,.T.);
#3766=ORIENTED_EDGE('',*,*,#5079,.T.);
#3767=ORIENTED_EDGE('',*,*,#4152,.F.);
#3768=ORIENTED_EDGE('',*,*,#5079,.F.);
#3769=ORIENTED_EDGE('',*,*,#5080,.T.);
#3770=ORIENTED_EDGE('',*,*,#5081,.T.);
#3771=ORIENTED_EDGE('',*,*,#4153,.T.);
#3772=ORIENTED_EDGE('',*,*,#5081,.F.);
#3773=ORIENTED_EDGE('',*,*,#5082,.T.);
#3774=ORIENTED_EDGE('',*,*,#4146,.T.);
#3775=ORIENTED_EDGE('',*,*,#4154,.F.);
#3776=ORIENTED_EDGE('',*,*,#4148,.F.);
#3777=ORIENTED_EDGE('',*,*,#5083,.T.);
#3778=ORIENTED_EDGE('',*,*,#5084,.T.);
#3779=ORIENTED_EDGE('',*,*,#5085,.T.);
#3780=ORIENTED_EDGE('',*,*,#5084,.F.);
#3781=ORIENTED_EDGE('',*,*,#5086,.T.);
#3782=ORIENTED_EDGE('',*,*,#5087,.T.);
#3783=ORIENTED_EDGE('',*,*,#5088,.T.);
#3784=ORIENTED_EDGE('',*,*,#5087,.F.);
#3785=ORIENTED_EDGE('',*,*,#5089,.T.);
#3786=ORIENTED_EDGE('',*,*,#4137,.T.);
#3787=ORIENTED_EDGE('',*,*,#5090,.T.);
#3788=ORIENTED_EDGE('',*,*,#5091,.F.);
#3789=ORIENTED_EDGE('',*,*,#3967,.F.);
#3790=ORIENTED_EDGE('',*,*,#5092,.F.);
#3791=ORIENTED_EDGE('',*,*,#5080,.F.);
#3792=ORIENTED_EDGE('',*,*,#5092,.T.);
#3793=ORIENTED_EDGE('',*,*,#3966,.F.);
#3794=ORIENTED_EDGE('',*,*,#5093,.F.);
#3795=ORIENTED_EDGE('',*,*,#5082,.F.);
#3796=ORIENTED_EDGE('',*,*,#5091,.T.);
#3797=ORIENTED_EDGE('',*,*,#5078,.F.);
#3798=ORIENTED_EDGE('',*,*,#5094,.F.);
#3799=ORIENTED_EDGE('',*,*,#3968,.F.);
#3800=ORIENTED_EDGE('',*,*,#5093,.T.);
#3801=ORIENTED_EDGE('',*,*,#3965,.F.);
#3802=ORIENTED_EDGE('',*,*,#5095,.F.);
#3803=ORIENTED_EDGE('',*,*,#4147,.F.);
#3804=ORIENTED_EDGE('',*,*,#5094,.T.);
#3805=ORIENTED_EDGE('',*,*,#4138,.F.);
#3806=ORIENTED_EDGE('',*,*,#5096,.F.);
#3807=ORIENTED_EDGE('',*,*,#3969,.F.);
#3808=ORIENTED_EDGE('',*,*,#5095,.T.);
#3809=ORIENTED_EDGE('',*,*,#3964,.F.);
#3810=ORIENTED_EDGE('',*,*,#5097,.F.);
#3811=ORIENTED_EDGE('',*,*,#5083,.F.);
#3812=ORIENTED_EDGE('',*,*,#5096,.T.);
#3813=ORIENTED_EDGE('',*,*,#5089,.F.);
#3814=ORIENTED_EDGE('',*,*,#5098,.F.);
#3815=ORIENTED_EDGE('',*,*,#3962,.F.);
#3816=ORIENTED_EDGE('',*,*,#5097,.T.);
#3817=ORIENTED_EDGE('',*,*,#3963,.F.);
#3818=ORIENTED_EDGE('',*,*,#5098,.T.);
#3819=ORIENTED_EDGE('',*,*,#5086,.F.);
#3820=ORIENTED_EDGE('',*,*,#4145,.F.);
#3821=ORIENTED_EDGE('',*,*,#5055,.F.);
#3822=ORIENTED_EDGE('',*,*,#4046,.T.);
#3823=ORIENTED_EDGE('',*,*,#4015,.F.);
#3824=ORIENTED_EDGE('',*,*,#5099,.F.);
#3825=ORIENTED_EDGE('',*,*,#5099,.T.);
#3826=ORIENTED_EDGE('',*,*,#4014,.F.);
#3827=ORIENTED_EDGE('',*,*,#5100,.F.);
#3828=ORIENTED_EDGE('',*,*,#5090,.F.);
#3829=ORIENTED_EDGE('',*,*,#5100,.T.);
#3830=ORIENTED_EDGE('',*,*,#4013,.F.);
#3831=ORIENTED_EDGE('',*,*,#5101,.F.);
#3832=ORIENTED_EDGE('',*,*,#5088,.F.);
#3833=ORIENTED_EDGE('',*,*,#5101,.T.);
#3834=ORIENTED_EDGE('',*,*,#4012,.F.);
#3835=ORIENTED_EDGE('',*,*,#5102,.F.);
#3836=ORIENTED_EDGE('',*,*,#5085,.F.);
#3837=ORIENTED_EDGE('',*,*,#5102,.T.);
#3838=ORIENTED_EDGE('',*,*,#4011,.F.);
#3839=ORIENTED_EDGE('',*,*,#5061,.T.);
#3840=ORIENTED_EDGE('',*,*,#4036,.F.);
#3841=ORIENTED_EDGE('',*,*,#4149,.F.);
#3842=ORIENTED_EDGE('',*,*,#4186,.F.);
#3843=ORIENTED_EDGE('',*,*,#4061,.F.);
#3844=ORIENTED_EDGE('',*,*,#4050,.T.);
#3845=ORIENTED_EDGE('',*,*,#4004,.F.);
#3846=ORIENTED_EDGE('',*,*,#5103,.F.);
#3847=ORIENTED_EDGE('',*,*,#5006,.F.);
#3848=ORIENTED_EDGE('',*,*,#3999,.F.);
#3849=ORIENTED_EDGE('',*,*,#5104,.T.);
#3850=ORIENTED_EDGE('',*,*,#4971,.F.);
#3851=ORIENTED_EDGE('',*,*,#5105,.F.);
#3852=ORIENTED_EDGE('',*,*,#5103,.T.);
#3853=ORIENTED_EDGE('',*,*,#4003,.F.);
#3854=ORIENTED_EDGE('',*,*,#5106,.F.);
#3855=ORIENTED_EDGE('',*,*,#4974,.F.);
#3856=ORIENTED_EDGE('',*,*,#5105,.T.);
#3857=ORIENTED_EDGE('',*,*,#5002,.F.);
#3858=ORIENTED_EDGE('',*,*,#5107,.F.);
#3859=ORIENTED_EDGE('',*,*,#4000,.F.);
#3860=ORIENTED_EDGE('',*,*,#5106,.T.);
#3861=ORIENTED_EDGE('',*,*,#4002,.F.);
#3862=ORIENTED_EDGE('',*,*,#5108,.F.);
#3863=ORIENTED_EDGE('',*,*,#5007,.F.);
#3864=ORIENTED_EDGE('',*,*,#5107,.T.);
#3865=ORIENTED_EDGE('',*,*,#4212,.F.);
#3866=ORIENTED_EDGE('',*,*,#5108,.T.);
#3867=ORIENTED_EDGE('',*,*,#4001,.F.);
#3868=ORIENTED_EDGE('',*,*,#4998,.T.);
#3869=ORIENTED_EDGE('',*,*,#5109,.T.);
#3870=ORIENTED_EDGE('',*,*,#5004,.F.);
#3871=ORIENTED_EDGE('',*,*,#5110,.T.);
#3872=ORIENTED_EDGE('',*,*,#5111,.F.);
#3873=ORIENTED_EDGE('',*,*,#4999,.F.);
#3874=ORIENTED_EDGE('',*,*,#5110,.F.);
#3875=ORIENTED_EDGE('',*,*,#5003,.F.);
#3876=ORIENTED_EDGE('',*,*,#4326,.F.);
#3877=ORIENTED_EDGE('',*,*,#5111,.T.);
#3878=ORIENTED_EDGE('',*,*,#5104,.F.);
#3879=ORIENTED_EDGE('',*,*,#3998,.F.);
#3880=ORIENTED_EDGE('',*,*,#5112,.F.);
#3881=ORIENTED_EDGE('',*,*,#5005,.F.);
#3882=ORIENTED_EDGE('',*,*,#5109,.F.);
#3883=ORIENTED_EDGE('',*,*,#4997,.F.);
#3884=ORIENTED_EDGE('',*,*,#4052,.F.);
#3885=ORIENTED_EDGE('',*,*,#5112,.T.);
#3886=ORIENTED_EDGE('',*,*,#4996,.F.);
#3887=ORIENTED_EDGE('',*,*,#3993,.F.);
#3888=ORIENTED_EDGE('',*,*,#5113,.T.);
#3889=ORIENTED_EDGE('',*,*,#5114,.T.);
#3890=ORIENTED_EDGE('',*,*,#5115,.T.);
#3891=ORIENTED_EDGE('',*,*,#5116,.T.);
#3892=ORIENTED_EDGE('',*,*,#5117,.T.);
#3893=ORIENTED_EDGE('',*,*,#5118,.T.);
#3894=ORIENTED_EDGE('',*,*,#5116,.F.);
#3895=ORIENTED_EDGE('',*,*,#5117,.F.);
#3896=ORIENTED_EDGE('',*,*,#5113,.F.);
#3897=ORIENTED_EDGE('',*,*,#5114,.F.);
#3898=ORIENTED_EDGE('',*,*,#4187,.F.);
#3899=ORIENTED_EDGE('',*,*,#5118,.F.);
#3900=ORIENTED_EDGE('',*,*,#4201,.F.);
#3901=ORIENTED_EDGE('',*,*,#5115,.F.);
#3902=ORIENTED_EDGE('',*,*,#4134,.T.);
#3903=ORIENTED_EDGE('',*,*,#5008,.F.);
#3904=ORIENTED_EDGE('',*,*,#4129,.T.);
#3905=ORIENTED_EDGE('',*,*,#4081,.F.);
#3906=ORIENTED_EDGE('',*,*,#4079,.T.);
#3907=ORIENTED_EDGE('',*,*,#4132,.F.);
#3908=ORIENTED_EDGE('',*,*,#4167,.F.);
#3909=ORIENTED_EDGE('',*,*,#4135,.F.);
#3910=ORIENTED_EDGE('',*,*,#4119,.F.);
#3911=ORIENTED_EDGE('',*,*,#4128,.F.);
#3912=ORIENTED_EDGE('',*,*,#4124,.F.);
#3913=ORIENTED_EDGE('',*,*,#4126,.F.);
#3914=ORIENTED_EDGE('',*,*,#4121,.F.);
#3915=ORIENTED_EDGE('',*,*,#4127,.F.);
#3916=ORIENTED_EDGE('',*,*,#4122,.F.);
#3917=ORIENTED_EDGE('',*,*,#4073,.F.);
#3918=ORIENTED_EDGE('',*,*,#4068,.F.);
#3919=ORIENTED_EDGE('',*,*,#5119,.T.);
#3920=ORIENTED_EDGE('',*,*,#4993,.T.);
#3921=ORIENTED_EDGE('',*,*,#4055,.F.);
#3922=ORIENTED_EDGE('',*,*,#5119,.F.);
#3923=ORIENTED_EDGE('',*,*,#4067,.F.);
#3924=ORIENTED_EDGE('',*,*,#4991,.T.);
#3925=ORIENTED_EDGE('',*,*,#5120,.F.);
#3926=ORIENTED_EDGE('',*,*,#4062,.T.);
#3927=ORIENTED_EDGE('',*,*,#4053,.T.);
#3928=ORIENTED_EDGE('',*,*,#4986,.F.);
#3929=ORIENTED_EDGE('',*,*,#4063,.F.);
#3930=ORIENTED_EDGE('',*,*,#5120,.T.);
#3931=ORIENTED_EDGE('',*,*,#4985,.T.);
#3932=ORIENTED_EDGE('',*,*,#4141,.F.);
#3933=ORIENTED_EDGE('',*,*,#4049,.T.);
#3934=ORIENTED_EDGE('',*,*,#4019,.T.);
#3935=ORIENTED_EDGE('',*,*,#4043,.T.);
#3936=ORIENTED_EDGE('',*,*,#5056,.F.);
#3937=ORIENTED_EDGE('',*,*,#5060,.T.);
#3938=ORIENTED_EDGE('',*,*,#4007,.F.);
#3939=ORIENTED_EDGE('',*,*,#4051,.T.);
#3940=ORIENTED_EDGE('',*,*,#4150,.T.);
#3941=ORIENTED_EDGE('',*,*,#4042,.F.);
#3942=ORIENTED_EDGE('',*,*,#5121,.T.);
#3943=ORIENTED_EDGE('',*,*,#5122,.T.);
#3944=ORIENTED_EDGE('',*,*,#5123,.T.);
#3945=ORIENTED_EDGE('',*,*,#5124,.T.);
#3946=ORIENTED_EDGE('',*,*,#5125,.F.);
#3947=ORIENTED_EDGE('',*,*,#5121,.F.);
#3948=ORIENTED_EDGE('',*,*,#5126,.F.);
#3949=ORIENTED_EDGE('',*,*,#3985,.F.);
#3950=ORIENTED_EDGE('',*,*,#5126,.T.);
#3951=ORIENTED_EDGE('',*,*,#5122,.F.);
#3952=ORIENTED_EDGE('',*,*,#5125,.T.);
#3953=ORIENTED_EDGE('',*,*,#3971,.F.);
#3954=ORIENTED_EDGE('',*,*,#5127,.F.);
#3955=ORIENTED_EDGE('',*,*,#5123,.F.);
#3956=ORIENTED_EDGE('',*,*,#5128,.F.);
#3957=ORIENTED_EDGE('',*,*,#3987,.F.);
#3958=ORIENTED_EDGE('',*,*,#5128,.T.);
#3959=ORIENTED_EDGE('',*,*,#5124,.F.);
#3960=ORIENTED_EDGE('',*,*,#5127,.T.);
#3961=ORIENTED_EDGE('',*,*,#3980,.F.);
#3962=EDGE_CURVE('',#5129,#5130,#5884,.F.);
#3963=EDGE_CURVE('',#5130,#5131,#320,.F.);
#3964=EDGE_CURVE('',#5131,#5132,#5885,.F.);
#3965=EDGE_CURVE('',#5132,#5133,#321,.F.);
#3966=EDGE_CURVE('',#5133,#5134,#5886,.F.);
#3967=EDGE_CURVE('',#5134,#5135,#322,.F.);
#3968=EDGE_CURVE('',#5135,#5136,#5887,.F.);
#3969=EDGE_CURVE('',#5136,#5129,#323,.F.);
#3970=EDGE_CURVE('',#5137,#5138,#324,.T.);
#3971=EDGE_CURVE('',#5138,#5139,#258,.T.);
#3972=EDGE_CURVE('',#5139,#5140,#325,.T.);
#3973=EDGE_CURVE('',#5140,#5141,#326,.T.);
#3974=EDGE_CURVE('',#5141,#5142,#327,.F.);
#3975=EDGE_CURVE('',#5142,#5143,#328,.T.);
#3976=EDGE_CURVE('',#5143,#5144,#259,.T.);
#3977=EDGE_CURVE('',#5144,#5137,#329,.F.);
#3978=EDGE_CURVE('',#5145,#5145,#5888,.T.);
#3979=EDGE_CURVE('',#5146,#5147,#330,.F.);
#3980=EDGE_CURVE('',#5147,#5148,#260,.T.);
#3981=EDGE_CURVE('',#5148,#5149,#331,.F.);
#3982=EDGE_CURVE('',#5149,#5150,#332,.F.);
#3983=EDGE_CURVE('',#5150,#5151,#333,.T.);
#3984=EDGE_CURVE('',#5146,#5151,#334,.T.);
#3985=EDGE_CURVE('',#5139,#5138,#261,.T.);
#3986=EDGE_CURVE('',#5137,#5149,#5889,.F.);
#3987=EDGE_CURVE('',#5148,#5147,#262,.T.);
#3988=EDGE_CURVE('',#5140,#5146,#5890,.T.);
#3989=EDGE_CURVE('',#5152,#5153,#335,.T.);
#3990=EDGE_CURVE('',#5154,#5152,#336,.T.);
#3991=EDGE_CURVE('',#5154,#5155,#337,.T.);
#3992=EDGE_CURVE('',#5155,#5156,#338,.T.);
#3993=EDGE_CURVE('',#5156,#5141,#339,.T.);
#3994=EDGE_CURVE('',#5151,#5157,#5891,.T.);
#3995=EDGE_CURVE('',#5157,#5158,#340,.T.);
#3996=EDGE_CURVE('',#5158,#5159,#5892,.T.);
#3997=EDGE_CURVE('',#5160,#5159,#341,.T.);
#3998=EDGE_CURVE('',#5160,#5161,#342,.T.);
#3999=EDGE_CURVE('',#5161,#5162,#343,.T.);
#4000=EDGE_CURVE('',#5162,#5163,#5893,.F.);
#4001=EDGE_CURVE('',#5163,#5164,#344,.T.);
#4002=EDGE_CURVE('',#5164,#5165,#5894,.F.);
#4003=EDGE_CURVE('',#5165,#5166,#345,.T.);
#4004=EDGE_CURVE('',#5166,#5167,#5895,.F.);
#4005=EDGE_CURVE('',#5167,#5153,#346,.T.);
#4006=EDGE_CURVE('',#5168,#5169,#347,.T.);
#4007=EDGE_CURVE('',#5169,#5170,#348,.T.);
#4008=EDGE_CURVE('',#5170,#5171,#349,.T.);
#4009=EDGE_CURVE('',#5171,#5172,#5896,.T.);
#4010=EDGE_CURVE('',#5172,#5173,#350,.T.);
#4011=EDGE_CURVE('',#5173,#5174,#351,.F.);
#4012=EDGE_CURVE('',#5174,#5175,#5897,.F.);
#4013=EDGE_CURVE('',#5175,#5176,#352,.F.);
#4014=EDGE_CURVE('',#5176,#5177,#5898,.F.);
#4015=EDGE_CURVE('',#5177,#5178,#353,.T.);
#4016=EDGE_CURVE('',#5178,#5179,#354,.T.);
#4017=EDGE_CURVE('',#5179,#5180,#5899,.T.);
#4018=EDGE_CURVE('',#5180,#5181,#355,.T.);
#4019=EDGE_CURVE('',#5182,#5181,#356,.T.);
#4020=EDGE_CURVE('',#5182,#5183,#357,.T.);
#4021=EDGE_CURVE('',#5183,#5184,#358,.T.);
#4022=EDGE_CURVE('',#5185,#5184,#359,.T.);
#4023=EDGE_CURVE('',#5186,#5185,#360,.T.);
#4024=EDGE_CURVE('',#5186,#5187,#361,.T.);
#4025=EDGE_CURVE('',#5187,#5188,#263,.T.);
#4026=EDGE_CURVE('',#5189,#5188,#362,.T.);
#4027=EDGE_CURVE('',#5189,#5190,#363,.T.);
#4028=EDGE_CURVE('',#5190,#5191,#364,.T.);
#4029=EDGE_CURVE('',#5192,#5191,#365,.T.);
#4030=EDGE_CURVE('',#5192,#5168,#366,.F.);
#4031=EDGE_CURVE('',#5193,#5194,#367,.T.);
#4032=EDGE_CURVE('',#5193,#5195,#368,.F.);
#4033=EDGE_CURVE('',#5195,#5196,#5900,.F.);
#4034=EDGE_CURVE('',#5196,#5194,#369,.F.);
#4035=EDGE_CURVE('',#5197,#5193,#5901,.F.);
#4036=EDGE_CURVE('',#5197,#5198,#264,.T.);
#4037=EDGE_CURVE('',#5199,#5198,#370,.T.);
#4038=EDGE_CURVE('',#5195,#5199,#5902,.T.);
#4039=EDGE_CURVE('',#5194,#5200,#5903,.F.);
#4040=EDGE_CURVE('',#5201,#5196,#5904,.F.);
#4041=EDGE_CURVE('',#5202,#5201,#371,.T.);
#4042=EDGE_CURVE('',#5202,#5200,#265,.T.);
#4043=EDGE_CURVE('',#5181,#5203,#266,.T.);
#4044=EDGE_CURVE('',#5204,#5180,#5905,.F.);
#4045=EDGE_CURVE('',#5204,#5203,#372,.T.);
#4046=EDGE_CURVE('',#5205,#5178,#267,.T.);
#4047=EDGE_CURVE('',#5205,#5206,#373,.T.);
#4048=EDGE_CURVE('',#5179,#5206,#5906,.T.);
#4049=EDGE_CURVE('',#5153,#5182,#76,.T.);
#4050=EDGE_CURVE('',#5183,#5167,#374,.T.);
#4051=EDGE_CURVE('',#5169,#5155,#77,.T.);
#4052=EDGE_CURVE('',#5168,#5156,#78,.F.);
#4053=EDGE_CURVE('',#5207,#5208,#375,.T.);
#4054=EDGE_CURVE('',#5209,#5207,#5907,.F.);
#4055=EDGE_CURVE('',#5209,#5210,#376,.T.);
#4056=EDGE_CURVE('',#5210,#5211,#5908,.F.);
#4057=EDGE_CURVE('',#5212,#5211,#377,.T.);
#4058=EDGE_CURVE('',#5213,#5212,#5909,.F.);
#4059=EDGE_CURVE('',#5214,#5213,#378,.T.);
#4060=EDGE_CURVE('',#5214,#5208,#5910,.F.);
#4061=EDGE_CURVE('',#5215,#5215,#5911,.F.);
#4062=EDGE_CURVE('',#5216,#5207,#379,.T.);
#4063=EDGE_CURVE('',#5216,#5217,#5912,.F.);
#4064=EDGE_CURVE('',#5217,#5218,#380,.F.);
#4065=EDGE_CURVE('',#5218,#5219,#5913,.F.);
#4066=EDGE_CURVE('',#5219,#5220,#381,.T.);
#4067=EDGE_CURVE('',#5220,#5221,#5914,.F.);
#4068=EDGE_CURVE('',#5221,#5209,#382,.T.);
#4069=EDGE_CURVE('',#5222,#5223,#5915,.T.);
#4070=EDGE_CURVE('',#5224,#5223,#5916,.F.);
#4071=EDGE_CURVE('',#5225,#5224,#5917,.F.);
#4072=EDGE_CURVE('',#5222,#5225,#5918,.F.);
#4073=EDGE_CURVE('',#5226,#5227,#5919,.F.);
#4074=EDGE_CURVE('',#5228,#5227,#383,.F.);
#4075=EDGE_CURVE('',#5229,#5228,#5920,.T.);
#4076=EDGE_CURVE('',#5229,#5226,#384,.F.);
#4077=EDGE_CURVE('',#5228,#5230,#385,.T.);
#4078=EDGE_CURVE('',#5230,#5231,#386,.T.);
#4079=EDGE_CURVE('',#5232,#5231,#387,.T.);
#4080=EDGE_CURVE('',#5233,#5232,#5921,.T.);
#4081=EDGE_CURVE('',#5233,#5234,#388,.T.);
#4082=EDGE_CURVE('',#5234,#5235,#389,.T.);
#4083=EDGE_CURVE('',#5229,#5235,#390,.T.);
#4084=EDGE_CURVE('',#5236,#5237,#391,.T.);
#4085=EDGE_CURVE('',#5236,#5238,#392,.T.);
#4086=EDGE_CURVE('',#5238,#5239,#5922,.T.);
#4087=EDGE_CURVE('',#5239,#5240,#393,.T.);
#4088=EDGE_CURVE('',#5240,#5241,#5923,.T.);
#4089=EDGE_CURVE('',#5241,#5237,#394,.T.);
#4090=EDGE_CURVE('',#5242,#5243,#5924,.F.);
#4091=EDGE_CURVE('',#5243,#5244,#395,.T.);
#4092=EDGE_CURVE('',#5244,#5245,#5925,.F.);
#4093=EDGE_CURVE('',#5245,#5246,#396,.T.);
#4094=EDGE_CURVE('',#5246,#5247,#5926,.F.);
#4095=EDGE_CURVE('',#5247,#5248,#397,.T.);
#4096=EDGE_CURVE('',#5248,#5249,#5927,.F.);
#4097=EDGE_CURVE('',#5249,#5242,#398,.T.);
#4098=EDGE_CURVE('',#5250,#5251,#268,.T.);
#4099=EDGE_CURVE('',#5251,#5252,#269,.T.);
#4100=EDGE_CURVE('',#5222,#5252,#399,.T.);
#4101=EDGE_CURVE('',#5225,#5250,#400,.T.);
#4102=EDGE_CURVE('',#5252,#5253,#270,.T.);
#4103=EDGE_CURVE('',#5253,#5254,#271,.T.);
#4104=EDGE_CURVE('',#5223,#5254,#401,.T.);
#4105=EDGE_CURVE('',#5254,#5255,#272,.T.);
#4106=EDGE_CURVE('',#5255,#5256,#273,.T.);
#4107=EDGE_CURVE('',#5224,#5256,#402,.T.);
#4108=EDGE_CURVE('',#5256,#5257,#274,.T.);
#4109=EDGE_CURVE('',#5257,#5250,#275,.T.);
#4110=EDGE_CURVE('',#5258,#5259,#276,.T.);
#4111=EDGE_CURVE('',#5259,#5260,#277,.T.);
#4112=EDGE_CURVE('',#5260,#5261,#278,.T.);
#4113=EDGE_CURVE('',#5261,#5258,#279,.T.);
#4114=EDGE_CURVE('',#5258,#5257,#280,.F.);
#4115=EDGE_CURVE('',#5251,#5261,#281,.T.);
#4116=EDGE_CURVE('',#5259,#5255,#282,.F.);
#4117=EDGE_CURVE('',#5253,#5260,#283,.T.);
#4118=EDGE_CURVE('',#5262,#5235,#403,.T.);
#4119=EDGE_CURVE('',#5262,#5263,#404,.T.);
#4120=EDGE_CURVE('',#5264,#5263,#405,.T.);
#4121=EDGE_CURVE('',#5264,#5226,#284,.T.);
#4122=EDGE_CURVE('',#5227,#5265,#285,.T.);
#4123=EDGE_CURVE('',#5265,#5266,#406,.T.);
#4124=EDGE_CURVE('',#5266,#5267,#407,.T.);
#4125=EDGE_CURVE('',#5267,#5230,#408,.T.);
#4126=EDGE_CURVE('',#5263,#5266,#409,.T.);
#4127=EDGE_CURVE('',#5265,#5264,#5928,.T.);
#4128=EDGE_CURVE('',#5267,#5262,#410,.T.);
#4129=EDGE_CURVE('',#5268,#5234,#411,.T.);
#4130=EDGE_CURVE('',#5269,#5268,#5929,.T.);
#4131=EDGE_CURVE('',#5270,#5269,#412,.F.);
#4132=EDGE_CURVE('',#5270,#5231,#413,.T.);
#4133=EDGE_CURVE('',#5271,#5272,#286,.T.);
#4134=EDGE_CURVE('',#5233,#5271,#414,.F.);
#4135=EDGE_CURVE('',#5232,#5273,#415,.F.);
#4136=EDGE_CURVE('',#5272,#5273,#5930,.T.);
#4137=EDGE_CURVE('',#5274,#5275,#416,.T.);
#4138=EDGE_CURVE('',#5274,#5276,#417,.T.);
#4139=EDGE_CURVE('',#5276,#5277,#418,.T.);
#4140=EDGE_CURVE('',#5277,#5152,#419,.T.);
#4141=EDGE_CURVE('',#5153,#5278,#420,.T.);
#4142=EDGE_CURVE('',#5279,#5278,#5931,.F.);
#4143=EDGE_CURVE('',#5280,#5279,#421,.T.);
#4144=EDGE_CURVE('',#5281,#5280,#5932,.F.);
#4145=EDGE_CURVE('',#5281,#5275,#422,.F.);
#4146=EDGE_CURVE('',#5282,#5283,#423,.T.);
#4147=EDGE_CURVE('',#5282,#5284,#424,.T.);
#4148=EDGE_CURVE('',#5284,#5285,#425,.T.);
#4149=EDGE_CURVE('',#5285,#5197,#426,.T.);
#4150=EDGE_CURVE('',#5155,#5200,#427,.T.);
#4151=EDGE_CURVE('',#5283,#5154,#428,.T.);
#4152=EDGE_CURVE('',#5277,#5286,#5933,.F.);
#4153=EDGE_CURVE('',#5287,#5286,#429,.T.);
#4154=EDGE_CURVE('',#5287,#5283,#5934,.F.);
#4155=EDGE_CURVE('',#5288,#5289,#430,.F.);
#4156=EDGE_CURVE('',#5289,#5290,#431,.F.);
#4157=EDGE_CURVE('',#5290,#5291,#5935,.T.);
#4158=EDGE_CURVE('',#5291,#5288,#432,.T.);
#4159=EDGE_CURVE('',#5292,#5293,#433,.F.);
#4160=EDGE_CURVE('',#5293,#5294,#5936,.F.);
#4161=EDGE_CURVE('',#5294,#5295,#434,.F.);
#4162=EDGE_CURVE('',#5295,#5296,#5937,.F.);
#4163=EDGE_CURVE('',#5296,#5297,#435,.F.);
#4164=EDGE_CURVE('',#5297,#5298,#5938,.F.);
#4165=EDGE_CURVE('',#5298,#5299,#436,.F.);
#4166=EDGE_CURVE('',#5299,#5292,#5939,.F.);
#4167=EDGE_CURVE('',#5273,#5270,#437,.T.);
#4168=EDGE_CURVE('',#5269,#5300,#438,.F.);
#4169=EDGE_CURVE('',#5301,#5300,#439,.T.);
#4170=EDGE_CURVE('',#5302,#5301,#440,.T.);
#4171=EDGE_CURVE('',#5302,#5303,#441,.T.);
#4172=EDGE_CURVE('',#5303,#5304,#287,.T.);
#4173=EDGE_CURVE('',#5304,#5305,#442,.T.);
#4174=EDGE_CURVE('',#5305,#5306,#443,.T.);
#4175=EDGE_CURVE('',#5306,#5307,#444,.T.);
#4176=EDGE_CURVE('',#5307,#5308,#445,.T.);
#4177=EDGE_CURVE('',#5308,#5309,#446,.T.);
#4178=EDGE_CURVE('',#5309,#5272,#447,.F.);
#4179=EDGE_CURVE('',#5310,#5311,#5940,.T.);
#4180=EDGE_CURVE('',#5311,#5312,#448,.F.);
#4181=EDGE_CURVE('',#5312,#5313,#449,.T.);
#4182=EDGE_CURVE('',#5313,#5310,#450,.T.);
#4183=EDGE_CURVE('',#5212,#5314,#451,.T.);
#4184=EDGE_CURVE('',#5314,#5315,#5941,.T.);
#4185=EDGE_CURVE('',#5315,#5213,#452,.F.);
#4186=EDGE_CURVE('',#5316,#5316,#5942,.T.);
#4187=EDGE_CURVE('',#5317,#5317,#5943,.F.);
#4188=EDGE_CURVE('',#5318,#5185,#453,.T.);
#4189=EDGE_CURVE('',#5184,#5319,#5944,.T.);
#4190=EDGE_CURVE('',#5319,#5314,#454,.T.);
#4191=EDGE_CURVE('',#5211,#5320,#455,.T.);
#4192=EDGE_CURVE('',#5320,#5321,#456,.F.);
#4193=EDGE_CURVE('',#5321,#5318,#457,.T.);
#4194=EDGE_CURVE('',#5322,#5323,#458,.T.);
#4195=EDGE_CURVE('',#5324,#5322,#459,.T.);
#4196=EDGE_CURVE('',#5325,#5324,#460,.T.);
#4197=EDGE_CURVE('',#5325,#5326,#461,.F.);
#4198=EDGE_CURVE('',#5326,#5214,#462,.F.);
#4199=EDGE_CURVE('',#5315,#5327,#463,.T.);
#4200=EDGE_CURVE('',#5327,#5323,#5945,.T.);
#4201=EDGE_CURVE('',#5328,#5328,#5946,.F.);
#4202=EDGE_CURVE('',#5329,#5330,#464,.T.);
#4203=EDGE_CURVE('',#5329,#5331,#5947,.T.);
#4204=EDGE_CURVE('',#5332,#5331,#465,.T.);
#4205=EDGE_CURVE('',#5332,#5192,#5948,.T.);
#4206=EDGE_CURVE('',#5191,#5330,#466,.T.);
#4207=EDGE_CURVE('',#5333,#5334,#5949,.T.);
#4208=EDGE_CURVE('',#5335,#5333,#467,.T.);
#4209=EDGE_CURVE('',#5336,#5335,#5950,.T.);
#4210=EDGE_CURVE('',#5334,#5336,#468,.T.);
#4211=EDGE_CURVE('',#5323,#5337,#469,.F.);
#4212=EDGE_CURVE('',#5337,#5338,#470,.T.);
#4213=EDGE_CURVE('',#5338,#5329,#471,.T.);
#4214=EDGE_CURVE('',#5339,#5330,#472,.T.);
#4215=EDGE_CURVE('',#5340,#5339,#473,.T.);
#4216=EDGE_CURVE('',#5340,#5341,#474,.T.);
#4217=EDGE_CURVE('',#5341,#5342,#288,.T.);
#4218=EDGE_CURVE('',#5342,#5343,#475,.F.);
#4219=EDGE_CURVE('',#5343,#5322,#476,.T.);
#4220=EDGE_CURVE('',#5190,#5339,#477,.T.);
#4221=EDGE_CURVE('',#5344,#5345,#478,.T.);
#4222=EDGE_CURVE('',#5344,#5346,#5951,.T.);
#4223=EDGE_CURVE('',#5346,#5347,#479,.T.);
#4224=EDGE_CURVE('',#5347,#5348,#5952,.T.);
#4225=EDGE_CURVE('',#5348,#5349,#480,.T.);
#4226=EDGE_CURVE('',#5349,#5350,#5953,.T.);
#4227=EDGE_CURVE('',#5351,#5350,#481,.T.);
#4228=EDGE_CURVE('',#5351,#5345,#5954,.T.);
#4229=EDGE_CURVE('',#5352,#5353,#482,.T.);
#4230=EDGE_CURVE('',#5352,#5354,#5955,.T.);
#4231=EDGE_CURVE('',#5355,#5354,#483,.T.);
#4232=EDGE_CURVE('',#5355,#5356,#5956,.T.);
#4233=EDGE_CURVE('',#5356,#5357,#484,.T.);
#4234=EDGE_CURVE('',#5357,#5358,#5957,.T.);
#4235=EDGE_CURVE('',#5358,#5359,#485,.T.);
#4236=EDGE_CURVE('',#5359,#5353,#5958,.T.);
#4237=EDGE_CURVE('',#5360,#5361,#486,.T.);
#4238=EDGE_CURVE('',#5361,#5362,#5959,.T.);
#4239=EDGE_CURVE('',#5363,#5362,#487,.T.);
#4240=EDGE_CURVE('',#5363,#5364,#5960,.T.);
#4241=EDGE_CURVE('',#5365,#5364,#488,.T.);
#4242=EDGE_CURVE('',#5365,#5366,#5961,.T.);
#4243=EDGE_CURVE('',#5366,#5367,#489,.T.);
#4244=EDGE_CURVE('',#5367,#5360,#5962,.T.);
#4245=EDGE_CURVE('',#5368,#5369,#490,.T.);
#4246=EDGE_CURVE('',#5369,#5370,#5963,.T.);
#4247=EDGE_CURVE('',#5370,#5371,#491,.T.);
#4248=EDGE_CURVE('',#5371,#5372,#5964,.T.);
#4249=EDGE_CURVE('',#5373,#5372,#492,.T.);
#4250=EDGE_CURVE('',#5373,#5374,#5965,.T.);
#4251=EDGE_CURVE('',#5375,#5374,#493,.T.);
#4252=EDGE_CURVE('',#5375,#5368,#5966,.T.);
#4253=EDGE_CURVE('',#5376,#5377,#494,.T.);
#4254=EDGE_CURVE('',#5377,#5378,#5967,.T.);
#4255=EDGE_CURVE('',#5378,#5379,#495,.T.);
#4256=EDGE_CURVE('',#5379,#5380,#5968,.T.);
#4257=EDGE_CURVE('',#5381,#5380,#496,.T.);
#4258=EDGE_CURVE('',#5381,#5382,#5969,.T.);
#4259=EDGE_CURVE('',#5383,#5382,#497,.T.);
#4260=EDGE_CURVE('',#5383,#5376,#5970,.T.);
#4261=EDGE_CURVE('',#5384,#5385,#498,.T.);
#4262=EDGE_CURVE('',#5385,#5386,#5971,.T.);
#4263=EDGE_CURVE('',#5387,#5386,#499,.T.);
#4264=EDGE_CURVE('',#5387,#5388,#5972,.T.);
#4265=EDGE_CURVE('',#5389,#5388,#500,.T.);
#4266=EDGE_CURVE('',#5389,#5390,#5973,.T.);
#4267=EDGE_CURVE('',#5390,#5391,#501,.T.);
#4268=EDGE_CURVE('',#5391,#5384,#5974,.T.);
#4269=EDGE_CURVE('',#5392,#5393,#502,.T.);
#4270=EDGE_CURVE('',#5393,#5394,#5975,.T.);
#4271=EDGE_CURVE('',#5394,#5395,#503,.T.);
#4272=EDGE_CURVE('',#5395,#5396,#5976,.T.);
#4273=EDGE_CURVE('',#5397,#5396,#504,.T.);
#4274=EDGE_CURVE('',#5397,#5398,#5977,.T.);
#4275=EDGE_CURVE('',#5399,#5398,#505,.T.);
#4276=EDGE_CURVE('',#5399,#5392,#5978,.T.);
#4277=EDGE_CURVE('',#5400,#5401,#506,.T.);
#4278=EDGE_CURVE('',#5401,#5402,#5979,.T.);
#4279=EDGE_CURVE('',#5402,#5403,#507,.T.);
#4280=EDGE_CURVE('',#5403,#5404,#5980,.T.);
#4281=EDGE_CURVE('',#5405,#5404,#508,.T.);
#4282=EDGE_CURVE('',#5405,#5406,#5981,.T.);
#4283=EDGE_CURVE('',#5407,#5406,#509,.T.);
#4284=EDGE_CURVE('',#5407,#5400,#5982,.T.);
#4285=EDGE_CURVE('',#5408,#5409,#5983,.T.);
#4286=EDGE_CURVE('',#5409,#5410,#510,.T.);
#4287=EDGE_CURVE('',#5410,#5411,#5984,.T.);
#4288=EDGE_CURVE('',#5411,#5412,#511,.T.);
#4289=EDGE_CURVE('',#5412,#5413,#5985,.T.);
#4290=EDGE_CURVE('',#5414,#5413,#512,.T.);
#4291=EDGE_CURVE('',#5414,#5415,#5986,.T.);
#4292=EDGE_CURVE('',#5408,#5415,#513,.T.);
#4293=EDGE_CURVE('',#5416,#5417,#5987,.T.);
#4294=EDGE_CURVE('',#5417,#5418,#514,.T.);
#4295=EDGE_CURVE('',#5418,#5419,#5988,.T.);
#4296=EDGE_CURVE('',#5419,#5420,#515,.T.);
#4297=EDGE_CURVE('',#5420,#5421,#5989,.T.);
#4298=EDGE_CURVE('',#5422,#5421,#516,.T.);
#4299=EDGE_CURVE('',#5422,#5423,#5990,.T.);
#4300=EDGE_CURVE('',#5416,#5423,#517,.T.);
#4301=EDGE_CURVE('',#5424,#5425,#5991,.T.);
#4302=EDGE_CURVE('',#5425,#5426,#518,.T.);
#4303=EDGE_CURVE('',#5426,#5427,#5992,.T.);
#4304=EDGE_CURVE('',#5427,#5428,#519,.T.);
#4305=EDGE_CURVE('',#5428,#5429,#5993,.T.);
#4306=EDGE_CURVE('',#5430,#5429,#520,.T.);
#4307=EDGE_CURVE('',#5430,#5431,#5994,.T.);
#4308=EDGE_CURVE('',#5424,#5431,#521,.T.);
#4309=EDGE_CURVE('',#5432,#5433,#5995,.T.);
#4310=EDGE_CURVE('',#5433,#5434,#522,.T.);
#4311=EDGE_CURVE('',#5434,#5435,#5996,.T.);
#4312=EDGE_CURVE('',#5435,#5436,#523,.T.);
#4313=EDGE_CURVE('',#5436,#5437,#5997,.T.);
#4314=EDGE_CURVE('',#5438,#5437,#524,.T.);
#4315=EDGE_CURVE('',#5438,#5439,#5998,.T.);
#4316=EDGE_CURVE('',#5432,#5439,#525,.T.);
#4317=EDGE_CURVE('',#5440,#5441,#5999,.F.);
#4318=EDGE_CURVE('',#5441,#5442,#526,.T.);
#4319=EDGE_CURVE('',#5442,#5443,#527,.T.);
#4320=EDGE_CURVE('',#5443,#5444,#528,.T.);
#4321=EDGE_CURVE('',#5444,#5445,#6000,.F.);
#4322=EDGE_CURVE('',#5445,#5440,#529,.T.);
#4323=EDGE_CURVE('',#5442,#5236,#289,.T.);
#4324=EDGE_CURVE('',#5237,#5443,#290,.T.);
#4325=EDGE_CURVE('',#5446,#5447,#530,.T.);
#4326=EDGE_CURVE('',#5447,#5160,#6001,.F.);
#4327=EDGE_CURVE('',#5159,#5448,#531,.F.);
#4328=EDGE_CURVE('',#5448,#5446,#532,.F.);
#4329=EDGE_CURVE('',#5449,#5450,#291,.T.);
#4330=EDGE_CURVE('',#5450,#5451,#533,.T.);
#4331=EDGE_CURVE('',#5451,#5158,#534,.T.);
#4332=EDGE_CURVE('',#5157,#5452,#535,.F.);
#4333=EDGE_CURVE('',#5452,#5449,#536,.F.);
#4334=EDGE_CURVE('',#5453,#5247,#537,.T.);
#4335=EDGE_CURVE('',#5453,#5454,#538,.F.);
#4336=EDGE_CURVE('',#5248,#5454,#539,.T.);
#4337=EDGE_CURVE('',#5455,#5246,#540,.T.);
#4338=EDGE_CURVE('',#5455,#5453,#6002,.F.);
#4339=EDGE_CURVE('',#5454,#5456,#6003,.F.);
#4340=EDGE_CURVE('',#5249,#5456,#541,.T.);
#4341=EDGE_CURVE('',#5457,#5245,#542,.T.);
#4342=EDGE_CURVE('',#5457,#5455,#543,.F.);
#4343=EDGE_CURVE('',#5456,#5458,#544,.F.);
#4344=EDGE_CURVE('',#5242,#5458,#545,.T.);
#4345=EDGE_CURVE('',#5459,#5244,#546,.T.);
#4346=EDGE_CURVE('',#5459,#5457,#6004,.F.);
#4347=EDGE_CURVE('',#5458,#5460,#6005,.F.);
#4348=EDGE_CURVE('',#5243,#5460,#547,.T.);
#4349=EDGE_CURVE('',#5460,#5459,#548,.F.);
#4350=EDGE_CURVE('',#5453,#5297,#6006,.T.);
#4351=EDGE_CURVE('',#5298,#5455,#6007,.T.);
#4352=EDGE_CURVE('',#5299,#5457,#6008,.T.);
#4353=EDGE_CURVE('',#5454,#5296,#6009,.T.);
#4354=EDGE_CURVE('',#5292,#5459,#6010,.T.);
#4355=EDGE_CURVE('',#5456,#5295,#6011,.T.);
#4356=EDGE_CURVE('',#5293,#5460,#6012,.T.);
#4357=EDGE_CURVE('',#5458,#5294,#6013,.T.);
#4358=EDGE_CURVE('',#5461,#5462,#549,.T.);
#4359=EDGE_CURVE('',#5462,#5309,#292,.T.);
#4360=EDGE_CURVE('',#5308,#5461,#293,.T.);
#4361=EDGE_CURVE('',#5463,#5464,#550,.T.);
#4362=EDGE_CURVE('',#5464,#5462,#6014,.T.);
#4363=EDGE_CURVE('',#5461,#5463,#6015,.T.);
#4364=EDGE_CURVE('',#5465,#5350,#551,.F.);
#4365=EDGE_CURVE('',#5465,#5466,#552,.T.);
#4366=EDGE_CURVE('',#5351,#5466,#553,.T.);
#4367=EDGE_CURVE('',#5467,#5348,#554,.T.);
#4368=EDGE_CURVE('',#5468,#5467,#555,.T.);
#4369=EDGE_CURVE('',#5349,#5468,#556,.F.);
#4370=EDGE_CURVE('',#5469,#5470,#557,.T.);
#4371=EDGE_CURVE('',#5469,#5471,#558,.T.);
#4372=EDGE_CURVE('',#5472,#5471,#559,.T.);
#4373=EDGE_CURVE('',#5347,#5472,#560,.T.);
#4374=EDGE_CURVE('',#5470,#5346,#561,.F.);
#4375=EDGE_CURVE('',#5473,#5474,#562,.T.);
#4376=EDGE_CURVE('',#5344,#5474,#563,.F.);
#4377=EDGE_CURVE('',#5473,#5345,#564,.T.);
#4378=EDGE_CURVE('',#5472,#5475,#6016,.T.);
#4379=EDGE_CURVE('',#5475,#5476,#565,.F.);
#4380=EDGE_CURVE('',#5467,#5476,#6017,.T.);
#4381=EDGE_CURVE('',#5474,#5477,#6018,.T.);
#4382=EDGE_CURVE('',#5477,#5478,#566,.T.);
#4383=EDGE_CURVE('',#5470,#5478,#6019,.T.);
#4384=EDGE_CURVE('',#5479,#5466,#6020,.T.);
#4385=EDGE_CURVE('',#5479,#5480,#567,.T.);
#4386=EDGE_CURVE('',#5480,#5473,#6021,.T.);
#4387=EDGE_CURVE('',#5465,#5468,#6022,.T.);
#4388=EDGE_CURVE('',#5481,#5482,#568,.T.);
#4389=EDGE_CURVE('',#5355,#5482,#569,.F.);
#4390=EDGE_CURVE('',#5481,#5354,#570,.T.);
#4391=EDGE_CURVE('',#5483,#5353,#571,.F.);
#4392=EDGE_CURVE('',#5483,#5484,#572,.T.);
#4393=EDGE_CURVE('',#5352,#5484,#573,.T.);
#4394=EDGE_CURVE('',#5485,#5358,#574,.T.);
#4395=EDGE_CURVE('',#5486,#5485,#575,.T.);
#4396=EDGE_CURVE('',#5359,#5486,#576,.F.);
#4397=EDGE_CURVE('',#5487,#5488,#577,.T.);
#4398=EDGE_CURVE('',#5487,#5489,#578,.F.);
#4399=EDGE_CURVE('',#5490,#5489,#579,.T.);
#4400=EDGE_CURVE('',#5357,#5490,#580,.T.);
#4401=EDGE_CURVE('',#5491,#5356,#581,.F.);
#4402=EDGE_CURVE('',#5492,#5491,#582,.T.);
#4403=EDGE_CURVE('',#5492,#5488,#583,.T.);
#4404=EDGE_CURVE('',#5482,#5493,#6023,.T.);
#4405=EDGE_CURVE('',#5493,#5494,#584,.T.);
#4406=EDGE_CURVE('',#5491,#5494,#6024,.T.);
#4407=EDGE_CURVE('',#5495,#5484,#6025,.T.);
#4408=EDGE_CURVE('',#5495,#5496,#585,.T.);
#4409=EDGE_CURVE('',#5496,#5481,#6026,.T.);
#4410=EDGE_CURVE('',#5486,#5497,#6027,.T.);
#4411=EDGE_CURVE('',#5497,#5498,#586,.T.);
#4412=EDGE_CURVE('',#5483,#5498,#6028,.T.);
#4413=EDGE_CURVE('',#5499,#5490,#6029,.T.);
#4414=EDGE_CURVE('',#5499,#5500,#587,.T.);
#4415=EDGE_CURVE('',#5500,#5485,#6030,.T.);
#4416=EDGE_CURVE('',#5501,#5502,#588,.T.);
#4417=EDGE_CURVE('',#5365,#5502,#589,.F.);
#4418=EDGE_CURVE('',#5501,#5364,#590,.T.);
#4419=EDGE_CURVE('',#5503,#5504,#591,.T.);
#4420=EDGE_CURVE('',#5504,#5505,#592,.F.);
#4421=EDGE_CURVE('',#5505,#5506,#593,.T.);
#4422=EDGE_CURVE('',#5363,#5506,#594,.T.);
#4423=EDGE_CURVE('',#5503,#5362,#595,.F.);
#4424=EDGE_CURVE('',#5507,#5360,#596,.T.);
#4425=EDGE_CURVE('',#5508,#5507,#597,.T.);
#4426=EDGE_CURVE('',#5361,#5508,#598,.F.);
#4427=EDGE_CURVE('',#5509,#5510,#599,.T.);
#4428=EDGE_CURVE('',#5509,#5511,#600,.T.);
#4429=EDGE_CURVE('',#5512,#5511,#601,.T.);
#4430=EDGE_CURVE('',#5367,#5512,#602,.T.);
#4431=EDGE_CURVE('',#5510,#5366,#603,.F.);
#4432=EDGE_CURVE('',#5512,#5513,#6031,.T.);
#4433=EDGE_CURVE('',#5513,#5514,#604,.F.);
#4434=EDGE_CURVE('',#5507,#5514,#6032,.T.);
#4435=EDGE_CURVE('',#5515,#5508,#6033,.T.);
#4436=EDGE_CURVE('',#5515,#5516,#605,.F.);
#4437=EDGE_CURVE('',#5503,#5516,#6034,.F.);
#4438=EDGE_CURVE('',#5517,#5506,#6035,.T.);
#4439=EDGE_CURVE('',#5517,#5518,#606,.T.);
#4440=EDGE_CURVE('',#5518,#5501,#6036,.T.);
#4441=EDGE_CURVE('',#5502,#5519,#6037,.T.);
#4442=EDGE_CURVE('',#5519,#5520,#607,.T.);
#4443=EDGE_CURVE('',#5510,#5520,#6038,.T.);
#4444=EDGE_CURVE('',#5521,#5522,#608,.T.);
#4445=EDGE_CURVE('',#5371,#5521,#609,.F.);
#4446=EDGE_CURVE('',#5522,#5370,#610,.T.);
#4447=EDGE_CURVE('',#5523,#5524,#611,.T.);
#4448=EDGE_CURVE('',#5524,#5525,#612,.F.);
#4449=EDGE_CURVE('',#5525,#5526,#613,.T.);
#4450=EDGE_CURVE('',#5373,#5526,#614,.T.);
#4451=EDGE_CURVE('',#5523,#5372,#615,.F.);
#4452=EDGE_CURVE('',#5527,#5368,#616,.F.);
#4453=EDGE_CURVE('',#5528,#5527,#617,.T.);
#4454=EDGE_CURVE('',#5369,#5528,#618,.T.);
#4455=EDGE_CURVE('',#5529,#5374,#619,.T.);
#4456=EDGE_CURVE('',#5529,#5530,#620,.T.);
#4457=EDGE_CURVE('',#5375,#5530,#621,.F.);
#4458=EDGE_CURVE('',#5531,#5528,#6039,.T.);
#4459=EDGE_CURVE('',#5531,#5532,#622,.T.);
#4460=EDGE_CURVE('',#5532,#5522,#6040,.T.);
#4461=EDGE_CURVE('',#5521,#5533,#6041,.T.);
#4462=EDGE_CURVE('',#5533,#5534,#623,.T.);
#4463=EDGE_CURVE('',#5523,#5534,#6042,.T.);
#4464=EDGE_CURVE('',#5527,#5530,#6043,.T.);
#4465=EDGE_CURVE('',#5535,#5526,#6044,.F.);
#4466=EDGE_CURVE('',#5535,#5536,#624,.F.);
#4467=EDGE_CURVE('',#5529,#5536,#6045,.T.);
#4468=EDGE_CURVE('',#5537,#5378,#625,.T.);
#4469=EDGE_CURVE('',#5538,#5537,#626,.T.);
#4470=EDGE_CURVE('',#5379,#5538,#627,.F.);
#4471=EDGE_CURVE('',#5539,#5540,#628,.T.);
#4472=EDGE_CURVE('',#5539,#5541,#629,.T.);
#4473=EDGE_CURVE('',#5542,#5541,#630,.T.);
#4474=EDGE_CURVE('',#5542,#5543,#631,.F.);
#4475=EDGE_CURVE('',#5544,#5543,#632,.T.);
#4476=EDGE_CURVE('',#5377,#5544,#633,.T.);
#4477=EDGE_CURVE('',#5540,#5376,#634,.F.);
#4478=EDGE_CURVE('',#5545,#5546,#635,.T.);
#4479=EDGE_CURVE('',#5383,#5546,#636,.F.);
#4480=EDGE_CURVE('',#5545,#5382,#637,.T.);
#4481=EDGE_CURVE('',#5547,#5548,#638,.T.);
#4482=EDGE_CURVE('',#5548,#5549,#639,.T.);
#4483=EDGE_CURVE('',#5549,#5550,#640,.T.);
#4484=EDGE_CURVE('',#5550,#5551,#641,.F.);
#4485=EDGE_CURVE('',#5551,#5552,#642,.T.);
#4486=EDGE_CURVE('',#5381,#5552,#643,.T.);
#4487=EDGE_CURVE('',#5547,#5380,#644,.F.);
#4488=EDGE_CURVE('',#5538,#5553,#6046,.T.);
#4489=EDGE_CURVE('',#5553,#5554,#645,.T.);
#4490=EDGE_CURVE('',#5547,#5554,#6047,.T.);
#4491=EDGE_CURVE('',#5555,#5544,#6048,.T.);
#4492=EDGE_CURVE('',#5555,#5556,#646,.T.);
#4493=EDGE_CURVE('',#5556,#5537,#6049,.T.);
#4494=EDGE_CURVE('',#5546,#5557,#6050,.T.);
#4495=EDGE_CURVE('',#5557,#5558,#647,.T.);
#4496=EDGE_CURVE('',#5540,#5558,#6051,.T.);
#4497=EDGE_CURVE('',#5559,#5552,#6052,.T.);
#4498=EDGE_CURVE('',#5559,#5560,#648,.T.);
#4499=EDGE_CURVE('',#5560,#5545,#6053,.T.);
#4500=EDGE_CURVE('',#5561,#5562,#649,.T.);
#4501=EDGE_CURVE('',#5562,#5563,#650,.F.);
#4502=EDGE_CURVE('',#5563,#5564,#651,.T.);
#4503=EDGE_CURVE('',#5387,#5564,#652,.T.);
#4504=EDGE_CURVE('',#5561,#5386,#653,.F.);
#4505=EDGE_CURVE('',#5565,#5388,#654,.T.);
#4506=EDGE_CURVE('',#5565,#5566,#655,.T.);
#4507=EDGE_CURVE('',#5389,#5566,#656,.F.);
#4508=EDGE_CURVE('',#5567,#5384,#657,.T.);
#4509=EDGE_CURVE('',#5568,#5567,#658,.T.);
#4510=EDGE_CURVE('',#5385,#5568,#659,.F.);
#4511=EDGE_CURVE('',#5569,#5390,#660,.F.);
#4512=EDGE_CURVE('',#5570,#5569,#661,.T.);
#4513=EDGE_CURVE('',#5391,#5570,#662,.T.);
#4514=EDGE_CURVE('',#5567,#5570,#6054,.T.);
#4515=EDGE_CURVE('',#5571,#5568,#6055,.T.);
#4516=EDGE_CURVE('',#5571,#5572,#663,.F.);
#4517=EDGE_CURVE('',#5561,#5572,#6056,.F.);
#4518=EDGE_CURVE('',#5573,#5564,#6057,.T.);
#4519=EDGE_CURVE('',#5573,#5574,#664,.T.);
#4520=EDGE_CURVE('',#5574,#5565,#6058,.T.);
#4521=EDGE_CURVE('',#5566,#5575,#6059,.T.);
#4522=EDGE_CURVE('',#5575,#5576,#665,.T.);
#4523=EDGE_CURVE('',#5569,#5576,#6060,.T.);
#4524=EDGE_CURVE('',#5577,#5578,#666,.T.);
#4525=EDGE_CURVE('',#5578,#5579,#667,.F.);
#4526=EDGE_CURVE('',#5579,#5580,#668,.T.);
#4527=EDGE_CURVE('',#5397,#5580,#669,.T.);
#4528=EDGE_CURVE('',#5581,#5396,#670,.F.);
#4529=EDGE_CURVE('',#5581,#5582,#671,.T.);
#4530=EDGE_CURVE('',#5582,#5577,#672,.T.);
#4531=EDGE_CURVE('',#5583,#5394,#673,.T.);
#4532=EDGE_CURVE('',#5584,#5583,#674,.T.);
#4533=EDGE_CURVE('',#5395,#5584,#675,.F.);
#4534=EDGE_CURVE('',#5585,#5586,#676,.T.);
#4535=EDGE_CURVE('',#5585,#5587,#677,.F.);
#4536=EDGE_CURVE('',#5588,#5587,#678,.T.);
#4537=EDGE_CURVE('',#5393,#5588,#679,.T.);
#4538=EDGE_CURVE('',#5589,#5392,#680,.F.);
#4539=EDGE_CURVE('',#5590,#5589,#681,.T.);
#4540=EDGE_CURVE('',#5590,#5586,#682,.T.);
#4541=EDGE_CURVE('',#5591,#5592,#683,.T.);
#4542=EDGE_CURVE('',#5399,#5592,#684,.F.);
#4543=EDGE_CURVE('',#5591,#5398,#685,.T.);
#4544=EDGE_CURVE('',#5584,#5593,#6061,.T.);
#4545=EDGE_CURVE('',#5593,#5594,#686,.T.);
#4546=EDGE_CURVE('',#5581,#5594,#6062,.T.);
#4547=EDGE_CURVE('',#5595,#5588,#6063,.T.);
#4548=EDGE_CURVE('',#5595,#5596,#687,.T.);
#4549=EDGE_CURVE('',#5596,#5583,#6064,.T.);
#4550=EDGE_CURVE('',#5592,#5597,#6065,.T.);
#4551=EDGE_CURVE('',#5597,#5598,#688,.T.);
#4552=EDGE_CURVE('',#5589,#5598,#6066,.T.);
#4553=EDGE_CURVE('',#5599,#5580,#6067,.T.);
#4554=EDGE_CURVE('',#5599,#5600,#689,.T.);
#4555=EDGE_CURVE('',#5600,#5591,#6068,.T.);
#4556=EDGE_CURVE('',#5601,#5402,#690,.T.);
#4557=EDGE_CURVE('',#5602,#5601,#691,.T.);
#4558=EDGE_CURVE('',#5403,#5602,#692,.F.);
#4559=EDGE_CURVE('',#5603,#5604,#693,.T.);
#4560=EDGE_CURVE('',#5603,#5605,#694,.T.);
#4561=EDGE_CURVE('',#5606,#5605,#695,.T.);
#4562=EDGE_CURVE('',#5401,#5606,#696,.T.);
#4563=EDGE_CURVE('',#5604,#5400,#697,.F.);
#4564=EDGE_CURVE('',#5607,#5404,#698,.F.);
#4565=EDGE_CURVE('',#5607,#5608,#699,.T.);
#4566=EDGE_CURVE('',#5405,#5608,#700,.T.);
#4567=EDGE_CURVE('',#5609,#5406,#701,.T.);
#4568=EDGE_CURVE('',#5609,#5610,#702,.T.);
#4569=EDGE_CURVE('',#5407,#5610,#703,.F.);
#4570=EDGE_CURVE('',#5611,#5610,#6069,.T.);
#4571=EDGE_CURVE('',#5611,#5612,#704,.F.);
#4572=EDGE_CURVE('',#5604,#5612,#6070,.F.);
#4573=EDGE_CURVE('',#5602,#5613,#6071,.T.);
#4574=EDGE_CURVE('',#5613,#5614,#705,.T.);
#4575=EDGE_CURVE('',#5607,#5614,#6072,.T.);
#4576=EDGE_CURVE('',#5615,#5606,#6073,.T.);
#4577=EDGE_CURVE('',#5615,#5616,#706,.T.);
#4578=EDGE_CURVE('',#5616,#5601,#6074,.T.);
#4579=EDGE_CURVE('',#5609,#5608,#6075,.T.);
#4580=EDGE_CURVE('',#5408,#5617,#707,.F.);
#4581=EDGE_CURVE('',#5617,#5618,#6076,.T.);
#4582=EDGE_CURVE('',#5618,#5619,#708,.T.);
#4583=EDGE_CURVE('',#5620,#5619,#6077,.T.);
#4584=EDGE_CURVE('',#5620,#5409,#709,.F.);
#4585=EDGE_CURVE('',#5621,#5622,#6078,.T.);
#4586=EDGE_CURVE('',#5621,#5623,#710,.T.);
#4587=EDGE_CURVE('',#5623,#5624,#6079,.T.);
#4588=EDGE_CURVE('',#5624,#5415,#711,.T.);
#4589=EDGE_CURVE('',#5414,#5622,#712,.T.);
#4590=EDGE_CURVE('',#5625,#5626,#6080,.T.);
#4591=EDGE_CURVE('',#5625,#5627,#713,.F.);
#4592=EDGE_CURVE('',#5628,#5627,#6081,.F.);
#4593=EDGE_CURVE('',#5628,#5413,#714,.F.);
#4594=EDGE_CURVE('',#5412,#5626,#715,.F.);
#4595=EDGE_CURVE('',#5629,#5630,#6082,.T.);
#4596=EDGE_CURVE('',#5630,#5631,#716,.F.);
#4597=EDGE_CURVE('',#5632,#5631,#6083,.T.);
#4598=EDGE_CURVE('',#5632,#5411,#717,.T.);
#4599=EDGE_CURVE('',#5410,#5629,#718,.T.);
#4600=EDGE_CURVE('',#5624,#5617,#719,.T.);
#4601=EDGE_CURVE('',#5626,#5632,#720,.T.);
#4602=EDGE_CURVE('',#5633,#5620,#721,.T.);
#4603=EDGE_CURVE('',#5633,#5634,#722,.T.);
#4604=EDGE_CURVE('',#5629,#5634,#723,.T.);
#4605=EDGE_CURVE('',#5628,#5635,#724,.T.);
#4606=EDGE_CURVE('',#5635,#5636,#725,.F.);
#4607=EDGE_CURVE('',#5636,#5622,#726,.T.);
#4608=EDGE_CURVE('',#5637,#5638,#6084,.T.);
#4609=EDGE_CURVE('',#5637,#5639,#727,.T.);
#4610=EDGE_CURVE('',#5639,#5640,#6085,.T.);
#4611=EDGE_CURVE('',#5640,#5419,#728,.T.);
#4612=EDGE_CURVE('',#5418,#5638,#729,.T.);
#4613=EDGE_CURVE('',#5420,#5641,#730,.F.);
#4614=EDGE_CURVE('',#5641,#5642,#6086,.T.);
#4615=EDGE_CURVE('',#5642,#5643,#731,.T.);
#4616=EDGE_CURVE('',#5644,#5643,#6087,.T.);
#4617=EDGE_CURVE('',#5644,#5421,#732,.F.);
#4618=EDGE_CURVE('',#5645,#5423,#733,.T.);
#4619=EDGE_CURVE('',#5645,#5646,#734,.T.);
#4620=EDGE_CURVE('',#5416,#5646,#735,.F.);
#4621=EDGE_CURVE('',#5647,#5648,#6088,.F.);
#4622=EDGE_CURVE('',#5647,#5649,#736,.F.);
#4623=EDGE_CURVE('',#5645,#5649,#6089,.T.);
#4624=EDGE_CURVE('',#5422,#5648,#737,.T.);
#4625=EDGE_CURVE('',#5650,#5646,#6090,.T.);
#4626=EDGE_CURVE('',#5650,#5651,#738,.F.);
#4627=EDGE_CURVE('',#5652,#5651,#6091,.F.);
#4628=EDGE_CURVE('',#5652,#5417,#739,.F.);
#4629=EDGE_CURVE('',#5653,#5652,#740,.T.);
#4630=EDGE_CURVE('',#5653,#5654,#741,.T.);
#4631=EDGE_CURVE('',#5638,#5654,#742,.T.);
#4632=EDGE_CURVE('',#5641,#5640,#743,.T.);
#4633=EDGE_CURVE('',#5644,#5655,#744,.T.);
#4634=EDGE_CURVE('',#5655,#5656,#745,.F.);
#4635=EDGE_CURVE('',#5656,#5648,#746,.T.);
#4636=EDGE_CURVE('',#5657,#5658,#6092,.T.);
#4637=EDGE_CURVE('',#5657,#5659,#747,.T.);
#4638=EDGE_CURVE('',#5659,#5660,#6093,.T.);
#4639=EDGE_CURVE('',#5660,#5431,#748,.T.);
#4640=EDGE_CURVE('',#5430,#5658,#749,.T.);
#4641=EDGE_CURVE('',#5661,#5662,#6094,.T.);
#4642=EDGE_CURVE('',#5662,#5663,#750,.T.);
#4643=EDGE_CURVE('',#5664,#5663,#6095,.T.);
#4644=EDGE_CURVE('',#5664,#5425,#751,.F.);
#4645=EDGE_CURVE('',#5424,#5661,#752,.F.);
#4646=EDGE_CURVE('',#5665,#5666,#6096,.T.);
#4647=EDGE_CURVE('',#5666,#5667,#753,.T.);
#4648=EDGE_CURVE('',#5668,#5667,#6097,.T.);
#4649=EDGE_CURVE('',#5668,#5429,#754,.F.);
#4650=EDGE_CURVE('',#5428,#5665,#755,.F.);
#4651=EDGE_CURVE('',#5669,#5670,#6098,.T.);
#4652=EDGE_CURVE('',#5669,#5671,#756,.T.);
#4653=EDGE_CURVE('',#5671,#5672,#6099,.T.);
#4654=EDGE_CURVE('',#5672,#5427,#757,.T.);
#4655=EDGE_CURVE('',#5426,#5670,#758,.T.);
#4656=EDGE_CURVE('',#5660,#5661,#759,.T.);
#4657=EDGE_CURVE('',#5670,#5664,#760,.T.);
#4658=EDGE_CURVE('',#5665,#5672,#761,.T.);
#4659=EDGE_CURVE('',#5668,#5673,#762,.T.);
#4660=EDGE_CURVE('',#5673,#5674,#763,.T.);
#4661=EDGE_CURVE('',#5674,#5675,#764,.T.);
#4662=EDGE_CURVE('',#5675,#5676,#765,.F.);
#4663=EDGE_CURVE('',#5676,#5658,#766,.T.);
#4664=EDGE_CURVE('',#5677,#5678,#6100,.F.);
#4665=EDGE_CURVE('',#5677,#5679,#767,.F.);
#4666=EDGE_CURVE('',#5680,#5679,#6101,.T.);
#4667=EDGE_CURVE('',#5680,#5439,#768,.T.);
#4668=EDGE_CURVE('',#5438,#5678,#769,.T.);
#4669=EDGE_CURVE('',#5681,#5682,#6102,.T.);
#4670=EDGE_CURVE('',#5681,#5683,#770,.T.);
#4671=EDGE_CURVE('',#5683,#5684,#6103,.T.);
#4672=EDGE_CURVE('',#5684,#5435,#771,.T.);
#4673=EDGE_CURVE('',#5434,#5682,#772,.T.);
#4674=EDGE_CURVE('',#5436,#5685,#773,.F.);
#4675=EDGE_CURVE('',#5685,#5686,#6104,.T.);
#4676=EDGE_CURVE('',#5686,#5687,#774,.T.);
#4677=EDGE_CURVE('',#5688,#5687,#6105,.T.);
#4678=EDGE_CURVE('',#5688,#5437,#775,.F.);
#4679=EDGE_CURVE('',#5689,#5690,#6106,.T.);
#4680=EDGE_CURVE('',#5689,#5691,#776,.F.);
#4681=EDGE_CURVE('',#5692,#5691,#6107,.F.);
#4682=EDGE_CURVE('',#5692,#5433,#777,.F.);
#4683=EDGE_CURVE('',#5432,#5690,#778,.F.);
#4684=EDGE_CURVE('',#5680,#5690,#779,.T.);
#4685=EDGE_CURVE('',#5693,#5692,#780,.T.);
#4686=EDGE_CURVE('',#5693,#5694,#781,.T.);
#4687=EDGE_CURVE('',#5682,#5694,#782,.T.);
#4688=EDGE_CURVE('',#5685,#5684,#783,.T.);
#4689=EDGE_CURVE('',#5688,#5695,#784,.T.);
#4690=EDGE_CURVE('',#5695,#5696,#785,.F.);
#4691=EDGE_CURVE('',#5696,#5678,#786,.T.);
#4692=EDGE_CURVE('',#5697,#5698,#787,.T.);
#4693=EDGE_CURVE('',#5697,#5699,#788,.T.);
#4694=EDGE_CURVE('',#5700,#5699,#789,.T.);
#4695=EDGE_CURVE('',#5700,#5698,#790,.F.);
#4696=EDGE_CURVE('',#5701,#5702,#791,.T.);
#4697=EDGE_CURVE('',#5702,#5703,#792,.F.);
#4698=EDGE_CURVE('',#5703,#5704,#793,.T.);
#4699=EDGE_CURVE('',#5704,#5701,#794,.F.);
#4700=EDGE_CURVE('',#5691,#5705,#6108,.F.);
#4701=EDGE_CURVE('',#5706,#5705,#795,.T.);
#4702=EDGE_CURVE('',#5706,#5647,#6109,.F.);
#4703=EDGE_CURVE('',#5656,#5697,#6110,.F.);
#4704=EDGE_CURVE('',#5698,#5693,#6111,.F.);
#4705=EDGE_CURVE('',#5707,#5708,#796,.T.);
#4706=EDGE_CURVE('',#5707,#5613,#6112,.F.);
#4707=EDGE_CURVE('',#5616,#5709,#6113,.F.);
#4708=EDGE_CURVE('',#5709,#5710,#797,.T.);
#4709=EDGE_CURVE('',#5710,#5493,#6114,.F.);
#4710=EDGE_CURVE('',#5496,#5708,#6115,.F.);
#4711=EDGE_CURVE('',#5708,#5711,#798,.T.);
#4712=EDGE_CURVE('',#5711,#5712,#799,.T.);
#4713=EDGE_CURVE('',#5712,#5707,#800,.T.);
#4714=EDGE_CURVE('',#5713,#5714,#801,.T.);
#4715=EDGE_CURVE('',#5713,#5710,#802,.F.);
#4716=EDGE_CURVE('',#5709,#5714,#803,.F.);
#4717=EDGE_CURVE('',#5715,#5716,#804,.T.);
#4718=EDGE_CURVE('',#5715,#5717,#805,.T.);
#4719=EDGE_CURVE('',#5718,#5717,#806,.T.);
#4720=EDGE_CURVE('',#5718,#5716,#807,.F.);
#4721=EDGE_CURVE('',#5719,#5720,#808,.T.);
#4722=EDGE_CURVE('',#5719,#5593,#6116,.F.);
#4723=EDGE_CURVE('',#5596,#5721,#6117,.F.);
#4724=EDGE_CURVE('',#5721,#5722,#809,.T.);
#4725=EDGE_CURVE('',#5722,#5618,#6118,.F.);
#4726=EDGE_CURVE('',#5623,#5720,#6119,.F.);
#4727=EDGE_CURVE('',#5721,#5723,#810,.F.);
#4728=EDGE_CURVE('',#5724,#5723,#811,.T.);
#4729=EDGE_CURVE('',#5724,#5722,#812,.F.);
#4730=EDGE_CURVE('',#5725,#5726,#813,.T.);
#4731=EDGE_CURVE('',#5726,#5719,#814,.T.);
#4732=EDGE_CURVE('',#5720,#5725,#815,.T.);
#4733=EDGE_CURVE('',#5511,#5718,#6120,.F.);
#4734=EDGE_CURVE('',#5717,#5635,#6121,.F.);
#4735=EDGE_CURVE('',#5627,#5727,#6122,.F.);
#4736=EDGE_CURVE('',#5728,#5727,#816,.T.);
#4737=EDGE_CURVE('',#5728,#5513,#6123,.F.);
#4738=EDGE_CURVE('',#5729,#5730,#817,.T.);
#4739=EDGE_CURVE('',#5730,#5731,#818,.F.);
#4740=EDGE_CURVE('',#5731,#5732,#819,.T.);
#4741=EDGE_CURVE('',#5732,#5729,#820,.F.);
#4742=EDGE_CURVE('',#5733,#5734,#821,.T.);
#4743=EDGE_CURVE('',#5733,#5735,#822,.T.);
#4744=EDGE_CURVE('',#5736,#5735,#823,.T.);
#4745=EDGE_CURVE('',#5736,#5734,#824,.F.);
#4746=EDGE_CURVE('',#5737,#5738,#825,.T.);
#4747=EDGE_CURVE('',#5738,#5739,#826,.F.);
#4748=EDGE_CURVE('',#5739,#5740,#827,.T.);
#4749=EDGE_CURVE('',#5740,#5737,#828,.F.);
#4750=EDGE_CURVE('',#5651,#5704,#6124,.F.);
#4751=EDGE_CURVE('',#5703,#5535,#6125,.F.);
#4752=EDGE_CURVE('',#5525,#5733,#6126,.F.);
#4753=EDGE_CURVE('',#5734,#5653,#6127,.F.);
#4754=EDGE_CURVE('',#5488,#5741,#6128,.F.);
#4755=EDGE_CURVE('',#5741,#5742,#829,.T.);
#4756=EDGE_CURVE('',#5742,#5550,#6129,.F.);
#4757=EDGE_CURVE('',#5549,#5743,#6130,.F.);
#4758=EDGE_CURVE('',#5744,#5743,#830,.T.);
#4759=EDGE_CURVE('',#5744,#5487,#6131,.F.);
#4760=EDGE_CURVE('',#5745,#5746,#831,.T.);
#4761=EDGE_CURVE('',#5745,#5742,#832,.T.);
#4762=EDGE_CURVE('',#5741,#5746,#833,.F.);
#4763=EDGE_CURVE('',#5747,#5748,#834,.T.);
#4764=EDGE_CURVE('',#5748,#5744,#835,.T.);
#4765=EDGE_CURVE('',#5743,#5747,#836,.F.);
#4766=EDGE_CURVE('',#5671,#5749,#6132,.F.);
#4767=EDGE_CURVE('',#5750,#5749,#837,.T.);
#4768=EDGE_CURVE('',#5750,#5575,#6133,.F.);
#4769=EDGE_CURVE('',#5574,#5751,#6134,.F.);
#4770=EDGE_CURVE('',#5751,#5752,#838,.T.);
#4771=EDGE_CURVE('',#5752,#5666,#6135,.F.);
#4772=EDGE_CURVE('',#5753,#5754,#839,.T.);
#4773=EDGE_CURVE('',#5754,#5755,#840,.T.);
#4774=EDGE_CURVE('',#5755,#5756,#841,.T.);
#4775=EDGE_CURVE('',#5756,#5753,#842,.T.);
#4776=EDGE_CURVE('',#5757,#5758,#843,.T.);
#4777=EDGE_CURVE('',#5757,#5759,#844,.F.);
#4778=EDGE_CURVE('',#5760,#5759,#845,.T.);
#4779=EDGE_CURVE('',#5760,#5758,#846,.F.);
#4780=EDGE_CURVE('',#5761,#5762,#847,.T.);
#4781=EDGE_CURVE('',#5762,#5763,#848,.T.);
#4782=EDGE_CURVE('',#5763,#5764,#849,.T.);
#4783=EDGE_CURVE('',#5764,#5761,#850,.T.);
#4784=EDGE_CURVE('',#5765,#5766,#851,.T.);
#4785=EDGE_CURVE('',#5765,#5767,#852,.F.);
#4786=EDGE_CURVE('',#5768,#5767,#853,.T.);
#4787=EDGE_CURVE('',#5768,#5766,#854,.F.);
#4788=EDGE_CURVE('',#5769,#5770,#855,.T.);
#4789=EDGE_CURVE('',#5769,#5771,#856,.F.);
#4790=EDGE_CURVE('',#5772,#5771,#857,.T.);
#4791=EDGE_CURVE('',#5772,#5770,#858,.T.);
#4792=EDGE_CURVE('',#5751,#5773,#859,.F.);
#4793=EDGE_CURVE('',#5774,#5773,#860,.T.);
#4794=EDGE_CURVE('',#5774,#5752,#861,.F.);
#4795=EDGE_CURVE('',#5749,#5775,#862,.T.);
#4796=EDGE_CURVE('',#5775,#5776,#863,.T.);
#4797=EDGE_CURVE('',#5776,#5750,#864,.T.);
#4798=EDGE_CURVE('',#5634,#5769,#6136,.F.);
#4799=EDGE_CURVE('',#5770,#5562,#6137,.F.);
#4800=EDGE_CURVE('',#5572,#5732,#6138,.F.);
#4801=EDGE_CURVE('',#5731,#5630,#6139,.F.);
#4802=EDGE_CURVE('',#5639,#5765,#6140,.F.);
#4803=EDGE_CURVE('',#5766,#5597,#6141,.F.);
#4804=EDGE_CURVE('',#5600,#5762,#6142,.F.);
#4805=EDGE_CURVE('',#5761,#5642,#6143,.F.);
#4806=EDGE_CURVE('',#5777,#5778,#865,.T.);
#4807=EDGE_CURVE('',#5777,#5779,#866,.F.);
#4808=EDGE_CURVE('',#5780,#5779,#867,.T.);
#4809=EDGE_CURVE('',#5780,#5778,#868,.T.);
#4810=EDGE_CURVE('',#5781,#5782,#869,.T.);
#4811=EDGE_CURVE('',#5782,#5783,#870,.F.);
#4812=EDGE_CURVE('',#5783,#5784,#871,.T.);
#4813=EDGE_CURVE('',#5784,#5781,#872,.T.);
#4814=EDGE_CURVE('',#5541,#5777,#6144,.F.);
#4815=EDGE_CURVE('',#5778,#5578,#6145,.F.);
#4816=EDGE_CURVE('',#5577,#5782,#6146,.F.);
#4817=EDGE_CURVE('',#5781,#5542,#6147,.F.);
#4818=EDGE_CURVE('',#5785,#5786,#873,.T.);
#4819=EDGE_CURVE('',#5786,#5787,#874,.F.);
#4820=EDGE_CURVE('',#5787,#5788,#875,.T.);
#4821=EDGE_CURVE('',#5788,#5785,#876,.F.);
#4822=EDGE_CURVE('',#5471,#5789,#6148,.F.);
#4823=EDGE_CURVE('',#5789,#5790,#877,.T.);
#4824=EDGE_CURVE('',#5790,#5504,#6149,.F.);
#4825=EDGE_CURVE('',#5516,#5788,#6150,.F.);
#4826=EDGE_CURVE('',#5787,#5475,#6151,.F.);
#4827=EDGE_CURVE('',#5791,#5792,#878,.T.);
#4828=EDGE_CURVE('',#5792,#5728,#879,.F.);
#4829=EDGE_CURVE('',#5727,#5791,#880,.F.);
#4830=EDGE_CURVE('',#5793,#5794,#881,.T.);
#4831=EDGE_CURVE('',#5793,#5795,#882,.F.);
#4832=EDGE_CURVE('',#5796,#5795,#883,.T.);
#4833=EDGE_CURVE('',#5796,#5794,#884,.F.);
#4834=EDGE_CURVE('',#5797,#5798,#885,.T.);
#4835=EDGE_CURVE('',#5798,#5799,#886,.T.);
#4836=EDGE_CURVE('',#5799,#5800,#887,.T.);
#4837=EDGE_CURVE('',#5800,#5797,#888,.T.);
#4838=EDGE_CURVE('',#5797,#5553,#6152,.F.);
#4839=EDGE_CURVE('',#5556,#5793,#6153,.F.);
#4840=EDGE_CURVE('',#5794,#5519,#6154,.F.);
#4841=EDGE_CURVE('',#5518,#5798,#6155,.F.);
#4842=EDGE_CURVE('',#5789,#5801,#889,.F.);
#4843=EDGE_CURVE('',#5802,#5801,#890,.T.);
#4844=EDGE_CURVE('',#5802,#5790,#891,.T.);
#4845=EDGE_CURVE('',#5659,#5803,#6156,.F.);
#4846=EDGE_CURVE('',#5803,#5804,#892,.T.);
#4847=EDGE_CURVE('',#5804,#5533,#6157,.F.);
#4848=EDGE_CURVE('',#5532,#5805,#6158,.F.);
#4849=EDGE_CURVE('',#5806,#5805,#893,.T.);
#4850=EDGE_CURVE('',#5806,#5662,#6159,.F.);
#4851=EDGE_CURVE('',#5807,#5808,#894,.T.);
#4852=EDGE_CURVE('',#5807,#5585,#6160,.F.);
#4853=EDGE_CURVE('',#5586,#5809,#6161,.F.);
#4854=EDGE_CURVE('',#5809,#5810,#895,.T.);
#4855=EDGE_CURVE('',#5810,#5675,#6162,.F.);
#4856=EDGE_CURVE('',#5674,#5808,#6163,.F.);
#4857=EDGE_CURVE('',#5805,#5811,#896,.T.);
#4858=EDGE_CURVE('',#5811,#5812,#897,.T.);
#4859=EDGE_CURVE('',#5812,#5806,#898,.T.);
#4860=EDGE_CURVE('',#5813,#5814,#899,.T.);
#4861=EDGE_CURVE('',#5813,#5804,#900,.F.);
#4862=EDGE_CURVE('',#5803,#5814,#901,.F.);
#4863=EDGE_CURVE('',#5815,#5816,#902,.T.);
#4864=EDGE_CURVE('',#5816,#5807,#903,.T.);
#4865=EDGE_CURVE('',#5808,#5815,#904,.F.);
#4866=EDGE_CURVE('',#5809,#5817,#905,.F.);
#4867=EDGE_CURVE('',#5818,#5817,#906,.T.);
#4868=EDGE_CURVE('',#5818,#5810,#907,.T.);
#4869=EDGE_CURVE('',#5696,#5819,#6164,.F.);
#4870=EDGE_CURVE('',#5819,#5820,#908,.T.);
#4871=EDGE_CURVE('',#5820,#5603,#6165,.F.);
#4872=EDGE_CURVE('',#5612,#5738,#6166,.F.);
#4873=EDGE_CURVE('',#5737,#5677,#6167,.F.);
#4874=EDGE_CURVE('',#5683,#5757,#6168,.F.);
#4875=EDGE_CURVE('',#5758,#5557,#6169,.F.);
#4876=EDGE_CURVE('',#5560,#5756,#6170,.F.);
#4877=EDGE_CURVE('',#5755,#5686,#6171,.F.);
#4878=EDGE_CURVE('',#5821,#5822,#909,.T.);
#4879=EDGE_CURVE('',#5822,#5706,#910,.F.);
#4880=EDGE_CURVE('',#5705,#5821,#911,.F.);
#4881=EDGE_CURVE('',#5819,#5823,#912,.T.);
#4882=EDGE_CURVE('',#5824,#5823,#913,.T.);
#4883=EDGE_CURVE('',#5824,#5820,#914,.F.);
#4884=EDGE_CURVE('',#5825,#5826,#915,.T.);
#4885=EDGE_CURVE('',#5825,#5497,#6172,.F.);
#4886=EDGE_CURVE('',#5500,#5827,#6173,.F.);
#4887=EDGE_CURVE('',#5827,#5828,#916,.T.);
#4888=EDGE_CURVE('',#5828,#5477,#6174,.F.);
#4889=EDGE_CURVE('',#5480,#5826,#6175,.F.);
#4890=EDGE_CURVE('',#5827,#5829,#917,.F.);
#4891=EDGE_CURVE('',#5830,#5829,#918,.T.);
#4892=EDGE_CURVE('',#5830,#5828,#919,.F.);
#4893=EDGE_CURVE('',#5826,#5831,#920,.T.);
#4894=EDGE_CURVE('',#5831,#5832,#921,.T.);
#4895=EDGE_CURVE('',#5832,#5825,#922,.T.);
#4896=EDGE_CURVE('',#5833,#5834,#923,.T.);
#4897=EDGE_CURVE('',#5833,#5464,#294,.T.);
#4898=EDGE_CURVE('',#5463,#5834,#295,.T.);
#4899=EDGE_CURVE('',#5801,#5469,#6176,.F.);
#4900=EDGE_CURVE('',#5478,#5830,#6177,.F.);
#4901=EDGE_CURVE('',#5829,#5499,#6178,.F.);
#4902=EDGE_CURVE('',#5489,#5748,#6179,.F.);
#4903=EDGE_CURVE('',#5747,#5548,#6180,.F.);
#4904=EDGE_CURVE('',#5554,#5800,#6181,.F.);
#4905=EDGE_CURVE('',#5799,#5517,#6182,.F.);
#4906=EDGE_CURVE('',#5505,#5802,#6183,.F.);
#4907=EDGE_CURVE('',#5783,#5582,#6184,.F.);
#4908=EDGE_CURVE('',#5594,#5726,#6185,.F.);
#4909=EDGE_CURVE('',#5725,#5621,#6186,.F.);
#4910=EDGE_CURVE('',#5636,#5715,#6187,.F.);
#4911=EDGE_CURVE('',#5716,#5509,#6188,.F.);
#4912=EDGE_CURVE('',#5520,#5796,#6189,.F.);
#4913=EDGE_CURVE('',#5795,#5555,#6190,.F.);
#4914=EDGE_CURVE('',#5543,#5784,#6191,.F.);
#4915=EDGE_CURVE('',#5551,#5745,#6192,.F.);
#4916=EDGE_CURVE('',#5746,#5492,#6193,.F.);
#4917=EDGE_CURVE('',#5494,#5713,#6194,.F.);
#4918=EDGE_CURVE('',#5714,#5615,#6195,.F.);
#4919=EDGE_CURVE('',#5605,#5824,#6196,.F.);
#4920=EDGE_CURVE('',#5823,#5695,#6197,.F.);
#4921=EDGE_CURVE('',#5687,#5754,#6198,.F.);
#4922=EDGE_CURVE('',#5753,#5559,#6199,.F.);
#4923=EDGE_CURVE('',#5779,#5539,#6200,.F.);
#4924=EDGE_CURVE('',#5558,#5760,#6201,.F.);
#4925=EDGE_CURVE('',#5759,#5681,#6202,.F.);
#4926=EDGE_CURVE('',#5694,#5700,#6203,.F.);
#4927=EDGE_CURVE('',#5699,#5655,#6204,.F.);
#4928=EDGE_CURVE('',#5643,#5764,#6205,.F.);
#4929=EDGE_CURVE('',#5763,#5599,#6206,.F.);
#4930=EDGE_CURVE('',#5579,#5780,#6207,.F.);
#4931=EDGE_CURVE('',#5587,#5816,#6208,.F.);
#4932=EDGE_CURVE('',#5815,#5673,#6209,.F.);
#4933=EDGE_CURVE('',#5667,#5774,#6210,.F.);
#4934=EDGE_CURVE('',#5773,#5573,#6211,.F.);
#4935=EDGE_CURVE('',#5563,#5772,#6212,.F.);
#4936=EDGE_CURVE('',#5771,#5633,#6213,.F.);
#4937=EDGE_CURVE('',#5619,#5724,#6214,.F.);
#4938=EDGE_CURVE('',#5723,#5595,#6215,.F.);
#4939=EDGE_CURVE('',#5735,#5524,#6216,.F.);
#4940=EDGE_CURVE('',#5534,#5813,#6217,.F.);
#4941=EDGE_CURVE('',#5814,#5657,#6218,.F.);
#4942=EDGE_CURVE('',#5676,#5818,#6219,.F.);
#4943=EDGE_CURVE('',#5817,#5590,#6220,.F.);
#4944=EDGE_CURVE('',#5598,#5768,#6221,.F.);
#4945=EDGE_CURVE('',#5767,#5637,#6222,.F.);
#4946=EDGE_CURVE('',#5654,#5736,#6223,.F.);
#4947=EDGE_CURVE('',#5811,#5531,#6224,.F.);
#4948=EDGE_CURVE('',#5536,#5702,#6225,.F.);
#4949=EDGE_CURVE('',#5701,#5650,#6226,.F.);
#4950=EDGE_CURVE('',#5649,#5822,#6227,.F.);
#4951=EDGE_CURVE('',#5821,#5689,#6228,.F.);
#4952=EDGE_CURVE('',#5679,#5740,#6229,.F.);
#4953=EDGE_CURVE('',#5739,#5611,#6230,.F.);
#4954=EDGE_CURVE('',#5614,#5712,#6231,.F.);
#4955=EDGE_CURVE('',#5711,#5495,#6232,.F.);
#4956=EDGE_CURVE('',#5498,#5832,#6233,.F.);
#4957=EDGE_CURVE('',#5831,#5479,#6234,.F.);
#4958=EDGE_CURVE('',#5476,#5786,#6235,.F.);
#4959=EDGE_CURVE('',#5785,#5515,#6236,.F.);
#4960=EDGE_CURVE('',#5514,#5792,#6237,.F.);
#4961=EDGE_CURVE('',#5791,#5625,#6238,.F.);
#4962=EDGE_CURVE('',#5631,#5730,#6239,.F.);
#4963=EDGE_CURVE('',#5729,#5571,#6240,.F.);
#4964=EDGE_CURVE('',#5576,#5776,#6241,.F.);
#4965=EDGE_CURVE('',#5775,#5669,#6242,.F.);
#4966=EDGE_CURVE('',#5663,#5812,#6243,.F.);
#4967=EDGE_CURVE('',#5340,#5189,#924,.T.);
#4968=EDGE_CURVE('',#5188,#5833,#6244,.F.);
#4969=EDGE_CURVE('',#5834,#5341,#6245,.F.);
#4970=EDGE_CURVE('',#5331,#5835,#925,.F.);
#4971=EDGE_CURVE('',#5835,#5836,#926,.T.);
#4972=EDGE_CURVE('',#5836,#5332,#927,.T.);
#4973=EDGE_CURVE('',#5319,#5837,#928,.F.);
#4974=EDGE_CURVE('',#5837,#5838,#929,.T.);
#4975=EDGE_CURVE('',#5838,#5327,#930,.T.);
#4976=EDGE_CURVE('',#5305,#5289,#6246,.F.);
#4977=EDGE_CURVE('',#5288,#5325,#6247,.T.);
#4978=EDGE_CURVE('',#5306,#5324,#931,.T.);
#4979=EDGE_CURVE('',#5343,#5307,#6248,.F.);
#4980=EDGE_CURVE('',#5312,#5302,#6249,.T.);
#4981=EDGE_CURVE('',#5301,#5318,#932,.T.);
#4982=EDGE_CURVE('',#5321,#5313,#6250,.F.);
#4983=EDGE_CURVE('',#5300,#5186,#6251,.T.);
#4984=EDGE_CURVE('',#5326,#5291,#6252,.T.);
#4985=EDGE_CURVE('',#5839,#5217,#6253,.F.);
#4986=EDGE_CURVE('',#5839,#5208,#933,.T.);
#4987=EDGE_CURVE('',#5218,#5326,#6254,.T.);
#4988=EDGE_CURVE('',#5218,#5291,#6255,.F.);
#4989=EDGE_CURVE('',#5290,#5311,#296,.T.);
#4990=EDGE_CURVE('',#5219,#5310,#6256,.T.);
#4991=EDGE_CURVE('',#5220,#5840,#6257,.F.);
#4992=EDGE_CURVE('',#5320,#5219,#6258,.T.);
#4993=EDGE_CURVE('',#5840,#5210,#934,.T.);
#4994=EDGE_CURVE('',#5320,#5310,#6259,.F.);
#4995=EDGE_CURVE('',#5451,#5448,#6260,.F.);
#4996=EDGE_CURVE('',#5141,#5841,#297,.T.);
#4997=EDGE_CURVE('',#5841,#5842,#298,.T.);
#4998=EDGE_CURVE('',#5843,#5842,#6261,.T.);
#4999=EDGE_CURVE('',#5843,#5447,#299,.T.);
#5000=EDGE_CURVE('',#5446,#5142,#6262,.F.);
#5001=EDGE_CURVE('',#5150,#5452,#6263,.F.);
#5002=EDGE_CURVE('',#5338,#5835,#6264,.T.);
#5003=EDGE_CURVE('',#5836,#5844,#300,.T.);
#5004=EDGE_CURVE('',#5844,#5845,#6265,.T.);
#5005=EDGE_CURVE('',#5845,#5168,#301,.T.);
#5006=EDGE_CURVE('',#5183,#5837,#6266,.T.);
#5007=EDGE_CURVE('',#5838,#5337,#6267,.T.);
#5008=EDGE_CURVE('',#5268,#5271,#935,.T.);
#5009=EDGE_CURVE('',#5187,#5309,#6268,.T.);
#5010=EDGE_CURVE('',#5308,#5342,#6269,.T.);
#5011=EDGE_CURVE('',#5290,#5304,#6270,.T.);
#5012=EDGE_CURVE('',#5311,#5303,#6271,.T.);
#5013=EDGE_CURVE('',#5846,#5443,#302,.F.);
#5014=EDGE_CURVE('',#5846,#5847,#936,.F.);
#5015=EDGE_CURVE('',#5444,#5847,#937,.T.);
#5016=EDGE_CURVE('',#5848,#5237,#303,.T.);
#5017=EDGE_CURVE('',#5848,#5846,#304,.T.);
#5018=EDGE_CURVE('',#5847,#5849,#6272,.T.);
#5019=EDGE_CURVE('',#5445,#5849,#938,.T.);
#5020=EDGE_CURVE('',#5850,#5241,#939,.T.);
#5021=EDGE_CURVE('',#5850,#5848,#940,.F.);
#5022=EDGE_CURVE('',#5849,#5851,#941,.F.);
#5023=EDGE_CURVE('',#5440,#5851,#942,.T.);
#5024=EDGE_CURVE('',#5852,#5240,#943,.T.);
#5025=EDGE_CURVE('',#5852,#5850,#6273,.T.);
#5026=EDGE_CURVE('',#5851,#5853,#6274,.T.);
#5027=EDGE_CURVE('',#5441,#5853,#944,.T.);
#5028=EDGE_CURVE('',#5854,#5239,#945,.T.);
#5029=EDGE_CURVE('',#5854,#5852,#946,.F.);
#5030=EDGE_CURVE('',#5853,#5855,#947,.F.);
#5031=EDGE_CURVE('',#5442,#5855,#305,.F.);
#5032=EDGE_CURVE('',#5856,#5238,#948,.T.);
#5033=EDGE_CURVE('',#5856,#5854,#6275,.T.);
#5034=EDGE_CURVE('',#5855,#5857,#306,.T.);
#5035=EDGE_CURVE('',#5236,#5857,#307,.T.);
#5036=EDGE_CURVE('',#5857,#5856,#949,.F.);
#5037=EDGE_CURVE('',#5848,#5144,#308,.F.);
#5038=EDGE_CURVE('',#5137,#5850,#6276,.T.);
#5039=EDGE_CURVE('',#5149,#5852,#6277,.T.);
#5040=EDGE_CURVE('',#5846,#5143,#309,.T.);
#5041=EDGE_CURVE('',#5150,#5854,#6278,.T.);
#5042=EDGE_CURVE('',#5847,#5142,#6279,.T.);
#5043=EDGE_CURVE('',#5452,#5856,#6280,.T.);
#5044=EDGE_CURVE('',#5849,#5446,#6281,.T.);
#5045=EDGE_CURVE('',#5449,#5857,#310,.F.);
#5046=EDGE_CURVE('',#5851,#5448,#6282,.T.);
#5047=EDGE_CURVE('',#5450,#5855,#311,.T.);
#5048=EDGE_CURVE('',#5853,#5451,#6283,.T.);
#5049=EDGE_CURVE('',#5858,#5280,#950,.F.);
#5050=EDGE_CURVE('',#5279,#5859,#951,.F.);
#5051=EDGE_CURVE('',#5859,#5858,#6284,.F.);
#5052=EDGE_CURVE('',#5858,#5206,#6285,.F.);
#5053=EDGE_CURVE('',#5204,#5859,#6286,.T.);
#5054=EDGE_CURVE('',#5206,#5204,#6287,.T.);
#5055=EDGE_CURVE('',#5205,#5281,#312,.T.);
#5056=EDGE_CURVE('',#5278,#5203,#313,.T.);
#5057=EDGE_CURVE('',#5201,#5199,#6288,.T.);
#5058=EDGE_CURVE('',#5201,#5171,#6289,.F.);
#5059=EDGE_CURVE('',#5172,#5199,#6290,.T.);
#5060=EDGE_CURVE('',#5202,#5170,#314,.T.);
#5061=EDGE_CURVE('',#5173,#5198,#315,.T.);
#5062=EDGE_CURVE('',#5334,#5860,#6291,.F.);
#5063=EDGE_CURVE('',#5860,#5861,#6292,.T.);
#5064=EDGE_CURVE('',#5861,#5333,#6293,.T.);
#5065=EDGE_CURVE('',#5861,#5862,#952,.F.);
#5066=EDGE_CURVE('',#5862,#5335,#6294,.T.);
#5067=EDGE_CURVE('',#5336,#5863,#6295,.F.);
#5068=EDGE_CURVE('',#5863,#5860,#953,.F.);
#5069=EDGE_CURVE('',#5862,#5863,#6296,.T.);
#5070=EDGE_CURVE('',#5864,#5865,#954,.F.);
#5071=EDGE_CURVE('',#5866,#5864,#6297,.T.);
#5072=EDGE_CURVE('',#5867,#5866,#955,.T.);
#5073=EDGE_CURVE('',#5865,#5867,#6298,.T.);
#5074=EDGE_CURVE('',#5860,#5866,#6299,.T.);
#5075=EDGE_CURVE('',#5864,#5861,#6300,.F.);
#5076=EDGE_CURVE('',#5865,#5862,#6301,.F.);
#5077=EDGE_CURVE('',#5863,#5867,#6302,.T.);
#5078=EDGE_CURVE('',#5276,#5868,#6303,.T.);
#5079=EDGE_CURVE('',#5868,#5286,#956,.T.);
#5080=EDGE_CURVE('',#5868,#5869,#957,.T.);
#5081=EDGE_CURVE('',#5869,#5287,#958,.T.);
#5082=EDGE_CURVE('',#5869,#5282,#6304,.T.);
#5083=EDGE_CURVE('',#5284,#5870,#6305,.T.);
#5084=EDGE_CURVE('',#5870,#5871,#959,.T.);
#5085=EDGE_CURVE('',#5871,#5285,#6306,.T.);
#5086=EDGE_CURVE('',#5870,#5872,#960,.T.);
#5087=EDGE_CURVE('',#5872,#5873,#961,.T.);
#5088=EDGE_CURVE('',#5873,#5871,#962,.T.);
#5089=EDGE_CURVE('',#5872,#5274,#6307,.T.);
#5090=EDGE_CURVE('',#5275,#5873,#6308,.T.);
#5091=EDGE_CURVE('',#5135,#5868,#6309,.T.);
#5092=EDGE_CURVE('',#5869,#5134,#6310,.T.);
#5093=EDGE_CURVE('',#5282,#5133,#6311,.T.);
#5094=EDGE_CURVE('',#5136,#5276,#6312,.T.);
#5095=EDGE_CURVE('',#5284,#5132,#6313,.T.);
#5096=EDGE_CURVE('',#5129,#5274,#6314,.T.);
#5097=EDGE_CURVE('',#5870,#5131,#6315,.T.);
#5098=EDGE_CURVE('',#5130,#5872,#6316,.T.);
#5099=EDGE_CURVE('',#5275,#5177,#6317,.T.);
#5100=EDGE_CURVE('',#5873,#5176,#6318,.T.);
#5101=EDGE_CURVE('',#5871,#5175,#6319,.T.);
#5102=EDGE_CURVE('',#5285,#5174,#6320,.T.);
#5103=EDGE_CURVE('',#5837,#5166,#963,.T.);
#5104=EDGE_CURVE('',#5161,#5836,#79,.T.);
#5105=EDGE_CURVE('',#5162,#5835,#964,.T.);
#5106=EDGE_CURVE('',#5838,#5165,#965,.T.);
#5107=EDGE_CURVE('',#5163,#5338,#966,.T.);
#5108=EDGE_CURVE('',#5337,#5164,#967,.T.);
#5109=EDGE_CURVE('',#5842,#5845,#968,.F.);
#5110=EDGE_CURVE('',#5844,#5843,#969,.F.);
#5111=EDGE_CURVE('',#5447,#5836,#970,.T.);
#5112=EDGE_CURVE('',#5168,#5841,#971,.T.);
#5113=EDGE_CURVE('',#5874,#5874,#6321,.T.);
#5114=EDGE_CURVE('',#5875,#5875,#6322,.F.);
#5115=EDGE_CURVE('',#5876,#5876,#6323,.T.);
#5116=EDGE_CURVE('',#5877,#5877,#6324,.T.);
#5117=EDGE_CURVE('',#5878,#5878,#6325,.F.);
#5118=EDGE_CURVE('',#5879,#5879,#6326,.T.);
#5119=EDGE_CURVE('',#5221,#5840,#972,.T.);
#5120=EDGE_CURVE('',#5216,#5839,#973,.T.);
#5121=EDGE_CURVE('',#5880,#5881,#316,.T.);
#5122=EDGE_CURVE('',#5881,#5880,#317,.T.);
#5123=EDGE_CURVE('',#5882,#5883,#318,.T.);
#5124=EDGE_CURVE('',#5883,#5882,#319,.T.);
#5125=EDGE_CURVE('',#5881,#5139,#6327,.T.);
#5126=EDGE_CURVE('',#5138,#5880,#6328,.T.);
#5127=EDGE_CURVE('',#5883,#5148,#6329,.T.);
#5128=EDGE_CURVE('',#5147,#5882,#6330,.T.);
#5129=VERTEX_POINT('',#10999);
#5130=VERTEX_POINT('',#11000);
#5131=VERTEX_POINT('',#11002);
#5132=VERTEX_POINT('',#11004);
#5133=VERTEX_POINT('',#11006);
#5134=VERTEX_POINT('',#11008);
#5135=VERTEX_POINT('',#11010);
#5136=VERTEX_POINT('',#11012);
#5137=VERTEX_POINT('',#11015);
#5138=VERTEX_POINT('',#11016);
#5139=VERTEX_POINT('',#11024);
#5140=VERTEX_POINT('',#11026);
#5141=VERTEX_POINT('',#11028);
#5142=VERTEX_POINT('',#11030);
#5143=VERTEX_POINT('',#11032);
#5144=VERTEX_POINT('',#11043);
#5145=VERTEX_POINT('',#11047);
#5146=VERTEX_POINT('',#11049);
#5147=VERTEX_POINT('',#11050);
#5148=VERTEX_POINT('',#11058);
#5149=VERTEX_POINT('',#11060);
#5150=VERTEX_POINT('',#11062);
#5151=VERTEX_POINT('',#11064);
#5152=VERTEX_POINT('',#11085);
#5153=VERTEX_POINT('',#11086);
#5154=VERTEX_POINT('',#11088);
#5155=VERTEX_POINT('',#11090);
#5156=VERTEX_POINT('',#11092);
#5157=VERTEX_POINT('',#11095);
#5158=VERTEX_POINT('',#11097);
#5159=VERTEX_POINT('',#11099);
#5160=VERTEX_POINT('',#11101);
#5161=VERTEX_POINT('',#11103);
#5162=VERTEX_POINT('',#11105);
#5163=VERTEX_POINT('',#11107);
#5164=VERTEX_POINT('',#11109);
#5165=VERTEX_POINT('',#11111);
#5166=VERTEX_POINT('',#11113);
#5167=VERTEX_POINT('',#11115);
#5168=VERTEX_POINT('',#11119);
#5169=VERTEX_POINT('',#11120);
#5170=VERTEX_POINT('',#11122);
#5171=VERTEX_POINT('',#11124);
#5172=VERTEX_POINT('',#11126);
#5173=VERTEX_POINT('',#11128);
#5174=VERTEX_POINT('',#11130);
#5175=VERTEX_POINT('',#11132);
#5176=VERTEX_POINT('',#11134);
#5177=VERTEX_POINT('',#11136);
#5178=VERTEX_POINT('',#11138);
#5179=VERTEX_POINT('',#11140);
#5180=VERTEX_POINT('',#11142);
#5181=VERTEX_POINT('',#11144);
#5182=VERTEX_POINT('',#11146);
#5183=VERTEX_POINT('',#11148);
#5184=VERTEX_POINT('',#11150);
#5185=VERTEX_POINT('',#11152);
#5186=VERTEX_POINT('',#11154);
#5187=VERTEX_POINT('',#11156);
#5188=VERTEX_POINT('',#11169);
#5189=VERTEX_POINT('',#11171);
#5190=VERTEX_POINT('',#11173);
#5191=VERTEX_POINT('',#11175);
#5192=VERTEX_POINT('',#11177);
#5193=VERTEX_POINT('',#11181);
#5194=VERTEX_POINT('',#11182);
#5195=VERTEX_POINT('',#11184);
#5196=VERTEX_POINT('',#11186);
#5197=VERTEX_POINT('',#11190);
#5198=VERTEX_POINT('',#11195);
#5199=VERTEX_POINT('',#11197);
#5200=VERTEX_POINT('',#11201);
#5201=VERTEX_POINT('',#11203);
#5202=VERTEX_POINT('',#11205);
#5203=VERTEX_POINT('',#11215);
#5204=VERTEX_POINT('',#11217);
#5205=VERTEX_POINT('',#11224);
#5206=VERTEX_POINT('',#11226);
#5207=VERTEX_POINT('',#11236);
#5208=VERTEX_POINT('',#11237);
#5209=VERTEX_POINT('',#11239);
#5210=VERTEX_POINT('',#11241);
#5211=VERTEX_POINT('',#11243);
#5212=VERTEX_POINT('',#11245);
#5213=VERTEX_POINT('',#11247);
#5214=VERTEX_POINT('',#11249);
#5215=VERTEX_POINT('',#11252);
#5216=VERTEX_POINT('',#11255);
#5217=VERTEX_POINT('',#11257);
#5218=VERTEX_POINT('',#11259);
#5219=VERTEX_POINT('',#11261);
#5220=VERTEX_POINT('',#11263);
#5221=VERTEX_POINT('',#11265);
#5222=VERTEX_POINT('',#11269);
#5223=VERTEX_POINT('',#11270);
#5224=VERTEX_POINT('',#11272);
#5225=VERTEX_POINT('',#11274);
#5226=VERTEX_POINT('',#11277);
#5227=VERTEX_POINT('',#11278);
#5228=VERTEX_POINT('',#11280);
#5229=VERTEX_POINT('',#11282);
#5230=VERTEX_POINT('',#11286);
#5231=VERTEX_POINT('',#11288);
#5232=VERTEX_POINT('',#11290);
#5233=VERTEX_POINT('',#11292);
#5234=VERTEX_POINT('',#11294);
#5235=VERTEX_POINT('',#11296);
#5236=VERTEX_POINT('',#11299);
#5237=VERTEX_POINT('',#11300);
#5238=VERTEX_POINT('',#11302);
#5239=VERTEX_POINT('',#11304);
#5240=VERTEX_POINT('',#11306);
#5241=VERTEX_POINT('',#11308);
#5242=VERTEX_POINT('',#11311);
#5243=VERTEX_POINT('',#11312);
#5244=VERTEX_POINT('',#11314);
#5245=VERTEX_POINT('',#11316);
#5246=VERTEX_POINT('',#11318);
#5247=VERTEX_POINT('',#11320);
#5248=VERTEX_POINT('',#11322);
#5249=VERTEX_POINT('',#11324);
#5250=VERTEX_POINT('',#11366);
#5251=VERTEX_POINT('',#11367);
#5252=VERTEX_POINT('',#11372);
#5253=VERTEX_POINT('',#11415);
#5254=VERTEX_POINT('',#11420);
#5255=VERTEX_POINT('',#11462);
#5256=VERTEX_POINT('',#11467);
#5257=VERTEX_POINT('',#11509);
#5258=VERTEX_POINT('',#11519);
#5259=VERTEX_POINT('',#11520);
#5260=VERTEX_POINT('',#11525);
#5261=VERTEX_POINT('',#11530);
#5262=VERTEX_POINT('',#11611);
#5263=VERTEX_POINT('',#11613);
#5264=VERTEX_POINT('',#11615);
#5265=VERTEX_POINT('',#11625);
#5266=VERTEX_POINT('',#11627);
#5267=VERTEX_POINT('',#11629);
#5268=VERTEX_POINT('',#11637);
#5269=VERTEX_POINT('',#11639);
#5270=VERTEX_POINT('',#11641);
#5271=VERTEX_POINT('',#11654);
#5272=VERTEX_POINT('',#11655);
#5273=VERTEX_POINT('',#11658);
#5274=VERTEX_POINT('',#11662);
#5275=VERTEX_POINT('',#11663);
#5276=VERTEX_POINT('',#11665);
#5277=VERTEX_POINT('',#11667);
#5278=VERTEX_POINT('',#11670);
#5279=VERTEX_POINT('',#11672);
#5280=VERTEX_POINT('',#11674);
#5281=VERTEX_POINT('',#11676);
#5282=VERTEX_POINT('',#11680);
#5283=VERTEX_POINT('',#11681);
#5284=VERTEX_POINT('',#11683);
#5285=VERTEX_POINT('',#11685);
#5286=VERTEX_POINT('',#11691);
#5287=VERTEX_POINT('',#11693);
#5288=VERTEX_POINT('',#11697);
#5289=VERTEX_POINT('',#11698);
#5290=VERTEX_POINT('',#11700);
#5291=VERTEX_POINT('',#11702);
#5292=VERTEX_POINT('',#11706);
#5293=VERTEX_POINT('',#11707);
#5294=VERTEX_POINT('',#11709);
#5295=VERTEX_POINT('',#11711);
#5296=VERTEX_POINT('',#11713);
#5297=VERTEX_POINT('',#11715);
#5298=VERTEX_POINT('',#11717);
#5299=VERTEX_POINT('',#11719);
#5300=VERTEX_POINT('',#11723);
#5301=VERTEX_POINT('',#11725);
#5302=VERTEX_POINT('',#11727);
#5303=VERTEX_POINT('',#11729);
#5304=VERTEX_POINT('',#11735);
#5305=VERTEX_POINT('',#11737);
#5306=VERTEX_POINT('',#11739);
#5307=VERTEX_POINT('',#11741);
#5308=VERTEX_POINT('',#11743);
#5309=VERTEX_POINT('',#11745);
#5310=VERTEX_POINT('',#11749);
#5311=VERTEX_POINT('',#11750);
#5312=VERTEX_POINT('',#11752);
#5313=VERTEX_POINT('',#11754);
#5314=VERTEX_POINT('',#11758);
#5315=VERTEX_POINT('',#11760);
#5316=VERTEX_POINT('',#11764);
#5317=VERTEX_POINT('',#11767);
#5318=VERTEX_POINT('',#11769);
#5319=VERTEX_POINT('',#11771);
#5320=VERTEX_POINT('',#11774);
#5321=VERTEX_POINT('',#11776);
#5322=VERTEX_POINT('',#11780);
#5323=VERTEX_POINT('',#11781);
#5324=VERTEX_POINT('',#11783);
#5325=VERTEX_POINT('',#11785);
#5326=VERTEX_POINT('',#11787);
#5327=VERTEX_POINT('',#11790);
#5328=VERTEX_POINT('',#11794);
#5329=VERTEX_POINT('',#11796);
#5330=VERTEX_POINT('',#11797);
#5331=VERTEX_POINT('',#11799);
#5332=VERTEX_POINT('',#11801);
#5333=VERTEX_POINT('',#11806);
#5334=VERTEX_POINT('',#11807);
#5335=VERTEX_POINT('',#11809);
#5336=VERTEX_POINT('',#11811);
#5337=VERTEX_POINT('',#11814);
#5338=VERTEX_POINT('',#11816);
#5339=VERTEX_POINT('',#11819);
#5340=VERTEX_POINT('',#11821);
#5341=VERTEX_POINT('',#11823);
#5342=VERTEX_POINT('',#11836);
#5343=VERTEX_POINT('',#11838);
#5344=VERTEX_POINT('',#11844);
#5345=VERTEX_POINT('',#11845);
#5346=VERTEX_POINT('',#11847);
#5347=VERTEX_POINT('',#11849);
#5348=VERTEX_POINT('',#11851);
#5349=VERTEX_POINT('',#11853);
#5350=VERTEX_POINT('',#11855);
#5351=VERTEX_POINT('',#11857);
#5352=VERTEX_POINT('',#11860);
#5353=VERTEX_POINT('',#11861);
#5354=VERTEX_POINT('',#11863);
#5355=VERTEX_POINT('',#11865);
#5356=VERTEX_POINT('',#11867);
#5357=VERTEX_POINT('',#11869);
#5358=VERTEX_POINT('',#11871);
#5359=VERTEX_POINT('',#11873);
#5360=VERTEX_POINT('',#11876);
#5361=VERTEX_POINT('',#11877);
#5362=VERTEX_POINT('',#11879);
#5363=VERTEX_POINT('',#11881);
#5364=VERTEX_POINT('',#11883);
#5365=VERTEX_POINT('',#11885);
#5366=VERTEX_POINT('',#11887);
#5367=VERTEX_POINT('',#11889);
#5368=VERTEX_POINT('',#11892);
#5369=VERTEX_POINT('',#11893);
#5370=VERTEX_POINT('',#11895);
#5371=VERTEX_POINT('',#11897);
#5372=VERTEX_POINT('',#11899);
#5373=VERTEX_POINT('',#11901);
#5374=VERTEX_POINT('',#11903);
#5375=VERTEX_POINT('',#11905);
#5376=VERTEX_POINT('',#11908);
#5377=VERTEX_POINT('',#11909);
#5378=VERTEX_POINT('',#11911);
#5379=VERTEX_POINT('',#11913);
#5380=VERTEX_POINT('',#11915);
#5381=VERTEX_POINT('',#11917);
#5382=VERTEX_POINT('',#11919);
#5383=VERTEX_POINT('',#11921);
#5384=VERTEX_POINT('',#11924);
#5385=VERTEX_POINT('',#11925);
#5386=VERTEX_POINT('',#11927);
#5387=VERTEX_POINT('',#11929);
#5388=VERTEX_POINT('',#11931);
#5389=VERTEX_POINT('',#11933);
#5390=VERTEX_POINT('',#11935);
#5391=VERTEX_POINT('',#11937);
#5392=VERTEX_POINT('',#11940);
#5393=VERTEX_POINT('',#11941);
#5394=VERTEX_POINT('',#11943);
#5395=VERTEX_POINT('',#11945);
#5396=VERTEX_POINT('',#11947);
#5397=VERTEX_POINT('',#11949);
#5398=VERTEX_POINT('',#11951);
#5399=VERTEX_POINT('',#11953);
#5400=VERTEX_POINT('',#11956);
#5401=VERTEX_POINT('',#11957);
#5402=VERTEX_POINT('',#11959);
#5403=VERTEX_POINT('',#11961);
#5404=VERTEX_POINT('',#11963);
#5405=VERTEX_POINT('',#11965);
#5406=VERTEX_POINT('',#11967);
#5407=VERTEX_POINT('',#11969);
#5408=VERTEX_POINT('',#11972);
#5409=VERTEX_POINT('',#11973);
#5410=VERTEX_POINT('',#11975);
#5411=VERTEX_POINT('',#11977);
#5412=VERTEX_POINT('',#11979);
#5413=VERTEX_POINT('',#11981);
#5414=VERTEX_POINT('',#11983);
#5415=VERTEX_POINT('',#11985);
#5416=VERTEX_POINT('',#11988);
#5417=VERTEX_POINT('',#11989);
#5418=VERTEX_POINT('',#11991);
#5419=VERTEX_POINT('',#11993);
#5420=VERTEX_POINT('',#11995);
#5421=VERTEX_POINT('',#11997);
#5422=VERTEX_POINT('',#11999);
#5423=VERTEX_POINT('',#12001);
#5424=VERTEX_POINT('',#12004);
#5425=VERTEX_POINT('',#12005);
#5426=VERTEX_POINT('',#12007);
#5427=VERTEX_POINT('',#12009);
#5428=VERTEX_POINT('',#12011);
#5429=VERTEX_POINT('',#12013);
#5430=VERTEX_POINT('',#12015);
#5431=VERTEX_POINT('',#12017);
#5432=VERTEX_POINT('',#12020);
#5433=VERTEX_POINT('',#12021);
#5434=VERTEX_POINT('',#12023);
#5435=VERTEX_POINT('',#12025);
#5436=VERTEX_POINT('',#12027);
#5437=VERTEX_POINT('',#12029);
#5438=VERTEX_POINT('',#12031);
#5439=VERTEX_POINT('',#12033);
#5440=VERTEX_POINT('',#12036);
#5441=VERTEX_POINT('',#12037);
#5442=VERTEX_POINT('',#12039);
#5443=VERTEX_POINT('',#12041);
#5444=VERTEX_POINT('',#12043);
#5445=VERTEX_POINT('',#12045);
#5446=VERTEX_POINT('',#12077);
#5447=VERTEX_POINT('',#12078);
#5448=VERTEX_POINT('',#12081);
#5449=VERTEX_POINT('',#12094);
#5450=VERTEX_POINT('',#12095);
#5451=VERTEX_POINT('',#12097);
#5452=VERTEX_POINT('',#12100);
#5453=VERTEX_POINT('',#12104);
#5454=VERTEX_POINT('',#12106);
#5455=VERTEX_POINT('',#12110);
#5456=VERTEX_POINT('',#12114);
#5457=VERTEX_POINT('',#12118);
#5458=VERTEX_POINT('',#12122);
#5459=VERTEX_POINT('',#12126);
#5460=VERTEX_POINT('',#12130);
#5461=VERTEX_POINT('',#12165);
#5462=VERTEX_POINT('',#12166);
#5463=VERTEX_POINT('',#12189);
#5464=VERTEX_POINT('',#12190);
#5465=VERTEX_POINT('',#12195);
#5466=VERTEX_POINT('',#12197);
#5467=VERTEX_POINT('',#12201);
#5468=VERTEX_POINT('',#12203);
#5469=VERTEX_POINT('',#12207);
#5470=VERTEX_POINT('',#12208);
#5471=VERTEX_POINT('',#12210);
#5472=VERTEX_POINT('',#12212);
#5473=VERTEX_POINT('',#12217);
#5474=VERTEX_POINT('',#12218);
#5475=VERTEX_POINT('',#12223);
#5476=VERTEX_POINT('',#12225);
#5477=VERTEX_POINT('',#12229);
#5478=VERTEX_POINT('',#12231);
#5479=VERTEX_POINT('',#12235);
#5480=VERTEX_POINT('',#12237);
#5481=VERTEX_POINT('',#12243);
#5482=VERTEX_POINT('',#12244);
#5483=VERTEX_POINT('',#12249);
#5484=VERTEX_POINT('',#12251);
#5485=VERTEX_POINT('',#12255);
#5486=VERTEX_POINT('',#12257);
#5487=VERTEX_POINT('',#12261);
#5488=VERTEX_POINT('',#12262);
#5489=VERTEX_POINT('',#12264);
#5490=VERTEX_POINT('',#12266);
#5491=VERTEX_POINT('',#12269);
#5492=VERTEX_POINT('',#12271);
#5493=VERTEX_POINT('',#12275);
#5494=VERTEX_POINT('',#12277);
#5495=VERTEX_POINT('',#12281);
#5496=VERTEX_POINT('',#12283);
#5497=VERTEX_POINT('',#12287);
#5498=VERTEX_POINT('',#12289);
#5499=VERTEX_POINT('',#12293);
#5500=VERTEX_POINT('',#12295);
#5501=VERTEX_POINT('',#12299);
#5502=VERTEX_POINT('',#12300);
#5503=VERTEX_POINT('',#12305);
#5504=VERTEX_POINT('',#12306);
#5505=VERTEX_POINT('',#12308);
#5506=VERTEX_POINT('',#12310);
#5507=VERTEX_POINT('',#12315);
#5508=VERTEX_POINT('',#12317);
#5509=VERTEX_POINT('',#12321);
#5510=VERTEX_POINT('',#12322);
#5511=VERTEX_POINT('',#12324);
#5512=VERTEX_POINT('',#12326);
#5513=VERTEX_POINT('',#12331);
#5514=VERTEX_POINT('',#12333);
#5515=VERTEX_POINT('',#12337);
#5516=VERTEX_POINT('',#12339);
#5517=VERTEX_POINT('',#12343);
#5518=VERTEX_POINT('',#12345);
#5519=VERTEX_POINT('',#12349);
#5520=VERTEX_POINT('',#12351);
#5521=VERTEX_POINT('',#12355);
#5522=VERTEX_POINT('',#12356);
#5523=VERTEX_POINT('',#12361);
#5524=VERTEX_POINT('',#12362);
#5525=VERTEX_POINT('',#12364);
#5526=VERTEX_POINT('',#12366);
#5527=VERTEX_POINT('',#12371);
#5528=VERTEX_POINT('',#12373);
#5529=VERTEX_POINT('',#12377);
#5530=VERTEX_POINT('',#12379);
#5531=VERTEX_POINT('',#12383);
#5532=VERTEX_POINT('',#12385);
#5533=VERTEX_POINT('',#12389);
#5534=VERTEX_POINT('',#12391);
#5535=VERTEX_POINT('',#12397);
#5536=VERTEX_POINT('',#12399);
#5537=VERTEX_POINT('',#12403);
#5538=VERTEX_POINT('',#12405);
#5539=VERTEX_POINT('',#12409);
#5540=VERTEX_POINT('',#12410);
#5541=VERTEX_POINT('',#12412);
#5542=VERTEX_POINT('',#12414);
#5543=VERTEX_POINT('',#12416);
#5544=VERTEX_POINT('',#12418);
#5545=VERTEX_POINT('',#12423);
#5546=VERTEX_POINT('',#12424);
#5547=VERTEX_POINT('',#12429);
#5548=VERTEX_POINT('',#12430);
#5549=VERTEX_POINT('',#12432);
#5550=VERTEX_POINT('',#12434);
#5551=VERTEX_POINT('',#12436);
#5552=VERTEX_POINT('',#12438);
#5553=VERTEX_POINT('',#12443);
#5554=VERTEX_POINT('',#12445);
#5555=VERTEX_POINT('',#12449);
#5556=VERTEX_POINT('',#12451);
#5557=VERTEX_POINT('',#12455);
#5558=VERTEX_POINT('',#12457);
#5559=VERTEX_POINT('',#12461);
#5560=VERTEX_POINT('',#12463);
#5561=VERTEX_POINT('',#12467);
#5562=VERTEX_POINT('',#12468);
#5563=VERTEX_POINT('',#12470);
#5564=VERTEX_POINT('',#12472);
#5565=VERTEX_POINT('',#12477);
#5566=VERTEX_POINT('',#12479);
#5567=VERTEX_POINT('',#12483);
#5568=VERTEX_POINT('',#12485);
#5569=VERTEX_POINT('',#12489);
#5570=VERTEX_POINT('',#12491);
#5571=VERTEX_POINT('',#12497);
#5572=VERTEX_POINT('',#12499);
#5573=VERTEX_POINT('',#12503);
#5574=VERTEX_POINT('',#12505);
#5575=VERTEX_POINT('',#12509);
#5576=VERTEX_POINT('',#12511);
#5577=VERTEX_POINT('',#12515);
#5578=VERTEX_POINT('',#12516);
#5579=VERTEX_POINT('',#12518);
#5580=VERTEX_POINT('',#12520);
#5581=VERTEX_POINT('',#12523);
#5582=VERTEX_POINT('',#12525);
#5583=VERTEX_POINT('',#12529);
#5584=VERTEX_POINT('',#12531);
#5585=VERTEX_POINT('',#12535);
#5586=VERTEX_POINT('',#12536);
#5587=VERTEX_POINT('',#12538);
#5588=VERTEX_POINT('',#12540);
#5589=VERTEX_POINT('',#12543);
#5590=VERTEX_POINT('',#12545);
#5591=VERTEX_POINT('',#12549);
#5592=VERTEX_POINT('',#12550);
#5593=VERTEX_POINT('',#12555);
#5594=VERTEX_POINT('',#12557);
#5595=VERTEX_POINT('',#12561);
#5596=VERTEX_POINT('',#12563);
#5597=VERTEX_POINT('',#12567);
#5598=VERTEX_POINT('',#12569);
#5599=VERTEX_POINT('',#12573);
#5600=VERTEX_POINT('',#12575);
#5601=VERTEX_POINT('',#12579);
#5602=VERTEX_POINT('',#12581);
#5603=VERTEX_POINT('',#12585);
#5604=VERTEX_POINT('',#12586);
#5605=VERTEX_POINT('',#12588);
#5606=VERTEX_POINT('',#12590);
#5607=VERTEX_POINT('',#12595);
#5608=VERTEX_POINT('',#12597);
#5609=VERTEX_POINT('',#12601);
#5610=VERTEX_POINT('',#12603);
#5611=VERTEX_POINT('',#12607);
#5612=VERTEX_POINT('',#12609);
#5613=VERTEX_POINT('',#12613);
#5614=VERTEX_POINT('',#12615);
#5615=VERTEX_POINT('',#12619);
#5616=VERTEX_POINT('',#12621);
#5617=VERTEX_POINT('',#12627);
#5618=VERTEX_POINT('',#12629);
#5619=VERTEX_POINT('',#12631);
#5620=VERTEX_POINT('',#12633);
#5621=VERTEX_POINT('',#12637);
#5622=VERTEX_POINT('',#12638);
#5623=VERTEX_POINT('',#12640);
#5624=VERTEX_POINT('',#12642);
#5625=VERTEX_POINT('',#12647);
#5626=VERTEX_POINT('',#12648);
#5627=VERTEX_POINT('',#12650);
#5628=VERTEX_POINT('',#12652);
#5629=VERTEX_POINT('',#12657);
#5630=VERTEX_POINT('',#12658);
#5631=VERTEX_POINT('',#12660);
#5632=VERTEX_POINT('',#12662);
#5633=VERTEX_POINT('',#12671);
#5634=VERTEX_POINT('',#12673);
#5635=VERTEX_POINT('',#12677);
#5636=VERTEX_POINT('',#12679);
#5637=VERTEX_POINT('',#12683);
#5638=VERTEX_POINT('',#12684);
#5639=VERTEX_POINT('',#12686);
#5640=VERTEX_POINT('',#12688);
#5641=VERTEX_POINT('',#12693);
#5642=VERTEX_POINT('',#12695);
#5643=VERTEX_POINT('',#12697);
#5644=VERTEX_POINT('',#12699);
#5645=VERTEX_POINT('',#12703);
#5646=VERTEX_POINT('',#12705);
#5647=VERTEX_POINT('',#12709);
#5648=VERTEX_POINT('',#12710);
#5649=VERTEX_POINT('',#12712);
#5650=VERTEX_POINT('',#12717);
#5651=VERTEX_POINT('',#12719);
#5652=VERTEX_POINT('',#12721);
#5653=VERTEX_POINT('',#12725);
#5654=VERTEX_POINT('',#12727);
#5655=VERTEX_POINT('',#12733);
#5656=VERTEX_POINT('',#12735);
#5657=VERTEX_POINT('',#12739);
#5658=VERTEX_POINT('',#12740);
#5659=VERTEX_POINT('',#12742);
#5660=VERTEX_POINT('',#12744);
#5661=VERTEX_POINT('',#12749);
#5662=VERTEX_POINT('',#12750);
#5663=VERTEX_POINT('',#12752);
#5664=VERTEX_POINT('',#12754);
#5665=VERTEX_POINT('',#12759);
#5666=VERTEX_POINT('',#12760);
#5667=VERTEX_POINT('',#12762);
#5668=VERTEX_POINT('',#12764);
#5669=VERTEX_POINT('',#12769);
#5670=VERTEX_POINT('',#12770);
#5671=VERTEX_POINT('',#12772);
#5672=VERTEX_POINT('',#12774);
#5673=VERTEX_POINT('',#12785);
#5674=VERTEX_POINT('',#12787);
#5675=VERTEX_POINT('',#12789);
#5676=VERTEX_POINT('',#12791);
#5677=VERTEX_POINT('',#12795);
#5678=VERTEX_POINT('',#12796);
#5679=VERTEX_POINT('',#12798);
#5680=VERTEX_POINT('',#12800);
#5681=VERTEX_POINT('',#12805);
#5682=VERTEX_POINT('',#12806);
#5683=VERTEX_POINT('',#12808);
#5684=VERTEX_POINT('',#12810);
#5685=VERTEX_POINT('',#12815);
#5686=VERTEX_POINT('',#12817);
#5687=VERTEX_POINT('',#12819);
#5688=VERTEX_POINT('',#12821);
#5689=VERTEX_POINT('',#12825);
#5690=VERTEX_POINT('',#12826);
#5691=VERTEX_POINT('',#12828);
#5692=VERTEX_POINT('',#12830);
#5693=VERTEX_POINT('',#12837);
#5694=VERTEX_POINT('',#12839);
#5695=VERTEX_POINT('',#12845);
#5696=VERTEX_POINT('',#12847);
#5697=VERTEX_POINT('',#12851);
#5698=VERTEX_POINT('',#12852);
#5699=VERTEX_POINT('',#12854);
#5700=VERTEX_POINT('',#12856);
#5701=VERTEX_POINT('',#12860);
#5702=VERTEX_POINT('',#12861);
#5703=VERTEX_POINT('',#12863);
#5704=VERTEX_POINT('',#12865);
#5705=VERTEX_POINT('',#12869);
#5706=VERTEX_POINT('',#12871);
#5707=VERTEX_POINT('',#12877);
#5708=VERTEX_POINT('',#12878);
#5709=VERTEX_POINT('',#12881);
#5710=VERTEX_POINT('',#12883);
#5711=VERTEX_POINT('',#12888);
#5712=VERTEX_POINT('',#12890);
#5713=VERTEX_POINT('',#12894);
#5714=VERTEX_POINT('',#12895);
#5715=VERTEX_POINT('',#12900);
#5716=VERTEX_POINT('',#12901);
#5717=VERTEX_POINT('',#12903);
#5718=VERTEX_POINT('',#12905);
#5719=VERTEX_POINT('',#12909);
#5720=VERTEX_POINT('',#12910);
#5721=VERTEX_POINT('',#12913);
#5722=VERTEX_POINT('',#12915);
#5723=VERTEX_POINT('',#12920);
#5724=VERTEX_POINT('',#12922);
#5725=VERTEX_POINT('',#12926);
#5726=VERTEX_POINT('',#12927);
#5727=VERTEX_POINT('',#12934);
#5728=VERTEX_POINT('',#12936);
#5729=VERTEX_POINT('',#12940);
#5730=VERTEX_POINT('',#12941);
#5731=VERTEX_POINT('',#12943);
#5732=VERTEX_POINT('',#12945);
#5733=VERTEX_POINT('',#12949);
#5734=VERTEX_POINT('',#12950);
#5735=VERTEX_POINT('',#12952);
#5736=VERTEX_POINT('',#12954);
#5737=VERTEX_POINT('',#12958);
#5738=VERTEX_POINT('',#12959);
#5739=VERTEX_POINT('',#12961);
#5740=VERTEX_POINT('',#12963);
#5741=VERTEX_POINT('',#12972);
#5742=VERTEX_POINT('',#12974);
#5743=VERTEX_POINT('',#12977);
#5744=VERTEX_POINT('',#12979);
#5745=VERTEX_POINT('',#12983);
#5746=VERTEX_POINT('',#12984);
#5747=VERTEX_POINT('',#12989);
#5748=VERTEX_POINT('',#12990);
#5749=VERTEX_POINT('',#12995);
#5750=VERTEX_POINT('',#12997);
#5751=VERTEX_POINT('',#13000);
#5752=VERTEX_POINT('',#13002);
#5753=VERTEX_POINT('',#13006);
#5754=VERTEX_POINT('',#13007);
#5755=VERTEX_POINT('',#13009);
#5756=VERTEX_POINT('',#13011);
#5757=VERTEX_POINT('',#13015);
#5758=VERTEX_POINT('',#13016);
#5759=VERTEX_POINT('',#13018);
#5760=VERTEX_POINT('',#13020);
#5761=VERTEX_POINT('',#13024);
#5762=VERTEX_POINT('',#13025);
#5763=VERTEX_POINT('',#13027);
#5764=VERTEX_POINT('',#13029);
#5765=VERTEX_POINT('',#13033);
#5766=VERTEX_POINT('',#13034);
#5767=VERTEX_POINT('',#13036);
#5768=VERTEX_POINT('',#13038);
#5769=VERTEX_POINT('',#13042);
#5770=VERTEX_POINT('',#13043);
#5771=VERTEX_POINT('',#13045);
#5772=VERTEX_POINT('',#13047);
#5773=VERTEX_POINT('',#13051);
#5774=VERTEX_POINT('',#13053);
#5775=VERTEX_POINT('',#13057);
#5776=VERTEX_POINT('',#13059);
#5777=VERTEX_POINT('',#13073);
#5778=VERTEX_POINT('',#13074);
#5779=VERTEX_POINT('',#13076);
#5780=VERTEX_POINT('',#13078);
#5781=VERTEX_POINT('',#13082);
#5782=VERTEX_POINT('',#13083);
#5783=VERTEX_POINT('',#13085);
#5784=VERTEX_POINT('',#13087);
#5785=VERTEX_POINT('',#13096);
#5786=VERTEX_POINT('',#13097);
#5787=VERTEX_POINT('',#13099);
#5788=VERTEX_POINT('',#13101);
#5789=VERTEX_POINT('',#13105);
#5790=VERTEX_POINT('',#13107);
#5791=VERTEX_POINT('',#13113);
#5792=VERTEX_POINT('',#13114);
#5793=VERTEX_POINT('',#13119);
#5794=VERTEX_POINT('',#13120);
#5795=VERTEX_POINT('',#13122);
#5796=VERTEX_POINT('',#13124);
#5797=VERTEX_POINT('',#13128);
#5798=VERTEX_POINT('',#13129);
#5799=VERTEX_POINT('',#13131);
#5800=VERTEX_POINT('',#13133);
#5801=VERTEX_POINT('',#13142);
#5802=VERTEX_POINT('',#13144);
#5803=VERTEX_POINT('',#13148);
#5804=VERTEX_POINT('',#13150);
#5805=VERTEX_POINT('',#13153);
#5806=VERTEX_POINT('',#13155);
#5807=VERTEX_POINT('',#13159);
#5808=VERTEX_POINT('',#13160);
#5809=VERTEX_POINT('',#13163);
#5810=VERTEX_POINT('',#13165);
#5811=VERTEX_POINT('',#13170);
#5812=VERTEX_POINT('',#13172);
#5813=VERTEX_POINT('',#13176);
#5814=VERTEX_POINT('',#13177);
#5815=VERTEX_POINT('',#13182);
#5816=VERTEX_POINT('',#13183);
#5817=VERTEX_POINT('',#13188);
#5818=VERTEX_POINT('',#13190);
#5819=VERTEX_POINT('',#13194);
#5820=VERTEX_POINT('',#13196);
#5821=VERTEX_POINT('',#13207);
#5822=VERTEX_POINT('',#13208);
#5823=VERTEX_POINT('',#13213);
#5824=VERTEX_POINT('',#13215);
#5825=VERTEX_POINT('',#13219);
#5826=VERTEX_POINT('',#13220);
#5827=VERTEX_POINT('',#13223);
#5828=VERTEX_POINT('',#13225);
#5829=VERTEX_POINT('',#13230);
#5830=VERTEX_POINT('',#13232);
#5831=VERTEX_POINT('',#13236);
#5832=VERTEX_POINT('',#13238);
#5833=VERTEX_POINT('',#13242);
#5834=VERTEX_POINT('',#13243);
#5835=VERTEX_POINT('',#13401);
#5836=VERTEX_POINT('',#13403);
#5837=VERTEX_POINT('',#13407);
#5838=VERTEX_POINT('',#13409);
#5839=VERTEX_POINT('',#13427);
#5840=VERTEX_POINT('',#13443);
#5841=VERTEX_POINT('',#13456);
#5842=VERTEX_POINT('',#13461);
#5843=VERTEX_POINT('',#13463);
#5844=VERTEX_POINT('',#13478);
#5845=VERTEX_POINT('',#13480);
#5846=VERTEX_POINT('',#13671);
#5847=VERTEX_POINT('',#13673);
#5848=VERTEX_POINT('',#13707);
#5849=VERTEX_POINT('',#13720);
#5850=VERTEX_POINT('',#13724);
#5851=VERTEX_POINT('',#13728);
#5852=VERTEX_POINT('',#13732);
#5853=VERTEX_POINT('',#13736);
#5854=VERTEX_POINT('',#13740);
#5855=VERTEX_POINT('',#13744);
#5856=VERTEX_POINT('',#13751);
#5857=VERTEX_POINT('',#13792);
#5858=VERTEX_POINT('',#13937);
#5859=VERTEX_POINT('',#13939);
#5860=VERTEX_POINT('',#13973);
#5861=VERTEX_POINT('',#13975);
#5862=VERTEX_POINT('',#13979);
#5863=VERTEX_POINT('',#13983);
#5864=VERTEX_POINT('',#13989);
#5865=VERTEX_POINT('',#13990);
#5866=VERTEX_POINT('',#13992);
#5867=VERTEX_POINT('',#13994);
#5868=VERTEX_POINT('',#14006);
#5869=VERTEX_POINT('',#14010);
#5870=VERTEX_POINT('',#14016);
#5871=VERTEX_POINT('',#14018);
#5872=VERTEX_POINT('',#14022);
#5873=VERTEX_POINT('',#14024);
#5874=VERTEX_POINT('',#14078);
#5875=VERTEX_POINT('',#14081);
#5876=VERTEX_POINT('',#14083);
#5877=VERTEX_POINT('',#14086);
#5878=VERTEX_POINT('',#14089);
#5879=VERTEX_POINT('',#14091);
#5880=VERTEX_POINT('',#14116);
#5881=VERTEX_POINT('',#14117);
#5882=VERTEX_POINT('',#14132);
#5883=VERTEX_POINT('',#14133);
#5884=CIRCLE('',#7815,0.00205);
#5885=CIRCLE('',#7816,0.00205);
#5886=CIRCLE('',#7817,0.00205);
#5887=CIRCLE('',#7818,0.00205);
#5888=CIRCLE('',#7820,0.00335);
#5889=CIRCLE('',#7822,0.005);
#5890=CIRCLE('',#7823,0.005);
#5891=CIRCLE('',#7825,0.005);
#5892=CIRCLE('',#7826,0.005);
#5893=CIRCLE('',#7827,0.00349999999995929);
#5894=CIRCLE('',#7828,0.00349999999995929);
#5895=CIRCLE('',#7829,0.00349999999995929);
#5896=CIRCLE('',#7831,0.00104344068871493);
#5897=CIRCLE('',#7832,0.00205);
#5898=CIRCLE('',#7833,0.00205);
#5899=CIRCLE('',#7834,0.00104344068871492);
#5900=CIRCLE('',#7836,2.50000000000042E-5);
#5901=CIRCLE('',#7838,0.00095);
#5902=CIRCLE('',#7839,0.00095);
#5903=CIRCLE('',#7841,0.00095);
#5904=CIRCLE('',#7842,0.00095);
#5905=CIRCLE('',#7844,0.0003);
#5906=CIRCLE('',#7846,0.0003);
#5907=CIRCLE('',#7853,0.00535);
#5908=CIRCLE('',#7854,0.001);
#5909=CIRCLE('',#7855,0.00535);
#5910=CIRCLE('',#7856,0.001);
#5911=CIRCLE('',#7857,0.00385);
#5912=CIRCLE('',#7859,0.00535);
#5913=CIRCLE('',#7860,0.00535);
#5914=CIRCLE('',#7861,0.00535);
#5915=CIRCLE('',#7863,0.00167414295892878);
#5916=CIRCLE('',#7864,0.00167414295892878);
#5917=CIRCLE('',#7865,0.00167414295892878);
#5918=CIRCLE('',#7866,0.00167414295892878);
#5919=CIRCLE('',#7867,0.00167414295892878);
#5920=CIRCLE('',#7868,0.00167414295892878);
#5921=CIRCLE('',#7870,0.00187414295892878);
#5922=CIRCLE('',#7871,0.004);
#5923=CIRCLE('',#7872,0.004);
#5924=CIRCLE('',#7873,0.0017);
#5925=CIRCLE('',#7874,0.0017);
#5926=CIRCLE('',#7875,0.0017);
#5927=CIRCLE('',#7876,0.0017);
#5928=CIRCLE('',#7881,0.00187414295892878);
#5929=CIRCLE('',#7883,0.002);
#5930=CIRCLE('',#7885,0.00187414295892878);
#5931=CIRCLE('',#7887,0.00095);
#5932=CIRCLE('',#7888,0.00095);
#5933=CIRCLE('',#7891,0.00155);
#5934=CIRCLE('',#7892,0.00155);
#5935=CIRCLE('',#7894,0.00635);
#5936=CIRCLE('',#7896,0.00102321315032632);
#5937=CIRCLE('',#7897,0.00102321315032632);
#5938=CIRCLE('',#7898,0.00102321315032632);
#5939=CIRCLE('',#7899,0.00102321315032632);
#5940=CIRCLE('',#7901,0.00635);
#5941=CIRCLE('',#7903,0.00535);
#5942=CIRCLE('',#7905,0.00335);
#5943=CIRCLE('',#7907,0.0019);
#5944=CIRCLE('',#7908,0.00299999999995929);
#5945=CIRCLE('',#7910,0.00299999999995929);
#5946=CIRCLE('',#7912,0.0019);
#5947=CIRCLE('',#7913,0.00299999999995929);
#5948=CIRCLE('',#7914,0.00299999999995929);
#5949=CIRCLE('',#7916,0.00104344068871492);
#5950=CIRCLE('',#7917,0.00104344068871493);
#5951=CIRCLE('',#7920,0.00175);
#5952=CIRCLE('',#7921,0.00175);
#5953=CIRCLE('',#7922,0.00175);
#5954=CIRCLE('',#7923,0.00175);
#5955=CIRCLE('',#7924,0.00175);
#5956=CIRCLE('',#7925,0.00175);
#5957=CIRCLE('',#7926,0.00175);
#5958=CIRCLE('',#7927,0.00175);
#5959=CIRCLE('',#7928,0.00175);
#5960=CIRCLE('',#7929,0.00175);
#5961=CIRCLE('',#7930,0.00175);
#5962=CIRCLE('',#7931,0.00175);
#5963=CIRCLE('',#7932,0.00175);
#5964=CIRCLE('',#7933,0.00175);
#5965=CIRCLE('',#7934,0.00175);
#5966=CIRCLE('',#7935,0.00175);
#5967=CIRCLE('',#7936,0.00175);
#5968=CIRCLE('',#7937,0.00175);
#5969=CIRCLE('',#7938,0.00175);
#5970=CIRCLE('',#7939,0.00175);
#5971=CIRCLE('',#7940,0.00175);
#5972=CIRCLE('',#7941,0.00175);
#5973=CIRCLE('',#7942,0.00175);
#5974=CIRCLE('',#7943,0.00175);
#5975=CIRCLE('',#7944,0.00175);
#5976=CIRCLE('',#7945,0.00175);
#5977=CIRCLE('',#7946,0.00175);
#5978=CIRCLE('',#7947,0.00175);
#5979=CIRCLE('',#7948,0.00175);
#5980=CIRCLE('',#7949,0.00175);
#5981=CIRCLE('',#7950,0.00175);
#5982=CIRCLE('',#7951,0.00175);
#5983=CIRCLE('',#7952,0.00175);
#5984=CIRCLE('',#7953,0.00175);
#5985=CIRCLE('',#7954,0.00175);
#5986=CIRCLE('',#7955,0.00175);
#5987=CIRCLE('',#7956,0.00175);
#5988=CIRCLE('',#7957,0.00175);
#5989=CIRCLE('',#7958,0.00175);
#5990=CIRCLE('',#7959,0.00175);
#5991=CIRCLE('',#7960,0.00175);
#5992=CIRCLE('',#7961,0.00175);
#5993=CIRCLE('',#7962,0.00175);
#5994=CIRCLE('',#7963,0.00175);
#5995=CIRCLE('',#7964,0.00175);
#5996=CIRCLE('',#7965,0.00175);
#5997=CIRCLE('',#7966,0.00175);
#5998=CIRCLE('',#7967,0.00175);
#5999=CIRCLE('',#7968,0.004);
#6000=CIRCLE('',#7969,0.004);
#6001=CIRCLE('',#7971,0.0005);
#6002=CIRCLE('',#7975,0.00129289321881346);
#6003=CIRCLE('',#7977,0.00129289321881346);
#6004=CIRCLE('',#7981,0.00129289321881346);
#6005=CIRCLE('',#7983,0.00129289321881346);
#6006=CIRCLE('',#7986,0.001);
#6007=CIRCLE('',#7987,0.001);
#6008=CIRCLE('',#7989,0.001);
#6009=CIRCLE('',#7991,0.001);
#6010=CIRCLE('',#7993,0.001);
#6011=CIRCLE('',#7995,0.001);
#6012=CIRCLE('',#7997,0.001);
#6013=CIRCLE('',#7999,0.001);
#6014=CIRCLE('',#8002,0.002);
#6015=CIRCLE('',#8003,0.002);
#6016=CIRCLE('',#8009,0.00175);
#6017=CIRCLE('',#8010,0.00175);
#6018=CIRCLE('',#8012,0.00175);
#6019=CIRCLE('',#8013,0.00175);
#6020=CIRCLE('',#8015,0.00175);
#6021=CIRCLE('',#8016,0.00175);
#6022=CIRCLE('',#8018,0.00175);
#6023=CIRCLE('',#8024,0.00175);
#6024=CIRCLE('',#8025,0.00175);
#6025=CIRCLE('',#8027,0.00175);
#6026=CIRCLE('',#8028,0.00175);
#6027=CIRCLE('',#8030,0.00175);
#6028=CIRCLE('',#8031,0.00175);
#6029=CIRCLE('',#8033,0.00175);
#6030=CIRCLE('',#8034,0.00175);
#6031=CIRCLE('',#8040,0.00175);
#6032=CIRCLE('',#8041,0.00175);
#6033=CIRCLE('',#8043,0.00175);
#6034=CIRCLE('',#8044,0.00175);
#6035=CIRCLE('',#8046,0.00175);
#6036=CIRCLE('',#8047,0.00175);
#6037=CIRCLE('',#8049,0.00175);
#6038=CIRCLE('',#8050,0.00175);
#6039=CIRCLE('',#8056,0.00175);
#6040=CIRCLE('',#8057,0.00175);
#6041=CIRCLE('',#8059,0.00175);
#6042=CIRCLE('',#8060,0.00175);
#6043=CIRCLE('',#8062,0.00175);
#6044=CIRCLE('',#8064,0.00175);
#6045=CIRCLE('',#8065,0.00175);
#6046=CIRCLE('',#8071,0.00175);
#6047=CIRCLE('',#8072,0.00175);
#6048=CIRCLE('',#8074,0.00175);
#6049=CIRCLE('',#8075,0.00175);
#6050=CIRCLE('',#8077,0.00175);
#6051=CIRCLE('',#8078,0.00175);
#6052=CIRCLE('',#8080,0.00175);
#6053=CIRCLE('',#8081,0.00175);
#6054=CIRCLE('',#8087,0.00175);
#6055=CIRCLE('',#8089,0.00175);
#6056=CIRCLE('',#8090,0.00175);
#6057=CIRCLE('',#8092,0.00175);
#6058=CIRCLE('',#8093,0.00175);
#6059=CIRCLE('',#8095,0.00175);
#6060=CIRCLE('',#8096,0.00175);
#6061=CIRCLE('',#8102,0.00175);
#6062=CIRCLE('',#8103,0.00175);
#6063=CIRCLE('',#8105,0.00175);
#6064=CIRCLE('',#8106,0.00175);
#6065=CIRCLE('',#8108,0.00175);
#6066=CIRCLE('',#8109,0.00175);
#6067=CIRCLE('',#8111,0.00175);
#6068=CIRCLE('',#8112,0.00175);
#6069=CIRCLE('',#8118,0.00175);
#6070=CIRCLE('',#8119,0.00175);
#6071=CIRCLE('',#8121,0.00175);
#6072=CIRCLE('',#8122,0.00175);
#6073=CIRCLE('',#8124,0.00175);
#6074=CIRCLE('',#8125,0.00175);
#6075=CIRCLE('',#8127,0.00175);
#6076=CIRCLE('',#8129,0.00175);
#6077=CIRCLE('',#8130,0.00175);
#6078=CIRCLE('',#8132,0.00175);
#6079=CIRCLE('',#8133,0.00175);
#6080=CIRCLE('',#8135,0.00175);
#6081=CIRCLE('',#8136,0.00175);
#6082=CIRCLE('',#8138,0.00175);
#6083=CIRCLE('',#8139,0.00175);
#6084=CIRCLE('',#8145,0.00175);
#6085=CIRCLE('',#8146,0.00175);
#6086=CIRCLE('',#8148,0.00175);
#6087=CIRCLE('',#8149,0.00175);
#6088=CIRCLE('',#8152,0.00175);
#6089=CIRCLE('',#8153,0.00175);
#6090=CIRCLE('',#8155,0.00175);
#6091=CIRCLE('',#8156,0.00175);
#6092=CIRCLE('',#8161,0.00175);
#6093=CIRCLE('',#8162,0.00175);
#6094=CIRCLE('',#8164,0.00175);
#6095=CIRCLE('',#8165,0.00175);
#6096=CIRCLE('',#8167,0.00175);
#6097=CIRCLE('',#8168,0.00175);
#6098=CIRCLE('',#8170,0.00175);
#6099=CIRCLE('',#8171,0.00175);
#6100=CIRCLE('',#8177,0.00175);
#6101=CIRCLE('',#8178,0.00175);
#6102=CIRCLE('',#8180,0.00175);
#6103=CIRCLE('',#8181,0.00175);
#6104=CIRCLE('',#8183,0.00175);
#6105=CIRCLE('',#8184,0.00175);
#6106=CIRCLE('',#8186,0.00175);
#6107=CIRCLE('',#8187,0.00175);
#6108=CIRCLE('',#8195,0.000935);
#6109=CIRCLE('',#8196,0.000935);
#6110=CIRCLE('',#8197,0.000935);
#6111=CIRCLE('',#8198,0.000935);
#6112=CIRCLE('',#8200,0.000935);
#6113=CIRCLE('',#8201,0.000935);
#6114=CIRCLE('',#8202,0.000935);
#6115=CIRCLE('',#8203,0.000935);
#6116=CIRCLE('',#8208,0.000935);
#6117=CIRCLE('',#8209,0.000935);
#6118=CIRCLE('',#8210,0.000935);
#6119=CIRCLE('',#8211,0.000935);
#6120=CIRCLE('',#8215,0.000935);
#6121=CIRCLE('',#8216,0.000935);
#6122=CIRCLE('',#8217,0.000935);
#6123=CIRCLE('',#8218,0.000935);
#6124=CIRCLE('',#8223,0.000935);
#6125=CIRCLE('',#8224,0.000935);
#6126=CIRCLE('',#8225,0.000935);
#6127=CIRCLE('',#8226,0.000935);
#6128=CIRCLE('',#8228,0.000935);
#6129=CIRCLE('',#8229,0.000935);
#6130=CIRCLE('',#8230,0.000935);
#6131=CIRCLE('',#8231,0.000935);
#6132=CIRCLE('',#8235,0.000935);
#6133=CIRCLE('',#8236,0.000935);
#6134=CIRCLE('',#8237,0.000935);
#6135=CIRCLE('',#8238,0.000935);
#6136=CIRCLE('',#8247,0.000935);
#6137=CIRCLE('',#8248,0.000935);
#6138=CIRCLE('',#8249,0.000935);
#6139=CIRCLE('',#8250,0.000935);
#6140=CIRCLE('',#8252,0.000935);
#6141=CIRCLE('',#8253,0.000935);
#6142=CIRCLE('',#8254,0.000935);
#6143=CIRCLE('',#8255,0.000935);
#6144=CIRCLE('',#8259,0.000935);
#6145=CIRCLE('',#8260,0.000935);
#6146=CIRCLE('',#8261,0.000935);
#6147=CIRCLE('',#8262,0.000935);
#6148=CIRCLE('',#8265,0.000935);
#6149=CIRCLE('',#8266,0.000935);
#6150=CIRCLE('',#8267,0.000935);
#6151=CIRCLE('',#8268,0.000935);
#6152=CIRCLE('',#8273,0.000935);
#6153=CIRCLE('',#8274,0.000935);
#6154=CIRCLE('',#8275,0.000935);
#6155=CIRCLE('',#8276,0.000935);
#6156=CIRCLE('',#8279,0.000935);
#6157=CIRCLE('',#8280,0.000935);
#6158=CIRCLE('',#8281,0.000935);
#6159=CIRCLE('',#8282,0.000935);
#6160=CIRCLE('',#8284,0.000935);
#6161=CIRCLE('',#8285,0.000935);
#6162=CIRCLE('',#8286,0.000935);
#6163=CIRCLE('',#8287,0.000935);
#6164=CIRCLE('',#8293,0.000935);
#6165=CIRCLE('',#8294,0.000935);
#6166=CIRCLE('',#8295,0.000935);
#6167=CIRCLE('',#8296,0.000935);
#6168=CIRCLE('',#8298,0.000935);
#6169=CIRCLE('',#8299,0.000935);
#6170=CIRCLE('',#8300,0.000935);
#6171=CIRCLE('',#8301,0.000935);
#6172=CIRCLE('',#8305,0.000935);
#6173=CIRCLE('',#8306,0.000935);
#6174=CIRCLE('',#8307,0.000935);
#6175=CIRCLE('',#8308,0.000935);
#6176=CIRCLE('',#8313,0.000935);
#6177=CIRCLE('',#8314,0.000935);
#6178=CIRCLE('',#8315,0.000935);
#6179=CIRCLE('',#8316,0.000935);
#6180=CIRCLE('',#8317,0.000935);
#6181=CIRCLE('',#8318,0.000935);
#6182=CIRCLE('',#8319,0.000935);
#6183=CIRCLE('',#8320,0.000935);
#6184=CIRCLE('',#8322,0.000935);
#6185=CIRCLE('',#8323,0.000935);
#6186=CIRCLE('',#8324,0.000935);
#6187=CIRCLE('',#8325,0.000935);
#6188=CIRCLE('',#8326,0.000935);
#6189=CIRCLE('',#8327,0.000935);
#6190=CIRCLE('',#8328,0.000935);
#6191=CIRCLE('',#8329,0.000935);
#6192=CIRCLE('',#8331,0.000935);
#6193=CIRCLE('',#8332,0.000935);
#6194=CIRCLE('',#8333,0.000935);
#6195=CIRCLE('',#8334,0.000935);
#6196=CIRCLE('',#8335,0.000935);
#6197=CIRCLE('',#8336,0.000935);
#6198=CIRCLE('',#8337,0.000935);
#6199=CIRCLE('',#8338,0.000935);
#6200=CIRCLE('',#8340,0.000935);
#6201=CIRCLE('',#8341,0.000935);
#6202=CIRCLE('',#8342,0.000935);
#6203=CIRCLE('',#8343,0.000935);
#6204=CIRCLE('',#8344,0.000935);
#6205=CIRCLE('',#8345,0.000935);
#6206=CIRCLE('',#8346,0.000935);
#6207=CIRCLE('',#8347,0.000935);
#6208=CIRCLE('',#8349,0.000935);
#6209=CIRCLE('',#8350,0.000935);
#6210=CIRCLE('',#8351,0.000935);
#6211=CIRCLE('',#8352,0.000935);
#6212=CIRCLE('',#8353,0.000935);
#6213=CIRCLE('',#8354,0.000935);
#6214=CIRCLE('',#8355,0.000935);
#6215=CIRCLE('',#8356,0.000935);
#6216=CIRCLE('',#8358,0.000935);
#6217=CIRCLE('',#8359,0.000935);
#6218=CIRCLE('',#8360,0.000935);
#6219=CIRCLE('',#8361,0.000935);
#6220=CIRCLE('',#8362,0.000935);
#6221=CIRCLE('',#8363,0.000935);
#6222=CIRCLE('',#8364,0.000935);
#6223=CIRCLE('',#8365,0.000935);
#6224=CIRCLE('',#8367,0.000935);
#6225=CIRCLE('',#8368,0.000935);
#6226=CIRCLE('',#8369,0.000935);
#6227=CIRCLE('',#8370,0.000935);
#6228=CIRCLE('',#8371,0.000935);
#6229=CIRCLE('',#8372,0.000935);
#6230=CIRCLE('',#8373,0.000935);
#6231=CIRCLE('',#8374,0.000935);
#6232=CIRCLE('',#8375,0.000935);
#6233=CIRCLE('',#8376,0.000935);
#6234=CIRCLE('',#8377,0.000935);
#6235=CIRCLE('',#8378,0.000935);
#6236=CIRCLE('',#8379,0.000935);
#6237=CIRCLE('',#8380,0.000935);
#6238=CIRCLE('',#8381,0.000935);
#6239=CIRCLE('',#8382,0.000935);
#6240=CIRCLE('',#8383,0.000935);
#6241=CIRCLE('',#8384,0.000935);
#6242=CIRCLE('',#8385,0.000935);
#6243=CIRCLE('',#8386,0.000935);
#6244=CIRCLE('',#8388,0.002);
#6245=CIRCLE('',#8389,0.002);
#6246=CIRCLE('',#8461,0.002);
#6247=CIRCLE('',#8462,0.001);
#6248=CIRCLE('',#8464,0.002);
#6249=CIRCLE('',#8466,0.002);
#6250=CIRCLE('',#8467,0.001);
#6251=CIRCLE('',#8469,0.002);
#6252=CIRCLE('',#8471,0.001);
#6253=CIRCLE('',#8473,0.001);
#6254=CIRCLE('',#8474,0.001);
#6255=CIRCLE('',#8476,0.001);
#6256=CIRCLE('',#8478,0.001);
#6257=CIRCLE('',#8480,0.001);
#6258=CIRCLE('',#8481,0.001);
#6259=CIRCLE('',#8483,0.001);
#6260=CIRCLE('',#8486,0.005);
#6261=CIRCLE('',#8488,0.005);
#6262=CIRCLE('',#8489,0.005);
#6263=CIRCLE('',#8491,0.005);
#6264=CIRCLE('',#8493,0.00299999999995929);
#6265=CIRCLE('',#8495,0.00299999999995929);
#6266=CIRCLE('',#8497,0.00299999999995929);
#6267=CIRCLE('',#8499,0.00299999999995929);
#6268=CIRCLE('',#8501,0.002);
#6269=CIRCLE('',#8503,0.002);
#6270=CIRCLE('',#8505,0.002);
#6271=CIRCLE('',#8506,0.002);
#6272=CIRCLE('',#8510,0.00426776695296638);
#6273=CIRCLE('',#8514,0.00426776695296634);
#6274=CIRCLE('',#8516,0.00426776695296638);
#6275=CIRCLE('',#8520,0.00426776695296634);
#6276=CIRCLE('',#8523,0.0025);
#6277=CIRCLE('',#8525,0.0025);
#6278=CIRCLE('',#8527,0.0025);
#6279=CIRCLE('',#8529,0.0025);
#6280=CIRCLE('',#8531,0.0025);
#6281=CIRCLE('',#8533,0.0025);
#6282=CIRCLE('',#8536,0.0025);
#6283=CIRCLE('',#8538,0.0025);
#6284=CIRCLE('',#8541,2.49999999999853E-5);
#6285=CIRCLE('',#8543,0.00095);
#6286=CIRCLE('',#8544,0.00095);
#6287=CIRCLE('',#8545,0.000925046665456841);
#6288=CIRCLE('',#8549,0.000925046665456855);
#6289=CIRCLE('',#8551,0.0003);
#6290=CIRCLE('',#8552,0.0003);
#6291=CIRCLE('',#8557,0.0003);
#6292=CIRCLE('',#8558,0.000925046665456839);
#6293=CIRCLE('',#8559,0.0003);
#6294=CIRCLE('',#8561,0.0003);
#6295=CIRCLE('',#8563,0.0003);
#6296=CIRCLE('',#8565,0.000925046665456853);
#6297=CIRCLE('',#8567,2.49999999999864E-5);
#6298=CIRCLE('',#8568,2.50000000000049E-5);
#6299=CIRCLE('',#8570,0.00095);
#6300=CIRCLE('',#8571,0.00095);
#6301=CIRCLE('',#8573,0.00095);
#6302=CIRCLE('',#8575,0.00095);
#6303=CIRCLE('',#8578,0.00155);
#6304=CIRCLE('',#8581,0.00155);
#6305=CIRCLE('',#8583,0.00155);
#6306=CIRCLE('',#8584,0.00155);
#6307=CIRCLE('',#8587,0.00155);
#6308=CIRCLE('',#8588,0.00155);
#6309=CIRCLE('',#8590,0.0005);
#6310=CIRCLE('',#8591,0.0005);
#6311=CIRCLE('',#8593,0.0005);
#6312=CIRCLE('',#8595,0.0005);
#6313=CIRCLE('',#8597,0.0005);
#6314=CIRCLE('',#8599,0.0005);
#6315=CIRCLE('',#8601,0.0005);
#6316=CIRCLE('',#8603,0.0005);
#6317=CIRCLE('',#8606,0.0005);
#6318=CIRCLE('',#8608,0.0005);
#6319=CIRCLE('',#8610,0.0005);
#6320=CIRCLE('',#8612,0.0005);
#6321=CIRCLE('',#8628,0.000900000000000039);
#6322=CIRCLE('',#8630,0.0014);
#6323=CIRCLE('',#8631,0.0014);
#6324=CIRCLE('',#8633,0.000900000000000039);
#6325=CIRCLE('',#8635,0.0014);
#6326=CIRCLE('',#8636,0.0014);
#6327=CIRCLE('',#8652,0.0003);
#6328=CIRCLE('',#8653,0.0003);
#6329=CIRCLE('',#8654,0.0003);
#6330=CIRCLE('',#8655,0.0003);
#6331=EDGE_LOOP('',(#1628,#1629,#1630,#1631,#1632,#1633,#1634,#1635));
#6332=EDGE_LOOP('',(#1636,#1637,#1638,#1639,#1640,#1641,#1642,#1643));
#6333=EDGE_LOOP('',(#1644));
#6334=EDGE_LOOP('',(#1645,#1646,#1647,#1648,#1649,#1650));
#6335=EDGE_LOOP('',(#1651,#1652,#1653,#1654,#1655,#1656,#1657,#1658));
#6336=EDGE_LOOP('',(#1659,#1660,#1661,#1662,#1663,#1664,#1665,#1666,#1667,
#1668,#1669,#1670,#1671,#1672,#1673,#1674,#1675,#1676,#1677,#1678));
#6337=EDGE_LOOP('',(#1679,#1680,#1681,#1682,#1683,#1684,#1685,#1686,#1687,
#1688,#1689,#1690,#1691,#1692,#1693,#1694,#1695,#1696,#1697,#1698,#1699,
#1700,#1701,#1702,#1703));
#6338=EDGE_LOOP('',(#1704,#1705,#1706,#1707));
#6339=EDGE_LOOP('',(#1708,#1709,#1710,#1711,#1712));
#6340=EDGE_LOOP('',(#1713,#1714,#1715,#1716,#1717));
#6341=EDGE_LOOP('',(#1718,#1719,#1720,#1721));
#6342=EDGE_LOOP('',(#1722,#1723,#1724,#1725));
#6343=EDGE_LOOP('',(#1726,#1727,#1728,#1729));
#6344=EDGE_LOOP('',(#1730,#1731,#1732,#1733));
#6345=EDGE_LOOP('',(#1734,#1735,#1736,#1737,#1738,#1739,#1740,#1741));
#6346=EDGE_LOOP('',(#1742));
#6347=EDGE_LOOP('',(#1743,#1744,#1745,#1746,#1747,#1748,#1749,#1750));
#6348=EDGE_LOOP('',(#1751,#1752,#1753,#1754));
#6349=EDGE_LOOP('',(#1755,#1756,#1757,#1758));
#6350=EDGE_LOOP('',(#1759,#1760,#1761,#1762,#1763,#1764,#1765,#1766));
#6351=EDGE_LOOP('',(#1767,#1768,#1769,#1770,#1771,#1772));
#6352=EDGE_LOOP('',(#1773,#1774,#1775,#1776,#1777,#1778,#1779,#1780));
#6353=EDGE_LOOP('',(#1781,#1782,#1783,#1784,#1785));
#6354=EDGE_LOOP('',(#1786,#1787,#1788,#1789,#1790));
#6355=EDGE_LOOP('',(#1791,#1792,#1793,#1794,#1795));
#6356=EDGE_LOOP('',(#1796,#1797,#1798,#1799,#1800));
#6357=EDGE_LOOP('',(#1801,#1802,#1803,#1804));
#6358=EDGE_LOOP('',(#1805,#1806,#1807,#1808,#1809));
#6359=EDGE_LOOP('',(#1810,#1811,#1812,#1813,#1814));
#6360=EDGE_LOOP('',(#1815,#1816,#1817,#1818,#1819));
#6361=EDGE_LOOP('',(#1820,#1821,#1822,#1823,#1824));
#6362=EDGE_LOOP('',(#1825,#1826,#1827,#1828,#1829,#1830));
#6363=EDGE_LOOP('',(#1831,#1832,#1833,#1834,#1835,#1836));
#6364=EDGE_LOOP('',(#1837,#1838,#1839,#1840));
#6365=EDGE_LOOP('',(#1841,#1842,#1843,#1844,#1845,#1846,#1847,#1848,#1849));
#6366=EDGE_LOOP('',(#1850,#1851,#1852,#1853,#1854));
#6367=EDGE_LOOP('',(#1855,#1856,#1857,#1858,#1859,#1860,#1861,#1862,#1863,
#1864));
#6368=EDGE_LOOP('',(#1865,#1866,#1867,#1868,#1869,#1870,#1871,#1872,#1873,
#1874));
#6369=EDGE_LOOP('',(#1875,#1876,#1877,#1878,#1879,#1880));
#6370=EDGE_LOOP('',(#1881,#1882,#1883,#1884));
#6371=EDGE_LOOP('',(#1885,#1886,#1887,#1888,#1889,#1890,#1891,#1892));
#6372=EDGE_LOOP('',(#1893,#1894,#1895,#1896,#1897,#1898,#1899,#1900,#1901,
#1902,#1903,#1904,#1905,#1906));
#6373=EDGE_LOOP('',(#1907,#1908,#1909,#1910));
#6374=EDGE_LOOP('',(#1911,#1912,#1913,#1914));
#6375=EDGE_LOOP('',(#1915));
#6376=EDGE_LOOP('',(#1916));
#6377=EDGE_LOOP('',(#1917));
#6378=EDGE_LOOP('',(#1918,#1919,#1920,#1921,#1922,#1923,#1924,#1925,#1926));
#6379=EDGE_LOOP('',(#1927,#1928,#1929,#1930,#1931,#1932,#1933,#1934,#1935));
#6380=EDGE_LOOP('',(#1936));
#6381=EDGE_LOOP('',(#1937,#1938,#1939,#1940,#1941,#1942));
#6382=EDGE_LOOP('',(#1943,#1944,#1945,#1946));
#6383=EDGE_LOOP('',(#1947,#1948,#1949,#1950,#1951,#1952,#1953,#1954,#1955,
#1956,#1957));
#6384=EDGE_LOOP('',(#1958,#1959,#1960,#1961));
#6385=EDGE_LOOP('',(#1962,#1963,#1964,#1965,#1966,#1967,#1968,#1969));
#6386=EDGE_LOOP('',(#1970,#1971,#1972,#1973,#1974,#1975,#1976,#1977));
#6387=EDGE_LOOP('',(#1978,#1979,#1980,#1981,#1982,#1983,#1984,#1985));
#6388=EDGE_LOOP('',(#1986,#1987,#1988,#1989,#1990,#1991,#1992,#1993));
#6389=EDGE_LOOP('',(#1994,#1995,#1996,#1997,#1998,#1999,#2000,#2001));
#6390=EDGE_LOOP('',(#2002,#2003,#2004,#2005,#2006,#2007,#2008,#2009));
#6391=EDGE_LOOP('',(#2010,#2011,#2012,#2013,#2014,#2015,#2016,#2017));
#6392=EDGE_LOOP('',(#2018,#2019,#2020,#2021,#2022,#2023,#2024,#2025));
#6393=EDGE_LOOP('',(#2026,#2027,#2028,#2029,#2030,#2031,#2032,#2033));
#6394=EDGE_LOOP('',(#2034,#2035,#2036,#2037,#2038,#2039,#2040,#2041));
#6395=EDGE_LOOP('',(#2042,#2043,#2044,#2045,#2046,#2047,#2048,#2049));
#6396=EDGE_LOOP('',(#2050,#2051,#2052,#2053,#2054,#2055,#2056,#2057));
#6397=EDGE_LOOP('',(#2058,#2059,#2060,#2061,#2062,#2063));
#6398=EDGE_LOOP('',(#2064,#2065,#2066,#2067));
#6399=EDGE_LOOP('',(#2068,#2069,#2070,#2071,#2072));
#6400=EDGE_LOOP('',(#2073,#2074,#2075,#2076,#2077,#2078));
#6401=EDGE_LOOP('',(#2079,#2080,#2081,#2082));
#6402=EDGE_LOOP('',(#2083,#2084,#2085,#2086));
#6403=EDGE_LOOP('',(#2087,#2088,#2089,#2090));
#6404=EDGE_LOOP('',(#2091,#2092,#2093,#2094));
#6405=EDGE_LOOP('',(#2095,#2096,#2097,#2098));
#6406=EDGE_LOOP('',(#2099,#2100,#2101,#2102));
#6407=EDGE_LOOP('',(#2103,#2104,#2105,#2106));
#6408=EDGE_LOOP('',(#2107,#2108,#2109,#2110));
#6409=EDGE_LOOP('',(#2111,#2112,#2113,#2114));
#6410=EDGE_LOOP('',(#2115,#2116,#2117,#2118));
#6411=EDGE_LOOP('',(#2119,#2120,#2121,#2122));
#6412=EDGE_LOOP('',(#2123,#2124,#2125,#2126));
#6413=EDGE_LOOP('',(#2127,#2128,#2129,#2130));
#6414=EDGE_LOOP('',(#2131,#2132,#2133,#2134));
#6415=EDGE_LOOP('',(#2135,#2136,#2137,#2138));
#6416=EDGE_LOOP('',(#2139,#2140,#2141,#2142));
#6417=EDGE_LOOP('',(#2143,#2144,#2145,#2146));
#6418=EDGE_LOOP('',(#2147,#2148,#2149,#2150));
#6419=EDGE_LOOP('',(#2151,#2152,#2153,#2154));
#6420=EDGE_LOOP('',(#2155,#2156,#2157,#2158));
#6421=EDGE_LOOP('',(#2159,#2160,#2161,#2162,#2163,#2164));
#6422=EDGE_LOOP('',(#2165,#2166,#2167,#2168));
#6423=EDGE_LOOP('',(#2169,#2170,#2171,#2172,#2173,#2174));
#6424=EDGE_LOOP('',(#2175,#2176,#2177,#2178,#2179,#2180));
#6425=EDGE_LOOP('',(#2181,#2182,#2183,#2184,#2185,#2186));
#6426=EDGE_LOOP('',(#2187,#2188,#2189,#2190));
#6427=EDGE_LOOP('',(#2191,#2192,#2193,#2194));
#6428=EDGE_LOOP('',(#2195,#2196,#2197,#2198));
#6429=EDGE_LOOP('',(#2199,#2200,#2201,#2202));
#6430=EDGE_LOOP('',(#2203,#2204,#2205,#2206,#2207,#2208,#2209,#2210));
#6431=EDGE_LOOP('',(#2211,#2212,#2213,#2214,#2215,#2216));
#6432=EDGE_LOOP('',(#2217,#2218,#2219,#2220,#2221,#2222));
#6433=EDGE_LOOP('',(#2223,#2224,#2225,#2226,#2227,#2228));
#6434=EDGE_LOOP('',(#2229,#2230,#2231,#2232,#2233,#2234));
#6435=EDGE_LOOP('',(#2235,#2236,#2237,#2238));
#6436=EDGE_LOOP('',(#2239,#2240,#2241,#2242,#2243,#2244));
#6437=EDGE_LOOP('',(#2245,#2246,#2247,#2248));
#6438=EDGE_LOOP('',(#2249,#2250,#2251,#2252,#2253,#2254));
#6439=EDGE_LOOP('',(#2255,#2256,#2257,#2258,#2259,#2260));
#6440=EDGE_LOOP('',(#2261,#2262,#2263,#2264,#2265,#2266));
#6441=EDGE_LOOP('',(#2267,#2268,#2269,#2270,#2271,#2272));
#6442=EDGE_LOOP('',(#2273,#2274,#2275,#2276,#2277,#2278));
#6443=EDGE_LOOP('',(#2279,#2280,#2281,#2282));
#6444=EDGE_LOOP('',(#2283,#2284,#2285,#2286,#2287,#2288));
#6445=EDGE_LOOP('',(#2289,#2290,#2291,#2292));
#6446=EDGE_LOOP('',(#2293,#2294,#2295,#2296));
#6447=EDGE_LOOP('',(#2297,#2298,#2299,#2300,#2301,#2302));
#6448=EDGE_LOOP('',(#2303,#2304,#2305,#2306,#2307,#2308));
#6449=EDGE_LOOP('',(#2309,#2310,#2311,#2312));
#6450=EDGE_LOOP('',(#2313,#2314,#2315,#2316,#2317,#2318));
#6451=EDGE_LOOP('',(#2319,#2320,#2321,#2322));
#6452=EDGE_LOOP('',(#2323,#2324,#2325,#2326,#2327,#2328,#2329,#2330));
#6453=EDGE_LOOP('',(#2331,#2332,#2333,#2334));
#6454=EDGE_LOOP('',(#2335,#2336,#2337,#2338,#2339,#2340,#2341,#2342));
#6455=EDGE_LOOP('',(#2343,#2344,#2345,#2346,#2347,#2348));
#6456=EDGE_LOOP('',(#2349,#2350,#2351,#2352,#2353,#2354));
#6457=EDGE_LOOP('',(#2355,#2356,#2357,#2358,#2359,#2360));
#6458=EDGE_LOOP('',(#2361,#2362,#2363,#2364,#2365,#2366));
#6459=EDGE_LOOP('',(#2367,#2368,#2369,#2370,#2371,#2372));
#6460=EDGE_LOOP('',(#2373,#2374,#2375,#2376));
#6461=EDGE_LOOP('',(#2377,#2378,#2379,#2380));
#6462=EDGE_LOOP('',(#2381,#2382,#2383,#2384));
#6463=EDGE_LOOP('',(#2385,#2386,#2387,#2388));
#6464=EDGE_LOOP('',(#2389,#2390,#2391,#2392,#2393,#2394));
#6465=EDGE_LOOP('',(#2395,#2396,#2397,#2398,#2399,#2400));
#6466=EDGE_LOOP('',(#2401,#2402,#2403,#2404,#2405,#2406));
#6467=EDGE_LOOP('',(#2407,#2408,#2409,#2410,#2411,#2412,#2413,#2414));
#6468=EDGE_LOOP('',(#2415,#2416,#2417,#2418));
#6469=EDGE_LOOP('',(#2419,#2420,#2421,#2422,#2423,#2424,#2425,#2426));
#6470=EDGE_LOOP('',(#2427,#2428,#2429,#2430));
#6471=EDGE_LOOP('',(#2431,#2432,#2433,#2434,#2435,#2436));
#6472=EDGE_LOOP('',(#2437,#2438,#2439,#2440,#2441,#2442));
#6473=EDGE_LOOP('',(#2443,#2444,#2445,#2446,#2447,#2448));
#6474=EDGE_LOOP('',(#2449,#2450,#2451,#2452,#2453,#2454));
#6475=EDGE_LOOP('',(#2455,#2456,#2457,#2458));
#6476=EDGE_LOOP('',(#2459,#2460,#2461,#2462,#2463,#2464));
#6477=EDGE_LOOP('',(#2465,#2466,#2467,#2468));
#6478=EDGE_LOOP('',(#2469,#2470,#2471,#2472));
#6479=EDGE_LOOP('',(#2473,#2474,#2475,#2476,#2477,#2478));
#6480=EDGE_LOOP('',(#2479,#2480,#2481,#2482,#2483,#2484));
#6481=EDGE_LOOP('',(#2485,#2486,#2487,#2488,#2489,#2490));
#6482=EDGE_LOOP('',(#2491,#2492,#2493,#2494));
#6483=EDGE_LOOP('',(#2495,#2496,#2497,#2498,#2499,#2500));
#6484=EDGE_LOOP('',(#2501,#2502,#2503,#2504,#2505,#2506));
#6485=EDGE_LOOP('',(#2507,#2508,#2509,#2510,#2511,#2512));
#6486=EDGE_LOOP('',(#2513,#2514,#2515,#2516,#2517,#2518));
#6487=EDGE_LOOP('',(#2519,#2520,#2521,#2522));
#6488=EDGE_LOOP('',(#2523,#2524,#2525,#2526));
#6489=EDGE_LOOP('',(#2527,#2528,#2529,#2530,#2531,#2532));
#6490=EDGE_LOOP('',(#2533,#2534,#2535,#2536,#2537,#2538));
#6491=EDGE_LOOP('',(#2539,#2540,#2541,#2542,#2543,#2544));
#6492=EDGE_LOOP('',(#2545,#2546,#2547,#2548,#2549,#2550));
#6493=EDGE_LOOP('',(#2551,#2552,#2553,#2554));
#6494=EDGE_LOOP('',(#2555,#2556,#2557,#2558,#2559,#2560));
#6495=EDGE_LOOP('',(#2561,#2562,#2563,#2564,#2565,#2566));
#6496=EDGE_LOOP('',(#2567,#2568,#2569,#2570,#2571,#2572));
#6497=EDGE_LOOP('',(#2573,#2574,#2575,#2576));
#6498=EDGE_LOOP('',(#2577,#2578,#2579,#2580,#2581,#2582));
#6499=EDGE_LOOP('',(#2583,#2584,#2585,#2586,#2587,#2588));
#6500=EDGE_LOOP('',(#2589,#2590,#2591,#2592,#2593,#2594));
#6501=EDGE_LOOP('',(#2595,#2596,#2597,#2598,#2599,#2600));
#6502=EDGE_LOOP('',(#2601,#2602,#2603,#2604,#2605,#2606));
#6503=EDGE_LOOP('',(#2607,#2608,#2609,#2610));
#6504=EDGE_LOOP('',(#2611,#2612,#2613,#2614));
#6505=EDGE_LOOP('',(#2615,#2616,#2617,#2618));
#6506=EDGE_LOOP('',(#2619,#2620,#2621,#2622,#2623,#2624,#2625,#2626));
#6507=EDGE_LOOP('',(#2627,#2628,#2629,#2630,#2631,#2632));
#6508=EDGE_LOOP('',(#2633,#2634,#2635,#2636,#2637,#2638));
#6509=EDGE_LOOP('',(#2639,#2640,#2641,#2642,#2643,#2644));
#6510=EDGE_LOOP('',(#2645,#2646,#2647,#2648,#2649,#2650));
#6511=EDGE_LOOP('',(#2651,#2652,#2653,#2654));
#6512=EDGE_LOOP('',(#2655,#2656,#2657,#2658,#2659,#2660));
#6513=EDGE_LOOP('',(#2661,#2662,#2663,#2664));
#6514=EDGE_LOOP('',(#2665,#2666,#2667,#2668,#2669,#2670));
#6515=EDGE_LOOP('',(#2671,#2672,#2673,#2674));
#6516=EDGE_LOOP('',(#2675,#2676,#2677,#2678));
#6517=EDGE_LOOP('',(#2679,#2680,#2681,#2682,#2683,#2684,#2685,#2686,#2687,
#2688));
#6518=EDGE_LOOP('',(#2689,#2690,#2691,#2692,#2693,#2694,#2695,#2696,#2697,
#2698,#2699,#2700));
#6519=EDGE_LOOP('',(#2701,#2702,#2703,#2704));
#6520=EDGE_LOOP('',(#2705,#2706,#2707,#2708));
#6521=EDGE_LOOP('',(#2709,#2710,#2711,#2712));
#6522=EDGE_LOOP('',(#2713,#2714,#2715,#2716,#2717,#2718,#2719,#2720,#2721,
#2722,#2723,#2724));
#6523=EDGE_LOOP('',(#2725,#2726,#2727,#2728));
#6524=EDGE_LOOP('',(#2729,#2730,#2731,#2732));
#6525=EDGE_LOOP('',(#2733,#2734,#2735,#2736,#2737,#2738,#2739,#2740,#2741,
#2742));
#6526=EDGE_LOOP('',(#2743,#2744,#2745,#2746));
#6527=EDGE_LOOP('',(#2747,#2748,#2749,#2750));
#6528=EDGE_LOOP('',(#2751,#2752,#2753,#2754));
#6529=EDGE_LOOP('',(#2755,#2756,#2757,#2758,#2759,#2760,#2761,#2762,#2763,
#2764));
#6530=EDGE_LOOP('',(#2765,#2766,#2767,#2768,#2769,#2770,#2771,#2772));
#6531=EDGE_LOOP('',(#2773,#2774,#2775,#2776));
#6532=EDGE_LOOP('',(#2777,#2778,#2779,#2780));
#6533=EDGE_LOOP('',(#2781,#2782,#2783,#2784,#2785,#2786,#2787,#2788,#2789,
#2790,#2791,#2792));
#6534=EDGE_LOOP('',(#2793,#2794,#2795,#2796));
#6535=EDGE_LOOP('',(#2797,#2798,#2799,#2800));
#6536=EDGE_LOOP('',(#2801,#2802,#2803,#2804));
#6537=EDGE_LOOP('',(#2805,#2806,#2807,#2808));
#6538=EDGE_LOOP('',(#2809,#2810,#2811,#2812));
#6539=EDGE_LOOP('',(#2813,#2814,#2815,#2816));
#6540=EDGE_LOOP('',(#2817,#2818,#2819,#2820));
#6541=EDGE_LOOP('',(#2821,#2822,#2823,#2824,#2825,#2826,#2827,#2828,#2829,
#2830));
#6542=EDGE_LOOP('',(#2831,#2832,#2833,#2834,#2835,#2836,#2837,#2838,#2839,
#2840,#2841,#2842));
#6543=EDGE_LOOP('',(#2843,#2844,#2845,#2846));
#6544=EDGE_LOOP('',(#2847,#2848,#2849,#2850));
#6545=EDGE_LOOP('',(#2851,#2852,#2853,#2854,#2855,#2856,#2857,#2858));
#6546=EDGE_LOOP('',(#2859,#2860,#2861,#2862));
#6547=EDGE_LOOP('',(#2863,#2864,#2865,#2866,#2867,#2868,#2869,#2870,#2871,
#2872));
#6548=EDGE_LOOP('',(#2873,#2874,#2875,#2876));
#6549=EDGE_LOOP('',(#2877,#2878,#2879,#2880));
#6550=EDGE_LOOP('',(#2881,#2882,#2883,#2884));
#6551=EDGE_LOOP('',(#2885,#2886,#2887,#2888,#2889,#2890,#2891,#2892,#2893,
#2894,#2895,#2896));
#6552=EDGE_LOOP('',(#2897,#2898,#2899,#2900));
#6553=EDGE_LOOP('',(#2901,#2902,#2903,#2904,#2905,#2906,#2907,#2908,#2909,
#2910,#2911,#2912));
#6554=EDGE_LOOP('',(#2913,#2914,#2915,#2916,#2917,#2918,#2919,#2920));
#6555=EDGE_LOOP('',(#2921,#2922,#2923,#2924));
#6556=EDGE_LOOP('',(#2925,#2926,#2927,#2928));
#6557=EDGE_LOOP('',(#2929,#2930,#2931,#2932));
#6558=EDGE_LOOP('',(#2933,#2934,#2935,#2936));
#6559=EDGE_LOOP('',(#2937,#2938,#2939,#2940,#2941,#2942,#2943,#2944,#2945,
#2946));
#6560=EDGE_LOOP('',(#2947,#2948,#2949,#2950,#2951,#2952,#2953,#2954,#2955,
#2956,#2957,#2958));
#6561=EDGE_LOOP('',(#2959,#2960,#2961,#2962));
#6562=EDGE_LOOP('',(#2963,#2964,#2965,#2966));
#6563=EDGE_LOOP('',(#2967,#2968,#2969,#2970,#2971,#2972,#2973,#2974,#2975,
#2976,#2977,#2978));
#6564=EDGE_LOOP('',(#2979,#2980,#2981,#2982));
#6565=EDGE_LOOP('',(#2983,#2984,#2985,#2986));
#6566=EDGE_LOOP('',(#2987,#2988,#2989,#2990));
#6567=EDGE_LOOP('',(#2991,#2992,#2993,#2994,#2995,#2996,#2997,#2998,#2999,
#3000,#3001,#3002,#3003,#3004,#3005,#3006,#3007,#3008,#3009,#3010));
#6568=EDGE_LOOP('',(#3011,#3012,#3013,#3014,#3015,#3016,#3017,#3018,#3019,
#3020,#3021,#3022,#3023,#3024,#3025,#3026,#3027,#3028,#3029,#3030));
#6569=EDGE_LOOP('',(#3031,#3032,#3033,#3034,#3035,#3036,#3037,#3038,#3039,
#3040,#3041,#3042,#3043,#3044,#3045,#3046,#3047,#3048,#3049,#3050));
#6570=EDGE_LOOP('',(#3051,#3052,#3053,#3054,#3055,#3056,#3057,#3058,#3059,
#3060,#3061,#3062,#3063,#3064,#3065,#3066,#3067,#3068,#3069,#3070));
#6571=EDGE_LOOP('',(#3071,#3072,#3073,#3074,#3075,#3076,#3077,#3078,#3079,
#3080,#3081,#3082,#3083,#3084,#3085,#3086,#3087,#3088,#3089,#3090));
#6572=EDGE_LOOP('',(#3091,#3092,#3093,#3094,#3095,#3096,#3097,#3098,#3099,
#3100,#3101,#3102,#3103,#3104,#3105,#3106,#3107,#3108,#3109,#3110));
#6573=EDGE_LOOP('',(#3111,#3112,#3113,#3114,#3115,#3116,#3117,#3118,#3119,
#3120,#3121,#3122,#3123,#3124,#3125,#3126,#3127,#3128,#3129,#3130,#3131,
#3132,#3133,#3134,#3135,#3136,#3137,#3138,#3139,#3140,#3141,#3142,#3143,
#3144,#3145,#3146,#3147,#3148,#3149,#3150,#3151,#3152,#3153,#3154,#3155,
#3156,#3157,#3158,#3159,#3160,#3161,#3162,#3163,#3164,#3165,#3166,#3167,
#3168,#3169,#3170,#3171,#3172,#3173,#3174,#3175,#3176,#3177,#3178));
#6574=EDGE_LOOP('',(#3179,#3180,#3181,#3182));
#6575=EDGE_LOOP('',(#3183,#3184,#3185,#3186,#3187,#3188));
#6576=EDGE_LOOP('',(#3189,#3190,#3191,#3192));
#6577=EDGE_LOOP('',(#3193,#3194,#3195,#3196));
#6578=EDGE_LOOP('',(#3197,#3198,#3199,#3200));
#6579=EDGE_LOOP('',(#3201,#3202,#3203,#3204));
#6580=EDGE_LOOP('',(#3205,#3206,#3207,#3208));
#6581=EDGE_LOOP('',(#3209,#3210,#3211,#3212));
#6582=EDGE_LOOP('',(#3213,#3214,#3215,#3216));
#6583=EDGE_LOOP('',(#3217,#3218,#3219,#3220));
#6584=EDGE_LOOP('',(#3221,#3222,#3223,#3224));
#6585=EDGE_LOOP('',(#3225,#3226,#3227,#3228));
#6586=EDGE_LOOP('',(#3229,#3230,#3231,#3232));
#6587=EDGE_LOOP('',(#3233,#3234,#3235,#3236));
#6588=EDGE_LOOP('',(#3237,#3238,#3239,#3240));
#6589=EDGE_LOOP('',(#3241,#3242,#3243,#3244));
#6590=EDGE_LOOP('',(#3245,#3246,#3247,#3248));
#6591=EDGE_LOOP('',(#3249,#3250,#3251,#3252));
#6592=EDGE_LOOP('',(#3253,#3254,#3255,#3256));
#6593=EDGE_LOOP('',(#3257,#3258,#3259,#3260));
#6594=EDGE_LOOP('',(#3261,#3262,#3263,#3264));
#6595=EDGE_LOOP('',(#3265,#3266,#3267,#3268));
#6596=EDGE_LOOP('',(#3269,#3270,#3271,#3272));
#6597=EDGE_LOOP('',(#3273,#3274,#3275,#3276));
#6598=EDGE_LOOP('',(#3277,#3278,#3279,#3280));
#6599=EDGE_LOOP('',(#3281,#3282,#3283,#3284));
#6600=EDGE_LOOP('',(#3285,#3286,#3287,#3288));
#6601=EDGE_LOOP('',(#3289,#3290,#3291,#3292));
#6602=EDGE_LOOP('',(#3293,#3294,#3295,#3296));
#6603=EDGE_LOOP('',(#3297,#3298,#3299,#3300));
#6604=EDGE_LOOP('',(#3301,#3302,#3303,#3304));
#6605=EDGE_LOOP('',(#3305,#3306,#3307,#3308));
#6606=EDGE_LOOP('',(#3309,#3310,#3311,#3312));
#6607=EDGE_LOOP('',(#3313,#3314,#3315,#3316));
#6608=EDGE_LOOP('',(#3317,#3318,#3319,#3320));
#6609=EDGE_LOOP('',(#3321,#3322,#3323,#3324));
#6610=EDGE_LOOP('',(#3325,#3326,#3327,#3328));
#6611=EDGE_LOOP('',(#3329,#3330,#3331,#3332));
#6612=EDGE_LOOP('',(#3333,#3334,#3335,#3336));
#6613=EDGE_LOOP('',(#3337,#3338,#3339,#3340));
#6614=EDGE_LOOP('',(#3341,#3342,#3343,#3344));
#6615=EDGE_LOOP('',(#3345,#3346,#3347,#3348));
#6616=EDGE_LOOP('',(#3349,#3350,#3351,#3352));
#6617=EDGE_LOOP('',(#3353,#3354,#3355,#3356));
#6618=EDGE_LOOP('',(#3357,#3358,#3359,#3360));
#6619=EDGE_LOOP('',(#3361,#3362,#3363,#3364));
#6620=EDGE_LOOP('',(#3365,#3366,#3367,#3368));
#6621=EDGE_LOOP('',(#3369,#3370,#3371,#3372));
#6622=EDGE_LOOP('',(#3373,#3374,#3375,#3376));
#6623=EDGE_LOOP('',(#3377,#3378,#3379,#3380));
#6624=EDGE_LOOP('',(#3381,#3382,#3383,#3384));
#6625=EDGE_LOOP('',(#3385,#3386,#3387,#3388));
#6626=EDGE_LOOP('',(#3389,#3390,#3391,#3392));
#6627=EDGE_LOOP('',(#3393,#3394,#3395,#3396));
#6628=EDGE_LOOP('',(#3397,#3398,#3399,#3400));
#6629=EDGE_LOOP('',(#3401,#3402,#3403,#3404));
#6630=EDGE_LOOP('',(#3405,#3406,#3407,#3408));
#6631=EDGE_LOOP('',(#3409,#3410,#3411,#3412));
#6632=EDGE_LOOP('',(#3413,#3414,#3415,#3416));
#6633=EDGE_LOOP('',(#3417,#3418,#3419,#3420));
#6634=EDGE_LOOP('',(#3421,#3422,#3423,#3424));
#6635=EDGE_LOOP('',(#3425,#3426,#3427,#3428));
#6636=EDGE_LOOP('',(#3429,#3430,#3431,#3432));
#6637=EDGE_LOOP('',(#3433,#3434,#3435,#3436));
#6638=EDGE_LOOP('',(#3437,#3438,#3439,#3440));
#6639=EDGE_LOOP('',(#3441,#3442,#3443,#3444));
#6640=EDGE_LOOP('',(#3445,#3446,#3447,#3448));
#6641=EDGE_LOOP('',(#3449,#3450,#3451,#3452));
#6642=EDGE_LOOP('',(#3453,#3454,#3455,#3456));
#6643=EDGE_LOOP('',(#3457,#3458,#3459,#3460));
#6644=EDGE_LOOP('',(#3461,#3462,#3463,#3464));
#6645=EDGE_LOOP('',(#3465,#3466,#3467,#3468,#3469,#3470));
#6646=EDGE_LOOP('',(#3471,#3472,#3473,#3474,#3475,#3476));
#6647=EDGE_LOOP('',(#3477,#3478,#3479,#3480,#3481));
#6648=EDGE_LOOP('',(#3482,#3483,#3484,#3485,#3486,#3487));
#6649=EDGE_LOOP('',(#3488,#3489,#3490,#3491,#3492));
#6650=EDGE_LOOP('',(#3493,#3494,#3495,#3496));
#6651=EDGE_LOOP('',(#3497,#3498,#3499,#3500,#3501,#3502));
#6652=EDGE_LOOP('',(#3503,#3504,#3505));
#6653=EDGE_LOOP('',(#3506,#3507,#3508,#3509,#3510,#3511));
#6654=EDGE_LOOP('',(#3512,#3513,#3514,#3515,#3516,#3517));
#6655=EDGE_LOOP('',(#3518,#3519,#3520));
#6656=EDGE_LOOP('',(#3521,#3522,#3523,#3524));
#6657=EDGE_LOOP('',(#3525,#3526,#3527,#3528));
#6658=EDGE_LOOP('',(#3529,#3530,#3531,#3532,#3533,#3534,#3535));
#6659=EDGE_LOOP('',(#3536,#3537,#3538,#3539));
#6660=EDGE_LOOP('',(#3540,#3541,#3542,#3543));
#6661=EDGE_LOOP('',(#3544,#3545,#3546,#3547,#3548,#3549));
#6662=EDGE_LOOP('',(#3550,#3551,#3552,#3553));
#6663=EDGE_LOOP('',(#3554,#3555,#3556,#3557));
#6664=EDGE_LOOP('',(#3558,#3559,#3560,#3561,#3562,#3563,#3564,#3565));
#6665=EDGE_LOOP('',(#3566,#3567,#3568,#3569,#3570,#3571));
#6666=EDGE_LOOP('',(#3572,#3573,#3574,#3575));
#6667=EDGE_LOOP('',(#3576,#3577,#3578,#3579,#3580,#3581));
#6668=EDGE_LOOP('',(#3582,#3583,#3584,#3585));
#6669=EDGE_LOOP('',(#3586,#3587,#3588,#3589));
#6670=EDGE_LOOP('',(#3590,#3591,#3592,#3593));
#6671=EDGE_LOOP('',(#3594,#3595,#3596,#3597));
#6672=EDGE_LOOP('',(#3598,#3599,#3600,#3601));
#6673=EDGE_LOOP('',(#3602,#3603,#3604,#3605));
#6674=EDGE_LOOP('',(#3606,#3607,#3608,#3609));
#6675=EDGE_LOOP('',(#3610,#3611,#3612,#3613));
#6676=EDGE_LOOP('',(#3614,#3615,#3616,#3617));
#6677=EDGE_LOOP('',(#3618,#3619,#3620,#3621));
#6678=EDGE_LOOP('',(#3622,#3623,#3624,#3625));
#6679=EDGE_LOOP('',(#3626,#3627,#3628,#3629));
#6680=EDGE_LOOP('',(#3630,#3631,#3632,#3633));
#6681=EDGE_LOOP('',(#3634,#3635,#3636,#3637));
#6682=EDGE_LOOP('',(#3638,#3639,#3640,#3641));
#6683=EDGE_LOOP('',(#3642,#3643,#3644,#3645));
#6684=EDGE_LOOP('',(#3646,#3647,#3648,#3649));
#6685=EDGE_LOOP('',(#3650,#3651,#3652,#3653));
#6686=EDGE_LOOP('',(#3654,#3655,#3656,#3657));
#6687=EDGE_LOOP('',(#3658,#3659,#3660,#3661));
#6688=EDGE_LOOP('',(#3662,#3663,#3664,#3665));
#6689=EDGE_LOOP('',(#3666,#3667,#3668,#3669));
#6690=EDGE_LOOP('',(#3670,#3671,#3672,#3673));
#6691=EDGE_LOOP('',(#3674,#3675,#3676,#3677));
#6692=EDGE_LOOP('',(#3678,#3679,#3680,#3681));
#6693=EDGE_LOOP('',(#3682,#3683,#3684,#3685));
#6694=EDGE_LOOP('',(#3686,#3687,#3688,#3689));
#6695=EDGE_LOOP('',(#3690,#3691,#3692,#3693));
#6696=EDGE_LOOP('',(#3694,#3695,#3696,#3697));
#6697=EDGE_LOOP('',(#3698,#3699,#3700,#3701,#3702));
#6698=EDGE_LOOP('',(#3703,#3704,#3705,#3706,#3707));
#6699=EDGE_LOOP('',(#3708,#3709,#3710,#3711));
#6700=EDGE_LOOP('',(#3712,#3713,#3714,#3715));
#6701=EDGE_LOOP('',(#3716,#3717,#3718,#3719));
#6702=EDGE_LOOP('',(#3720,#3721,#3722,#3723));
#6703=EDGE_LOOP('',(#3724,#3725,#3726,#3727));
#6704=EDGE_LOOP('',(#3728,#3729,#3730,#3731));
#6705=EDGE_LOOP('',(#3732,#3733,#3734,#3735));
#6706=EDGE_LOOP('',(#3736,#3737,#3738,#3739));
#6707=EDGE_LOOP('',(#3740,#3741,#3742,#3743));
#6708=EDGE_LOOP('',(#3744,#3745,#3746,#3747));
#6709=EDGE_LOOP('',(#3748,#3749,#3750,#3751));
#6710=EDGE_LOOP('',(#3752,#3753,#3754,#3755));
#6711=EDGE_LOOP('',(#3756,#3757,#3758,#3759));
#6712=EDGE_LOOP('',(#3760,#3761,#3762,#3763));
#6713=EDGE_LOOP('',(#3764,#3765,#3766,#3767));
#6714=EDGE_LOOP('',(#3768,#3769,#3770,#3771));
#6715=EDGE_LOOP('',(#3772,#3773,#3774,#3775));
#6716=EDGE_LOOP('',(#3776,#3777,#3778,#3779));
#6717=EDGE_LOOP('',(#3780,#3781,#3782,#3783));
#6718=EDGE_LOOP('',(#3784,#3785,#3786,#3787));
#6719=EDGE_LOOP('',(#3788,#3789,#3790,#3791));
#6720=EDGE_LOOP('',(#3792,#3793,#3794,#3795));
#6721=EDGE_LOOP('',(#3796,#3797,#3798,#3799));
#6722=EDGE_LOOP('',(#3800,#3801,#3802,#3803));
#6723=EDGE_LOOP('',(#3804,#3805,#3806,#3807));
#6724=EDGE_LOOP('',(#3808,#3809,#3810,#3811));
#6725=EDGE_LOOP('',(#3812,#3813,#3814,#3815));
#6726=EDGE_LOOP('',(#3816,#3817,#3818,#3819));
#6727=EDGE_LOOP('',(#3820,#3821,#3822,#3823,#3824));
#6728=EDGE_LOOP('',(#3825,#3826,#3827,#3828));
#6729=EDGE_LOOP('',(#3829,#3830,#3831,#3832));
#6730=EDGE_LOOP('',(#3833,#3834,#3835,#3836));
#6731=EDGE_LOOP('',(#3837,#3838,#3839,#3840,#3841));
#6732=EDGE_LOOP('',(#3842));
#6733=EDGE_LOOP('',(#3843));
#6734=EDGE_LOOP('',(#3844,#3845,#3846,#3847));
#6735=EDGE_LOOP('',(#3848,#3849,#3850,#3851));
#6736=EDGE_LOOP('',(#3852,#3853,#3854,#3855));
#6737=EDGE_LOOP('',(#3856,#3857,#3858,#3859));
#6738=EDGE_LOOP('',(#3860,#3861,#3862,#3863));
#6739=EDGE_LOOP('',(#3864,#3865,#3866,#3867));
#6740=EDGE_LOOP('',(#3868,#3869,#3870,#3871));
#6741=EDGE_LOOP('',(#3872,#3873,#3874,#3875));
#6742=EDGE_LOOP('',(#3876,#3877,#3878,#3879));
#6743=EDGE_LOOP('',(#3880,#3881,#3882,#3883));
#6744=EDGE_LOOP('',(#3884,#3885,#3886,#3887));
#6745=EDGE_LOOP('',(#3888));
#6746=EDGE_LOOP('',(#3889));
#6747=EDGE_LOOP('',(#3890));
#6748=EDGE_LOOP('',(#3891));
#6749=EDGE_LOOP('',(#3892));
#6750=EDGE_LOOP('',(#3893));
#6751=EDGE_LOOP('',(#3894));
#6752=EDGE_LOOP('',(#3895));
#6753=EDGE_LOOP('',(#3896));
#6754=EDGE_LOOP('',(#3897));
#6755=EDGE_LOOP('',(#3898));
#6756=EDGE_LOOP('',(#3899));
#6757=EDGE_LOOP('',(#3900));
#6758=EDGE_LOOP('',(#3901));
#6759=EDGE_LOOP('',(#3902,#3903,#3904,#3905));
#6760=EDGE_LOOP('',(#3906,#3907,#3908,#3909));
#6761=EDGE_LOOP('',(#3910,#3911,#3912,#3913));
#6762=EDGE_LOOP('',(#3914,#3915,#3916,#3917));
#6763=EDGE_LOOP('',(#3918,#3919,#3920,#3921));
#6764=EDGE_LOOP('',(#3922,#3923,#3924));
#6765=EDGE_LOOP('',(#3925,#3926,#3927,#3928));
#6766=EDGE_LOOP('',(#3929,#3930,#3931));
#6767=EDGE_LOOP('',(#3932,#3933,#3934,#3935,#3936));
#6768=EDGE_LOOP('',(#3937,#3938,#3939,#3940,#3941));
#6769=EDGE_LOOP('',(#3942,#3943));
#6770=EDGE_LOOP('',(#3944,#3945));
#6771=EDGE_LOOP('',(#3946,#3947,#3948,#3949));
#6772=EDGE_LOOP('',(#3950,#3951,#3952,#3953));
#6773=EDGE_LOOP('',(#3954,#3955,#3956,#3957));
#6774=EDGE_LOOP('',(#3958,#3959,#3960,#3961));
#6775=FACE_BOUND('',#6331,.T.);
#6776=FACE_BOUND('',#6332,.T.);
#6777=FACE_BOUND('',#6333,.T.);
#6778=FACE_BOUND('',#6334,.T.);
#6779=FACE_BOUND('',#6335,.T.);
#6780=FACE_BOUND('',#6336,.T.);
#6781=FACE_BOUND('',#6337,.T.);
#6782=FACE_BOUND('',#6338,.T.);
#6783=FACE_BOUND('',#6339,.T.);
#6784=FACE_BOUND('',#6340,.T.);
#6785=FACE_BOUND('',#6341,.T.);
#6786=FACE_BOUND('',#6342,.T.);
#6787=FACE_BOUND('',#6343,.T.);
#6788=FACE_BOUND('',#6344,.T.);
#6789=FACE_BOUND('',#6345,.T.);
#6790=FACE_BOUND('',#6346,.T.);
#6791=FACE_BOUND('',#6347,.T.);
#6792=FACE_BOUND('',#6348,.T.);
#6793=FACE_BOUND('',#6349,.T.);
#6794=FACE_BOUND('',#6350,.T.);
#6795=FACE_BOUND('',#6351,.T.);
#6796=FACE_BOUND('',#6352,.T.);
#6797=FACE_BOUND('',#6353,.T.);
#6798=FACE_BOUND('',#6354,.T.);
#6799=FACE_BOUND('',#6355,.T.);
#6800=FACE_BOUND('',#6356,.T.);
#6801=FACE_BOUND('',#6357,.T.);
#6802=FACE_BOUND('',#6358,.T.);
#6803=FACE_BOUND('',#6359,.T.);
#6804=FACE_BOUND('',#6360,.T.);
#6805=FACE_BOUND('',#6361,.T.);
#6806=FACE_BOUND('',#6362,.T.);
#6807=FACE_BOUND('',#6363,.T.);
#6808=FACE_BOUND('',#6364,.T.);
#6809=FACE_BOUND('',#6365,.T.);
#6810=FACE_BOUND('',#6366,.T.);
#6811=FACE_BOUND('',#6367,.T.);
#6812=FACE_BOUND('',#6368,.T.);
#6813=FACE_BOUND('',#6369,.T.);
#6814=FACE_BOUND('',#6370,.T.);
#6815=FACE_BOUND('',#6371,.T.);
#6816=FACE_BOUND('',#6372,.T.);
#6817=FACE_BOUND('',#6373,.T.);
#6818=FACE_BOUND('',#6374,.T.);
#6819=FACE_BOUND('',#6375,.T.);
#6820=FACE_BOUND('',#6376,.T.);
#6821=FACE_BOUND('',#6377,.T.);
#6822=FACE_BOUND('',#6378,.T.);
#6823=FACE_BOUND('',#6379,.T.);
#6824=FACE_BOUND('',#6380,.T.);
#6825=FACE_BOUND('',#6381,.T.);
#6826=FACE_BOUND('',#6382,.T.);
#6827=FACE_BOUND('',#6383,.T.);
#6828=FACE_BOUND('',#6384,.T.);
#6829=FACE_BOUND('',#6385,.T.);
#6830=FACE_BOUND('',#6386,.T.);
#6831=FACE_BOUND('',#6387,.T.);
#6832=FACE_BOUND('',#6388,.T.);
#6833=FACE_BOUND('',#6389,.T.);
#6834=FACE_BOUND('',#6390,.T.);
#6835=FACE_BOUND('',#6391,.T.);
#6836=FACE_BOUND('',#6392,.T.);
#6837=FACE_BOUND('',#6393,.T.);
#6838=FACE_BOUND('',#6394,.T.);
#6839=FACE_BOUND('',#6395,.T.);
#6840=FACE_BOUND('',#6396,.T.);
#6841=FACE_BOUND('',#6397,.T.);
#6842=FACE_BOUND('',#6398,.T.);
#6843=FACE_BOUND('',#6399,.T.);
#6844=FACE_BOUND('',#6400,.T.);
#6845=FACE_BOUND('',#6401,.T.);
#6846=FACE_BOUND('',#6402,.T.);
#6847=FACE_BOUND('',#6403,.T.);
#6848=FACE_BOUND('',#6404,.T.);
#6849=FACE_BOUND('',#6405,.T.);
#6850=FACE_BOUND('',#6406,.T.);
#6851=FACE_BOUND('',#6407,.T.);
#6852=FACE_BOUND('',#6408,.T.);
#6853=FACE_BOUND('',#6409,.T.);
#6854=FACE_BOUND('',#6410,.T.);
#6855=FACE_BOUND('',#6411,.T.);
#6856=FACE_BOUND('',#6412,.T.);
#6857=FACE_BOUND('',#6413,.T.);
#6858=FACE_BOUND('',#6414,.T.);
#6859=FACE_BOUND('',#6415,.T.);
#6860=FACE_BOUND('',#6416,.T.);
#6861=FACE_BOUND('',#6417,.T.);
#6862=FACE_BOUND('',#6418,.T.);
#6863=FACE_BOUND('',#6419,.T.);
#6864=FACE_BOUND('',#6420,.T.);
#6865=FACE_BOUND('',#6421,.T.);
#6866=FACE_BOUND('',#6422,.T.);
#6867=FACE_BOUND('',#6423,.T.);
#6868=FACE_BOUND('',#6424,.T.);
#6869=FACE_BOUND('',#6425,.T.);
#6870=FACE_BOUND('',#6426,.T.);
#6871=FACE_BOUND('',#6427,.T.);
#6872=FACE_BOUND('',#6428,.T.);
#6873=FACE_BOUND('',#6429,.T.);
#6874=FACE_BOUND('',#6430,.T.);
#6875=FACE_BOUND('',#6431,.T.);
#6876=FACE_BOUND('',#6432,.T.);
#6877=FACE_BOUND('',#6433,.T.);
#6878=FACE_BOUND('',#6434,.T.);
#6879=FACE_BOUND('',#6435,.T.);
#6880=FACE_BOUND('',#6436,.T.);
#6881=FACE_BOUND('',#6437,.T.);
#6882=FACE_BOUND('',#6438,.T.);
#6883=FACE_BOUND('',#6439,.T.);
#6884=FACE_BOUND('',#6440,.T.);
#6885=FACE_BOUND('',#6441,.T.);
#6886=FACE_BOUND('',#6442,.T.);
#6887=FACE_BOUND('',#6443,.T.);
#6888=FACE_BOUND('',#6444,.T.);
#6889=FACE_BOUND('',#6445,.T.);
#6890=FACE_BOUND('',#6446,.T.);
#6891=FACE_BOUND('',#6447,.T.);
#6892=FACE_BOUND('',#6448,.T.);
#6893=FACE_BOUND('',#6449,.T.);
#6894=FACE_BOUND('',#6450,.T.);
#6895=FACE_BOUND('',#6451,.T.);
#6896=FACE_BOUND('',#6452,.T.);
#6897=FACE_BOUND('',#6453,.T.);
#6898=FACE_BOUND('',#6454,.T.);
#6899=FACE_BOUND('',#6455,.T.);
#6900=FACE_BOUND('',#6456,.T.);
#6901=FACE_BOUND('',#6457,.T.);
#6902=FACE_BOUND('',#6458,.T.);
#6903=FACE_BOUND('',#6459,.T.);
#6904=FACE_BOUND('',#6460,.T.);
#6905=FACE_BOUND('',#6461,.T.);
#6906=FACE_BOUND('',#6462,.T.);
#6907=FACE_BOUND('',#6463,.T.);
#6908=FACE_BOUND('',#6464,.T.);
#6909=FACE_BOUND('',#6465,.T.);
#6910=FACE_BOUND('',#6466,.T.);
#6911=FACE_BOUND('',#6467,.T.);
#6912=FACE_BOUND('',#6468,.T.);
#6913=FACE_BOUND('',#6469,.T.);
#6914=FACE_BOUND('',#6470,.T.);
#6915=FACE_BOUND('',#6471,.T.);
#6916=FACE_BOUND('',#6472,.T.);
#6917=FACE_BOUND('',#6473,.T.);
#6918=FACE_BOUND('',#6474,.T.);
#6919=FACE_BOUND('',#6475,.T.);
#6920=FACE_BOUND('',#6476,.T.);
#6921=FACE_BOUND('',#6477,.T.);
#6922=FACE_BOUND('',#6478,.T.);
#6923=FACE_BOUND('',#6479,.T.);
#6924=FACE_BOUND('',#6480,.T.);
#6925=FACE_BOUND('',#6481,.T.);
#6926=FACE_BOUND('',#6482,.T.);
#6927=FACE_BOUND('',#6483,.T.);
#6928=FACE_BOUND('',#6484,.T.);
#6929=FACE_BOUND('',#6485,.T.);
#6930=FACE_BOUND('',#6486,.T.);
#6931=FACE_BOUND('',#6487,.T.);
#6932=FACE_BOUND('',#6488,.T.);
#6933=FACE_BOUND('',#6489,.T.);
#6934=FACE_BOUND('',#6490,.T.);
#6935=FACE_BOUND('',#6491,.T.);
#6936=FACE_BOUND('',#6492,.T.);
#6937=FACE_BOUND('',#6493,.T.);
#6938=FACE_BOUND('',#6494,.T.);
#6939=FACE_BOUND('',#6495,.T.);
#6940=FACE_BOUND('',#6496,.T.);
#6941=FACE_BOUND('',#6497,.T.);
#6942=FACE_BOUND('',#6498,.T.);
#6943=FACE_BOUND('',#6499,.T.);
#6944=FACE_BOUND('',#6500,.T.);
#6945=FACE_BOUND('',#6501,.T.);
#6946=FACE_BOUND('',#6502,.T.);
#6947=FACE_BOUND('',#6503,.T.);
#6948=FACE_BOUND('',#6504,.T.);
#6949=FACE_BOUND('',#6505,.T.);
#6950=FACE_BOUND('',#6506,.T.);
#6951=FACE_BOUND('',#6507,.T.);
#6952=FACE_BOUND('',#6508,.T.);
#6953=FACE_BOUND('',#6509,.T.);
#6954=FACE_BOUND('',#6510,.T.);
#6955=FACE_BOUND('',#6511,.T.);
#6956=FACE_BOUND('',#6512,.T.);
#6957=FACE_BOUND('',#6513,.T.);
#6958=FACE_BOUND('',#6514,.T.);
#6959=FACE_BOUND('',#6515,.T.);
#6960=FACE_BOUND('',#6516,.T.);
#6961=FACE_BOUND('',#6517,.T.);
#6962=FACE_BOUND('',#6518,.T.);
#6963=FACE_BOUND('',#6519,.T.);
#6964=FACE_BOUND('',#6520,.T.);
#6965=FACE_BOUND('',#6521,.T.);
#6966=FACE_BOUND('',#6522,.T.);
#6967=FACE_BOUND('',#6523,.T.);
#6968=FACE_BOUND('',#6524,.T.);
#6969=FACE_BOUND('',#6525,.T.);
#6970=FACE_BOUND('',#6526,.T.);
#6971=FACE_BOUND('',#6527,.T.);
#6972=FACE_BOUND('',#6528,.T.);
#6973=FACE_BOUND('',#6529,.T.);
#6974=FACE_BOUND('',#6530,.T.);
#6975=FACE_BOUND('',#6531,.T.);
#6976=FACE_BOUND('',#6532,.T.);
#6977=FACE_BOUND('',#6533,.T.);
#6978=FACE_BOUND('',#6534,.T.);
#6979=FACE_BOUND('',#6535,.T.);
#6980=FACE_BOUND('',#6536,.T.);
#6981=FACE_BOUND('',#6537,.T.);
#6982=FACE_BOUND('',#6538,.T.);
#6983=FACE_BOUND('',#6539,.T.);
#6984=FACE_BOUND('',#6540,.T.);
#6985=FACE_BOUND('',#6541,.T.);
#6986=FACE_BOUND('',#6542,.T.);
#6987=FACE_BOUND('',#6543,.T.);
#6988=FACE_BOUND('',#6544,.T.);
#6989=FACE_BOUND('',#6545,.T.);
#6990=FACE_BOUND('',#6546,.T.);
#6991=FACE_BOUND('',#6547,.T.);
#6992=FACE_BOUND('',#6548,.T.);
#6993=FACE_BOUND('',#6549,.T.);
#6994=FACE_BOUND('',#6550,.T.);
#6995=FACE_BOUND('',#6551,.T.);
#6996=FACE_BOUND('',#6552,.T.);
#6997=FACE_BOUND('',#6553,.T.);
#6998=FACE_BOUND('',#6554,.T.);
#6999=FACE_BOUND('',#6555,.T.);
#7000=FACE_BOUND('',#6556,.T.);
#7001=FACE_BOUND('',#6557,.T.);
#7002=FACE_BOUND('',#6558,.T.);
#7003=FACE_BOUND('',#6559,.T.);
#7004=FACE_BOUND('',#6560,.T.);
#7005=FACE_BOUND('',#6561,.T.);
#7006=FACE_BOUND('',#6562,.T.);
#7007=FACE_BOUND('',#6563,.T.);
#7008=FACE_BOUND('',#6564,.T.);
#7009=FACE_BOUND('',#6565,.T.);
#7010=FACE_BOUND('',#6566,.T.);
#7011=FACE_BOUND('',#6567,.T.);
#7012=FACE_BOUND('',#6568,.T.);
#7013=FACE_BOUND('',#6569,.T.);
#7014=FACE_BOUND('',#6570,.T.);
#7015=FACE_BOUND('',#6571,.T.);
#7016=FACE_BOUND('',#6572,.T.);
#7017=FACE_BOUND('',#6573,.T.);
#7018=FACE_BOUND('',#6574,.T.);
#7019=FACE_BOUND('',#6575,.T.);
#7020=FACE_BOUND('',#6576,.T.);
#7021=FACE_BOUND('',#6577,.T.);
#7022=FACE_BOUND('',#6578,.T.);
#7023=FACE_BOUND('',#6579,.T.);
#7024=FACE_BOUND('',#6580,.T.);
#7025=FACE_BOUND('',#6581,.T.);
#7026=FACE_BOUND('',#6582,.T.);
#7027=FACE_BOUND('',#6583,.T.);
#7028=FACE_BOUND('',#6584,.T.);
#7029=FACE_BOUND('',#6585,.T.);
#7030=FACE_BOUND('',#6586,.T.);
#7031=FACE_BOUND('',#6587,.T.);
#7032=FACE_BOUND('',#6588,.T.);
#7033=FACE_BOUND('',#6589,.T.);
#7034=FACE_BOUND('',#6590,.T.);
#7035=FACE_BOUND('',#6591,.T.);
#7036=FACE_BOUND('',#6592,.T.);
#7037=FACE_BOUND('',#6593,.T.);
#7038=FACE_BOUND('',#6594,.T.);
#7039=FACE_BOUND('',#6595,.T.);
#7040=FACE_BOUND('',#6596,.T.);
#7041=FACE_BOUND('',#6597,.T.);
#7042=FACE_BOUND('',#6598,.T.);
#7043=FACE_BOUND('',#6599,.T.);
#7044=FACE_BOUND('',#6600,.T.);
#7045=FACE_BOUND('',#6601,.T.);
#7046=FACE_BOUND('',#6602,.T.);
#7047=FACE_BOUND('',#6603,.T.);
#7048=FACE_BOUND('',#6604,.T.);
#7049=FACE_BOUND('',#6605,.T.);
#7050=FACE_BOUND('',#6606,.T.);
#7051=FACE_BOUND('',#6607,.T.);
#7052=FACE_BOUND('',#6608,.T.);
#7053=FACE_BOUND('',#6609,.T.);
#7054=FACE_BOUND('',#6610,.T.);
#7055=FACE_BOUND('',#6611,.T.);
#7056=FACE_BOUND('',#6612,.T.);
#7057=FACE_BOUND('',#6613,.T.);
#7058=FACE_BOUND('',#6614,.T.);
#7059=FACE_BOUND('',#6615,.T.);
#7060=FACE_BOUND('',#6616,.T.);
#7061=FACE_BOUND('',#6617,.T.);
#7062=FACE_BOUND('',#6618,.T.);
#7063=FACE_BOUND('',#6619,.T.);
#7064=FACE_BOUND('',#6620,.T.);
#7065=FACE_BOUND('',#6621,.T.);
#7066=FACE_BOUND('',#6622,.T.);
#7067=FACE_BOUND('',#6623,.T.);
#7068=FACE_BOUND('',#6624,.T.);
#7069=FACE_BOUND('',#6625,.T.);
#7070=FACE_BOUND('',#6626,.T.);
#7071=FACE_BOUND('',#6627,.T.);
#7072=FACE_BOUND('',#6628,.T.);
#7073=FACE_BOUND('',#6629,.T.);
#7074=FACE_BOUND('',#6630,.T.);
#7075=FACE_BOUND('',#6631,.T.);
#7076=FACE_BOUND('',#6632,.T.);
#7077=FACE_BOUND('',#6633,.T.);
#7078=FACE_BOUND('',#6634,.T.);
#7079=FACE_BOUND('',#6635,.T.);
#7080=FACE_BOUND('',#6636,.T.);
#7081=FACE_BOUND('',#6637,.T.);
#7082=FACE_BOUND('',#6638,.T.);
#7083=FACE_BOUND('',#6639,.T.);
#7084=FACE_BOUND('',#6640,.T.);
#7085=FACE_BOUND('',#6641,.T.);
#7086=FACE_BOUND('',#6642,.T.);
#7087=FACE_BOUND('',#6643,.T.);
#7088=FACE_BOUND('',#6644,.T.);
#7089=FACE_BOUND('',#6645,.T.);
#7090=FACE_BOUND('',#6646,.T.);
#7091=FACE_BOUND('',#6647,.T.);
#7092=FACE_BOUND('',#6648,.T.);
#7093=FACE_BOUND('',#6649,.T.);
#7094=FACE_BOUND('',#6650,.T.);
#7095=FACE_BOUND('',#6651,.T.);
#7096=FACE_BOUND('',#6652,.T.);
#7097=FACE_BOUND('',#6653,.T.);
#7098=FACE_BOUND('',#6654,.T.);
#7099=FACE_BOUND('',#6655,.T.);
#7100=FACE_BOUND('',#6656,.T.);
#7101=FACE_BOUND('',#6657,.T.);
#7102=FACE_BOUND('',#6658,.T.);
#7103=FACE_BOUND('',#6659,.T.);
#7104=FACE_BOUND('',#6660,.T.);
#7105=FACE_BOUND('',#6661,.T.);
#7106=FACE_BOUND('',#6662,.T.);
#7107=FACE_BOUND('',#6663,.T.);
#7108=FACE_BOUND('',#6664,.T.);
#7109=FACE_BOUND('',#6665,.T.);
#7110=FACE_BOUND('',#6666,.T.);
#7111=FACE_BOUND('',#6667,.T.);
#7112=FACE_BOUND('',#6668,.T.);
#7113=FACE_BOUND('',#6669,.T.);
#7114=FACE_BOUND('',#6670,.T.);
#7115=FACE_BOUND('',#6671,.T.);
#7116=FACE_BOUND('',#6672,.T.);
#7117=FACE_BOUND('',#6673,.T.);
#7118=FACE_BOUND('',#6674,.T.);
#7119=FACE_BOUND('',#6675,.T.);
#7120=FACE_BOUND('',#6676,.T.);
#7121=FACE_BOUND('',#6677,.T.);
#7122=FACE_BOUND('',#6678,.T.);
#7123=FACE_BOUND('',#6679,.T.);
#7124=FACE_BOUND('',#6680,.T.);
#7125=FACE_BOUND('',#6681,.T.);
#7126=FACE_BOUND('',#6682,.T.);
#7127=FACE_BOUND('',#6683,.T.);
#7128=FACE_BOUND('',#6684,.T.);
#7129=FACE_BOUND('',#6685,.T.);
#7130=FACE_BOUND('',#6686,.T.);
#7131=FACE_BOUND('',#6687,.T.);
#7132=FACE_BOUND('',#6688,.T.);
#7133=FACE_BOUND('',#6689,.T.);
#7134=FACE_BOUND('',#6690,.T.);
#7135=FACE_BOUND('',#6691,.T.);
#7136=FACE_BOUND('',#6692,.T.);
#7137=FACE_BOUND('',#6693,.T.);
#7138=FACE_BOUND('',#6694,.T.);
#7139=FACE_BOUND('',#6695,.T.);
#7140=FACE_BOUND('',#6696,.T.);
#7141=FACE_BOUND('',#6697,.T.);
#7142=FACE_BOUND('',#6698,.T.);
#7143=FACE_BOUND('',#6699,.T.);
#7144=FACE_BOUND('',#6700,.T.);
#7145=FACE_BOUND('',#6701,.T.);
#7146=FACE_BOUND('',#6702,.T.);
#7147=FACE_BOUND('',#6703,.T.);
#7148=FACE_BOUND('',#6704,.T.);
#7149=FACE_BOUND('',#6705,.T.);
#7150=FACE_BOUND('',#6706,.T.);
#7151=FACE_BOUND('',#6707,.T.);
#7152=FACE_BOUND('',#6708,.T.);
#7153=FACE_BOUND('',#6709,.T.);
#7154=FACE_BOUND('',#6710,.T.);
#7155=FACE_BOUND('',#6711,.T.);
#7156=FACE_BOUND('',#6712,.T.);
#7157=FACE_BOUND('',#6713,.T.);
#7158=FACE_BOUND('',#6714,.T.);
#7159=FACE_BOUND('',#6715,.T.);
#7160=FACE_BOUND('',#6716,.T.);
#7161=FACE_BOUND('',#6717,.T.);
#7162=FACE_BOUND('',#6718,.T.);
#7163=FACE_BOUND('',#6719,.T.);
#7164=FACE_BOUND('',#6720,.T.);
#7165=FACE_BOUND('',#6721,.T.);
#7166=FACE_BOUND('',#6722,.T.);
#7167=FACE_BOUND('',#6723,.T.);
#7168=FACE_BOUND('',#6724,.T.);
#7169=FACE_BOUND('',#6725,.T.);
#7170=FACE_BOUND('',#6726,.T.);
#7171=FACE_BOUND('',#6727,.T.);
#7172=FACE_BOUND('',#6728,.T.);
#7173=FACE_BOUND('',#6729,.T.);
#7174=FACE_BOUND('',#6730,.T.);
#7175=FACE_BOUND('',#6731,.T.);
#7176=FACE_BOUND('',#6732,.T.);
#7177=FACE_BOUND('',#6733,.T.);
#7178=FACE_BOUND('',#6734,.T.);
#7179=FACE_BOUND('',#6735,.T.);
#7180=FACE_BOUND('',#6736,.T.);
#7181=FACE_BOUND('',#6737,.T.);
#7182=FACE_BOUND('',#6738,.T.);
#7183=FACE_BOUND('',#6739,.T.);
#7184=FACE_BOUND('',#6740,.T.);
#7185=FACE_BOUND('',#6741,.T.);
#7186=FACE_BOUND('',#6742,.T.);
#7187=FACE_BOUND('',#6743,.T.);
#7188=FACE_BOUND('',#6744,.T.);
#7189=FACE_BOUND('',#6745,.T.);
#7190=FACE_BOUND('',#6746,.T.);
#7191=FACE_BOUND('',#6747,.T.);
#7192=FACE_BOUND('',#6748,.T.);
#7193=FACE_BOUND('',#6749,.T.);
#7194=FACE_BOUND('',#6750,.T.);
#7195=FACE_BOUND('',#6751,.T.);
#7196=FACE_BOUND('',#6752,.T.);
#7197=FACE_BOUND('',#6753,.T.);
#7198=FACE_BOUND('',#6754,.T.);
#7199=FACE_BOUND('',#6755,.T.);
#7200=FACE_BOUND('',#6756,.T.);
#7201=FACE_BOUND('',#6757,.T.);
#7202=FACE_BOUND('',#6758,.T.);
#7203=FACE_BOUND('',#6759,.T.);
#7204=FACE_BOUND('',#6760,.T.);
#7205=FACE_BOUND('',#6761,.T.);
#7206=FACE_BOUND('',#6762,.T.);
#7207=FACE_BOUND('',#6763,.T.);
#7208=FACE_BOUND('',#6764,.T.);
#7209=FACE_BOUND('',#6765,.T.);
#7210=FACE_BOUND('',#6766,.T.);
#7211=FACE_BOUND('',#6767,.T.);
#7212=FACE_BOUND('',#6768,.T.);
#7213=FACE_BOUND('',#6769,.T.);
#7214=FACE_BOUND('',#6770,.T.);
#7215=FACE_BOUND('',#6771,.T.);
#7216=FACE_BOUND('',#6772,.T.);
#7217=FACE_BOUND('',#6773,.T.);
#7218=FACE_BOUND('',#6774,.T.);
#7219=PLANE('',#7814);
#7220=PLANE('',#7819);
#7221=PLANE('',#7824);
#7222=PLANE('',#7830);
#7223=PLANE('',#7835);
#7224=PLANE('',#7847);
#7225=PLANE('',#7849);
#7226=PLANE('',#7852);
#7227=PLANE('',#7869);
#7228=PLANE('',#7877);
#7229=PLANE('',#7878);
#7230=PLANE('',#7879);
#7231=PLANE('',#7880);
#7232=PLANE('',#7882);
#7233=PLANE('',#7886);
#7234=PLANE('',#7889);
#7235=PLANE('',#7890);
#7236=PLANE('',#7893);
#7237=PLANE('',#7895);
#7238=PLANE('',#7900);
#7239=PLANE('',#7906);
#7240=PLANE('',#7909);
#7241=PLANE('',#7911);
#7242=PLANE('',#7915);
#7243=PLANE('',#7918);
#7244=PLANE('',#7919);
#7245=PLANE('',#7970);
#7246=PLANE('',#7972);
#7247=PLANE('',#7973);
#7248=PLANE('',#7978);
#7249=PLANE('',#7979);
#7250=PLANE('',#7984);
#7251=PLANE('',#8001);
#7252=PLANE('',#8004);
#7253=PLANE('',#8005);
#7254=PLANE('',#8006);
#7255=PLANE('',#8007);
#7256=PLANE('',#8019);
#7257=PLANE('',#8020);
#7258=PLANE('',#8021);
#7259=PLANE('',#8022);
#7260=PLANE('',#8035);
#7261=PLANE('',#8036);
#7262=PLANE('',#8037);
#7263=PLANE('',#8038);
#7264=PLANE('',#8051);
#7265=PLANE('',#8052);
#7266=PLANE('',#8053);
#7267=PLANE('',#8054);
#7268=PLANE('',#8066);
#7269=PLANE('',#8067);
#7270=PLANE('',#8068);
#7271=PLANE('',#8069);
#7272=PLANE('',#8082);
#7273=PLANE('',#8083);
#7274=PLANE('',#8084);
#7275=PLANE('',#8085);
#7276=PLANE('',#8097);
#7277=PLANE('',#8098);
#7278=PLANE('',#8099);
#7279=PLANE('',#8100);
#7280=PLANE('',#8113);
#7281=PLANE('',#8114);
#7282=PLANE('',#8115);
#7283=PLANE('',#8116);
#7284=PLANE('',#8140);
#7285=PLANE('',#8141);
#7286=PLANE('',#8142);
#7287=PLANE('',#8143);
#7288=PLANE('',#8150);
#7289=PLANE('',#8157);
#7290=PLANE('',#8158);
#7291=PLANE('',#8159);
#7292=PLANE('',#8172);
#7293=PLANE('',#8173);
#7294=PLANE('',#8174);
#7295=PLANE('',#8175);
#7296=PLANE('',#8188);
#7297=PLANE('',#8189);
#7298=PLANE('',#8190);
#7299=PLANE('',#8191);
#7300=PLANE('',#8192);
#7301=PLANE('',#8193);
#7302=PLANE('',#8194);
#7303=PLANE('',#8199);
#7304=PLANE('',#8204);
#7305=PLANE('',#8205);
#7306=PLANE('',#8206);
#7307=PLANE('',#8207);
#7308=PLANE('',#8212);
#7309=PLANE('',#8213);
#7310=PLANE('',#8214);
#7311=PLANE('',#8219);
#7312=PLANE('',#8220);
#7313=PLANE('',#8221);
#7314=PLANE('',#8222);
#7315=PLANE('',#8227);
#7316=PLANE('',#8232);
#7317=PLANE('',#8233);
#7318=PLANE('',#8234);
#7319=PLANE('',#8239);
#7320=PLANE('',#8240);
#7321=PLANE('',#8241);
#7322=PLANE('',#8242);
#7323=PLANE('',#8243);
#7324=PLANE('',#8244);
#7325=PLANE('',#8245);
#7326=PLANE('',#8246);
#7327=PLANE('',#8251);
#7328=PLANE('',#8256);
#7329=PLANE('',#8257);
#7330=PLANE('',#8258);
#7331=PLANE('',#8263);
#7332=PLANE('',#8264);
#7333=PLANE('',#8269);
#7334=PLANE('',#8270);
#7335=PLANE('',#8271);
#7336=PLANE('',#8272);
#7337=PLANE('',#8277);
#7338=PLANE('',#8278);
#7339=PLANE('',#8283);
#7340=PLANE('',#8288);
#7341=PLANE('',#8289);
#7342=PLANE('',#8290);
#7343=PLANE('',#8291);
#7344=PLANE('',#8292);
#7345=PLANE('',#8297);
#7346=PLANE('',#8302);
#7347=PLANE('',#8303);
#7348=PLANE('',#8304);
#7349=PLANE('',#8309);
#7350=PLANE('',#8310);
#7351=PLANE('',#8311);
#7352=PLANE('',#8312);
#7353=PLANE('',#8321);
#7354=PLANE('',#8330);
#7355=PLANE('',#8339);
#7356=PLANE('',#8348);
#7357=PLANE('',#8357);
#7358=PLANE('',#8366);
#7359=PLANE('',#8387);
#7360=PLANE('',#8458);
#7361=PLANE('',#8459);
#7362=PLANE('',#8460);
#7363=PLANE('',#8463);
#7364=PLANE('',#8465);
#7365=PLANE('',#8468);
#7366=PLANE('',#8508);
#7367=PLANE('',#8511);
#7368=PLANE('',#8512);
#7369=PLANE('',#8517);
#7370=PLANE('',#8518);
#7371=PLANE('',#8521);
#7372=PLANE('',#8540);
#7373=PLANE('',#8566);
#7374=PLANE('',#8579);
#7375=PLANE('',#8585);
#7376=PLANE('',#8616);
#7377=PLANE('',#8618);
#7378=PLANE('',#8621);
#7379=PLANE('',#8622);
#7380=PLANE('',#8627);
#7381=PLANE('',#8632);
#7382=PLANE('',#8641);
#7383=PLANE('',#8642);
#7384=PLANE('',#8643);
#7385=PLANE('',#8645);
#7386=PLANE('',#8646);
#7387=PLANE('',#8647);
#7388=PLANE('',#8648);
#7389=ADVANCED_FACE('',(#6775,#6776),#7219,.T.);
#7390=ADVANCED_FACE('',(#6777,#6778),#7220,.T.);
#7391=ADVANCED_FACE('',(#6779),#80,.T.);
#7392=ADVANCED_FACE('',(#6780),#7221,.T.);
#7393=ADVANCED_FACE('',(#6781),#7222,.T.);
#7394=ADVANCED_FACE('',(#6782),#7223,.F.);
#7395=ADVANCED_FACE('',(#6783),#81,.F.);
#7396=ADVANCED_FACE('',(#6784),#82,.F.);
#7397=ADVANCED_FACE('',(#6785),#83,.T.);
#7398=ADVANCED_FACE('',(#6786),#84,.T.);
#7399=ADVANCED_FACE('',(#6787),#7224,.F.);
#7400=ADVANCED_FACE('',(#6788),#7225,.F.);
#7401=ADVANCED_FACE('',(#6789,#6790),#7226,.T.);
#7402=ADVANCED_FACE('',(#6791),#85,.F.);
#7403=ADVANCED_FACE('',(#6792,#6793),#86,.T.);
#7404=ADVANCED_FACE('',(#6794,#6795,#6796),#7227,.T.);
#7405=ADVANCED_FACE('',(#6797),#68,.T.);
#7406=ADVANCED_FACE('',(#6798),#69,.T.);
#7407=ADVANCED_FACE('',(#6799),#70,.T.);
#7408=ADVANCED_FACE('',(#6800),#71,.T.);
#7409=ADVANCED_FACE('',(#6801),#7228,.F.);
#7410=ADVANCED_FACE('',(#6802),#55,.T.);
#7411=ADVANCED_FACE('',(#6803),#56,.T.);
#7412=ADVANCED_FACE('',(#6804),#57,.T.);
#7413=ADVANCED_FACE('',(#6805),#58,.T.);
#7414=ADVANCED_FACE('',(#6806),#7229,.F.);
#7415=ADVANCED_FACE('',(#6807),#7230,.T.);
#7416=ADVANCED_FACE('',(#6808),#7231,.F.);
#7417=ADVANCED_FACE('',(#6809),#7232,.T.);
#7418=ADVANCED_FACE('',(#6810),#87,.F.);
#7419=ADVANCED_FACE('',(#6811),#7233,.T.);
#7420=ADVANCED_FACE('',(#6812),#7234,.F.);
#7421=ADVANCED_FACE('',(#6813),#7235,.T.);
#7422=ADVANCED_FACE('',(#6814),#7236,.F.);
#7423=ADVANCED_FACE('',(#6815,#6816),#7237,.F.);
#7424=ADVANCED_FACE('',(#6817),#7238,.F.);
#7425=ADVANCED_FACE('',(#6818),#88,.T.);
#7426=ADVANCED_FACE('',(#6819,#6820),#89,.F.);
#7427=ADVANCED_FACE('',(#6821,#6822),#7239,.T.);
#7428=ADVANCED_FACE('',(#6823),#7240,.T.);
#7429=ADVANCED_FACE('',(#6824,#6825),#7241,.T.);
#7430=ADVANCED_FACE('',(#6826,#6827),#7242,.F.);
#7431=ADVANCED_FACE('',(#6828),#7243,.T.);
#7432=ADVANCED_FACE('',(#6829,#6830,#6831,#6832,#6833,#6834,#6835,#6836,
#6837,#6838,#6839,#6840,#6841),#7244,.F.);
#7433=ADVANCED_FACE('',(#6842),#72,.F.);
#7434=ADVANCED_FACE('',(#6843),#7245,.F.);
#7435=ADVANCED_FACE('',(#6844),#7246,.T.);
#7436=ADVANCED_FACE('',(#6845),#7247,.F.);
#7437=ADVANCED_FACE('',(#6846),#38,.F.);
#7438=ADVANCED_FACE('',(#6847),#39,.F.);
#7439=ADVANCED_FACE('',(#6848),#7248,.F.);
#7440=ADVANCED_FACE('',(#6849),#7249,.T.);
#7441=ADVANCED_FACE('',(#6850),#40,.F.);
#7442=ADVANCED_FACE('',(#6851),#41,.F.);
#7443=ADVANCED_FACE('',(#6852),#7250,.T.);
#7444=ADVANCED_FACE('',(#6853),#18,.T.);
#7445=ADVANCED_FACE('',(#6854),#90,.T.);
#7446=ADVANCED_FACE('',(#6855),#91,.T.);
#7447=ADVANCED_FACE('',(#6856),#19,.T.);
#7448=ADVANCED_FACE('',(#6857),#20,.T.);
#7449=ADVANCED_FACE('',(#6858),#92,.T.);
#7450=ADVANCED_FACE('',(#6859),#93,.T.);
#7451=ADVANCED_FACE('',(#6860),#21,.T.);
#7452=ADVANCED_FACE('',(#6861),#73,.T.);
#7453=ADVANCED_FACE('',(#6862),#7251,.T.);
#7454=ADVANCED_FACE('',(#6863),#7252,.T.);
#7455=ADVANCED_FACE('',(#6864),#7253,.F.);
#7456=ADVANCED_FACE('',(#6865),#7254,.F.);
#7457=ADVANCED_FACE('',(#6866),#7255,.T.);
#7458=ADVANCED_FACE('',(#6867),#94,.F.);
#7459=ADVANCED_FACE('',(#6868),#95,.F.);
#7460=ADVANCED_FACE('',(#6869),#96,.F.);
#7461=ADVANCED_FACE('',(#6870),#97,.F.);
#7462=ADVANCED_FACE('',(#6871),#7256,.T.);
#7463=ADVANCED_FACE('',(#6872),#7257,.T.);
#7464=ADVANCED_FACE('',(#6873),#7258,.F.);
#7465=ADVANCED_FACE('',(#6874),#7259,.F.);
#7466=ADVANCED_FACE('',(#6875),#98,.F.);
#7467=ADVANCED_FACE('',(#6876),#99,.F.);
#7468=ADVANCED_FACE('',(#6877),#100,.F.);
#7469=ADVANCED_FACE('',(#6878),#101,.F.);
#7470=ADVANCED_FACE('',(#6879),#7260,.T.);
#7471=ADVANCED_FACE('',(#6880),#7261,.T.);
#7472=ADVANCED_FACE('',(#6881),#7262,.F.);
#7473=ADVANCED_FACE('',(#6882),#7263,.F.);
#7474=ADVANCED_FACE('',(#6883),#102,.F.);
#7475=ADVANCED_FACE('',(#6884),#103,.F.);
#7476=ADVANCED_FACE('',(#6885),#104,.F.);
#7477=ADVANCED_FACE('',(#6886),#105,.F.);
#7478=ADVANCED_FACE('',(#6887),#7264,.F.);
#7479=ADVANCED_FACE('',(#6888),#7265,.T.);
#7480=ADVANCED_FACE('',(#6889),#7266,.F.);
#7481=ADVANCED_FACE('',(#6890),#7267,.T.);
#7482=ADVANCED_FACE('',(#6891),#106,.F.);
#7483=ADVANCED_FACE('',(#6892),#107,.F.);
#7484=ADVANCED_FACE('',(#6893),#108,.F.);
#7485=ADVANCED_FACE('',(#6894),#109,.F.);
#7486=ADVANCED_FACE('',(#6895),#7268,.F.);
#7487=ADVANCED_FACE('',(#6896),#7269,.F.);
#7488=ADVANCED_FACE('',(#6897),#7270,.T.);
#7489=ADVANCED_FACE('',(#6898),#7271,.T.);
#7490=ADVANCED_FACE('',(#6899),#110,.F.);
#7491=ADVANCED_FACE('',(#6900),#111,.F.);
#7492=ADVANCED_FACE('',(#6901),#112,.F.);
#7493=ADVANCED_FACE('',(#6902),#113,.F.);
#7494=ADVANCED_FACE('',(#6903),#7272,.T.);
#7495=ADVANCED_FACE('',(#6904),#7273,.T.);
#7496=ADVANCED_FACE('',(#6905),#7274,.F.);
#7497=ADVANCED_FACE('',(#6906),#7275,.F.);
#7498=ADVANCED_FACE('',(#6907),#114,.F.);
#7499=ADVANCED_FACE('',(#6908),#115,.F.);
#7500=ADVANCED_FACE('',(#6909),#116,.F.);
#7501=ADVANCED_FACE('',(#6910),#117,.F.);
#7502=ADVANCED_FACE('',(#6911),#7276,.T.);
#7503=ADVANCED_FACE('',(#6912),#7277,.F.);
#7504=ADVANCED_FACE('',(#6913),#7278,.F.);
#7505=ADVANCED_FACE('',(#6914),#7279,.T.);
#7506=ADVANCED_FACE('',(#6915),#118,.F.);
#7507=ADVANCED_FACE('',(#6916),#119,.F.);
#7508=ADVANCED_FACE('',(#6917),#120,.F.);
#7509=ADVANCED_FACE('',(#6918),#121,.F.);
#7510=ADVANCED_FACE('',(#6919),#7280,.F.);
#7511=ADVANCED_FACE('',(#6920),#7281,.F.);
#7512=ADVANCED_FACE('',(#6921),#7282,.T.);
#7513=ADVANCED_FACE('',(#6922),#7283,.T.);
#7514=ADVANCED_FACE('',(#6923),#122,.F.);
#7515=ADVANCED_FACE('',(#6924),#123,.F.);
#7516=ADVANCED_FACE('',(#6925),#124,.F.);
#7517=ADVANCED_FACE('',(#6926),#125,.F.);
#7518=ADVANCED_FACE('',(#6927),#126,.F.);
#7519=ADVANCED_FACE('',(#6928),#127,.F.);
#7520=ADVANCED_FACE('',(#6929),#128,.F.);
#7521=ADVANCED_FACE('',(#6930),#129,.F.);
#7522=ADVANCED_FACE('',(#6931),#7284,.T.);
#7523=ADVANCED_FACE('',(#6932),#7285,.F.);
#7524=ADVANCED_FACE('',(#6933),#7286,.F.);
#7525=ADVANCED_FACE('',(#6934),#7287,.T.);
#7526=ADVANCED_FACE('',(#6935),#130,.F.);
#7527=ADVANCED_FACE('',(#6936),#131,.F.);
#7528=ADVANCED_FACE('',(#6937),#7288,.T.);
#7529=ADVANCED_FACE('',(#6938),#132,.F.);
#7530=ADVANCED_FACE('',(#6939),#133,.F.);
#7531=ADVANCED_FACE('',(#6940),#7289,.F.);
#7532=ADVANCED_FACE('',(#6941),#7290,.F.);
#7533=ADVANCED_FACE('',(#6942),#7291,.T.);
#7534=ADVANCED_FACE('',(#6943),#134,.F.);
#7535=ADVANCED_FACE('',(#6944),#135,.F.);
#7536=ADVANCED_FACE('',(#6945),#136,.F.);
#7537=ADVANCED_FACE('',(#6946),#137,.F.);
#7538=ADVANCED_FACE('',(#6947),#7292,.T.);
#7539=ADVANCED_FACE('',(#6948),#7293,.F.);
#7540=ADVANCED_FACE('',(#6949),#7294,.F.);
#7541=ADVANCED_FACE('',(#6950),#7295,.T.);
#7542=ADVANCED_FACE('',(#6951),#138,.F.);
#7543=ADVANCED_FACE('',(#6952),#139,.F.);
#7544=ADVANCED_FACE('',(#6953),#140,.F.);
#7545=ADVANCED_FACE('',(#6954),#141,.F.);
#7546=ADVANCED_FACE('',(#6955),#7296,.T.);
#7547=ADVANCED_FACE('',(#6956),#7297,.F.);
#7548=ADVANCED_FACE('',(#6957),#7298,.F.);
#7549=ADVANCED_FACE('',(#6958),#7299,.T.);
#7550=ADVANCED_FACE('',(#6959),#7300,.F.);
#7551=ADVANCED_FACE('',(#6960),#7301,.T.);
#7552=ADVANCED_FACE('',(#6961),#7302,.T.);
#7553=ADVANCED_FACE('',(#6962),#7303,.T.);
#7554=ADVANCED_FACE('',(#6963),#7304,.T.);
#7555=ADVANCED_FACE('',(#6964),#7305,.F.);
#7556=ADVANCED_FACE('',(#6965),#7306,.F.);
#7557=ADVANCED_FACE('',(#6966),#7307,.T.);
#7558=ADVANCED_FACE('',(#6967),#7308,.F.);
#7559=ADVANCED_FACE('',(#6968),#7309,.T.);
#7560=ADVANCED_FACE('',(#6969),#7310,.T.);
#7561=ADVANCED_FACE('',(#6970),#7311,.T.);
#7562=ADVANCED_FACE('',(#6971),#7312,.F.);
#7563=ADVANCED_FACE('',(#6972),#7313,.T.);
#7564=ADVANCED_FACE('',(#6973),#7314,.T.);
#7565=ADVANCED_FACE('',(#6974),#7315,.T.);
#7566=ADVANCED_FACE('',(#6975),#7316,.F.);
#7567=ADVANCED_FACE('',(#6976),#7317,.T.);
#7568=ADVANCED_FACE('',(#6977),#7318,.T.);
#7569=ADVANCED_FACE('',(#6978),#7319,.T.);
#7570=ADVANCED_FACE('',(#6979),#7320,.F.);
#7571=ADVANCED_FACE('',(#6980),#7321,.T.);
#7572=ADVANCED_FACE('',(#6981),#7322,.F.);
#7573=ADVANCED_FACE('',(#6982),#7323,.F.);
#7574=ADVANCED_FACE('',(#6983),#7324,.F.);
#7575=ADVANCED_FACE('',(#6984),#7325,.T.);
#7576=ADVANCED_FACE('',(#6985),#7326,.T.);
#7577=ADVANCED_FACE('',(#6986),#7327,.T.);
#7578=ADVANCED_FACE('',(#6987),#7328,.F.);
#7579=ADVANCED_FACE('',(#6988),#7329,.T.);
#7580=ADVANCED_FACE('',(#6989),#7330,.T.);
#7581=ADVANCED_FACE('',(#6990),#7331,.T.);
#7582=ADVANCED_FACE('',(#6991),#7332,.T.);
#7583=ADVANCED_FACE('',(#6992),#7333,.T.);
#7584=ADVANCED_FACE('',(#6993),#7334,.F.);
#7585=ADVANCED_FACE('',(#6994),#7335,.T.);
#7586=ADVANCED_FACE('',(#6995),#7336,.T.);
#7587=ADVANCED_FACE('',(#6996),#7337,.F.);
#7588=ADVANCED_FACE('',(#6997),#7338,.T.);
#7589=ADVANCED_FACE('',(#6998),#7339,.T.);
#7590=ADVANCED_FACE('',(#6999),#7340,.T.);
#7591=ADVANCED_FACE('',(#7000),#7341,.F.);
#7592=ADVANCED_FACE('',(#7001),#7342,.T.);
#7593=ADVANCED_FACE('',(#7002),#7343,.F.);
#7594=ADVANCED_FACE('',(#7003),#7344,.T.);
#7595=ADVANCED_FACE('',(#7004),#7345,.T.);
#7596=ADVANCED_FACE('',(#7005),#7346,.T.);
#7597=ADVANCED_FACE('',(#7006),#7347,.F.);
#7598=ADVANCED_FACE('',(#7007),#7348,.T.);
#7599=ADVANCED_FACE('',(#7008),#7349,.F.);
#7600=ADVANCED_FACE('',(#7009),#7350,.T.);
#7601=ADVANCED_FACE('',(#7010),#7351,.F.);
#7602=ADVANCED_FACE('',(#7011),#7352,.F.);
#7603=ADVANCED_FACE('',(#7012),#7353,.F.);
#7604=ADVANCED_FACE('',(#7013),#7354,.F.);
#7605=ADVANCED_FACE('',(#7014),#7355,.F.);
#7606=ADVANCED_FACE('',(#7015),#7356,.F.);
#7607=ADVANCED_FACE('',(#7016),#7357,.F.);
#7608=ADVANCED_FACE('',(#7017,#7018),#7358,.F.);
#7609=ADVANCED_FACE('',(#7019),#7359,.F.);
#7610=ADVANCED_FACE('',(#7020),#142,.T.);
#7611=ADVANCED_FACE('',(#7021),#143,.T.);
#7612=ADVANCED_FACE('',(#7022),#144,.T.);
#7613=ADVANCED_FACE('',(#7023),#145,.T.);
#7614=ADVANCED_FACE('',(#7024),#146,.T.);
#7615=ADVANCED_FACE('',(#7025),#147,.T.);
#7616=ADVANCED_FACE('',(#7026),#148,.T.);
#7617=ADVANCED_FACE('',(#7027),#149,.T.);
#7618=ADVANCED_FACE('',(#7028),#150,.T.);
#7619=ADVANCED_FACE('',(#7029),#151,.T.);
#7620=ADVANCED_FACE('',(#7030),#152,.T.);
#7621=ADVANCED_FACE('',(#7031),#153,.T.);
#7622=ADVANCED_FACE('',(#7032),#154,.T.);
#7623=ADVANCED_FACE('',(#7033),#155,.T.);
#7624=ADVANCED_FACE('',(#7034),#156,.T.);
#7625=ADVANCED_FACE('',(#7035),#157,.T.);
#7626=ADVANCED_FACE('',(#7036),#158,.T.);
#7627=ADVANCED_FACE('',(#7037),#159,.T.);
#7628=ADVANCED_FACE('',(#7038),#160,.T.);
#7629=ADVANCED_FACE('',(#7039),#161,.T.);
#7630=ADVANCED_FACE('',(#7040),#162,.T.);
#7631=ADVANCED_FACE('',(#7041),#163,.T.);
#7632=ADVANCED_FACE('',(#7042),#164,.T.);
#7633=ADVANCED_FACE('',(#7043),#165,.T.);
#7634=ADVANCED_FACE('',(#7044),#166,.T.);
#7635=ADVANCED_FACE('',(#7045),#167,.T.);
#7636=ADVANCED_FACE('',(#7046),#168,.T.);
#7637=ADVANCED_FACE('',(#7047),#169,.T.);
#7638=ADVANCED_FACE('',(#7048),#170,.T.);
#7639=ADVANCED_FACE('',(#7049),#171,.T.);
#7640=ADVANCED_FACE('',(#7050),#172,.T.);
#7641=ADVANCED_FACE('',(#7051),#173,.T.);
#7642=ADVANCED_FACE('',(#7052),#174,.T.);
#7643=ADVANCED_FACE('',(#7053),#175,.T.);
#7644=ADVANCED_FACE('',(#7054),#176,.T.);
#7645=ADVANCED_FACE('',(#7055),#177,.T.);
#7646=ADVANCED_FACE('',(#7056),#178,.T.);
#7647=ADVANCED_FACE('',(#7057),#179,.T.);
#7648=ADVANCED_FACE('',(#7058),#180,.T.);
#7649=ADVANCED_FACE('',(#7059),#181,.T.);
#7650=ADVANCED_FACE('',(#7060),#182,.T.);
#7651=ADVANCED_FACE('',(#7061),#183,.T.);
#7652=ADVANCED_FACE('',(#7062),#184,.T.);
#7653=ADVANCED_FACE('',(#7063),#185,.T.);
#7654=ADVANCED_FACE('',(#7064),#186,.T.);
#7655=ADVANCED_FACE('',(#7065),#187,.T.);
#7656=ADVANCED_FACE('',(#7066),#188,.T.);
#7657=ADVANCED_FACE('',(#7067),#189,.T.);
#7658=ADVANCED_FACE('',(#7068),#190,.T.);
#7659=ADVANCED_FACE('',(#7069),#191,.T.);
#7660=ADVANCED_FACE('',(#7070),#192,.T.);
#7661=ADVANCED_FACE('',(#7071),#193,.T.);
#7662=ADVANCED_FACE('',(#7072),#194,.T.);
#7663=ADVANCED_FACE('',(#7073),#195,.T.);
#7664=ADVANCED_FACE('',(#7074),#196,.T.);
#7665=ADVANCED_FACE('',(#7075),#197,.T.);
#7666=ADVANCED_FACE('',(#7076),#198,.T.);
#7667=ADVANCED_FACE('',(#7077),#199,.T.);
#7668=ADVANCED_FACE('',(#7078),#200,.T.);
#7669=ADVANCED_FACE('',(#7079),#201,.T.);
#7670=ADVANCED_FACE('',(#7080),#202,.T.);
#7671=ADVANCED_FACE('',(#7081),#203,.T.);
#7672=ADVANCED_FACE('',(#7082),#204,.T.);
#7673=ADVANCED_FACE('',(#7083),#205,.T.);
#7674=ADVANCED_FACE('',(#7084),#206,.T.);
#7675=ADVANCED_FACE('',(#7085),#207,.T.);
#7676=ADVANCED_FACE('',(#7086),#208,.T.);
#7677=ADVANCED_FACE('',(#7087),#209,.T.);
#7678=ADVANCED_FACE('',(#7088),#7360,.F.);
#7679=ADVANCED_FACE('',(#7089),#7361,.T.);
#7680=ADVANCED_FACE('',(#7090),#7362,.F.);
#7681=ADVANCED_FACE('',(#7091),#7363,.F.);
#7682=ADVANCED_FACE('',(#7092),#7364,.T.);
#7683=ADVANCED_FACE('',(#7093),#7365,.T.);
#7684=ADVANCED_FACE('',(#7094),#210,.T.);
#7685=ADVANCED_FACE('',(#7095),#211,.T.);
#7686=ADVANCED_FACE('',(#7096),#16,.T.);
#7687=ADVANCED_FACE('',(#7097),#22,.T.);
#7688=ADVANCED_FACE('',(#7098),#212,.T.);
#7689=ADVANCED_FACE('',(#7099),#17,.T.);
#7690=ADVANCED_FACE('',(#7100),#213,.T.);
#7691=ADVANCED_FACE('',(#7101),#214,.T.);
#7692=ADVANCED_FACE('',(#7102),#215,.T.);
#7693=ADVANCED_FACE('',(#7103),#216,.T.);
#7694=ADVANCED_FACE('',(#7104),#217,.F.);
#7695=ADVANCED_FACE('',(#7105),#218,.F.);
#7696=ADVANCED_FACE('',(#7106),#219,.F.);
#7697=ADVANCED_FACE('',(#7107),#220,.F.);
#7698=ADVANCED_FACE('',(#7108),#221,.F.);
#7699=ADVANCED_FACE('',(#7109),#59,.F.);
#7700=ADVANCED_FACE('',(#7110),#222,.F.);
#7701=ADVANCED_FACE('',(#7111),#60,.F.);
#7702=ADVANCED_FACE('',(#7112),#223,.F.);
#7703=ADVANCED_FACE('',(#7113),#61,.F.);
#7704=ADVANCED_FACE('',(#7114),#224,.F.);
#7705=ADVANCED_FACE('',(#7115),#7366,.T.);
#7706=ADVANCED_FACE('',(#7116),#74,.T.);
#7707=ADVANCED_FACE('',(#7117),#42,.T.);
#7708=ADVANCED_FACE('',(#7118),#7367,.F.);
#7709=ADVANCED_FACE('',(#7119),#7368,.F.);
#7710=ADVANCED_FACE('',(#7120),#43,.T.);
#7711=ADVANCED_FACE('',(#7121),#44,.T.);
#7712=ADVANCED_FACE('',(#7122),#7369,.F.);
#7713=ADVANCED_FACE('',(#7123),#7370,.T.);
#7714=ADVANCED_FACE('',(#7124),#45,.T.);
#7715=ADVANCED_FACE('',(#7125),#75,.T.);
#7716=ADVANCED_FACE('',(#7126),#7371,.F.);
#7717=ADVANCED_FACE('',(#7127),#225,.T.);
#7718=ADVANCED_FACE('',(#7128),#23,.T.);
#7719=ADVANCED_FACE('',(#7129),#62,.T.);
#7720=ADVANCED_FACE('',(#7130),#226,.T.);
#7721=ADVANCED_FACE('',(#7131),#227,.T.);
#7722=ADVANCED_FACE('',(#7132),#24,.T.);
#7723=ADVANCED_FACE('',(#7133),#25,.T.);
#7724=ADVANCED_FACE('',(#7134),#228,.T.);
#7725=ADVANCED_FACE('',(#7135),#229,.T.);
#7726=ADVANCED_FACE('',(#7136),#63,.T.);
#7727=ADVANCED_FACE('',(#7137),#26,.T.);
#7728=ADVANCED_FACE('',(#7138),#230,.T.);
#7729=ADVANCED_FACE('',(#7139),#7372,.F.);
#7730=ADVANCED_FACE('',(#7140),#12,.F.);
#7731=ADVANCED_FACE('',(#7141),#231,.F.);
#7732=ADVANCED_FACE('',(#7142),#232,.F.);
#7733=ADVANCED_FACE('',(#7143),#13,.F.);
#7734=ADVANCED_FACE('',(#7144),#27,.T.);
#7735=ADVANCED_FACE('',(#7145),#233,.T.);
#7736=ADVANCED_FACE('',(#7146),#234,.T.);
#7737=ADVANCED_FACE('',(#7147),#28,.T.);
#7738=ADVANCED_FACE('',(#7148),#29,.T.);
#7739=ADVANCED_FACE('',(#7149),#235,.T.);
#7740=ADVANCED_FACE('',(#7150),#236,.T.);
#7741=ADVANCED_FACE('',(#7151),#30,.T.);
#7742=ADVANCED_FACE('',(#7152),#7373,.F.);
#7743=ADVANCED_FACE('',(#7153),#14,.F.);
#7744=ADVANCED_FACE('',(#7154),#237,.F.);
#7745=ADVANCED_FACE('',(#7155),#238,.F.);
#7746=ADVANCED_FACE('',(#7156),#15,.F.);
#7747=ADVANCED_FACE('',(#7157),#239,.F.);
#7748=ADVANCED_FACE('',(#7158),#7374,.F.);
#7749=ADVANCED_FACE('',(#7159),#240,.F.);
#7750=ADVANCED_FACE('',(#7160),#241,.F.);
#7751=ADVANCED_FACE('',(#7161),#7375,.F.);
#7752=ADVANCED_FACE('',(#7162),#242,.F.);
#7753=ADVANCED_FACE('',(#7163),#243,.T.);
#7754=ADVANCED_FACE('',(#7164),#31,.T.);
#7755=ADVANCED_FACE('',(#7165),#32,.T.);
#7756=ADVANCED_FACE('',(#7166),#244,.T.);
#7757=ADVANCED_FACE('',(#7167),#245,.T.);
#7758=ADVANCED_FACE('',(#7168),#33,.T.);
#7759=ADVANCED_FACE('',(#7169),#34,.T.);
#7760=ADVANCED_FACE('',(#7170),#246,.T.);
#7761=ADVANCED_FACE('',(#7171),#247,.T.);
#7762=ADVANCED_FACE('',(#7172),#35,.T.);
#7763=ADVANCED_FACE('',(#7173),#248,.T.);
#7764=ADVANCED_FACE('',(#7174),#36,.T.);
#7765=ADVANCED_FACE('',(#7175),#249,.T.);
#7766=ADVANCED_FACE('',(#7176,#7177),#46,.F.);
#7767=ADVANCED_FACE('',(#7178),#47,.F.);
#7768=ADVANCED_FACE('',(#7179),#7376,.T.);
#7769=ADVANCED_FACE('',(#7180),#7377,.F.);
#7770=ADVANCED_FACE('',(#7181),#48,.F.);
#7771=ADVANCED_FACE('',(#7182),#49,.F.);
#7772=ADVANCED_FACE('',(#7183),#7378,.T.);
#7773=ADVANCED_FACE('',(#7184),#7379,.T.);
#7774=ADVANCED_FACE('',(#7185),#250,.F.);
#7775=ADVANCED_FACE('',(#7186),#251,.T.);
#7776=ADVANCED_FACE('',(#7187),#252,.F.);
#7777=ADVANCED_FACE('',(#7188),#253,.T.);
#7778=ADVANCED_FACE('',(#7189),#7380,.T.);
#7779=ADVANCED_FACE('',(#7190,#7191),#254,.F.);
#7780=ADVANCED_FACE('',(#7192),#7381,.T.);
#7781=ADVANCED_FACE('',(#7193,#7194),#255,.F.);
#7782=ADVANCED_FACE('',(#7195,#7196),#50,.F.);
#7783=ADVANCED_FACE('',(#7197,#7198),#51,.F.);
#7784=ADVANCED_FACE('',(#7199,#7200),#52,.F.);
#7785=ADVANCED_FACE('',(#7201,#7202),#53,.F.);
#7786=ADVANCED_FACE('',(#7203),#7382,.T.);
#7787=ADVANCED_FACE('',(#7204),#7383,.F.);
#7788=ADVANCED_FACE('',(#7205),#7384,.F.);
#7789=ADVANCED_FACE('',(#7206),#54,.T.);
#7790=ADVANCED_FACE('',(#7207),#7385,.T.);
#7791=ADVANCED_FACE('',(#7208),#7386,.T.);
#7792=ADVANCED_FACE('',(#7209),#7387,.F.);
#7793=ADVANCED_FACE('',(#7210),#7388,.T.);
#7794=ADVANCED_FACE('',(#7211),#256,.T.);
#7795=ADVANCED_FACE('',(#7212),#257,.T.);
#7796=ADVANCED_FACE('',(#7213,#7214),#37,.F.);
#7797=ADVANCED_FACE('',(#7215),#64,.T.);
#7798=ADVANCED_FACE('',(#7216),#65,.T.);
#7799=ADVANCED_FACE('',(#7217),#66,.T.);
#7800=ADVANCED_FACE('',(#7218),#67,.T.);
#7801=CLOSED_SHELL('',(#7389,#7390,#7391,#7392,#7393,#7394,#7395,#7396,
#7397,#7398,#7399,#7400,#7401,#7402,#7403,#7404,#7405,#7406,#7407,#7408,
#7409,#7410,#7411,#7412,#7413,#7414,#7415,#7416,#7417,#7418,#7419,#7420,
#7421,#7422,#7423,#7424,#7425,#7426,#7427,#7428,#7429,#7430,#7431,#7432,
#7433,#7434,#7435,#7436,#7437,#7438,#7439,#7440,#7441,#7442,#7443,#7444,
#7445,#7446,#7447,#7448,#7449,#7450,#7451,#7452,#7453,#7454,#7455,#7456,
#7457,#7458,#7459,#7460,#7461,#7462,#7463,#7464,#7465,#7466,#7467,#7468,
#7469,#7470,#7471,#7472,#7473,#7474,#7475,#7476,#7477,#7478,#7479,#7480,
#7481,#7482,#7483,#7484,#7485,#7486,#7487,#7488,#7489,#7490,#7491,#7492,
#7493,#7494,#7495,#7496,#7497,#7498,#7499,#7500,#7501,#7502,#7503,#7504,
#7505,#7506,#7507,#7508,#7509,#7510,#7511,#7512,#7513,#7514,#7515,#7516,
#7517,#7518,#7519,#7520,#7521,#7522,#7523,#7524,#7525,#7526,#7527,#7528,
#7529,#7530,#7531,#7532,#7533,#7534,#7535,#7536,#7537,#7538,#7539,#7540,
#7541,#7542,#7543,#7544,#7545,#7546,#7547,#7548,#7549,#7550,#7551,#7552,
#7553,#7554,#7555,#7556,#7557,#7558,#7559,#7560,#7561,#7562,#7563,#7564,
#7565,#7566,#7567,#7568,#7569,#7570,#7571,#7572,#7573,#7574,#7575,#7576,
#7577,#7578,#7579,#7580,#7581,#7582,#7583,#7584,#7585,#7586,#7587,#7588,
#7589,#7590,#7591,#7592,#7593,#7594,#7595,#7596,#7597,#7598,#7599,#7600,
#7601,#7602,#7603,#7604,#7605,#7606,#7607,#7608,#7609,#7610,#7611,#7612,
#7613,#7614,#7615,#7616,#7617,#7618,#7619,#7620,#7621,#7622,#7623,#7624,
#7625,#7626,#7627,#7628,#7629,#7630,#7631,#7632,#7633,#7634,#7635,#7636,
#7637,#7638,#7639,#7640,#7641,#7642,#7643,#7644,#7645,#7646,#7647,#7648,
#7649,#7650,#7651,#7652,#7653,#7654,#7655,#7656,#7657,#7658,#7659,#7660,
#7661,#7662,#7663,#7664,#7665,#7666,#7667,#7668,#7669,#7670,#7671,#7672,
#7673,#7674,#7675,#7676,#7677,#7678,#7679,#7680,#7681,#7682,#7683,#7684,
#7685,#7686,#7687,#7688,#7689,#7690,#7691,#7692,#7693,#7694,#7695,#7696,
#7697,#7698,#7699,#7700,#7701,#7702,#7703,#7704,#7705,#7706,#7707,#7708,
#7709,#7710,#7711,#7712,#7713,#7714,#7715,#7716,#7717,#7718,#7719,#7720,
#7721,#7722,#7723,#7724,#7725,#7726,#7727,#7728,#7729,#7730,#7731,#7732,
#7733,#7734,#7735,#7736,#7737,#7738,#7739,#7740,#7741,#7742,#7743,#7744,
#7745,#7746,#7747,#7748,#7749,#7750,#7751,#7752,#7753,#7754,#7755,#7756,
#7757,#7758,#7759,#7760,#7761,#7762,#7763,#7764,#7765,#7766,#7767,#7768,
#7769,#7770,#7771,#7772,#7773,#7774,#7775,#7776,#7777,#7778,#7779,#7780,
#7781,#7782,#7783,#7784,#7785,#7786,#7787,#7788,#7789,#7790,#7791,#7792,
#7793,#7794,#7795,#7796,#7797,#7798,#7799,#7800));
#7802=STYLED_ITEM('',(#7803),#7810);
#7803=PRESENTATION_STYLE_ASSIGNMENT((#7804));
#7804=SURFACE_STYLE_USAGE(.BOTH.,#7805);
#7805=SURFACE_SIDE_STYLE('',(#7806));
#7806=SURFACE_STYLE_FILL_AREA(#7807);
#7807=FILL_AREA_STYLE('',(#7808));
#7808=FILL_AREA_STYLE_COLOUR('',#7809);
#7809=COLOUR_RGB('',0.498039215686275,0.498039215686275,0.498039215686275);
#7810=MANIFOLD_SOLID_BREP('Top_shell',#7801);
#7811=SHAPE_DEFINITION_REPRESENTATION(#14235,#7812);
#7812=SHAPE_REPRESENTATION('Top_shell',(#7813),#14230);
#7813=AXIS2_PLACEMENT_3D('',#10996,#8656,#8657);
#7814=AXIS2_PLACEMENT_3D('',#10997,#8658,#8659);
#7815=AXIS2_PLACEMENT_3D('',#10998,#8660,#8661);
#7816=AXIS2_PLACEMENT_3D('',#11003,#8663,#8664);
#7817=AXIS2_PLACEMENT_3D('',#11007,#8666,#8667);
#7818=AXIS2_PLACEMENT_3D('',#11011,#8669,#8670);
#7819=AXIS2_PLACEMENT_3D('',#11045,#8678,#8679);
#7820=AXIS2_PLACEMENT_3D('',#11046,#8680,#8681);
#7821=AXIS2_PLACEMENT_3D('',#11066,#8687,#8688);
#7822=AXIS2_PLACEMENT_3D('',#11074,#8689,#8690);
#7823=AXIS2_PLACEMENT_3D('',#11082,#8691,#8692);
#7824=AXIS2_PLACEMENT_3D('',#11083,#8693,#8694);
#7825=AXIS2_PLACEMENT_3D('',#11094,#8700,#8701);
#7826=AXIS2_PLACEMENT_3D('',#11098,#8703,#8704);
#7827=AXIS2_PLACEMENT_3D('',#11106,#8708,#8709);
#7828=AXIS2_PLACEMENT_3D('',#11110,#8711,#8712);
#7829=AXIS2_PLACEMENT_3D('',#11114,#8714,#8715);
#7830=AXIS2_PLACEMENT_3D('',#11117,#8717,#8718);
#7831=AXIS2_PLACEMENT_3D('',#11125,#8722,#8723);
#7832=AXIS2_PLACEMENT_3D('',#11131,#8726,#8727);
#7833=AXIS2_PLACEMENT_3D('',#11135,#8729,#8730);
#7834=AXIS2_PLACEMENT_3D('',#11141,#8733,#8734);
#7835=AXIS2_PLACEMENT_3D('',#11179,#8747,#8748);
#7836=AXIS2_PLACEMENT_3D('',#11185,#8751,#8752);
#7837=AXIS2_PLACEMENT_3D('',#11188,#8754,#8755);
#7838=AXIS2_PLACEMENT_3D('',#11189,#8756,#8757);
#7839=AXIS2_PLACEMENT_3D('',#11198,#8759,#8760);
#7840=AXIS2_PLACEMENT_3D('',#11199,#8761,#8762);
#7841=AXIS2_PLACEMENT_3D('',#11200,#8763,#8764);
#7842=AXIS2_PLACEMENT_3D('',#11202,#8765,#8766);
#7843=AXIS2_PLACEMENT_3D('',#11210,#8768,#8769);
#7844=AXIS2_PLACEMENT_3D('',#11216,#8770,#8771);
#7845=AXIS2_PLACEMENT_3D('',#11219,#8773,#8774);
#7846=AXIS2_PLACEMENT_3D('',#11227,#8776,#8777);
#7847=AXIS2_PLACEMENT_3D('',#11228,#8778,#8779);
#7848=AXIS2_PLACEMENT_3D('',#11229,#8780,#8781);
#7849=AXIS2_PLACEMENT_3D('',#11231,#8783,#8784);
#7850=AXIS2_PLACEMENT_3D('',#11232,#8785,#8786);
#7851=AXIS2_PLACEMENT_3D('',#11233,#8787,#8788);
#7852=AXIS2_PLACEMENT_3D('',#11234,#8789,#8790);
#7853=AXIS2_PLACEMENT_3D('',#11238,#8792,#8793);
#7854=AXIS2_PLACEMENT_3D('',#11242,#8795,#8796);
#7855=AXIS2_PLACEMENT_3D('',#11246,#8798,#8799);
#7856=AXIS2_PLACEMENT_3D('',#11250,#8801,#8802);
#7857=AXIS2_PLACEMENT_3D('',#11251,#8803,#8804);
#7858=AXIS2_PLACEMENT_3D('',#11253,#8805,#8806);
#7859=AXIS2_PLACEMENT_3D('',#11256,#8808,#8809);
#7860=AXIS2_PLACEMENT_3D('',#11260,#8811,#8812);
#7861=AXIS2_PLACEMENT_3D('',#11264,#8814,#8815);
#7862=AXIS2_PLACEMENT_3D('',#11267,#8817,#8818);
#7863=AXIS2_PLACEMENT_3D('',#11268,#8819,#8820);
#7864=AXIS2_PLACEMENT_3D('',#11271,#8821,#8822);
#7865=AXIS2_PLACEMENT_3D('',#11273,#8823,#8824);
#7866=AXIS2_PLACEMENT_3D('',#11275,#8825,#8826);
#7867=AXIS2_PLACEMENT_3D('',#11276,#8827,#8828);
#7868=AXIS2_PLACEMENT_3D('',#11281,#8830,#8831);
#7869=AXIS2_PLACEMENT_3D('',#11284,#8833,#8834);
#7870=AXIS2_PLACEMENT_3D('',#11291,#8838,#8839);
#7871=AXIS2_PLACEMENT_3D('',#11303,#8845,#8846);
#7872=AXIS2_PLACEMENT_3D('',#11307,#8848,#8849);
#7873=AXIS2_PLACEMENT_3D('',#11310,#8851,#8852);
#7874=AXIS2_PLACEMENT_3D('',#11315,#8854,#8855);
#7875=AXIS2_PLACEMENT_3D('',#11319,#8857,#8858);
#7876=AXIS2_PLACEMENT_3D('',#11323,#8860,#8861);
#7877=AXIS2_PLACEMENT_3D('',#11514,#8867,#8868);
#7878=AXIS2_PLACEMENT_3D('',#11609,#8869,#8870);
#7879=AXIS2_PLACEMENT_3D('',#11620,#8874,#8875);
#7880=AXIS2_PLACEMENT_3D('',#11631,#8879,#8880);
#7881=AXIS2_PLACEMENT_3D('',#11633,#8882,#8883);
#7882=AXIS2_PLACEMENT_3D('',#11634,#8884,#8885);
#7883=AXIS2_PLACEMENT_3D('',#11638,#8888,#8889);
#7884=AXIS2_PLACEMENT_3D('',#11643,#8892,#8893);
#7885=AXIS2_PLACEMENT_3D('',#11659,#8896,#8897);
#7886=AXIS2_PLACEMENT_3D('',#11660,#8898,#8899);
#7887=AXIS2_PLACEMENT_3D('',#11671,#8905,#8906);
#7888=AXIS2_PLACEMENT_3D('',#11675,#8908,#8909);
#7889=AXIS2_PLACEMENT_3D('',#11678,#8911,#8912);
#7890=AXIS2_PLACEMENT_3D('',#11689,#8919,#8920);
#7891=AXIS2_PLACEMENT_3D('',#11690,#8921,#8922);
#7892=AXIS2_PLACEMENT_3D('',#11694,#8924,#8925);
#7893=AXIS2_PLACEMENT_3D('',#11695,#8926,#8927);
#7894=AXIS2_PLACEMENT_3D('',#11701,#8930,#8931);
#7895=AXIS2_PLACEMENT_3D('',#11704,#8933,#8934);
#7896=AXIS2_PLACEMENT_3D('',#11708,#8936,#8937);
#7897=AXIS2_PLACEMENT_3D('',#11712,#8939,#8940);
#7898=AXIS2_PLACEMENT_3D('',#11716,#8942,#8943);
#7899=AXIS2_PLACEMENT_3D('',#11720,#8945,#8946);
#7900=AXIS2_PLACEMENT_3D('',#11747,#8958,#8959);
#7901=AXIS2_PLACEMENT_3D('',#11748,#8960,#8961);
#7902=AXIS2_PLACEMENT_3D('',#11756,#8965,#8966);
#7903=AXIS2_PLACEMENT_3D('',#11759,#8968,#8969);
#7904=AXIS2_PLACEMENT_3D('',#11762,#8971,#8972);
#7905=AXIS2_PLACEMENT_3D('',#11763,#8973,#8974);
#7906=AXIS2_PLACEMENT_3D('',#11765,#8975,#8976);
#7907=AXIS2_PLACEMENT_3D('',#11766,#8977,#8978);
#7908=AXIS2_PLACEMENT_3D('',#11770,#8980,#8981);
#7909=AXIS2_PLACEMENT_3D('',#11778,#8986,#8987);
#7910=AXIS2_PLACEMENT_3D('',#11791,#8994,#8995);
#7911=AXIS2_PLACEMENT_3D('',#11792,#8996,#8997);
#7912=AXIS2_PLACEMENT_3D('',#11793,#8998,#8999);
#7913=AXIS2_PLACEMENT_3D('',#11798,#9001,#9002);
#7914=AXIS2_PLACEMENT_3D('',#11802,#9004,#9005);
#7915=AXIS2_PLACEMENT_3D('',#11804,#9007,#9008);
#7916=AXIS2_PLACEMENT_3D('',#11805,#9009,#9010);
#7917=AXIS2_PLACEMENT_3D('',#11810,#9012,#9013);
#7918=AXIS2_PLACEMENT_3D('',#11840,#9023,#9024);
#7919=AXIS2_PLACEMENT_3D('',#11842,#9026,#9027);
#7920=AXIS2_PLACEMENT_3D('',#11846,#9029,#9030);
#7921=AXIS2_PLACEMENT_3D('',#11850,#9032,#9033);
#7922=AXIS2_PLACEMENT_3D('',#11854,#9035,#9036);
#7923=AXIS2_PLACEMENT_3D('',#11858,#9038,#9039);
#7924=AXIS2_PLACEMENT_3D('',#11862,#9041,#9042);
#7925=AXIS2_PLACEMENT_3D('',#11866,#9044,#9045);
#7926=AXIS2_PLACEMENT_3D('',#11870,#9047,#9048);
#7927=AXIS2_PLACEMENT_3D('',#11874,#9050,#9051);
#7928=AXIS2_PLACEMENT_3D('',#11878,#9053,#9054);
#7929=AXIS2_PLACEMENT_3D('',#11882,#9056,#9057);
#7930=AXIS2_PLACEMENT_3D('',#11886,#9059,#9060);
#7931=AXIS2_PLACEMENT_3D('',#11890,#9062,#9063);
#7932=AXIS2_PLACEMENT_3D('',#11894,#9065,#9066);
#7933=AXIS2_PLACEMENT_3D('',#11898,#9068,#9069);
#7934=AXIS2_PLACEMENT_3D('',#11902,#9071,#9072);
#7935=AXIS2_PLACEMENT_3D('',#11906,#9074,#9075);
#7936=AXIS2_PLACEMENT_3D('',#11910,#9077,#9078);
#7937=AXIS2_PLACEMENT_3D('',#11914,#9080,#9081);
#7938=AXIS2_PLACEMENT_3D('',#11918,#9083,#9084);
#7939=AXIS2_PLACEMENT_3D('',#11922,#9086,#9087);
#7940=AXIS2_PLACEMENT_3D('',#11926,#9089,#9090);
#7941=AXIS2_PLACEMENT_3D('',#11930,#9092,#9093);
#7942=AXIS2_PLACEMENT_3D('',#11934,#9095,#9096);
#7943=AXIS2_PLACEMENT_3D('',#11938,#9098,#9099);
#7944=AXIS2_PLACEMENT_3D('',#11942,#9101,#9102);
#7945=AXIS2_PLACEMENT_3D('',#11946,#9104,#9105);
#7946=AXIS2_PLACEMENT_3D('',#11950,#9107,#9108);
#7947=AXIS2_PLACEMENT_3D('',#11954,#9110,#9111);
#7948=AXIS2_PLACEMENT_3D('',#11958,#9113,#9114);
#7949=AXIS2_PLACEMENT_3D('',#11962,#9116,#9117);
#7950=AXIS2_PLACEMENT_3D('',#11966,#9119,#9120);
#7951=AXIS2_PLACEMENT_3D('',#11970,#9122,#9123);
#7952=AXIS2_PLACEMENT_3D('',#11971,#9124,#9125);
#7953=AXIS2_PLACEMENT_3D('',#11976,#9127,#9128);
#7954=AXIS2_PLACEMENT_3D('',#11980,#9130,#9131);
#7955=AXIS2_PLACEMENT_3D('',#11984,#9133,#9134);
#7956=AXIS2_PLACEMENT_3D('',#11987,#9136,#9137);
#7957=AXIS2_PLACEMENT_3D('',#11992,#9139,#9140);
#7958=AXIS2_PLACEMENT_3D('',#11996,#9142,#9143);
#7959=AXIS2_PLACEMENT_3D('',#12000,#9145,#9146);
#7960=AXIS2_PLACEMENT_3D('',#12003,#9148,#9149);
#7961=AXIS2_PLACEMENT_3D('',#12008,#9151,#9152);
#7962=AXIS2_PLACEMENT_3D('',#12012,#9154,#9155);
#7963=AXIS2_PLACEMENT_3D('',#12016,#9157,#9158);
#7964=AXIS2_PLACEMENT_3D('',#12019,#9160,#9161);
#7965=AXIS2_PLACEMENT_3D('',#12024,#9163,#9164);
#7966=AXIS2_PLACEMENT_3D('',#12028,#9166,#9167);
#7967=AXIS2_PLACEMENT_3D('',#12032,#9169,#9170);
#7968=AXIS2_PLACEMENT_3D('',#12035,#9172,#9173);
#7969=AXIS2_PLACEMENT_3D('',#12044,#9177,#9178);
#7970=AXIS2_PLACEMENT_3D('',#12075,#9180,#9181);
#7971=AXIS2_PLACEMENT_3D('',#12079,#9183,#9184);
#7972=AXIS2_PLACEMENT_3D('',#12083,#9187,#9188);
#7973=AXIS2_PLACEMENT_3D('',#12102,#9193,#9194);
#7974=AXIS2_PLACEMENT_3D('',#12108,#9198,#9199);
#7975=AXIS2_PLACEMENT_3D('',#12111,#9201,#9202);
#7976=AXIS2_PLACEMENT_3D('',#12112,#9203,#9204);
#7977=AXIS2_PLACEMENT_3D('',#12113,#9205,#9206);
#7978=AXIS2_PLACEMENT_3D('',#12116,#9208,#9209);
#7979=AXIS2_PLACEMENT_3D('',#12120,#9212,#9213);
#7980=AXIS2_PLACEMENT_3D('',#12124,#9216,#9217);
#7981=AXIS2_PLACEMENT_3D('',#12127,#9219,#9220);
#7982=AXIS2_PLACEMENT_3D('',#12128,#9221,#9222);
#7983=AXIS2_PLACEMENT_3D('',#12129,#9223,#9224);
#7984=AXIS2_PLACEMENT_3D('',#12132,#9226,#9227);
#7985=AXIS2_PLACEMENT_3D('',#12134,#9229,#9230);
#7986=AXIS2_PLACEMENT_3D('',#12135,#9231,#9232);
#7987=AXIS2_PLACEMENT_3D('',#12136,#9233,#9234);
#7988=AXIS2_PLACEMENT_3D('',#12137,#9235,#9236);
#7989=AXIS2_PLACEMENT_3D('',#12138,#9237,#9238);
#7990=AXIS2_PLACEMENT_3D('',#12139,#9239,#9240);
#7991=AXIS2_PLACEMENT_3D('',#12140,#9241,#9242);
#7992=AXIS2_PLACEMENT_3D('',#12141,#9243,#9244);
#7993=AXIS2_PLACEMENT_3D('',#12142,#9245,#9246);
#7994=AXIS2_PLACEMENT_3D('',#12143,#9247,#9248);
#7995=AXIS2_PLACEMENT_3D('',#12144,#9249,#9250);
#7996=AXIS2_PLACEMENT_3D('',#12145,#9251,#9252);
#7997=AXIS2_PLACEMENT_3D('',#12146,#9253,#9254);
#7998=AXIS2_PLACEMENT_3D('',#12147,#9255,#9256);
#7999=AXIS2_PLACEMENT_3D('',#12148,#9257,#9258);
#8000=AXIS2_PLACEMENT_3D('',#12149,#9259,#9260);
#8001=AXIS2_PLACEMENT_3D('',#12187,#9262,#9263);
#8002=AXIS2_PLACEMENT_3D('',#12191,#9265,#9266);
#8003=AXIS2_PLACEMENT_3D('',#12192,#9267,#9268);
#8004=AXIS2_PLACEMENT_3D('',#12193,#9269,#9270);
#8005=AXIS2_PLACEMENT_3D('',#12199,#9274,#9275);
#8006=AXIS2_PLACEMENT_3D('',#12205,#9279,#9280);
#8007=AXIS2_PLACEMENT_3D('',#12215,#9286,#9287);
#8008=AXIS2_PLACEMENT_3D('',#12221,#9291,#9292);
#8009=AXIS2_PLACEMENT_3D('',#12222,#9293,#9294);
#8010=AXIS2_PLACEMENT_3D('',#12226,#9296,#9297);
#8011=AXIS2_PLACEMENT_3D('',#12227,#9298,#9299);
#8012=AXIS2_PLACEMENT_3D('',#12228,#9300,#9301);
#8013=AXIS2_PLACEMENT_3D('',#12232,#9303,#9304);
#8014=AXIS2_PLACEMENT_3D('',#12233,#9305,#9306);
#8015=AXIS2_PLACEMENT_3D('',#12234,#9307,#9308);
#8016=AXIS2_PLACEMENT_3D('',#12238,#9310,#9311);
#8017=AXIS2_PLACEMENT_3D('',#12239,#9312,#9313);
#8018=AXIS2_PLACEMENT_3D('',#12240,#9314,#9315);
#8019=AXIS2_PLACEMENT_3D('',#12241,#9316,#9317);
#8020=AXIS2_PLACEMENT_3D('',#12247,#9321,#9322);
#8021=AXIS2_PLACEMENT_3D('',#12253,#9326,#9327);
#8022=AXIS2_PLACEMENT_3D('',#12259,#9331,#9332);
#8023=AXIS2_PLACEMENT_3D('',#12273,#9340,#9341);
#8024=AXIS2_PLACEMENT_3D('',#12274,#9342,#9343);
#8025=AXIS2_PLACEMENT_3D('',#12278,#9345,#9346);
#8026=AXIS2_PLACEMENT_3D('',#12279,#9347,#9348);
#8027=AXIS2_PLACEMENT_3D('',#12280,#9349,#9350);
#8028=AXIS2_PLACEMENT_3D('',#12284,#9352,#9353);
#8029=AXIS2_PLACEMENT_3D('',#12285,#9354,#9355);
#8030=AXIS2_PLACEMENT_3D('',#12286,#9356,#9357);
#8031=AXIS2_PLACEMENT_3D('',#12290,#9359,#9360);
#8032=AXIS2_PLACEMENT_3D('',#12291,#9361,#9362);
#8033=AXIS2_PLACEMENT_3D('',#12292,#9363,#9364);
#8034=AXIS2_PLACEMENT_3D('',#12296,#9366,#9367);
#8035=AXIS2_PLACEMENT_3D('',#12297,#9368,#9369);
#8036=AXIS2_PLACEMENT_3D('',#12303,#9373,#9374);
#8037=AXIS2_PLACEMENT_3D('',#12313,#9380,#9381);
#8038=AXIS2_PLACEMENT_3D('',#12319,#9385,#9386);
#8039=AXIS2_PLACEMENT_3D('',#12329,#9392,#9393);
#8040=AXIS2_PLACEMENT_3D('',#12330,#9394,#9395);
#8041=AXIS2_PLACEMENT_3D('',#12334,#9397,#9398);
#8042=AXIS2_PLACEMENT_3D('',#12335,#9399,#9400);
#8043=AXIS2_PLACEMENT_3D('',#12336,#9401,#9402);
#8044=AXIS2_PLACEMENT_3D('',#12340,#9404,#9405);
#8045=AXIS2_PLACEMENT_3D('',#12341,#9406,#9407);
#8046=AXIS2_PLACEMENT_3D('',#12342,#9408,#9409);
#8047=AXIS2_PLACEMENT_3D('',#12346,#9411,#9412);
#8048=AXIS2_PLACEMENT_3D('',#12347,#9413,#9414);
#8049=AXIS2_PLACEMENT_3D('',#12348,#9415,#9416);
#8050=AXIS2_PLACEMENT_3D('',#12352,#9418,#9419);
#8051=AXIS2_PLACEMENT_3D('',#12353,#9420,#9421);
#8052=AXIS2_PLACEMENT_3D('',#12359,#9425,#9426);
#8053=AXIS2_PLACEMENT_3D('',#12369,#9432,#9433);
#8054=AXIS2_PLACEMENT_3D('',#12375,#9437,#9438);
#8055=AXIS2_PLACEMENT_3D('',#12381,#9442,#9443);
#8056=AXIS2_PLACEMENT_3D('',#12382,#9444,#9445);
#8057=AXIS2_PLACEMENT_3D('',#12386,#9447,#9448);
#8058=AXIS2_PLACEMENT_3D('',#12387,#9449,#9450);
#8059=AXIS2_PLACEMENT_3D('',#12388,#9451,#9452);
#8060=AXIS2_PLACEMENT_3D('',#12392,#9454,#9455);
#8061=AXIS2_PLACEMENT_3D('',#12393,#9456,#9457);
#8062=AXIS2_PLACEMENT_3D('',#12394,#9458,#9459);
#8063=AXIS2_PLACEMENT_3D('',#12395,#9460,#9461);
#8064=AXIS2_PLACEMENT_3D('',#12396,#9462,#9463);
#8065=AXIS2_PLACEMENT_3D('',#12400,#9465,#9466);
#8066=AXIS2_PLACEMENT_3D('',#12401,#9467,#9468);
#8067=AXIS2_PLACEMENT_3D('',#12407,#9472,#9473);
#8068=AXIS2_PLACEMENT_3D('',#12421,#9481,#9482);
#8069=AXIS2_PLACEMENT_3D('',#12427,#9486,#9487);
#8070=AXIS2_PLACEMENT_3D('',#12441,#9495,#9496);
#8071=AXIS2_PLACEMENT_3D('',#12442,#9497,#9498);
#8072=AXIS2_PLACEMENT_3D('',#12446,#9500,#9501);
#8073=AXIS2_PLACEMENT_3D('',#12447,#9502,#9503);
#8074=AXIS2_PLACEMENT_3D('',#12448,#9504,#9505);
#8075=AXIS2_PLACEMENT_3D('',#12452,#9507,#9508);
#8076=AXIS2_PLACEMENT_3D('',#12453,#9509,#9510);
#8077=AXIS2_PLACEMENT_3D('',#12454,#9511,#9512);
#8078=AXIS2_PLACEMENT_3D('',#12458,#9514,#9515);
#8079=AXIS2_PLACEMENT_3D('',#12459,#9516,#9517);
#8080=AXIS2_PLACEMENT_3D('',#12460,#9518,#9519);
#8081=AXIS2_PLACEMENT_3D('',#12464,#9521,#9522);
#8082=AXIS2_PLACEMENT_3D('',#12465,#9523,#9524);
#8083=AXIS2_PLACEMENT_3D('',#12475,#9530,#9531);
#8084=AXIS2_PLACEMENT_3D('',#12481,#9535,#9536);
#8085=AXIS2_PLACEMENT_3D('',#12487,#9540,#9541);
#8086=AXIS2_PLACEMENT_3D('',#12493,#9545,#9546);
#8087=AXIS2_PLACEMENT_3D('',#12494,#9547,#9548);
#8088=AXIS2_PLACEMENT_3D('',#12495,#9549,#9550);
#8089=AXIS2_PLACEMENT_3D('',#12496,#9551,#9552);
#8090=AXIS2_PLACEMENT_3D('',#12500,#9554,#9555);
#8091=AXIS2_PLACEMENT_3D('',#12501,#9556,#9557);
#8092=AXIS2_PLACEMENT_3D('',#12502,#9558,#9559);
#8093=AXIS2_PLACEMENT_3D('',#12506,#9561,#9562);
#8094=AXIS2_PLACEMENT_3D('',#12507,#9563,#9564);
#8095=AXIS2_PLACEMENT_3D('',#12508,#9565,#9566);
#8096=AXIS2_PLACEMENT_3D('',#12512,#9568,#9569);
#8097=AXIS2_PLACEMENT_3D('',#12513,#9570,#9571);
#8098=AXIS2_PLACEMENT_3D('',#12527,#9579,#9580);
#8099=AXIS2_PLACEMENT_3D('',#12533,#9584,#9585);
#8100=AXIS2_PLACEMENT_3D('',#12547,#9593,#9594);
#8101=AXIS2_PLACEMENT_3D('',#12553,#9598,#9599);
#8102=AXIS2_PLACEMENT_3D('',#12554,#9600,#9601);
#8103=AXIS2_PLACEMENT_3D('',#12558,#9603,#9604);
#8104=AXIS2_PLACEMENT_3D('',#12559,#9605,#9606);
#8105=AXIS2_PLACEMENT_3D('',#12560,#9607,#9608);
#8106=AXIS2_PLACEMENT_3D('',#12564,#9610,#9611);
#8107=AXIS2_PLACEMENT_3D('',#12565,#9612,#9613);
#8108=AXIS2_PLACEMENT_3D('',#12566,#9614,#9615);
#8109=AXIS2_PLACEMENT_3D('',#12570,#9617,#9618);
#8110=AXIS2_PLACEMENT_3D('',#12571,#9619,#9620);
#8111=AXIS2_PLACEMENT_3D('',#12572,#9621,#9622);
#8112=AXIS2_PLACEMENT_3D('',#12576,#9624,#9625);
#8113=AXIS2_PLACEMENT_3D('',#12577,#9626,#9627);
#8114=AXIS2_PLACEMENT_3D('',#12583,#9631,#9632);
#8115=AXIS2_PLACEMENT_3D('',#12593,#9638,#9639);
#8116=AXIS2_PLACEMENT_3D('',#12599,#9643,#9644);
#8117=AXIS2_PLACEMENT_3D('',#12605,#9648,#9649);
#8118=AXIS2_PLACEMENT_3D('',#12606,#9650,#9651);
#8119=AXIS2_PLACEMENT_3D('',#12610,#9653,#9654);
#8120=AXIS2_PLACEMENT_3D('',#12611,#9655,#9656);
#8121=AXIS2_PLACEMENT_3D('',#12612,#9657,#9658);
#8122=AXIS2_PLACEMENT_3D('',#12616,#9660,#9661);
#8123=AXIS2_PLACEMENT_3D('',#12617,#9662,#9663);
#8124=AXIS2_PLACEMENT_3D('',#12618,#9664,#9665);
#8125=AXIS2_PLACEMENT_3D('',#12622,#9667,#9668);
#8126=AXIS2_PLACEMENT_3D('',#12623,#9669,#9670);
#8127=AXIS2_PLACEMENT_3D('',#12624,#9671,#9672);
#8128=AXIS2_PLACEMENT_3D('',#12625,#9673,#9674);
#8129=AXIS2_PLACEMENT_3D('',#12628,#9676,#9677);
#8130=AXIS2_PLACEMENT_3D('',#12632,#9679,#9680);
#8131=AXIS2_PLACEMENT_3D('',#12635,#9682,#9683);
#8132=AXIS2_PLACEMENT_3D('',#12636,#9684,#9685);
#8133=AXIS2_PLACEMENT_3D('',#12641,#9687,#9688);
#8134=AXIS2_PLACEMENT_3D('',#12645,#9691,#9692);
#8135=AXIS2_PLACEMENT_3D('',#12646,#9693,#9694);
#8136=AXIS2_PLACEMENT_3D('',#12651,#9696,#9697);
#8137=AXIS2_PLACEMENT_3D('',#12655,#9700,#9701);
#8138=AXIS2_PLACEMENT_3D('',#12656,#9702,#9703);
#8139=AXIS2_PLACEMENT_3D('',#12661,#9705,#9706);
#8140=AXIS2_PLACEMENT_3D('',#12665,#9709,#9710);
#8141=AXIS2_PLACEMENT_3D('',#12667,#9712,#9713);
#8142=AXIS2_PLACEMENT_3D('',#12669,#9715,#9716);
#8143=AXIS2_PLACEMENT_3D('',#12675,#9720,#9721);
#8144=AXIS2_PLACEMENT_3D('',#12681,#9725,#9726);
#8145=AXIS2_PLACEMENT_3D('',#12682,#9727,#9728);
#8146=AXIS2_PLACEMENT_3D('',#12687,#9730,#9731);
#8147=AXIS2_PLACEMENT_3D('',#12691,#9734,#9735);
#8148=AXIS2_PLACEMENT_3D('',#12694,#9737,#9738);
#8149=AXIS2_PLACEMENT_3D('',#12698,#9740,#9741);
#8150=AXIS2_PLACEMENT_3D('',#12701,#9743,#9744);
#8151=AXIS2_PLACEMENT_3D('',#12707,#9748,#9749);
#8152=AXIS2_PLACEMENT_3D('',#12708,#9750,#9751);
#8153=AXIS2_PLACEMENT_3D('',#12713,#9753,#9754);
#8154=AXIS2_PLACEMENT_3D('',#12715,#9756,#9757);
#8155=AXIS2_PLACEMENT_3D('',#12716,#9758,#9759);
#8156=AXIS2_PLACEMENT_3D('',#12720,#9761,#9762);
#8157=AXIS2_PLACEMENT_3D('',#12723,#9764,#9765);
#8158=AXIS2_PLACEMENT_3D('',#12729,#9769,#9770);
#8159=AXIS2_PLACEMENT_3D('',#12731,#9772,#9773);
#8160=AXIS2_PLACEMENT_3D('',#12737,#9777,#9778);
#8161=AXIS2_PLACEMENT_3D('',#12738,#9779,#9780);
#8162=AXIS2_PLACEMENT_3D('',#12743,#9782,#9783);
#8163=AXIS2_PLACEMENT_3D('',#12747,#9786,#9787);
#8164=AXIS2_PLACEMENT_3D('',#12748,#9788,#9789);
#8165=AXIS2_PLACEMENT_3D('',#12753,#9791,#9792);
#8166=AXIS2_PLACEMENT_3D('',#12757,#9795,#9796);
#8167=AXIS2_PLACEMENT_3D('',#12758,#9797,#9798);
#8168=AXIS2_PLACEMENT_3D('',#12763,#9800,#9801);
#8169=AXIS2_PLACEMENT_3D('',#12767,#9804,#9805);
#8170=AXIS2_PLACEMENT_3D('',#12768,#9806,#9807);
#8171=AXIS2_PLACEMENT_3D('',#12773,#9809,#9810);
#8172=AXIS2_PLACEMENT_3D('',#12777,#9813,#9814);
#8173=AXIS2_PLACEMENT_3D('',#12779,#9816,#9817);
#8174=AXIS2_PLACEMENT_3D('',#12781,#9819,#9820);
#8175=AXIS2_PLACEMENT_3D('',#12783,#9822,#9823);
#8176=AXIS2_PLACEMENT_3D('',#12793,#9829,#9830);
#8177=AXIS2_PLACEMENT_3D('',#12794,#9831,#9832);
#8178=AXIS2_PLACEMENT_3D('',#12799,#9834,#9835);
#8179=AXIS2_PLACEMENT_3D('',#12803,#9838,#9839);
#8180=AXIS2_PLACEMENT_3D('',#12804,#9840,#9841);
#8181=AXIS2_PLACEMENT_3D('',#12809,#9843,#9844);
#8182=AXIS2_PLACEMENT_3D('',#12813,#9847,#9848);
#8183=AXIS2_PLACEMENT_3D('',#12816,#9850,#9851);
#8184=AXIS2_PLACEMENT_3D('',#12820,#9853,#9854);
#8185=AXIS2_PLACEMENT_3D('',#12823,#9856,#9857);
#8186=AXIS2_PLACEMENT_3D('',#12824,#9858,#9859);
#8187=AXIS2_PLACEMENT_3D('',#12829,#9861,#9862);
#8188=AXIS2_PLACEMENT_3D('',#12833,#9865,#9866);
#8189=AXIS2_PLACEMENT_3D('',#12835,#9868,#9869);
#8190=AXIS2_PLACEMENT_3D('',#12841,#9873,#9874);
#8191=AXIS2_PLACEMENT_3D('',#12843,#9876,#9877);
#8192=AXIS2_PLACEMENT_3D('',#12849,#9881,#9882);
#8193=AXIS2_PLACEMENT_3D('',#12858,#9887,#9888);
#8194=AXIS2_PLACEMENT_3D('',#12867,#9893,#9894);
#8195=AXIS2_PLACEMENT_3D('',#12868,#9895,#9896);
#8196=AXIS2_PLACEMENT_3D('',#12872,#9898,#9899);
#8197=AXIS2_PLACEMENT_3D('',#12873,#9900,#9901);
#8198=AXIS2_PLACEMENT_3D('',#12874,#9902,#9903);
#8199=AXIS2_PLACEMENT_3D('',#12875,#9904,#9905);
#8200=AXIS2_PLACEMENT_3D('',#12879,#9907,#9908);
#8201=AXIS2_PLACEMENT_3D('',#12880,#9909,#9910);
#8202=AXIS2_PLACEMENT_3D('',#12884,#9912,#9913);
#8203=AXIS2_PLACEMENT_3D('',#12885,#9914,#9915);
#8204=AXIS2_PLACEMENT_3D('',#12886,#9916,#9917);
#8205=AXIS2_PLACEMENT_3D('',#12892,#9921,#9922);
#8206=AXIS2_PLACEMENT_3D('',#12898,#9926,#9927);
#8207=AXIS2_PLACEMENT_3D('',#12907,#9932,#9933);
#8208=AXIS2_PLACEMENT_3D('',#12911,#9935,#9936);
#8209=AXIS2_PLACEMENT_3D('',#12912,#9937,#9938);
#8210=AXIS2_PLACEMENT_3D('',#12916,#9940,#9941);
#8211=AXIS2_PLACEMENT_3D('',#12917,#9942,#9943);
#8212=AXIS2_PLACEMENT_3D('',#12918,#9944,#9945);
#8213=AXIS2_PLACEMENT_3D('',#12924,#9949,#9950);
#8214=AXIS2_PLACEMENT_3D('',#12930,#9954,#9955);
#8215=AXIS2_PLACEMENT_3D('',#12931,#9956,#9957);
#8216=AXIS2_PLACEMENT_3D('',#12932,#9958,#9959);
#8217=AXIS2_PLACEMENT_3D('',#12933,#9960,#9961);
#8218=AXIS2_PLACEMENT_3D('',#12937,#9963,#9964);
#8219=AXIS2_PLACEMENT_3D('',#12938,#9965,#9966);
#8220=AXIS2_PLACEMENT_3D('',#12947,#9971,#9972);
#8221=AXIS2_PLACEMENT_3D('',#12956,#9977,#9978);
#8222=AXIS2_PLACEMENT_3D('',#12965,#9983,#9984);
#8223=AXIS2_PLACEMENT_3D('',#12966,#9985,#9986);
#8224=AXIS2_PLACEMENT_3D('',#12967,#9987,#9988);
#8225=AXIS2_PLACEMENT_3D('',#12968,#9989,#9990);
#8226=AXIS2_PLACEMENT_3D('',#12969,#9991,#9992);
#8227=AXIS2_PLACEMENT_3D('',#12970,#9993,#9994);
#8228=AXIS2_PLACEMENT_3D('',#12971,#9995,#9996);
#8229=AXIS2_PLACEMENT_3D('',#12975,#9998,#9999);
#8230=AXIS2_PLACEMENT_3D('',#12976,#10000,#10001);
#8231=AXIS2_PLACEMENT_3D('',#12980,#10003,#10004);
#8232=AXIS2_PLACEMENT_3D('',#12981,#10005,#10006);
#8233=AXIS2_PLACEMENT_3D('',#12987,#10010,#10011);
#8234=AXIS2_PLACEMENT_3D('',#12993,#10015,#10016);
#8235=AXIS2_PLACEMENT_3D('',#12994,#10017,#10018);
#8236=AXIS2_PLACEMENT_3D('',#12998,#10020,#10021);
#8237=AXIS2_PLACEMENT_3D('',#12999,#10022,#10023);
#8238=AXIS2_PLACEMENT_3D('',#13003,#10025,#10026);
#8239=AXIS2_PLACEMENT_3D('',#13004,#10027,#10028);
#8240=AXIS2_PLACEMENT_3D('',#13013,#10033,#10034);
#8241=AXIS2_PLACEMENT_3D('',#13022,#10039,#10040);
#8242=AXIS2_PLACEMENT_3D('',#13031,#10045,#10046);
#8243=AXIS2_PLACEMENT_3D('',#13040,#10051,#10052);
#8244=AXIS2_PLACEMENT_3D('',#13049,#10057,#10058);
#8245=AXIS2_PLACEMENT_3D('',#13055,#10062,#10063);
#8246=AXIS2_PLACEMENT_3D('',#13061,#10067,#10068);
#8247=AXIS2_PLACEMENT_3D('',#13062,#10069,#10070);
#8248=AXIS2_PLACEMENT_3D('',#13063,#10071,#10072);
#8249=AXIS2_PLACEMENT_3D('',#13064,#10073,#10074);
#8250=AXIS2_PLACEMENT_3D('',#13065,#10075,#10076);
#8251=AXIS2_PLACEMENT_3D('',#13066,#10077,#10078);
#8252=AXIS2_PLACEMENT_3D('',#13067,#10079,#10080);
#8253=AXIS2_PLACEMENT_3D('',#13068,#10081,#10082);
#8254=AXIS2_PLACEMENT_3D('',#13069,#10083,#10084);
#8255=AXIS2_PLACEMENT_3D('',#13070,#10085,#10086);
#8256=AXIS2_PLACEMENT_3D('',#13071,#10087,#10088);
#8257=AXIS2_PLACEMENT_3D('',#13080,#10093,#10094);
#8258=AXIS2_PLACEMENT_3D('',#13089,#10099,#10100);
#8259=AXIS2_PLACEMENT_3D('',#13090,#10101,#10102);
#8260=AXIS2_PLACEMENT_3D('',#13091,#10103,#10104);
#8261=AXIS2_PLACEMENT_3D('',#13092,#10105,#10106);
#8262=AXIS2_PLACEMENT_3D('',#13093,#10107,#10108);
#8263=AXIS2_PLACEMENT_3D('',#13094,#10109,#10110);
#8264=AXIS2_PLACEMENT_3D('',#13103,#10115,#10116);
#8265=AXIS2_PLACEMENT_3D('',#13104,#10117,#10118);
#8266=AXIS2_PLACEMENT_3D('',#13108,#10120,#10121);
#8267=AXIS2_PLACEMENT_3D('',#13109,#10122,#10123);
#8268=AXIS2_PLACEMENT_3D('',#13110,#10124,#10125);
#8269=AXIS2_PLACEMENT_3D('',#13111,#10126,#10127);
#8270=AXIS2_PLACEMENT_3D('',#13117,#10131,#10132);
#8271=AXIS2_PLACEMENT_3D('',#13126,#10137,#10138);
#8272=AXIS2_PLACEMENT_3D('',#13135,#10143,#10144);
#8273=AXIS2_PLACEMENT_3D('',#13136,#10145,#10146);
#8274=AXIS2_PLACEMENT_3D('',#13137,#10147,#10148);
#8275=AXIS2_PLACEMENT_3D('',#13138,#10149,#10150);
#8276=AXIS2_PLACEMENT_3D('',#13139,#10151,#10152);
#8277=AXIS2_PLACEMENT_3D('',#13140,#10153,#10154);
#8278=AXIS2_PLACEMENT_3D('',#13146,#10158,#10159);
#8279=AXIS2_PLACEMENT_3D('',#13147,#10160,#10161);
#8280=AXIS2_PLACEMENT_3D('',#13151,#10163,#10164);
#8281=AXIS2_PLACEMENT_3D('',#13152,#10165,#10166);
#8282=AXIS2_PLACEMENT_3D('',#13156,#10168,#10169);
#8283=AXIS2_PLACEMENT_3D('',#13157,#10170,#10171);
#8284=AXIS2_PLACEMENT_3D('',#13161,#10173,#10174);
#8285=AXIS2_PLACEMENT_3D('',#13162,#10175,#10176);
#8286=AXIS2_PLACEMENT_3D('',#13166,#10178,#10179);
#8287=AXIS2_PLACEMENT_3D('',#13167,#10180,#10181);
#8288=AXIS2_PLACEMENT_3D('',#13168,#10182,#10183);
#8289=AXIS2_PLACEMENT_3D('',#13174,#10187,#10188);
#8290=AXIS2_PLACEMENT_3D('',#13180,#10192,#10193);
#8291=AXIS2_PLACEMENT_3D('',#13186,#10197,#10198);
#8292=AXIS2_PLACEMENT_3D('',#13192,#10202,#10203);
#8293=AXIS2_PLACEMENT_3D('',#13193,#10204,#10205);
#8294=AXIS2_PLACEMENT_3D('',#13197,#10207,#10208);
#8295=AXIS2_PLACEMENT_3D('',#13198,#10209,#10210);
#8296=AXIS2_PLACEMENT_3D('',#13199,#10211,#10212);
#8297=AXIS2_PLACEMENT_3D('',#13200,#10213,#10214);
#8298=AXIS2_PLACEMENT_3D('',#13201,#10215,#10216);
#8299=AXIS2_PLACEMENT_3D('',#13202,#10217,#10218);
#8300=AXIS2_PLACEMENT_3D('',#13203,#10219,#10220);
#8301=AXIS2_PLACEMENT_3D('',#13204,#10221,#10222);
#8302=AXIS2_PLACEMENT_3D('',#13205,#10223,#10224);
#8303=AXIS2_PLACEMENT_3D('',#13211,#10228,#10229);
#8304=AXIS2_PLACEMENT_3D('',#13217,#10233,#10234);
#8305=AXIS2_PLACEMENT_3D('',#13221,#10236,#10237);
#8306=AXIS2_PLACEMENT_3D('',#13222,#10238,#10239);
#8307=AXIS2_PLACEMENT_3D('',#13226,#10241,#10242);
#8308=AXIS2_PLACEMENT_3D('',#13227,#10243,#10244);
#8309=AXIS2_PLACEMENT_3D('',#13228,#10245,#10246);
#8310=AXIS2_PLACEMENT_3D('',#13234,#10250,#10251);
#8311=AXIS2_PLACEMENT_3D('',#13240,#10255,#10256);
#8312=AXIS2_PLACEMENT_3D('',#13252,#10258,#10259);
#8313=AXIS2_PLACEMENT_3D('',#13253,#10260,#10261);
#8314=AXIS2_PLACEMENT_3D('',#13254,#10262,#10263);
#8315=AXIS2_PLACEMENT_3D('',#13255,#10264,#10265);
#8316=AXIS2_PLACEMENT_3D('',#13256,#10266,#10267);
#8317=AXIS2_PLACEMENT_3D('',#13257,#10268,#10269);
#8318=AXIS2_PLACEMENT_3D('',#13258,#10270,#10271);
#8319=AXIS2_PLACEMENT_3D('',#13259,#10272,#10273);
#8320=AXIS2_PLACEMENT_3D('',#13260,#10274,#10275);
#8321=AXIS2_PLACEMENT_3D('',#13261,#10276,#10277);
#8322=AXIS2_PLACEMENT_3D('',#13262,#10278,#10279);
#8323=AXIS2_PLACEMENT_3D('',#13263,#10280,#10281);
#8324=AXIS2_PLACEMENT_3D('',#13264,#10282,#10283);
#8325=AXIS2_PLACEMENT_3D('',#13265,#10284,#10285);
#8326=AXIS2_PLACEMENT_3D('',#13266,#10286,#10287);
#8327=AXIS2_PLACEMENT_3D('',#13267,#10288,#10289);
#8328=AXIS2_PLACEMENT_3D('',#13268,#10290,#10291);
#8329=AXIS2_PLACEMENT_3D('',#13269,#10292,#10293);
#8330=AXIS2_PLACEMENT_3D('',#13270,#10294,#10295);
#8331=AXIS2_PLACEMENT_3D('',#13271,#10296,#10297);
#8332=AXIS2_PLACEMENT_3D('',#13272,#10298,#10299);
#8333=AXIS2_PLACEMENT_3D('',#13273,#10300,#10301);
#8334=AXIS2_PLACEMENT_3D('',#13274,#10302,#10303);
#8335=AXIS2_PLACEMENT_3D('',#13275,#10304,#10305);
#8336=AXIS2_PLACEMENT_3D('',#13276,#10306,#10307);
#8337=AXIS2_PLACEMENT_3D('',#13277,#10308,#10309);
#8338=AXIS2_PLACEMENT_3D('',#13278,#10310,#10311);
#8339=AXIS2_PLACEMENT_3D('',#13279,#10312,#10313);
#8340=AXIS2_PLACEMENT_3D('',#13280,#10314,#10315);
#8341=AXIS2_PLACEMENT_3D('',#13281,#10316,#10317);
#8342=AXIS2_PLACEMENT_3D('',#13282,#10318,#10319);
#8343=AXIS2_PLACEMENT_3D('',#13283,#10320,#10321);
#8344=AXIS2_PLACEMENT_3D('',#13284,#10322,#10323);
#8345=AXIS2_PLACEMENT_3D('',#13285,#10324,#10325);
#8346=AXIS2_PLACEMENT_3D('',#13286,#10326,#10327);
#8347=AXIS2_PLACEMENT_3D('',#13287,#10328,#10329);
#8348=AXIS2_PLACEMENT_3D('',#13288,#10330,#10331);
#8349=AXIS2_PLACEMENT_3D('',#13289,#10332,#10333);
#8350=AXIS2_PLACEMENT_3D('',#13290,#10334,#10335);
#8351=AXIS2_PLACEMENT_3D('',#13291,#10336,#10337);
#8352=AXIS2_PLACEMENT_3D('',#13292,#10338,#10339);
#8353=AXIS2_PLACEMENT_3D('',#13293,#10340,#10341);
#8354=AXIS2_PLACEMENT_3D('',#13294,#10342,#10343);
#8355=AXIS2_PLACEMENT_3D('',#13295,#10344,#10345);
#8356=AXIS2_PLACEMENT_3D('',#13296,#10346,#10347);
#8357=AXIS2_PLACEMENT_3D('',#13297,#10348,#10349);
#8358=AXIS2_PLACEMENT_3D('',#13298,#10350,#10351);
#8359=AXIS2_PLACEMENT_3D('',#13299,#10352,#10353);
#8360=AXIS2_PLACEMENT_3D('',#13300,#10354,#10355);
#8361=AXIS2_PLACEMENT_3D('',#13301,#10356,#10357);
#8362=AXIS2_PLACEMENT_3D('',#13302,#10358,#10359);
#8363=AXIS2_PLACEMENT_3D('',#13303,#10360,#10361);
#8364=AXIS2_PLACEMENT_3D('',#13304,#10362,#10363);
#8365=AXIS2_PLACEMENT_3D('',#13305,#10364,#10365);
#8366=AXIS2_PLACEMENT_3D('',#13306,#10366,#10367);
#8367=AXIS2_PLACEMENT_3D('',#13307,#10368,#10369);
#8368=AXIS2_PLACEMENT_3D('',#13308,#10370,#10371);
#8369=AXIS2_PLACEMENT_3D('',#13309,#10372,#10373);
#8370=AXIS2_PLACEMENT_3D('',#13310,#10374,#10375);
#8371=AXIS2_PLACEMENT_3D('',#13311,#10376,#10377);
#8372=AXIS2_PLACEMENT_3D('',#13312,#10378,#10379);
#8373=AXIS2_PLACEMENT_3D('',#13313,#10380,#10381);
#8374=AXIS2_PLACEMENT_3D('',#13314,#10382,#10383);
#8375=AXIS2_PLACEMENT_3D('',#13315,#10384,#10385);
#8376=AXIS2_PLACEMENT_3D('',#13316,#10386,#10387);
#8377=AXIS2_PLACEMENT_3D('',#13317,#10388,#10389);
#8378=AXIS2_PLACEMENT_3D('',#13318,#10390,#10391);
#8379=AXIS2_PLACEMENT_3D('',#13319,#10392,#10393);
#8380=AXIS2_PLACEMENT_3D('',#13320,#10394,#10395);
#8381=AXIS2_PLACEMENT_3D('',#13321,#10396,#10397);
#8382=AXIS2_PLACEMENT_3D('',#13322,#10398,#10399);
#8383=AXIS2_PLACEMENT_3D('',#13323,#10400,#10401);
#8384=AXIS2_PLACEMENT_3D('',#13324,#10402,#10403);
#8385=AXIS2_PLACEMENT_3D('',#13325,#10404,#10405);
#8386=AXIS2_PLACEMENT_3D('',#13326,#10406,#10407);
#8387=AXIS2_PLACEMENT_3D('',#13328,#10409,#10410);
#8388=AXIS2_PLACEMENT_3D('',#13329,#10411,#10412);
#8389=AXIS2_PLACEMENT_3D('',#13330,#10413,#10414);
#8390=AXIS2_PLACEMENT_3D('',#13331,#10415,#10416);
#8391=AXIS2_PLACEMENT_3D('',#13332,#10417,#10418);
#8392=AXIS2_PLACEMENT_3D('',#13333,#10419,#10420);
#8393=AXIS2_PLACEMENT_3D('',#13334,#10421,#10422);
#8394=AXIS2_PLACEMENT_3D('',#13335,#10423,#10424);
#8395=AXIS2_PLACEMENT_3D('',#13336,#10425,#10426);
#8396=AXIS2_PLACEMENT_3D('',#13337,#10427,#10428);
#8397=AXIS2_PLACEMENT_3D('',#13338,#10429,#10430);
#8398=AXIS2_PLACEMENT_3D('',#13339,#10431,#10432);
#8399=AXIS2_PLACEMENT_3D('',#13340,#10433,#10434);
#8400=AXIS2_PLACEMENT_3D('',#13341,#10435,#10436);
#8401=AXIS2_PLACEMENT_3D('',#13342,#10437,#10438);
#8402=AXIS2_PLACEMENT_3D('',#13343,#10439,#10440);
#8403=AXIS2_PLACEMENT_3D('',#13344,#10441,#10442);
#8404=AXIS2_PLACEMENT_3D('',#13345,#10443,#10444);
#8405=AXIS2_PLACEMENT_3D('',#13346,#10445,#10446);
#8406=AXIS2_PLACEMENT_3D('',#13347,#10447,#10448);
#8407=AXIS2_PLACEMENT_3D('',#13348,#10449,#10450);
#8408=AXIS2_PLACEMENT_3D('',#13349,#10451,#10452);
#8409=AXIS2_PLACEMENT_3D('',#13350,#10453,#10454);
#8410=AXIS2_PLACEMENT_3D('',#13351,#10455,#10456);
#8411=AXIS2_PLACEMENT_3D('',#13352,#10457,#10458);
#8412=AXIS2_PLACEMENT_3D('',#13353,#10459,#10460);
#8413=AXIS2_PLACEMENT_3D('',#13354,#10461,#10462);
#8414=AXIS2_PLACEMENT_3D('',#13355,#10463,#10464);
#8415=AXIS2_PLACEMENT_3D('',#13356,#10465,#10466);
#8416=AXIS2_PLACEMENT_3D('',#13357,#10467,#10468);
#8417=AXIS2_PLACEMENT_3D('',#13358,#10469,#10470);
#8418=AXIS2_PLACEMENT_3D('',#13359,#10471,#10472);
#8419=AXIS2_PLACEMENT_3D('',#13360,#10473,#10474);
#8420=AXIS2_PLACEMENT_3D('',#13361,#10475,#10476);
#8421=AXIS2_PLACEMENT_3D('',#13362,#10477,#10478);
#8422=AXIS2_PLACEMENT_3D('',#13363,#10479,#10480);
#8423=AXIS2_PLACEMENT_3D('',#13364,#10481,#10482);
#8424=AXIS2_PLACEMENT_3D('',#13365,#10483,#10484);
#8425=AXIS2_PLACEMENT_3D('',#13366,#10485,#10486);
#8426=AXIS2_PLACEMENT_3D('',#13367,#10487,#10488);
#8427=AXIS2_PLACEMENT_3D('',#13368,#10489,#10490);
#8428=AXIS2_PLACEMENT_3D('',#13369,#10491,#10492);
#8429=AXIS2_PLACEMENT_3D('',#13370,#10493,#10494);
#8430=AXIS2_PLACEMENT_3D('',#13371,#10495,#10496);
#8431=AXIS2_PLACEMENT_3D('',#13372,#10497,#10498);
#8432=AXIS2_PLACEMENT_3D('',#13373,#10499,#10500);
#8433=AXIS2_PLACEMENT_3D('',#13374,#10501,#10502);
#8434=AXIS2_PLACEMENT_3D('',#13375,#10503,#10504);
#8435=AXIS2_PLACEMENT_3D('',#13376,#10505,#10506);
#8436=AXIS2_PLACEMENT_3D('',#13377,#10507,#10508);
#8437=AXIS2_PLACEMENT_3D('',#13378,#10509,#10510);
#8438=AXIS2_PLACEMENT_3D('',#13379,#10511,#10512);
#8439=AXIS2_PLACEMENT_3D('',#13380,#10513,#10514);
#8440=AXIS2_PLACEMENT_3D('',#13381,#10515,#10516);
#8441=AXIS2_PLACEMENT_3D('',#13382,#10517,#10518);
#8442=AXIS2_PLACEMENT_3D('',#13383,#10519,#10520);
#8443=AXIS2_PLACEMENT_3D('',#13384,#10521,#10522);
#8444=AXIS2_PLACEMENT_3D('',#13385,#10523,#10524);
#8445=AXIS2_PLACEMENT_3D('',#13386,#10525,#10526);
#8446=AXIS2_PLACEMENT_3D('',#13387,#10527,#10528);
#8447=AXIS2_PLACEMENT_3D('',#13388,#10529,#10530);
#8448=AXIS2_PLACEMENT_3D('',#13389,#10531,#10532);
#8449=AXIS2_PLACEMENT_3D('',#13390,#10533,#10534);
#8450=AXIS2_PLACEMENT_3D('',#13391,#10535,#10536);
#8451=AXIS2_PLACEMENT_3D('',#13392,#10537,#10538);
#8452=AXIS2_PLACEMENT_3D('',#13393,#10539,#10540);
#8453=AXIS2_PLACEMENT_3D('',#13394,#10541,#10542);
#8454=AXIS2_PLACEMENT_3D('',#13395,#10543,#10544);
#8455=AXIS2_PLACEMENT_3D('',#13396,#10545,#10546);
#8456=AXIS2_PLACEMENT_3D('',#13397,#10547,#10548);
#8457=AXIS2_PLACEMENT_3D('',#13398,#10549,#10550);
#8458=AXIS2_PLACEMENT_3D('',#13399,#10551,#10552);
#8459=AXIS2_PLACEMENT_3D('',#13405,#10556,#10557);
#8460=AXIS2_PLACEMENT_3D('',#13411,#10561,#10562);
#8461=AXIS2_PLACEMENT_3D('',#13412,#10563,#10564);
#8462=AXIS2_PLACEMENT_3D('',#13413,#10565,#10566);
#8463=AXIS2_PLACEMENT_3D('',#13415,#10568,#10569);
#8464=AXIS2_PLACEMENT_3D('',#13416,#10570,#10571);
#8465=AXIS2_PLACEMENT_3D('',#13417,#10572,#10573);
#8466=AXIS2_PLACEMENT_3D('',#13418,#10574,#10575);
#8467=AXIS2_PLACEMENT_3D('',#13420,#10577,#10578);
#8468=AXIS2_PLACEMENT_3D('',#13421,#10579,#10580);
#8469=AXIS2_PLACEMENT_3D('',#13422,#10581,#10582);
#8470=AXIS2_PLACEMENT_3D('',#13423,#10583,#10584);
#8471=AXIS2_PLACEMENT_3D('',#13424,#10585,#10586);
#8472=AXIS2_PLACEMENT_3D('',#13425,#10587,#10588);
#8473=AXIS2_PLACEMENT_3D('',#13426,#10589,#10590);
#8474=AXIS2_PLACEMENT_3D('',#13429,#10592,#10593);
#8475=AXIS2_PLACEMENT_3D('',#13430,#10594,#10595);
#8476=AXIS2_PLACEMENT_3D('',#13431,#10596,#10597);
#8477=AXIS2_PLACEMENT_3D('',#13432,#10598,#10599);
#8478=AXIS2_PLACEMENT_3D('',#13440,#10600,#10601);
#8479=AXIS2_PLACEMENT_3D('',#13441,#10602,#10603);
#8480=AXIS2_PLACEMENT_3D('',#13442,#10604,#10605);
#8481=AXIS2_PLACEMENT_3D('',#13444,#10606,#10607);
#8482=AXIS2_PLACEMENT_3D('',#13446,#10609,#10610);
#8483=AXIS2_PLACEMENT_3D('',#13447,#10611,#10612);
#8484=AXIS2_PLACEMENT_3D('',#13448,#10613,#10614);
#8485=AXIS2_PLACEMENT_3D('',#13449,#10615,#10616);
#8486=AXIS2_PLACEMENT_3D('',#13450,#10617,#10618);
#8487=AXIS2_PLACEMENT_3D('',#13451,#10619,#10620);
#8488=AXIS2_PLACEMENT_3D('',#13462,#10621,#10622);
#8489=AXIS2_PLACEMENT_3D('',#13468,#10623,#10624);
#8490=AXIS2_PLACEMENT_3D('',#13469,#10625,#10626);
#8491=AXIS2_PLACEMENT_3D('',#13470,#10627,#10628);
#8492=AXIS2_PLACEMENT_3D('',#13471,#10629,#10630);
#8493=AXIS2_PLACEMENT_3D('',#13472,#10631,#10632);
#8494=AXIS2_PLACEMENT_3D('',#13473,#10633,#10634);
#8495=AXIS2_PLACEMENT_3D('',#13479,#10635,#10636);
#8496=AXIS2_PLACEMENT_3D('',#13485,#10637,#10638);
#8497=AXIS2_PLACEMENT_3D('',#13486,#10639,#10640);
#8498=AXIS2_PLACEMENT_3D('',#13487,#10641,#10642);
#8499=AXIS2_PLACEMENT_3D('',#13488,#10643,#10644);
#8500=AXIS2_PLACEMENT_3D('',#13489,#10645,#10646);
#8501=AXIS2_PLACEMENT_3D('',#13491,#10648,#10649);
#8502=AXIS2_PLACEMENT_3D('',#13564,#10650,#10651);
#8503=AXIS2_PLACEMENT_3D('',#13565,#10652,#10653);
#8504=AXIS2_PLACEMENT_3D('',#13638,#10654,#10655);
#8505=AXIS2_PLACEMENT_3D('',#13639,#10656,#10657);
#8506=AXIS2_PLACEMENT_3D('',#13664,#10658,#10659);
#8507=AXIS2_PLACEMENT_3D('',#13665,#10660,#10661);
#8508=AXIS2_PLACEMENT_3D('',#13666,#10662,#10663);
#8509=AXIS2_PLACEMENT_3D('',#13718,#10666,#10667);
#8510=AXIS2_PLACEMENT_3D('',#13719,#10668,#10669);
#8511=AXIS2_PLACEMENT_3D('',#13722,#10671,#10672);
#8512=AXIS2_PLACEMENT_3D('',#13726,#10675,#10676);
#8513=AXIS2_PLACEMENT_3D('',#13730,#10679,#10680);
#8514=AXIS2_PLACEMENT_3D('',#13733,#10682,#10683);
#8515=AXIS2_PLACEMENT_3D('',#13734,#10684,#10685);
#8516=AXIS2_PLACEMENT_3D('',#13735,#10686,#10687);
#8517=AXIS2_PLACEMENT_3D('',#13738,#10689,#10690);
#8518=AXIS2_PLACEMENT_3D('',#13742,#10693,#10694);
#8519=AXIS2_PLACEMENT_3D('',#13749,#10696,#10697);
#8520=AXIS2_PLACEMENT_3D('',#13752,#10699,#10700);
#8521=AXIS2_PLACEMENT_3D('',#13797,#10701,#10702);
#8522=AXIS2_PLACEMENT_3D('',#13799,#10704,#10705);
#8523=AXIS2_PLACEMENT_3D('',#13804,#10706,#10707);
#8524=AXIS2_PLACEMENT_3D('',#13805,#10708,#10709);
#8525=AXIS2_PLACEMENT_3D('',#13806,#10710,#10711);
#8526=AXIS2_PLACEMENT_3D('',#13862,#10712,#10713);
#8527=AXIS2_PLACEMENT_3D('',#13863,#10714,#10715);
#8528=AXIS2_PLACEMENT_3D('',#13864,#10716,#10717);
#8529=AXIS2_PLACEMENT_3D('',#13865,#10718,#10719);
#8530=AXIS2_PLACEMENT_3D('',#13866,#10720,#10721);
#8531=AXIS2_PLACEMENT_3D('',#13867,#10722,#10723);
#8532=AXIS2_PLACEMENT_3D('',#13868,#10724,#10725);
#8533=AXIS2_PLACEMENT_3D('',#13869,#10726,#10727);
#8534=AXIS2_PLACEMENT_3D('',#13870,#10728,#10729);
#8535=AXIS2_PLACEMENT_3D('',#13875,#10730,#10731);
#8536=AXIS2_PLACEMENT_3D('',#13876,#10732,#10733);
#8537=AXIS2_PLACEMENT_3D('',#13932,#10734,#10735);
#8538=AXIS2_PLACEMENT_3D('',#13933,#10736,#10737);
#8539=AXIS2_PLACEMENT_3D('',#13934,#10738,#10739);
#8540=AXIS2_PLACEMENT_3D('',#13935,#10740,#10741);
#8541=AXIS2_PLACEMENT_3D('',#13940,#10744,#10745);
#8542=AXIS2_PLACEMENT_3D('',#13941,#10746,#10747);
#8543=AXIS2_PLACEMENT_3D('',#13942,#10748,#10749);
#8544=AXIS2_PLACEMENT_3D('',#13943,#10750,#10751);
#8545=AXIS2_PLACEMENT_3D('',#13944,#10752,#10753);
#8546=AXIS2_PLACEMENT_3D('',#13945,#10754,#10755);
#8547=AXIS2_PLACEMENT_3D('',#13950,#10756,#10757);
#8548=AXIS2_PLACEMENT_3D('',#13955,#10758,#10759);
#8549=AXIS2_PLACEMENT_3D('',#13956,#10760,#10761);
#8550=AXIS2_PLACEMENT_3D('',#13957,#10762,#10763);
#8551=AXIS2_PLACEMENT_3D('',#13958,#10764,#10765);
#8552=AXIS2_PLACEMENT_3D('',#13959,#10766,#10767);
#8553=AXIS2_PLACEMENT_3D('',#13960,#10768,#10769);
#8554=AXIS2_PLACEMENT_3D('',#13965,#10770,#10771);
#8555=AXIS2_PLACEMENT_3D('',#13970,#10772,#10773);
#8556=AXIS2_PLACEMENT_3D('',#13971,#10774,#10775);
#8557=AXIS2_PLACEMENT_3D('',#13972,#10776,#10777);
#8558=AXIS2_PLACEMENT_3D('',#13974,#10778,#10779);
#8559=AXIS2_PLACEMENT_3D('',#13976,#10780,#10781);
#8560=AXIS2_PLACEMENT_3D('',#13977,#10782,#10783);
#8561=AXIS2_PLACEMENT_3D('',#13980,#10785,#10786);
#8562=AXIS2_PLACEMENT_3D('',#13981,#10787,#10788);
#8563=AXIS2_PLACEMENT_3D('',#13982,#10789,#10790);
#8564=AXIS2_PLACEMENT_3D('',#13985,#10792,#10793);
#8565=AXIS2_PLACEMENT_3D('',#13986,#10794,#10795);
#8566=AXIS2_PLACEMENT_3D('',#13987,#10796,#10797);
#8567=AXIS2_PLACEMENT_3D('',#13991,#10799,#10800);
#8568=AXIS2_PLACEMENT_3D('',#13995,#10802,#10803);
#8569=AXIS2_PLACEMENT_3D('',#13996,#10804,#10805);
#8570=AXIS2_PLACEMENT_3D('',#13997,#10806,#10807);
#8571=AXIS2_PLACEMENT_3D('',#13998,#10808,#10809);
#8572=AXIS2_PLACEMENT_3D('',#13999,#10810,#10811);
#8573=AXIS2_PLACEMENT_3D('',#14000,#10812,#10813);
#8574=AXIS2_PLACEMENT_3D('',#14001,#10814,#10815);
#8575=AXIS2_PLACEMENT_3D('',#14002,#10816,#10817);
#8576=AXIS2_PLACEMENT_3D('',#14003,#10818,#10819);
#8577=AXIS2_PLACEMENT_3D('',#14004,#10820,#10821);
#8578=AXIS2_PLACEMENT_3D('',#14005,#10822,#10823);
#8579=AXIS2_PLACEMENT_3D('',#14008,#10825,#10826);
#8580=AXIS2_PLACEMENT_3D('',#14012,#10829,#10830);
#8581=AXIS2_PLACEMENT_3D('',#14013,#10831,#10832);
#8582=AXIS2_PLACEMENT_3D('',#14014,#10833,#10834);
#8583=AXIS2_PLACEMENT_3D('',#14015,#10835,#10836);
#8584=AXIS2_PLACEMENT_3D('',#14019,#10838,#10839);
#8585=AXIS2_PLACEMENT_3D('',#14020,#10840,#10841);
#8586=AXIS2_PLACEMENT_3D('',#14026,#10845,#10846);
#8587=AXIS2_PLACEMENT_3D('',#14027,#10847,#10848);
#8588=AXIS2_PLACEMENT_3D('',#14028,#10849,#10850);
#8589=AXIS2_PLACEMENT_3D('',#14029,#10851,#10852);
#8590=AXIS2_PLACEMENT_3D('',#14030,#10853,#10854);
#8591=AXIS2_PLACEMENT_3D('',#14031,#10855,#10856);
#8592=AXIS2_PLACEMENT_3D('',#14032,#10857,#10858);
#8593=AXIS2_PLACEMENT_3D('',#14033,#10859,#10860);
#8594=AXIS2_PLACEMENT_3D('',#14034,#10861,#10862);
#8595=AXIS2_PLACEMENT_3D('',#14035,#10863,#10864);
#8596=AXIS2_PLACEMENT_3D('',#14036,#10865,#10866);
#8597=AXIS2_PLACEMENT_3D('',#14037,#10867,#10868);
#8598=AXIS2_PLACEMENT_3D('',#14038,#10869,#10870);
#8599=AXIS2_PLACEMENT_3D('',#14039,#10871,#10872);
#8600=AXIS2_PLACEMENT_3D('',#14040,#10873,#10874);
#8601=AXIS2_PLACEMENT_3D('',#14041,#10875,#10876);
#8602=AXIS2_PLACEMENT_3D('',#14042,#10877,#10878);
#8603=AXIS2_PLACEMENT_3D('',#14043,#10879,#10880);
#8604=AXIS2_PLACEMENT_3D('',#14044,#10881,#10882);
#8605=AXIS2_PLACEMENT_3D('',#14045,#10883,#10884);
#8606=AXIS2_PLACEMENT_3D('',#14046,#10885,#10886);
#8607=AXIS2_PLACEMENT_3D('',#14047,#10887,#10888);
#8608=AXIS2_PLACEMENT_3D('',#14048,#10889,#10890);
#8609=AXIS2_PLACEMENT_3D('',#14049,#10891,#10892);
#8610=AXIS2_PLACEMENT_3D('',#14050,#10893,#10894);
#8611=AXIS2_PLACEMENT_3D('',#14051,#10895,#10896);
#8612=AXIS2_PLACEMENT_3D('',#14052,#10897,#10898);
#8613=AXIS2_PLACEMENT_3D('',#14053,#10899,#10900);
#8614=AXIS2_PLACEMENT_3D('',#14054,#10901,#10902);
#8615=AXIS2_PLACEMENT_3D('',#14055,#10903,#10904);
#8616=AXIS2_PLACEMENT_3D('',#14057,#10906,#10907);
#8617=AXIS2_PLACEMENT_3D('',#14058,#10908,#10909);
#8618=AXIS2_PLACEMENT_3D('',#14060,#10911,#10912);
#8619=AXIS2_PLACEMENT_3D('',#14062,#10914,#10915);
#8620=AXIS2_PLACEMENT_3D('',#14064,#10917,#10918);
#8621=AXIS2_PLACEMENT_3D('',#14066,#10920,#10921);
#8622=AXIS2_PLACEMENT_3D('',#14067,#10922,#10923);
#8623=AXIS2_PLACEMENT_3D('',#14070,#10926,#10927);
#8624=AXIS2_PLACEMENT_3D('',#14072,#10929,#10930);
#8625=AXIS2_PLACEMENT_3D('',#14073,#10931,#10932);
#8626=AXIS2_PLACEMENT_3D('',#14075,#10934,#10935);
#8627=AXIS2_PLACEMENT_3D('',#14076,#10936,#10937);
#8628=AXIS2_PLACEMENT_3D('',#14077,#10938,#10939);
#8629=AXIS2_PLACEMENT_3D('',#14079,#10940,#10941);
#8630=AXIS2_PLACEMENT_3D('',#14080,#10942,#10943);
#8631=AXIS2_PLACEMENT_3D('',#14082,#10944,#10945);
#8632=AXIS2_PLACEMENT_3D('',#14084,#10946,#10947);
#8633=AXIS2_PLACEMENT_3D('',#14085,#10948,#10949);
#8634=AXIS2_PLACEMENT_3D('',#14087,#10950,#10951);
#8635=AXIS2_PLACEMENT_3D('',#14088,#10952,#10953);
#8636=AXIS2_PLACEMENT_3D('',#14090,#10954,#10955);
#8637=AXIS2_PLACEMENT_3D('',#14092,#10956,#10957);
#8638=AXIS2_PLACEMENT_3D('',#14093,#10958,#10959);
#8639=AXIS2_PLACEMENT_3D('',#14094,#10960,#10961);
#8640=AXIS2_PLACEMENT_3D('',#14095,#10962,#10963);
#8641=AXIS2_PLACEMENT_3D('',#14096,#10964,#10965);
#8642=AXIS2_PLACEMENT_3D('',#14097,#10966,#10967);
#8643=AXIS2_PLACEMENT_3D('',#14098,#10968,#10969);
#8644=AXIS2_PLACEMENT_3D('',#14099,#10970,#10971);
#8645=AXIS2_PLACEMENT_3D('',#14100,#10972,#10973);
#8646=AXIS2_PLACEMENT_3D('',#14102,#10975,#10976);
#8647=AXIS2_PLACEMENT_3D('',#14103,#10977,#10978);
#8648=AXIS2_PLACEMENT_3D('',#14105,#10980,#10981);
#8649=AXIS2_PLACEMENT_3D('',#14106,#10982,#10983);
#8650=AXIS2_PLACEMENT_3D('',#14107,#10984,#10985);
#8651=AXIS2_PLACEMENT_3D('',#14108,#10986,#10987);
#8652=AXIS2_PLACEMENT_3D('',#14162,#10988,#10989);
#8653=AXIS2_PLACEMENT_3D('',#14163,#10990,#10991);
#8654=AXIS2_PLACEMENT_3D('',#14206,#10992,#10993);
#8655=AXIS2_PLACEMENT_3D('',#14207,#10994,#10995);
#8656=DIRECTION('',(0.,0.,1.));
#8657=DIRECTION('',(1.,0.,0.));
#8658=DIRECTION('',(-1.,0.,0.));
#8659=DIRECTION('',(0.,-1.,0.));
#8660=DIRECTION('',(-1.,0.,0.));
#8661=DIRECTION('',(0.,0.,1.));
#8662=DIRECTION('',(0.,1.,4.55531587287768E-16));
#8663=DIRECTION('',(-1.,0.,0.));
#8664=DIRECTION('',(0.,0.,1.));
#8665=DIRECTION('',(0.,-1.45402842050322E-26,1.));
#8666=DIRECTION('',(-1.,0.,0.));
#8667=DIRECTION('',(0.,0.,1.));
#8668=DIRECTION('',(0.,-1.,-4.55531587287768E-16));
#8669=DIRECTION('',(-1.,0.,0.));
#8670=DIRECTION('',(0.,0.,1.));
#8671=DIRECTION('',(0.,1.45402842050322E-26,-1.));
#8672=DIRECTION('',(0.,1.45402842050322E-26,-1.));
#8673=DIRECTION('',(0.,1.45402842050322E-26,-1.));
#8674=DIRECTION('',(0.,-1.,-1.45402842050322E-26));
#8675=DIRECTION('',(0.,1.45402842050322E-26,-1.));
#8676=DIRECTION('',(0.,1.,0.));
#8677=DIRECTION('',(0.,-1.,-2.90805684100676E-26));
#8678=DIRECTION('',(0.,1.,1.45402842050322E-26));
#8679=DIRECTION('',(-1.,0.,0.));
#8680=DIRECTION('',(0.,1.,1.45402842050322E-26));
#8681=DIRECTION('',(-1.,0.,0.));
#8682=DIRECTION('',(0.,1.45402842050322E-26,-1.));
#8683=DIRECTION('',(0.,1.45402842050322E-26,-1.));
#8684=DIRECTION('',(-1.,-2.81893153017515E-51,1.93870456067122E-25));
#8685=DIRECTION('',(0.,1.45402842050322E-26,-1.));
#8686=DIRECTION('',(1.,-7.1682788263504E-17,-1.04228811396049E-42));
#8687=DIRECTION('',(0.,1.45402842050322E-26,-1.));
#8688=DIRECTION('',(0.,1.,1.45402842050322E-26));
#8689=DIRECTION('',(0.,-7.27014210251609E-27,1.));
#8690=DIRECTION('',(0.,-1.,-7.27014210251609E-27));
#8691=DIRECTION('',(0.,1.45402842050322E-26,-1.));
#8692=DIRECTION('',(0.,1.,1.45402842050322E-26));
#8693=DIRECTION('',(0.,1.45402842050322E-26,-1.));
#8694=DIRECTION('',(1.,0.,0.));
#8695=DIRECTION('',(1.,0.,0.));
#8696=DIRECTION('',(0.,1.,1.45402842050322E-26));
#8697=DIRECTION('',(1.,0.,0.));
#8698=DIRECTION('',(-7.75295408258182E-15,-1.,-1.45402842050322E-26));
#8699=DIRECTION('',(-1.,0.,0.));
#8700=DIRECTION('',(0.,1.45402842050322E-26,-1.));
#8701=DIRECTION('',(0.,1.,1.45402842050322E-26));
#8702=DIRECTION('',(0.,-1.,-1.45402842050322E-26));
#8703=DIRECTION('',(0.,1.45402842050322E-26,-1.));
#8704=DIRECTION('',(0.,1.,1.45402842050322E-26));
#8705=DIRECTION('',(1.,0.,0.));
#8706=DIRECTION('',(-2.73276771582213E-11,1.,1.45402842050322E-26));
#8707=DIRECTION('',(1.,0.,0.));
#8708=DIRECTION('',(0.,1.45402842050322E-26,-1.));
#8709=DIRECTION('',(0.,1.,1.45402842050322E-26));
#8710=DIRECTION('',(7.75295408258186E-15,1.,1.45402842050322E-26));
#8711=DIRECTION('',(0.,1.45402842050322E-26,-1.));
#8712=DIRECTION('',(0.,1.,1.45402842050322E-26));
#8713=DIRECTION('',(-1.,0.,0.));
#8714=DIRECTION('',(0.,1.45402842050322E-26,-1.));
#8715=DIRECTION('',(0.,1.,1.45402842050322E-26));
#8716=DIRECTION('',(-7.75295408258182E-15,-1.,-1.45402842050322E-26));
#8717=DIRECTION('',(1.,-7.75295408258182E-15,-1.12730155789304E-40));
#8718=DIRECTION('',(7.75295408258182E-15,1.,0.));
#8719=DIRECTION('',(7.75295408258182E-15,1.,1.45402842050322E-26));
#8720=DIRECTION('',(0.,-1.45402842050322E-26,1.));
#8721=DIRECTION('',(-7.75295408258178E-15,-1.,5.09828504677264E-58));
#8722=DIRECTION('',(-1.,7.75295408258182E-15,1.12730155789304E-40));
#8723=DIRECTION('',(-7.75295408258182E-15,-1.,0.));
#8724=DIRECTION('',(7.75295408258178E-15,1.,-5.09828504677264E-58));
#8725=DIRECTION('',(0.,1.45402842050322E-26,-1.));
#8726=DIRECTION('',(1.,-7.75295408258182E-15,-1.12730155789304E-40));
#8727=DIRECTION('',(7.75295408258182E-15,1.,0.));
#8728=DIRECTION('',(-7.75295408258182E-15,-1.,-4.55531587287782E-16));
#8729=DIRECTION('',(1.,-7.75295408258182E-15,-1.12730155789304E-40));
#8730=DIRECTION('',(7.75295408258182E-15,1.,0.));
#8731=DIRECTION('',(0.,1.45402842050322E-26,-1.));
#8732=DIRECTION('',(7.75295408258178E-15,1.,-5.09828504677264E-58));
#8733=DIRECTION('',(-1.,7.75295408258182E-15,1.12730155789304E-40));
#8734=DIRECTION('',(-7.75295408258182E-15,-1.,0.));
#8735=DIRECTION('',(-7.75295408258178E-15,-1.,5.09828504677264E-58));
#8736=DIRECTION('',(0.,-1.45402842050322E-26,1.));
#8737=DIRECTION('',(7.75295408258182E-15,1.,1.45402842050322E-26));
#8738=DIRECTION('',(0.,-1.45402842050322E-26,1.));
#8739=DIRECTION('',(8.20188591167447E-17,1.,1.45402842050322E-26));
#8740=DIRECTION('',(0.,1.45402842050322E-26,-1.));
#8741=DIRECTION('',(-7.75295408258182E-15,-1.,-2.90805684100662E-26));
#8742=DIRECTION('',(0.,0.,1.));
#8743=DIRECTION('',(-7.75295408258182E-15,-1.,-1.45402842050322E-26));
#8744=DIRECTION('',(2.34278222225359E-56,1.45402842050322E-26,-1.));
#8745=DIRECTION('',(8.20188591167447E-17,1.,1.45402842050322E-26));
#8746=DIRECTION('',(0.,-1.45402842050322E-26,1.));
#8747=DIRECTION('',(-1.,7.75295408258178E-15,1.12730155789303E-40));
#8748=DIRECTION('',(7.75295408258178E-15,1.,-8.7399172155677E-55));
#8749=DIRECTION('',(0.,1.45402842050322E-26,-1.));
#8750=DIRECTION('',(7.75295408258178E-15,1.,-5.09828504677264E-58));
#8751=DIRECTION('',(-1.,7.75295408258178E-15,1.12730155789303E-40));
#8752=DIRECTION('',(-7.75295408258178E-15,-1.,0.));
#8753=DIRECTION('',(-7.75295408258178E-15,-1.,5.09828504677264E-58));
#8754=DIRECTION('',(7.75295408258178E-15,1.,-5.09828504677264E-58));
#8755=DIRECTION('',(1.,-7.75295408258178E-15,-2.25460311578608E-40));
#8756=DIRECTION('',(0.,1.,1.45402842050322E-26));
#8757=DIRECTION('',(0.,-1.45402842050322E-26,1.));
#8758=DIRECTION('',(7.75295408258178E-15,1.,-5.09828504677264E-58));
#8759=DIRECTION('',(7.75295408258178E-15,1.,-5.09828504677264E-58));
#8760=DIRECTION('',(-1.,7.75295408258178E-15,0.));
#8761=DIRECTION('',(-7.75295408258178E-15,-1.,5.09828504677264E-58));
#8762=DIRECTION('',(-1.,7.75295408258178E-15,2.25460311578608E-40));
#8763=DIRECTION('',(0.,1.,1.45402842050322E-26));
#8764=DIRECTION('',(0.,-1.45402842050322E-26,1.));
#8765=DIRECTION('',(-7.75295408258178E-15,-1.,5.09828504677264E-58));
#8766=DIRECTION('',(1.,-7.75295408258178E-15,0.));
#8767=DIRECTION('',(-7.75295408258178E-15,-1.,5.09828504677264E-58));
#8768=DIRECTION('',(-7.75295408258178E-15,-1.,5.09828504677264E-58));
#8769=DIRECTION('',(1.,-7.75295408258178E-15,0.));
#8770=DIRECTION('',(-7.75295408258178E-15,-1.,5.09828504677264E-58));
#8771=DIRECTION('',(1.,-7.75295408258178E-15,0.));
#8772=DIRECTION('',(-7.75295408258178E-15,-1.,5.09828504677264E-58));
#8773=DIRECTION('',(7.75295408258178E-15,1.,-5.09828504677264E-58));
#8774=DIRECTION('',(-1.,7.75295408258178E-15,0.));
#8775=DIRECTION('',(7.75295408258178E-15,1.,-5.09828504677264E-58));
#8776=DIRECTION('',(7.75295408258178E-15,1.,-5.09828504677264E-58));
#8777=DIRECTION('',(-1.,7.75295408258178E-15,0.));
#8778=DIRECTION('',(-0.707106781186548,5.48216640601125E-15,0.707106781186547));
#8779=DIRECTION('',(7.75295408258182E-15,1.,1.45402842050322E-26));
#8780=DIRECTION('',(-0.707106781186548,5.48216640601125E-15,0.707106781186547));
#8781=DIRECTION('',(0.707106781186547,-5.48216640603181E-15,0.707106781186548));
#8782=DIRECTION('',(-0.707106781186548,4.90653893338679E-15,-0.707106781186548));
#8783=DIRECTION('',(-0.707106781186548,5.48216640601125E-15,0.707106781186547));
#8784=DIRECTION('',(7.75295408258182E-15,1.,1.45402842050322E-26));
#8785=DIRECTION('',(-0.707106781186548,5.48216640601125E-15,0.707106781186547));
#8786=DIRECTION('',(0.707106781186547,-5.48216640603181E-15,0.707106781186548));
#8787=DIRECTION('',(-0.707106781186548,5.48216640601125E-15,0.707106781186547));
#8788=DIRECTION('',(-0.707106781186547,-5.48216640601126E-15,-0.707106781186548));
#8789=DIRECTION('',(0.,-1.,-1.45402842050322E-26));
#8790=DIRECTION('',(0.,1.45402842050322E-26,-1.));
#8791=DIRECTION('',(0.,1.45402842050322E-26,-1.));
#8792=DIRECTION('',(0.,-1.,-1.45402842050322E-26));
#8793=DIRECTION('',(0.,1.45402842050322E-26,-1.));
#8794=DIRECTION('',(0.,1.45402842050322E-26,-1.));
#8795=DIRECTION('',(0.,-1.,-1.45402842050322E-26));
#8796=DIRECTION('',(0.,1.45402842050322E-26,-1.));
#8797=DIRECTION('',(-1.,0.,0.));
#8798=DIRECTION('',(0.,-1.,-1.45402842050322E-26));
#8799=DIRECTION('',(0.,1.45402842050322E-26,-1.));
#8800=DIRECTION('',(-1.,0.,0.));
#8801=DIRECTION('',(0.,-1.,-1.45402842050322E-26));
#8802=DIRECTION('',(0.,1.45402842050322E-26,-1.));
#8803=DIRECTION('',(0.,-1.,-1.45402842050322E-26));
#8804=DIRECTION('',(0.,1.45402842050322E-26,-1.));
#8805=DIRECTION('',(0.,1.,1.45402842050322E-26));
#8806=DIRECTION('',(0.,-1.45402842050322E-26,1.));
#8807=DIRECTION('',(0.,1.,1.45402842050322E-26));
#8808=DIRECTION('',(7.49400541621998E-16,-0.999999999999976,1.63611723895101E-26));
#8809=DIRECTION('',(1.,7.49400541622015E-16,0.));
#8810=DIRECTION('',(0.,1.,1.45402842050322E-26));
#8811=DIRECTION('',(8.67361737988404E-15,1.,1.45402842050322E-26));
#8812=DIRECTION('',(-1.,8.67361737988404E-15,0.));
#8813=DIRECTION('',(0.,1.,1.45402842050322E-26));
#8814=DIRECTION('',(7.49400541621998E-16,-0.999999999999976,1.63611723895101E-26));
#8815=DIRECTION('',(1.,7.49400541622015E-16,0.));
#8816=DIRECTION('',(0.,1.,1.45402842050322E-26));
#8817=DIRECTION('',(1.93870456067122E-25,-2.90805684100676E-26,1.));
#8818=DIRECTION('',(1.,0.,-1.93870456067122E-25));
#8819=DIRECTION('',(1.93870456067122E-25,-2.90805684100676E-26,1.));
#8820=DIRECTION('',(1.,0.,0.));
#8821=DIRECTION('',(1.93870456067122E-25,-2.90805684100676E-26,1.));
#8822=DIRECTION('',(1.,0.,0.));
#8823=DIRECTION('',(1.93870456067122E-25,-2.90805684100676E-26,1.));
#8824=DIRECTION('',(1.,0.,0.));
#8825=DIRECTION('',(1.93870456067122E-25,-2.90805684100676E-26,1.));
#8826=DIRECTION('',(1.,0.,0.));
#8827=DIRECTION('',(0.,0.,1.));
#8828=DIRECTION('',(1.,0.,0.));
#8829=DIRECTION('',(1.93870456067122E-25,-2.90805684100676E-26,1.));
#8830=DIRECTION('',(1.93870456067122E-25,-2.90805684100676E-26,1.));
#8831=DIRECTION('',(1.,0.,0.));
#8832=DIRECTION('',(1.93870456067122E-25,-2.90805684100676E-26,1.));
#8833=DIRECTION('',(1.93870456067122E-25,-2.90805684100676E-26,1.));
#8834=DIRECTION('',(1.,5.63786306035094E-51,-1.93870456067122E-25));
#8835=DIRECTION('',(5.63786306035094E-51,1.,2.90805684100676E-26));
#8836=DIRECTION('',(1.,5.63786306035094E-51,-1.93870456067122E-25));
#8837=DIRECTION('',(5.63786306035094E-51,1.,2.90805684100676E-26));
#8838=DIRECTION('',(1.9387045606712E-25,-2.90805684100674E-26,1.));
#8839=DIRECTION('',(1.,0.,-1.93870456067122E-25));
#8840=DIRECTION('',(5.63786306035094E-51,1.,2.90805684100676E-26));
#8841=DIRECTION('',(1.,5.63786306035094E-51,-1.93870456067122E-25));
#8842=DIRECTION('',(5.63786306035094E-51,1.,2.90805684100676E-26));
#8843=DIRECTION('',(-1.,0.,0.));
#8844=DIRECTION('',(-1.18694596821998E-66,1.,2.90805684100676E-26));
#8845=DIRECTION('',(1.9387045606712E-25,-2.90805684100674E-26,1.));
#8846=DIRECTION('',(1.,0.,-1.93870456067122E-25));
#8847=DIRECTION('',(-1.,-2.81893153017515E-51,1.93870456067122E-25));
#8848=DIRECTION('',(1.9387045606712E-25,-2.90805684100674E-26,1.));
#8849=DIRECTION('',(1.,0.,-1.93870456067122E-25));
#8850=DIRECTION('',(1.18694596821998E-66,-1.,-2.90805684100676E-26));
#8851=DIRECTION('',(1.9387045606712E-25,-2.90805684100674E-26,1.));
#8852=DIRECTION('',(1.,0.,-1.93870456067122E-25));
#8853=DIRECTION('',(3.01568194194775E-58,-1.,-2.90805684100676E-26));
#8854=DIRECTION('',(1.9387045606712E-25,-2.90805684100674E-26,1.));
#8855=DIRECTION('',(1.,0.,-1.93870456067122E-25));
#8856=DIRECTION('',(-1.,1.89470772441254E-59,1.93870456067122E-25));
#8857=DIRECTION('',(1.9387045606712E-25,-2.90805684100674E-26,1.));
#8858=DIRECTION('',(1.,0.,-1.93870456067122E-25));
#8859=DIRECTION('',(2.94886945369477E-58,1.,2.90805684100676E-26));
#8860=DIRECTION('',(1.9387045606712E-25,-2.90805684100674E-26,1.));
#8861=DIRECTION('',(1.,0.,-1.93870456067122E-25));
#8862=DIRECTION('',(1.,2.64248748261823E-59,-1.93870456067122E-25));
#8863=DIRECTION('',(0.0616749850316853,-0.129093352041363,-0.989712636415271));
#8864=DIRECTION('',(-0.0429693447649227,0.0250654511128718,-0.998761912855602));
#8865=DIRECTION('',(0.0429693447649227,-0.0250654511128717,-0.998761912855602));
#8866=DIRECTION('',(-0.0616749850316853,0.129093352041363,-0.989712636415271));
#8867=DIRECTION('',(-7.806255641896E-16,-8.93382590127898E-17,1.));
#8868=DIRECTION('',(1.,-6.97397288455757E-32,7.806255641896E-16));
#8869=DIRECTION('',(1.,0.,-1.93870456067122E-25));
#8870=DIRECTION('',(-1.93870456067122E-25,0.,-1.));
#8871=DIRECTION('',(1.93870456067122E-25,-2.90805684100676E-26,1.));
#8872=DIRECTION('',(1.3708711415679E-25,-0.707106781186548,0.707106781186548));
#8873=DIRECTION('',(5.63786306035094E-51,1.,2.90805684100676E-26));
#8874=DIRECTION('',(1.,0.,-1.93870456067122E-25));
#8875=DIRECTION('',(-1.93870456067122E-25,0.,-1.));
#8876=DIRECTION('',(5.63786306035094E-51,1.,2.90805684100676E-26));
#8877=DIRECTION('',(-1.3708711415679E-25,0.707106781186548,-0.707106781186548));
#8878=DIRECTION('',(1.93870456067122E-25,-2.90805684100676E-26,1.));
#8879=DIRECTION('',(1.93870456067122E-25,-2.90805684100676E-26,1.));
#8880=DIRECTION('',(1.,5.63786306035094E-51,-1.93870456067122E-25));
#8881=DIRECTION('',(1.,5.63786306035094E-51,-1.93870456067122E-25));
#8882=DIRECTION('',(1.93870456067122E-25,-2.90805684100676E-26,1.));
#8883=DIRECTION('',(1.,0.,-1.93870456067122E-25));
#8884=DIRECTION('',(0.,-1.,-2.90805684100676E-26));
#8885=DIRECTION('',(0.,2.90805684100676E-26,-1.));
#8886=DIRECTION('',(-1.,-5.63786306035094E-51,1.93870456067122E-25));
#8887=DIRECTION('',(1.93870456067122E-25,-2.90805684100676E-26,1.));
#8888=DIRECTION('',(0.,-1.,-2.90805684100676E-26));
#8889=DIRECTION('',(0.,2.90805684100676E-26,-1.));
#8890=DIRECTION('',(1.,5.63786306035094E-51,-1.93870456067122E-25));
#8891=DIRECTION('',(1.93870456067122E-25,-2.90805684100676E-26,1.));
#8892=DIRECTION('',(1.93870456067122E-25,-2.90805684100676E-26,1.));
#8893=DIRECTION('',(1.,0.,-1.93870456067122E-25));
#8894=DIRECTION('',(1.93870456067122E-25,-2.90805684100676E-26,1.));
#8895=DIRECTION('',(1.93870456067122E-25,-2.90805684100676E-26,1.));
#8896=DIRECTION('',(1.9387045606712E-25,-2.90805684100674E-26,1.));
#8897=DIRECTION('',(1.,0.,-1.93870456067122E-25));
#8898=DIRECTION('',(0.,-1.,-1.45402842050322E-26));
#8899=DIRECTION('',(0.,1.45402842050322E-26,-1.));
#8900=DIRECTION('',(1.,-7.91805720365327E-15,1.76247905178582E-15));
#8901=DIRECTION('',(0.,1.45402842050322E-26,-1.));
#8902=DIRECTION('',(1.,-7.91805720365327E-15,1.76247905178582E-15));
#8903=DIRECTION('',(0.,1.45402842050322E-26,-1.));
#8904=DIRECTION('',(0.,-1.45402842050322E-26,1.));
#8905=DIRECTION('',(0.,1.,1.45402842050322E-26));
#8906=DIRECTION('',(0.,-1.45402842050322E-26,1.));
#8907=DIRECTION('',(0.,1.45402842050322E-26,-1.));
#8908=DIRECTION('',(0.,1.,1.45402842050322E-26));
#8909=DIRECTION('',(0.,-1.45402842050322E-26,1.));
#8910=DIRECTION('',(0.,1.45402842050322E-26,-1.));
#8911=DIRECTION('',(0.,-1.,-1.45402842050322E-26));
#8912=DIRECTION('',(0.,1.45402842050322E-26,-1.));
#8913=DIRECTION('',(1.,-7.91805720365327E-15,1.76247905178582E-15));
#8914=DIRECTION('',(0.,-1.45402842050322E-26,1.));
#8915=DIRECTION('',(1.,-7.91805720365327E-15,1.76247905178582E-15));
#8916=DIRECTION('',(0.,1.45402842050322E-26,-1.));
#8917=DIRECTION('',(0.,-1.45402842050322E-26,1.));
#8918=DIRECTION('',(0.,1.45402842050322E-26,-1.));
#8919=DIRECTION('',(1.,0.,0.));
#8920=DIRECTION('',(0.,0.,-1.));
#8921=DIRECTION('',(1.,0.,0.));
#8922=DIRECTION('',(0.,0.,-1.));
#8923=DIRECTION('',(0.,1.,4.55531587287768E-16));
#8924=DIRECTION('',(1.,0.,0.));
#8925=DIRECTION('',(0.,0.,-1.));
#8926=DIRECTION('',(8.67361737988404E-15,1.,1.45402842050322E-26));
#8927=DIRECTION('',(-1.,8.67361737988404E-15,0.));
#8928=DIRECTION('',(2.03915764624954E-56,1.45402842050322E-26,-1.));
#8929=DIRECTION('',(1.,-8.67361737988404E-15,-1.93870456067122E-25));
#8930=DIRECTION('',(8.67361737988404E-15,1.,1.45402842050322E-26));
#8931=DIRECTION('',(-1.,8.67361737988404E-15,0.));
#8932=DIRECTION('',(1.,-8.67361737988404E-15,-1.2611686178922E-40));
#8933=DIRECTION('',(1.9387045606712E-25,-2.90805684100674E-26,1.));
#8934=DIRECTION('',(1.00000000000005,-7.99360577730116E-15,1.9387045606712E-25));
#8935=DIRECTION('',(3.01568192385378E-58,-1.,-2.90805684100676E-26));
#8936=DIRECTION('',(-9.69352280335607E-26,1.45402842050338E-26,-1.));
#8937=DIRECTION('',(-1.,0.,9.69352280335607E-26));
#8938=DIRECTION('',(1.,2.64248752437051E-59,-1.93870456067122E-25));
#8939=DIRECTION('',(-9.69352280335607E-26,1.45402842050338E-26,-1.));
#8940=DIRECTION('',(-1.,0.,9.69352280335607E-26));
#8941=DIRECTION('',(2.94886946668836E-58,1.,2.90805684100676E-26));
#8942=DIRECTION('',(-9.69352280335607E-26,1.45402842050338E-26,-1.));
#8943=DIRECTION('',(-1.,0.,9.69352280335607E-26));
#8944=DIRECTION('',(-1.,1.89470765687021E-59,1.93870456067122E-25));
#8945=DIRECTION('',(-9.69352280335607E-26,1.45402842050338E-26,-1.));
#8946=DIRECTION('',(-1.,0.,9.69352280335607E-26));
#8947=DIRECTION('',(5.63786306035094E-51,1.,2.90805684100676E-26));
#8948=DIRECTION('',(-7.75295408258182E-15,-1.,-2.90805684100662E-26));
#8949=DIRECTION('',(-1.,8.67361737988406E-15,1.93870456067122E-25));
#8950=DIRECTION('',(-9.04511309634545E-15,-1.,-2.90805684100659E-26));
#8951=DIRECTION('',(1.,-8.67361737988405E-15,-1.93870456067122E-25));
#8952=DIRECTION('',(1.,-8.67361737988405E-15,-1.93870456067122E-25));
#8953=DIRECTION('',(0.,-1.,-2.90805684100676E-26));
#8954=DIRECTION('',(1.,2.81893153017515E-51,-1.93870456067122E-25));
#8955=DIRECTION('',(-7.75295408258186E-15,-1.,-2.90805684100662E-26));
#8956=DIRECTION('',(-1.,0.,0.));
#8957=DIRECTION('',(-7.75295408258182E-15,-1.,-2.90805684100662E-26));
#8958=DIRECTION('',(8.67361737988404E-15,1.,1.45402842050322E-26));
#8959=DIRECTION('',(-1.,8.67361737988404E-15,0.));
#8960=DIRECTION('',(8.67361737988404E-15,1.,1.45402842050322E-26));
#8961=DIRECTION('',(-1.,8.67361737988404E-15,0.));
#8962=DIRECTION('',(1.,-8.67361737988404E-15,-1.93870456067122E-25));
#8963=DIRECTION('',(2.03915764624954E-56,1.45402842050322E-26,-1.));
#8964=DIRECTION('',(1.,-8.67361737988404E-15,-1.2611686178922E-40));
#8965=DIRECTION('',(0.,1.,1.45402842050322E-26));
#8966=DIRECTION('',(0.,-1.45402842050322E-26,1.));
#8967=DIRECTION('',(0.,1.,1.45402842050322E-26));
#8968=DIRECTION('',(0.,-1.,-1.45402842050322E-26));
#8969=DIRECTION('',(0.,1.45402842050322E-26,-1.));
#8970=DIRECTION('',(0.,1.,1.45402842050322E-26));
#8971=DIRECTION('',(0.,1.,1.45402842050322E-26));
#8972=DIRECTION('',(0.,-1.45402842050322E-26,1.));
#8973=DIRECTION('',(0.,-1.,0.));
#8974=DIRECTION('',(0.,0.,-1.));
#8975=DIRECTION('',(0.,1.45402842050322E-26,-1.));
#8976=DIRECTION('',(1.,0.,0.));
#8977=DIRECTION('',(0.,1.45402842050322E-26,-1.));
#8978=DIRECTION('',(0.,1.,1.45402842050322E-26));
#8979=DIRECTION('',(-1.,8.67361737988406E-15,1.26116861789221E-40));
#8980=DIRECTION('',(0.,1.45402842050322E-26,-1.));
#8981=DIRECTION('',(0.,1.,1.45402842050322E-26));
#8982=DIRECTION('',(1.,0.,0.));
#8983=DIRECTION('',(0.,-1.,-1.45402842050322E-26));
#8984=DIRECTION('',(1.,-8.67361737988404E-15,-1.2611686178922E-40));
#8985=DIRECTION('',(-9.04511309634545E-15,-1.,-1.45402842050322E-26));
#8986=DIRECTION('',(0.,1.45402842050322E-26,-1.));
#8987=DIRECTION('',(1.,0.,0.));
#8988=DIRECTION('',(8.20188591167447E-17,1.,1.45402842050322E-26));
#8989=DIRECTION('',(1.,0.,0.));
#8990=DIRECTION('',(0.,-1.,-1.45402842050322E-26));
#8991=DIRECTION('',(1.,-8.67361737988404E-15,-1.2611686178922E-40));
#8992=DIRECTION('',(0.,-1.,-1.45402842050322E-26));
#8993=DIRECTION('',(1.,0.,0.));
#8994=DIRECTION('',(0.,1.45402842050322E-26,-1.));
#8995=DIRECTION('',(0.,1.,1.45402842050322E-26));
#8996=DIRECTION('',(0.,1.45402842050322E-26,-1.));
#8997=DIRECTION('',(1.,0.,0.));
#8998=DIRECTION('',(0.,1.45402842050322E-26,-1.));
#8999=DIRECTION('',(0.,1.,1.45402842050322E-26));
#9000=DIRECTION('',(8.20188591167447E-17,1.,1.45402842050322E-26));
#9001=DIRECTION('',(0.,1.45402842050322E-26,-1.));
#9002=DIRECTION('',(0.,1.,1.45402842050322E-26));
#9003=DIRECTION('',(1.,0.,0.));
#9004=DIRECTION('',(0.,1.45402842050322E-26,-1.));
#9005=DIRECTION('',(0.,1.,1.45402842050322E-26));
#9006=DIRECTION('',(1.,-8.16340459283198E-15,-1.18698222860442E-40));
#9007=DIRECTION('',(1.,-7.75295408258186E-15,-1.12730155789305E-40));
#9008=DIRECTION('',(7.75295408258186E-15,1.,0.));
#9009=DIRECTION('',(-1.,7.75295408258186E-15,1.12730155789305E-40));
#9010=DIRECTION('',(-7.75295408258186E-15,-1.,0.));
#9011=DIRECTION('',(7.75295408258186E-15,1.,-5.09828504686537E-58));
#9012=DIRECTION('',(-1.,7.75295408258186E-15,1.12730155789305E-40));
#9013=DIRECTION('',(-7.75295408258186E-15,-1.,0.));
#9014=DIRECTION('',(-7.75295408258186E-15,-1.,5.09828504686537E-58));
#9015=DIRECTION('',(0.,-1.45402842050322E-26,1.));
#9016=DIRECTION('',(-7.75295408258186E-15,-1.,-1.45402842050322E-26));
#9017=DIRECTION('',(0.,-1.45402842050322E-26,1.));
#9018=DIRECTION('',(2.34278222225359E-56,1.45402842050322E-26,-1.));
#9019=DIRECTION('',(-7.75295408258186E-15,-1.,-1.45402842050322E-26));
#9020=DIRECTION('',(0.,0.,1.));
#9021=DIRECTION('',(-7.75295408258186E-15,-1.,-2.90805684100662E-26));
#9022=DIRECTION('',(0.,1.45402842050322E-26,-1.));
#9023=DIRECTION('',(8.16340459283198E-15,1.,1.45402842050322E-26));
#9024=DIRECTION('',(-1.,8.16340459283198E-15,0.));
#9025=DIRECTION('',(1.,-8.16340459283198E-15,-1.18698222860442E-40));
#9026=DIRECTION('',(0.,0.,-1.));
#9027=DIRECTION('',(-1.,0.,0.));
#9028=DIRECTION('',(0.,1.,0.));
#9029=DIRECTION('',(0.,0.,-1.));
#9030=DIRECTION('',(-1.,0.,0.));
#9031=DIRECTION('',(-1.,0.,0.));
#9032=DIRECTION('',(0.,0.,-1.));
#9033=DIRECTION('',(-1.,0.,0.));
#9034=DIRECTION('',(0.,1.,0.));
#9035=DIRECTION('',(0.,0.,-1.));
#9036=DIRECTION('',(-1.,0.,0.));
#9037=DIRECTION('',(-1.,0.,0.));
#9038=DIRECTION('',(0.,0.,-1.));
#9039=DIRECTION('',(-1.,0.,0.));
#9040=DIRECTION('',(-1.,0.,0.));
#9041=DIRECTION('',(0.,0.,-1.));
#9042=DIRECTION('',(-1.,0.,0.));
#9043=DIRECTION('',(0.,1.,0.));
#9044=DIRECTION('',(0.,0.,-1.));
#9045=DIRECTION('',(-1.,0.,0.));
#9046=DIRECTION('',(-1.,0.,0.));
#9047=DIRECTION('',(0.,0.,-1.));
#9048=DIRECTION('',(-1.,0.,0.));
#9049=DIRECTION('',(0.,1.,0.));
#9050=DIRECTION('',(0.,0.,-1.));
#9051=DIRECTION('',(-1.,0.,0.));
#9052=DIRECTION('',(0.,1.,0.));
#9053=DIRECTION('',(0.,0.,-1.));
#9054=DIRECTION('',(-1.,0.,0.));
#9055=DIRECTION('',(-1.,0.,0.));
#9056=DIRECTION('',(0.,0.,-1.));
#9057=DIRECTION('',(-1.,0.,0.));
#9058=DIRECTION('',(0.,1.,0.));
#9059=DIRECTION('',(0.,0.,-1.));
#9060=DIRECTION('',(-1.,0.,0.));
#9061=DIRECTION('',(-1.,0.,0.));
#9062=DIRECTION('',(0.,0.,-1.));
#9063=DIRECTION('',(-1.,0.,0.));
#9064=DIRECTION('',(-1.,0.,0.));
#9065=DIRECTION('',(0.,0.,-1.));
#9066=DIRECTION('',(-1.,0.,0.));
#9067=DIRECTION('',(0.,1.,0.));
#9068=DIRECTION('',(0.,0.,-1.));
#9069=DIRECTION('',(-1.,0.,0.));
#9070=DIRECTION('',(-1.,0.,0.));
#9071=DIRECTION('',(0.,0.,-1.));
#9072=DIRECTION('',(-1.,0.,0.));
#9073=DIRECTION('',(-6.21764686730038E-16,1.,0.));
#9074=DIRECTION('',(0.,0.,-1.));
#9075=DIRECTION('',(-1.,0.,0.));
#9076=DIRECTION('',(-1.,0.,0.));
#9077=DIRECTION('',(0.,0.,-1.));
#9078=DIRECTION('',(-1.,0.,0.));
#9079=DIRECTION('',(0.,1.,0.));
#9080=DIRECTION('',(0.,0.,-1.));
#9081=DIRECTION('',(-1.,0.,0.));
#9082=DIRECTION('',(-1.,0.,0.));
#9083=DIRECTION('',(0.,0.,-1.));
#9084=DIRECTION('',(-1.,0.,0.));
#9085=DIRECTION('',(0.,1.,0.));
#9086=DIRECTION('',(0.,0.,-1.));
#9087=DIRECTION('',(-1.,0.,0.));
#9088=DIRECTION('',(6.21764686730038E-16,1.,0.));
#9089=DIRECTION('',(0.,0.,-1.));
#9090=DIRECTION('',(-1.,0.,0.));
#9091=DIRECTION('',(-1.,0.,0.));
#9092=DIRECTION('',(0.,0.,-1.));
#9093=DIRECTION('',(-1.,0.,0.));
#9094=DIRECTION('',(0.,1.,0.));
#9095=DIRECTION('',(0.,0.,-1.));
#9096=DIRECTION('',(-1.,0.,0.));
#9097=DIRECTION('',(-1.,0.,0.));
#9098=DIRECTION('',(0.,0.,-1.));
#9099=DIRECTION('',(-1.,0.,0.));
#9100=DIRECTION('',(-1.,0.,0.));
#9101=DIRECTION('',(0.,0.,-1.));
#9102=DIRECTION('',(-1.,0.,0.));
#9103=DIRECTION('',(-1.55441171682509E-16,1.,0.));
#9104=DIRECTION('',(0.,0.,-1.));
#9105=DIRECTION('',(-1.,0.,0.));
#9106=DIRECTION('',(-1.,0.,0.));
#9107=DIRECTION('',(0.,0.,-1.));
#9108=DIRECTION('',(-1.,0.,0.));
#9109=DIRECTION('',(-1.55441171682509E-16,1.,0.));
#9110=DIRECTION('',(0.,0.,-1.));
#9111=DIRECTION('',(-1.,0.,0.));
#9112=DIRECTION('',(-1.,0.,0.));
#9113=DIRECTION('',(0.,0.,-1.));
#9114=DIRECTION('',(-1.,0.,0.));
#9115=DIRECTION('',(0.,1.,0.));
#9116=DIRECTION('',(0.,0.,-1.));
#9117=DIRECTION('',(-1.,0.,0.));
#9118=DIRECTION('',(-1.,0.,0.));
#9119=DIRECTION('',(0.,0.,-1.));
#9120=DIRECTION('',(-1.,0.,0.));
#9121=DIRECTION('',(0.,1.,0.));
#9122=DIRECTION('',(0.,0.,-1.));
#9123=DIRECTION('',(-1.,0.,0.));
#9124=DIRECTION('',(0.,0.,-1.));
#9125=DIRECTION('',(-1.,0.,0.));
#9126=DIRECTION('',(-1.,0.,0.));
#9127=DIRECTION('',(0.,0.,-1.));
#9128=DIRECTION('',(-1.,0.,0.));
#9129=DIRECTION('',(0.,1.,0.));
#9130=DIRECTION('',(0.,0.,-1.));
#9131=DIRECTION('',(-1.,0.,0.));
#9132=DIRECTION('',(-1.,0.,0.));
#9133=DIRECTION('',(0.,0.,-1.));
#9134=DIRECTION('',(-1.,0.,0.));
#9135=DIRECTION('',(0.,1.,0.));
#9136=DIRECTION('',(0.,0.,-1.));
#9137=DIRECTION('',(-1.,0.,0.));
#9138=DIRECTION('',(-1.,0.,0.));
#9139=DIRECTION('',(0.,0.,-1.));
#9140=DIRECTION('',(-1.,0.,0.));
#9141=DIRECTION('',(0.,1.,0.));
#9142=DIRECTION('',(0.,0.,-1.));
#9143=DIRECTION('',(-1.,0.,0.));
#9144=DIRECTION('',(-1.,0.,0.));
#9145=DIRECTION('',(0.,0.,-1.));
#9146=DIRECTION('',(-1.,0.,0.));
#9147=DIRECTION('',(0.,1.,0.));
#9148=DIRECTION('',(0.,0.,-1.));
#9149=DIRECTION('',(-1.,0.,0.));
#9150=DIRECTION('',(-1.,0.,0.));
#9151=DIRECTION('',(0.,0.,-1.));
#9152=DIRECTION('',(-1.,0.,0.));
#9153=DIRECTION('',(0.,1.,0.));
#9154=DIRECTION('',(0.,0.,-1.));
#9155=DIRECTION('',(-1.,0.,0.));
#9156=DIRECTION('',(-1.,0.,0.));
#9157=DIRECTION('',(0.,0.,-1.));
#9158=DIRECTION('',(-1.,0.,0.));
#9159=DIRECTION('',(0.,1.,0.));
#9160=DIRECTION('',(0.,0.,-1.));
#9161=DIRECTION('',(-1.,0.,0.));
#9162=DIRECTION('',(-1.,0.,0.));
#9163=DIRECTION('',(0.,0.,-1.));
#9164=DIRECTION('',(-1.,0.,0.));
#9165=DIRECTION('',(-3.10882343365019E-16,1.,0.));
#9166=DIRECTION('',(0.,0.,-1.));
#9167=DIRECTION('',(-1.,0.,0.));
#9168=DIRECTION('',(-1.,0.,0.));
#9169=DIRECTION('',(0.,0.,-1.));
#9170=DIRECTION('',(-1.,0.,0.));
#9171=DIRECTION('',(0.,1.,0.));
#9172=DIRECTION('',(0.,0.,-1.));
#9173=DIRECTION('',(-1.,0.,0.));
#9174=DIRECTION('',(0.,1.,0.));
#9175=DIRECTION('',(-1.,0.,0.));
#9176=DIRECTION('',(0.,-1.,0.));
#9177=DIRECTION('',(0.,0.,-1.));
#9178=DIRECTION('',(-1.,0.,0.));
#9179=DIRECTION('',(1.,0.,0.));
#9180=DIRECTION('',(0.,1.,1.45402842050322E-26));
#9181=DIRECTION('',(0.,-1.45402842050322E-26,1.));
#9182=DIRECTION('',(0.,1.45402842050322E-26,-1.));
#9183=DIRECTION('',(0.,1.,1.45402842050322E-26));
#9184=DIRECTION('',(0.,-1.45402842050322E-26,1.));
#9185=DIRECTION('',(0.,1.45402842050322E-26,-1.));
#9186=DIRECTION('',(1.,0.,0.));
#9187=DIRECTION('',(1.,0.,0.));
#9188=DIRECTION('',(0.,0.,-1.));
#9189=DIRECTION('',(0.,-1.,0.));
#9190=DIRECTION('',(0.,1.45402842050322E-26,-1.));
#9191=DIRECTION('',(0.,1.45402842050322E-26,-1.));
#9192=DIRECTION('',(0.,1.,2.90805684100676E-26));
#9193=DIRECTION('',(-0.707106781186536,2.05630671235185E-26,-0.707106781186559));
#9194=DIRECTION('',(2.94886946556423E-58,1.,2.90805684100676E-26));
#9195=DIRECTION('',(-0.707106781186559,0.,0.707106781186536));
#9196=DIRECTION('',(2.86985925493729E-42,-1.,-2.90805684100676E-26));
#9197=DIRECTION('',(0.707106781186559,8.76167666676229E-16,-0.707106781186536));
#9198=DIRECTION('',(0.,0.,1.));
#9199=DIRECTION('',(1.,0.,0.));
#9200=DIRECTION('',(0.,-0.707106781186559,0.707106781186536));
#9201=DIRECTION('',(0.,0.,1.));
#9202=DIRECTION('',(1.,0.,0.));
#9203=DIRECTION('',(0.,0.,1.));
#9204=DIRECTION('',(1.,0.,0.));
#9205=DIRECTION('',(0.,0.,1.));
#9206=DIRECTION('',(1.,0.,0.));
#9207=DIRECTION('',(0.,-0.707106781186558,-0.707106781186537));
#9208=DIRECTION('',(-1.37087114156792E-25,-0.707106781186537,-0.707106781186558));
#9209=DIRECTION('',(-1.,1.89470760571794E-59,1.93870456067122E-25));
#9210=DIRECTION('',(0.,-0.707106781186558,0.707106781186537));
#9211=DIRECTION('',(1.,0.,-1.93870456067122E-25));
#9212=DIRECTION('',(1.37087114156792E-25,-0.707106781186536,0.707106781186559));
#9213=DIRECTION('',(1.,2.64248760131282E-59,-1.93870456067122E-25));
#9214=DIRECTION('',(-1.,0.,1.93870456067122E-25));
#9215=DIRECTION('',(0.,-0.707106781186559,-0.707106781186536));
#9216=DIRECTION('',(0.,0.,1.));
#9217=DIRECTION('',(1.,0.,0.));
#9218=DIRECTION('',(0.707106781186557,0.,0.707106781186538));
#9219=DIRECTION('',(0.,0.,1.));
#9220=DIRECTION('',(1.,0.,0.));
#9221=DIRECTION('',(0.,0.,1.));
#9222=DIRECTION('',(1.,0.,0.));
#9223=DIRECTION('',(0.,0.,1.));
#9224=DIRECTION('',(1.,0.,0.));
#9225=DIRECTION('',(-0.707106781186559,0.,-0.707106781186536));
#9226=DIRECTION('',(-0.707106781186537,-2.05630671235185E-26,0.707106781186558));
#9227=DIRECTION('',(3.01568193007829E-58,-1.,-2.90805684100676E-26));
#9228=DIRECTION('',(0.,1.,2.90805684100676E-26));
#9229=DIRECTION('',(-9.69352280335607E-26,1.45402842050338E-26,-1.));
#9230=DIRECTION('',(-1.,0.,9.69352280335607E-26));
#9231=DIRECTION('',(0.,1.,0.));
#9232=DIRECTION('',(0.,0.,1.));
#9233=DIRECTION('',(1.,0.,0.));
#9234=DIRECTION('',(0.,0.,-1.));
#9235=DIRECTION('',(-1.,1.89470765687021E-59,1.93870456067122E-25));
#9236=DIRECTION('',(1.93870456067122E-25,0.,1.));
#9237=DIRECTION('',(1.,0.,0.));
#9238=DIRECTION('',(0.,0.,-1.));
#9239=DIRECTION('',(2.94886946668836E-58,1.,2.90805684100676E-26));
#9240=DIRECTION('',(0.,-2.90805684100676E-26,1.));
#9241=DIRECTION('',(0.,1.,0.));
#9242=DIRECTION('',(0.,0.,1.));
#9243=DIRECTION('',(-9.69352280335607E-26,1.45402842050338E-26,-1.));
#9244=DIRECTION('',(-1.,0.,9.69352280335607E-26));
#9245=DIRECTION('',(0.,1.,0.));
#9246=DIRECTION('',(0.,0.,1.));
#9247=DIRECTION('',(-9.69352280335607E-26,1.45402842050338E-26,-1.));
#9248=DIRECTION('',(-1.,0.,9.69352280335607E-26));
#9249=DIRECTION('',(1.,0.,0.));
#9250=DIRECTION('',(0.,0.,-1.));
#9251=DIRECTION('',(3.01568192385378E-58,-1.,-2.90805684100676E-26));
#9252=DIRECTION('',(0.,2.90805684100676E-26,-1.));
#9253=DIRECTION('',(0.,1.,0.));
#9254=DIRECTION('',(0.,0.,1.));
#9255=DIRECTION('',(1.,2.64248752437051E-59,-1.93870456067122E-25));
#9256=DIRECTION('',(-1.93870456067122E-25,0.,-1.));
#9257=DIRECTION('',(1.,0.,0.));
#9258=DIRECTION('',(0.,0.,-1.));
#9259=DIRECTION('',(-9.69352280335607E-26,1.45402842050338E-26,-1.));
#9260=DIRECTION('',(-1.,0.,9.69352280335607E-26));
#9261=DIRECTION('',(-1.,0.,0.));
#9262=DIRECTION('',(0.,1.,0.));
#9263=DIRECTION('',(0.,0.,1.));
#9264=DIRECTION('',(-1.,0.,0.));
#9265=DIRECTION('',(0.,1.,0.));
#9266=DIRECTION('',(0.,0.,1.));
#9267=DIRECTION('',(0.,1.,0.));
#9268=DIRECTION('',(0.,0.,1.));
#9269=DIRECTION('',(0.,-1.,0.));
#9270=DIRECTION('',(0.,0.,-1.));
#9271=DIRECTION('',(0.,0.,-1.));
#9272=DIRECTION('',(1.,0.,0.));
#9273=DIRECTION('',(0.,0.,-1.));
#9274=DIRECTION('',(-1.,0.,0.));
#9275=DIRECTION('',(0.,0.,1.));
#9276=DIRECTION('',(0.,0.,1.));
#9277=DIRECTION('',(0.,-1.,-1.45402842050322E-26));
#9278=DIRECTION('',(0.,0.,1.));
#9279=DIRECTION('',(0.,-1.,0.));
#9280=DIRECTION('',(0.,0.,-1.));
#9281=DIRECTION('',(1.,0.,0.));
#9282=DIRECTION('',(0.,0.,1.));
#9283=DIRECTION('',(1.,0.,0.));
#9284=DIRECTION('',(0.,0.,-1.));
#9285=DIRECTION('',(0.,0.,-1.));
#9286=DIRECTION('',(-1.,0.,0.));
#9287=DIRECTION('',(0.,0.,1.));
#9288=DIRECTION('',(0.,-1.,0.));
#9289=DIRECTION('',(0.,0.,1.));
#9290=DIRECTION('',(0.,0.,1.));
#9291=DIRECTION('',(0.,0.,1.));
#9292=DIRECTION('',(1.,0.,0.));
#9293=DIRECTION('',(0.,0.,-1.));
#9294=DIRECTION('',(-1.,0.,0.));
#9295=DIRECTION('',(0.,0.,1.));
#9296=DIRECTION('',(0.,-1.45402842050321E-26,1.));
#9297=DIRECTION('',(0.,-1.,-1.45402842050322E-26));
#9298=DIRECTION('',(0.,0.,-1.));
#9299=DIRECTION('',(-1.,0.,0.));
#9300=DIRECTION('',(0.,0.,-1.));
#9301=DIRECTION('',(-1.,0.,0.));
#9302=DIRECTION('',(0.,0.,-1.));
#9303=DIRECTION('',(0.,-1.45402842050321E-26,1.));
#9304=DIRECTION('',(0.,-1.,-1.45402842050322E-26));
#9305=DIRECTION('',(0.,0.,1.));
#9306=DIRECTION('',(1.,0.,0.));
#9307=DIRECTION('',(0.,-1.45402842050321E-26,1.));
#9308=DIRECTION('',(0.,-1.,-1.45402842050322E-26));
#9309=DIRECTION('',(0.,0.,1.));
#9310=DIRECTION('',(0.,0.,-1.));
#9311=DIRECTION('',(-1.,0.,0.));
#9312=DIRECTION('',(0.,0.,-1.));
#9313=DIRECTION('',(-1.,0.,0.));
#9314=DIRECTION('',(0.,-1.45402842050321E-26,1.));
#9315=DIRECTION('',(0.,-1.,-1.45402842050322E-26));
#9316=DIRECTION('',(-1.,0.,0.));
#9317=DIRECTION('',(0.,0.,1.));
#9318=DIRECTION('',(0.,-1.,0.));
#9319=DIRECTION('',(0.,0.,1.));
#9320=DIRECTION('',(0.,0.,1.));
#9321=DIRECTION('',(0.,-1.,0.));
#9322=DIRECTION('',(0.,0.,-1.));
#9323=DIRECTION('',(0.,0.,-1.));
#9324=DIRECTION('',(1.,0.,0.));
#9325=DIRECTION('',(0.,0.,-1.));
#9326=DIRECTION('',(-1.,0.,0.));
#9327=DIRECTION('',(0.,0.,1.));
#9328=DIRECTION('',(0.,0.,1.));
#9329=DIRECTION('',(0.,-1.,0.));
#9330=DIRECTION('',(0.,0.,1.));
#9331=DIRECTION('',(0.,-1.,0.));
#9332=DIRECTION('',(0.,0.,-1.));
#9333=DIRECTION('',(1.,0.,0.));
#9334=DIRECTION('',(0.,0.,1.));
#9335=DIRECTION('',(1.,0.,0.));
#9336=DIRECTION('',(0.,0.,-1.));
#9337=DIRECTION('',(0.,0.,-1.));
#9338=DIRECTION('',(1.,0.,0.));
#9339=DIRECTION('',(0.,0.,1.));
#9340=DIRECTION('',(0.,0.,-1.));
#9341=DIRECTION('',(-1.,0.,0.));
#9342=DIRECTION('',(0.,0.,-1.));
#9343=DIRECTION('',(-1.,0.,0.));
#9344=DIRECTION('',(0.,0.,-1.));
#9345=DIRECTION('',(0.,-1.45402842050321E-26,1.));
#9346=DIRECTION('',(0.,-1.,-1.45402842050322E-26));
#9347=DIRECTION('',(0.,0.,1.));
#9348=DIRECTION('',(1.,0.,0.));
#9349=DIRECTION('',(0.,-1.45402842050321E-26,1.));
#9350=DIRECTION('',(0.,-1.,-1.45402842050322E-26));
#9351=DIRECTION('',(0.,0.,1.));
#9352=DIRECTION('',(0.,0.,-1.));
#9353=DIRECTION('',(-1.,0.,0.));
#9354=DIRECTION('',(0.,0.,-1.));
#9355=DIRECTION('',(-1.,0.,0.));
#9356=DIRECTION('',(0.,0.,-1.));
#9357=DIRECTION('',(-1.,0.,0.));
#9358=DIRECTION('',(0.,0.,-1.));
#9359=DIRECTION('',(0.,-1.45402842050321E-26,1.));
#9360=DIRECTION('',(0.,-1.,-1.45402842050322E-26));
#9361=DIRECTION('',(0.,0.,1.));
#9362=DIRECTION('',(1.,0.,0.));
#9363=DIRECTION('',(0.,-1.45402842050321E-26,1.));
#9364=DIRECTION('',(0.,-1.,-1.45402842050322E-26));
#9365=DIRECTION('',(0.,0.,1.));
#9366=DIRECTION('',(0.,0.,-1.));
#9367=DIRECTION('',(-1.,0.,0.));
#9368=DIRECTION('',(-1.,0.,0.));
#9369=DIRECTION('',(0.,0.,1.));
#9370=DIRECTION('',(0.,-1.,0.));
#9371=DIRECTION('',(0.,0.,1.));
#9372=DIRECTION('',(0.,0.,1.));
#9373=DIRECTION('',(0.,-1.,0.));
#9374=DIRECTION('',(0.,0.,-1.));
#9375=DIRECTION('',(1.,0.,0.));
#9376=DIRECTION('',(0.,0.,1.));
#9377=DIRECTION('',(1.,0.,0.));
#9378=DIRECTION('',(0.,0.,-1.));
#9379=DIRECTION('',(0.,0.,-1.));
#9380=DIRECTION('',(-1.,0.,0.));
#9381=DIRECTION('',(0.,0.,1.));
#9382=DIRECTION('',(0.,0.,1.));
#9383=DIRECTION('',(0.,-1.,-1.45402842050322E-26));
#9384=DIRECTION('',(0.,0.,1.));
#9385=DIRECTION('',(0.,-1.,0.));
#9386=DIRECTION('',(0.,0.,-1.));
#9387=DIRECTION('',(1.,0.,0.));
#9388=DIRECTION('',(0.,0.,1.));
#9389=DIRECTION('',(1.,0.,0.));
#9390=DIRECTION('',(0.,0.,-1.));
#9391=DIRECTION('',(0.,0.,-1.));
#9392=DIRECTION('',(0.,0.,1.));
#9393=DIRECTION('',(1.,0.,0.));
#9394=DIRECTION('',(0.,0.,-1.));
#9395=DIRECTION('',(-1.,0.,0.));
#9396=DIRECTION('',(0.,0.,1.));
#9397=DIRECTION('',(0.,-1.45402842050321E-26,1.));
#9398=DIRECTION('',(0.,-1.,-1.45402842050322E-26));
#9399=DIRECTION('',(0.,0.,-1.));
#9400=DIRECTION('',(-1.,0.,0.));
#9401=DIRECTION('',(0.,-1.45402842050321E-26,1.));
#9402=DIRECTION('',(0.,-1.,-1.45402842050322E-26));
#9403=DIRECTION('',(0.,0.,-1.));
#9404=DIRECTION('',(0.,0.,-1.));
#9405=DIRECTION('',(-1.,0.,0.));
#9406=DIRECTION('',(0.,0.,1.));
#9407=DIRECTION('',(1.,0.,0.));
#9408=DIRECTION('',(0.,-1.45402842050321E-26,1.));
#9409=DIRECTION('',(0.,-1.,-1.45402842050322E-26));
#9410=DIRECTION('',(0.,0.,1.));
#9411=DIRECTION('',(0.,0.,-1.));
#9412=DIRECTION('',(-1.,0.,0.));
#9413=DIRECTION('',(0.,0.,-1.));
#9414=DIRECTION('',(-1.,0.,0.));
#9415=DIRECTION('',(0.,0.,-1.));
#9416=DIRECTION('',(-1.,0.,0.));
#9417=DIRECTION('',(0.,0.,-1.));
#9418=DIRECTION('',(0.,-1.45402842050321E-26,1.));
#9419=DIRECTION('',(0.,-1.,-1.45402842050322E-26));
#9420=DIRECTION('',(-1.,0.,0.));
#9421=DIRECTION('',(0.,0.,1.));
#9422=DIRECTION('',(0.,-1.,0.));
#9423=DIRECTION('',(0.,0.,1.));
#9424=DIRECTION('',(0.,0.,1.));
#9425=DIRECTION('',(0.,-1.,0.));
#9426=DIRECTION('',(0.,0.,-1.));
#9427=DIRECTION('',(1.,0.,0.));
#9428=DIRECTION('',(0.,0.,-1.));
#9429=DIRECTION('',(1.,0.,0.));
#9430=DIRECTION('',(0.,0.,-1.));
#9431=DIRECTION('',(0.,0.,-1.));
#9432=DIRECTION('',(0.,-1.,0.));
#9433=DIRECTION('',(0.,0.,-1.));
#9434=DIRECTION('',(0.,0.,-1.));
#9435=DIRECTION('',(1.,0.,0.));
#9436=DIRECTION('',(0.,0.,-1.));
#9437=DIRECTION('',(-1.,-6.21764686730038E-16,0.));
#9438=DIRECTION('',(6.21764686730038E-16,-1.,0.));
#9439=DIRECTION('',(0.,0.,1.));
#9440=DIRECTION('',(6.21764686730038E-16,-1.,-1.45402842050322E-26));
#9441=DIRECTION('',(0.,0.,1.));
#9442=DIRECTION('',(0.,0.,1.));
#9443=DIRECTION('',(1.,0.,0.));
#9444=DIRECTION('',(0.,-1.45402842050321E-26,1.));
#9445=DIRECTION('',(0.,-1.,-1.45402842050322E-26));
#9446=DIRECTION('',(0.,0.,1.));
#9447=DIRECTION('',(0.,0.,-1.));
#9448=DIRECTION('',(-1.,0.,0.));
#9449=DIRECTION('',(0.,0.,-1.));
#9450=DIRECTION('',(-1.,0.,0.));
#9451=DIRECTION('',(0.,0.,-1.));
#9452=DIRECTION('',(-1.,0.,0.));
#9453=DIRECTION('',(0.,0.,-1.));
#9454=DIRECTION('',(0.,-1.45402842050321E-26,1.));
#9455=DIRECTION('',(0.,-1.,-1.45402842050322E-26));
#9456=DIRECTION('',(0.,0.,-1.));
#9457=DIRECTION('',(-1.,0.,0.));
#9458=DIRECTION('',(0.,-1.45402842050321E-26,1.));
#9459=DIRECTION('',(0.,-1.,-1.45402842050322E-26));
#9460=DIRECTION('',(0.,0.,1.));
#9461=DIRECTION('',(1.,0.,0.));
#9462=DIRECTION('',(0.,0.,-1.));
#9463=DIRECTION('',(-1.,0.,0.));
#9464=DIRECTION('',(0.,0.,1.));
#9465=DIRECTION('',(0.,-1.45402842050321E-26,1.));
#9466=DIRECTION('',(0.,-1.,-1.45402842050322E-26));
#9467=DIRECTION('',(-1.,0.,0.));
#9468=DIRECTION('',(0.,0.,1.));
#9469=DIRECTION('',(0.,0.,1.));
#9470=DIRECTION('',(0.,-1.,0.));
#9471=DIRECTION('',(0.,0.,1.));
#9472=DIRECTION('',(0.,-1.,0.));
#9473=DIRECTION('',(0.,0.,-1.));
#9474=DIRECTION('',(1.,0.,0.));
#9475=DIRECTION('',(0.,0.,1.));
#9476=DIRECTION('',(1.,0.,0.));
#9477=DIRECTION('',(0.,0.,1.));
#9478=DIRECTION('',(1.,0.,0.));
#9479=DIRECTION('',(0.,0.,-1.));
#9480=DIRECTION('',(0.,0.,-1.));
#9481=DIRECTION('',(-1.,0.,0.));
#9482=DIRECTION('',(0.,0.,1.));
#9483=DIRECTION('',(0.,-1.,0.));
#9484=DIRECTION('',(0.,0.,1.));
#9485=DIRECTION('',(0.,0.,1.));
#9486=DIRECTION('',(0.,-1.,0.));
#9487=DIRECTION('',(0.,0.,-1.));
#9488=DIRECTION('',(1.,0.,0.));
#9489=DIRECTION('',(0.,0.,1.));
#9490=DIRECTION('',(1.,0.,0.));
#9491=DIRECTION('',(0.,0.,1.));
#9492=DIRECTION('',(1.,0.,0.));
#9493=DIRECTION('',(0.,0.,-1.));
#9494=DIRECTION('',(0.,0.,-1.));
#9495=DIRECTION('',(0.,0.,-1.));
#9496=DIRECTION('',(-1.,0.,0.));
#9497=DIRECTION('',(0.,0.,-1.));
#9498=DIRECTION('',(-1.,0.,0.));
#9499=DIRECTION('',(0.,0.,-1.));
#9500=DIRECTION('',(0.,-1.45402842050321E-26,1.));
#9501=DIRECTION('',(0.,-1.,-1.45402842050322E-26));
#9502=DIRECTION('',(0.,0.,1.));
#9503=DIRECTION('',(1.,0.,0.));
#9504=DIRECTION('',(0.,-1.45402842050321E-26,1.));
#9505=DIRECTION('',(0.,-1.,-1.45402842050322E-26));
#9506=DIRECTION('',(0.,0.,1.));
#9507=DIRECTION('',(0.,0.,-1.));
#9508=DIRECTION('',(-1.,0.,0.));
#9509=DIRECTION('',(0.,0.,-1.));
#9510=DIRECTION('',(-1.,0.,0.));
#9511=DIRECTION('',(0.,0.,-1.));
#9512=DIRECTION('',(-1.,0.,0.));
#9513=DIRECTION('',(0.,0.,-1.));
#9514=DIRECTION('',(0.,-1.45402842050321E-26,1.));
#9515=DIRECTION('',(0.,-1.,-1.45402842050322E-26));
#9516=DIRECTION('',(0.,0.,1.));
#9517=DIRECTION('',(1.,0.,0.));
#9518=DIRECTION('',(0.,-1.45402842050321E-26,1.));
#9519=DIRECTION('',(0.,-1.,-1.45402842050322E-26));
#9520=DIRECTION('',(0.,0.,1.));
#9521=DIRECTION('',(0.,0.,-1.));
#9522=DIRECTION('',(-1.,0.,0.));
#9523=DIRECTION('',(0.,-1.,0.));
#9524=DIRECTION('',(0.,0.,-1.));
#9525=DIRECTION('',(1.,0.,0.));
#9526=DIRECTION('',(0.,0.,1.));
#9527=DIRECTION('',(1.,0.,0.));
#9528=DIRECTION('',(0.,0.,-1.));
#9529=DIRECTION('',(0.,0.,-1.));
#9530=DIRECTION('',(-1.,0.,0.));
#9531=DIRECTION('',(0.,0.,1.));
#9532=DIRECTION('',(0.,0.,1.));
#9533=DIRECTION('',(0.,-1.,0.));
#9534=DIRECTION('',(0.,0.,1.));
#9535=DIRECTION('',(-1.,6.21764686730038E-16,0.));
#9536=DIRECTION('',(-6.21764686730038E-16,-1.,0.));
#9537=DIRECTION('',(0.,0.,1.));
#9538=DIRECTION('',(-6.21764686730038E-16,-1.,-1.45402842050322E-26));
#9539=DIRECTION('',(0.,0.,1.));
#9540=DIRECTION('',(0.,-1.,0.));
#9541=DIRECTION('',(0.,0.,-1.));
#9542=DIRECTION('',(0.,0.,-1.));
#9543=DIRECTION('',(1.,0.,0.));
#9544=DIRECTION('',(0.,0.,-1.));
#9545=DIRECTION('',(0.,0.,1.));
#9546=DIRECTION('',(1.,0.,0.));
#9547=DIRECTION('',(0.,-1.45402842050321E-26,1.));
#9548=DIRECTION('',(0.,-1.,-1.45402842050322E-26));
#9549=DIRECTION('',(0.,0.,-1.));
#9550=DIRECTION('',(-1.,0.,0.));
#9551=DIRECTION('',(0.,-1.45402842050321E-26,1.));
#9552=DIRECTION('',(0.,-1.,-1.45402842050322E-26));
#9553=DIRECTION('',(0.,0.,-1.));
#9554=DIRECTION('',(0.,0.,-1.));
#9555=DIRECTION('',(-1.,0.,0.));
#9556=DIRECTION('',(0.,0.,1.));
#9557=DIRECTION('',(1.,0.,0.));
#9558=DIRECTION('',(0.,-1.45402842050321E-26,1.));
#9559=DIRECTION('',(0.,-1.,-1.45402842050322E-26));
#9560=DIRECTION('',(0.,0.,1.));
#9561=DIRECTION('',(0.,0.,-1.));
#9562=DIRECTION('',(-1.,0.,0.));
#9563=DIRECTION('',(0.,0.,-1.));
#9564=DIRECTION('',(-1.,0.,0.));
#9565=DIRECTION('',(0.,0.,-1.));
#9566=DIRECTION('',(-1.,0.,0.));
#9567=DIRECTION('',(0.,0.,-1.));
#9568=DIRECTION('',(0.,-1.45402842050321E-26,1.));
#9569=DIRECTION('',(0.,-1.,-1.45402842050322E-26));
#9570=DIRECTION('',(0.,-1.,0.));
#9571=DIRECTION('',(0.,0.,-1.));
#9572=DIRECTION('',(1.,0.,0.));
#9573=DIRECTION('',(0.,0.,1.));
#9574=DIRECTION('',(1.,0.,0.));
#9575=DIRECTION('',(0.,0.,-1.));
#9576=DIRECTION('',(0.,0.,-1.));
#9577=DIRECTION('',(1.,0.,0.));
#9578=DIRECTION('',(0.,0.,1.));
#9579=DIRECTION('',(-1.,-1.55441171682509E-16,0.));
#9580=DIRECTION('',(1.55441171682509E-16,-1.,0.));
#9581=DIRECTION('',(0.,0.,1.));
#9582=DIRECTION('',(1.55441171682509E-16,-1.,0.));
#9583=DIRECTION('',(0.,0.,1.));
#9584=DIRECTION('',(0.,-1.,0.));
#9585=DIRECTION('',(0.,0.,-1.));
#9586=DIRECTION('',(1.,0.,0.));
#9587=DIRECTION('',(0.,0.,1.));
#9588=DIRECTION('',(1.,0.,0.));
#9589=DIRECTION('',(0.,0.,-1.));
#9590=DIRECTION('',(0.,0.,-1.));
#9591=DIRECTION('',(1.,0.,0.));
#9592=DIRECTION('',(0.,0.,1.));
#9593=DIRECTION('',(-1.,-1.55441171682509E-16,0.));
#9594=DIRECTION('',(1.55441171682509E-16,-1.,0.));
#9595=DIRECTION('',(1.55441171682509E-16,-1.,0.));
#9596=DIRECTION('',(0.,0.,1.));
#9597=DIRECTION('',(0.,0.,1.));
#9598=DIRECTION('',(0.,0.,-1.));
#9599=DIRECTION('',(-1.,0.,0.));
#9600=DIRECTION('',(0.,0.,-1.));
#9601=DIRECTION('',(-1.,0.,0.));
#9602=DIRECTION('',(0.,0.,-1.));
#9603=DIRECTION('',(0.,-1.45402842050321E-26,1.));
#9604=DIRECTION('',(0.,-1.,-1.45402842050322E-26));
#9605=DIRECTION('',(0.,0.,1.));
#9606=DIRECTION('',(1.,0.,0.));
#9607=DIRECTION('',(0.,-1.45402842050321E-26,1.));
#9608=DIRECTION('',(0.,-1.,-1.45402842050322E-26));
#9609=DIRECTION('',(0.,0.,1.));
#9610=DIRECTION('',(0.,0.,-1.));
#9611=DIRECTION('',(-1.,0.,0.));
#9612=DIRECTION('',(0.,0.,-1.));
#9613=DIRECTION('',(-1.,0.,0.));
#9614=DIRECTION('',(0.,0.,-1.));
#9615=DIRECTION('',(-1.,0.,0.));
#9616=DIRECTION('',(0.,0.,-1.));
#9617=DIRECTION('',(0.,-1.45402842050321E-26,1.));
#9618=DIRECTION('',(0.,-1.,-1.45402842050322E-26));
#9619=DIRECTION('',(0.,0.,1.));
#9620=DIRECTION('',(1.,0.,0.));
#9621=DIRECTION('',(0.,-1.45402842050321E-26,1.));
#9622=DIRECTION('',(0.,-1.,-1.45402842050322E-26));
#9623=DIRECTION('',(0.,0.,1.));
#9624=DIRECTION('',(0.,0.,-1.));
#9625=DIRECTION('',(-1.,0.,0.));
#9626=DIRECTION('',(-1.,0.,0.));
#9627=DIRECTION('',(0.,0.,1.));
#9628=DIRECTION('',(0.,0.,1.));
#9629=DIRECTION('',(0.,-1.,0.));
#9630=DIRECTION('',(0.,0.,1.));
#9631=DIRECTION('',(0.,-1.,0.));
#9632=DIRECTION('',(0.,0.,-1.));
#9633=DIRECTION('',(1.,0.,0.));
#9634=DIRECTION('',(0.,0.,-1.));
#9635=DIRECTION('',(1.,0.,0.));
#9636=DIRECTION('',(0.,0.,-1.));
#9637=DIRECTION('',(0.,0.,-1.));
#9638=DIRECTION('',(0.,-1.,0.));
#9639=DIRECTION('',(0.,0.,-1.));
#9640=DIRECTION('',(0.,0.,-1.));
#9641=DIRECTION('',(1.,0.,0.));
#9642=DIRECTION('',(0.,0.,-1.));
#9643=DIRECTION('',(-1.,0.,0.));
#9644=DIRECTION('',(0.,0.,1.));
#9645=DIRECTION('',(0.,0.,1.));
#9646=DIRECTION('',(0.,-1.,-1.45402842050322E-26));
#9647=DIRECTION('',(0.,0.,1.));
#9648=DIRECTION('',(0.,0.,-1.));
#9649=DIRECTION('',(-1.,0.,0.));
#9650=DIRECTION('',(0.,-1.45402842050321E-26,1.));
#9651=DIRECTION('',(0.,-1.,-1.45402842050322E-26));
#9652=DIRECTION('',(0.,0.,-1.));
#9653=DIRECTION('',(0.,0.,-1.));
#9654=DIRECTION('',(-1.,0.,0.));
#9655=DIRECTION('',(0.,0.,-1.));
#9656=DIRECTION('',(-1.,0.,0.));
#9657=DIRECTION('',(0.,0.,-1.));
#9658=DIRECTION('',(-1.,0.,0.));
#9659=DIRECTION('',(0.,0.,-1.));
#9660=DIRECTION('',(0.,-1.45402842050321E-26,1.));
#9661=DIRECTION('',(0.,-1.,-1.45402842050322E-26));
#9662=DIRECTION('',(0.,0.,1.));
#9663=DIRECTION('',(1.,0.,0.));
#9664=DIRECTION('',(0.,-1.45402842050321E-26,1.));
#9665=DIRECTION('',(0.,-1.,-1.45402842050322E-26));
#9666=DIRECTION('',(0.,0.,1.));
#9667=DIRECTION('',(0.,0.,-1.));
#9668=DIRECTION('',(-1.,0.,0.));
#9669=DIRECTION('',(0.,0.,1.));
#9670=DIRECTION('',(1.,0.,0.));
#9671=DIRECTION('',(0.,-1.45402842050321E-26,1.));
#9672=DIRECTION('',(0.,-1.,-1.45402842050322E-26));
#9673=DIRECTION('',(0.,0.,-1.));
#9674=DIRECTION('',(-1.,0.,0.));
#9675=DIRECTION('',(0.,0.,1.));
#9676=DIRECTION('',(0.,0.,-1.));
#9677=DIRECTION('',(-1.,0.,0.));
#9678=DIRECTION('',(0.,0.,-1.));
#9679=DIRECTION('',(0.,-1.45402842050321E-26,1.));
#9680=DIRECTION('',(0.,-1.,-1.45402842050322E-26));
#9681=DIRECTION('',(0.,0.,-1.));
#9682=DIRECTION('',(0.,0.,1.));
#9683=DIRECTION('',(1.,0.,0.));
#9684=DIRECTION('',(0.,-1.45402842050321E-26,1.));
#9685=DIRECTION('',(0.,-1.,-1.45402842050322E-26));
#9686=DIRECTION('',(0.,0.,1.));
#9687=DIRECTION('',(0.,0.,-1.));
#9688=DIRECTION('',(-1.,0.,0.));
#9689=DIRECTION('',(0.,0.,1.));
#9690=DIRECTION('',(0.,0.,-1.));
#9691=DIRECTION('',(0.,0.,-1.));
#9692=DIRECTION('',(-1.,0.,0.));
#9693=DIRECTION('',(0.,-1.45402842050321E-26,1.));
#9694=DIRECTION('',(0.,-1.,-1.45402842050322E-26));
#9695=DIRECTION('',(0.,0.,-1.));
#9696=DIRECTION('',(0.,0.,-1.));
#9697=DIRECTION('',(-1.,0.,0.));
#9698=DIRECTION('',(0.,0.,-1.));
#9699=DIRECTION('',(0.,0.,1.));
#9700=DIRECTION('',(0.,0.,1.));
#9701=DIRECTION('',(1.,0.,0.));
#9702=DIRECTION('',(0.,0.,-1.));
#9703=DIRECTION('',(-1.,0.,0.));
#9704=DIRECTION('',(0.,0.,1.));
#9705=DIRECTION('',(0.,-1.45402842050321E-26,1.));
#9706=DIRECTION('',(0.,-1.,-1.45402842050322E-26));
#9707=DIRECTION('',(0.,0.,1.));
#9708=DIRECTION('',(0.,0.,-1.));
#9709=DIRECTION('',(-1.,0.,0.));
#9710=DIRECTION('',(0.,0.,1.));
#9711=DIRECTION('',(0.,-1.,0.));
#9712=DIRECTION('',(-1.,0.,0.));
#9713=DIRECTION('',(0.,0.,1.));
#9714=DIRECTION('',(0.,-1.,-1.45402842050322E-26));
#9715=DIRECTION('',(0.,-1.,0.));
#9716=DIRECTION('',(0.,0.,-1.));
#9717=DIRECTION('',(1.,0.,0.));
#9718=DIRECTION('',(0.,0.,1.));
#9719=DIRECTION('',(1.,0.,0.));
#9720=DIRECTION('',(0.,-1.,0.));
#9721=DIRECTION('',(0.,0.,-1.));
#9722=DIRECTION('',(1.,0.,0.));
#9723=DIRECTION('',(0.,0.,1.));
#9724=DIRECTION('',(1.,0.,0.));
#9725=DIRECTION('',(0.,0.,1.));
#9726=DIRECTION('',(1.,0.,0.));
#9727=DIRECTION('',(0.,-1.45402842050321E-26,1.));
#9728=DIRECTION('',(0.,-1.,-1.45402842050322E-26));
#9729=DIRECTION('',(0.,0.,1.));
#9730=DIRECTION('',(0.,0.,-1.));
#9731=DIRECTION('',(-1.,0.,0.));
#9732=DIRECTION('',(0.,0.,1.));
#9733=DIRECTION('',(0.,0.,-1.));
#9734=DIRECTION('',(0.,0.,-1.));
#9735=DIRECTION('',(-1.,0.,0.));
#9736=DIRECTION('',(0.,0.,1.));
#9737=DIRECTION('',(0.,0.,-1.));
#9738=DIRECTION('',(-1.,0.,0.));
#9739=DIRECTION('',(0.,0.,-1.));
#9740=DIRECTION('',(0.,-1.45402842050321E-26,1.));
#9741=DIRECTION('',(0.,-1.,-1.45402842050322E-26));
#9742=DIRECTION('',(0.,0.,-1.));
#9743=DIRECTION('',(-1.,0.,0.));
#9744=DIRECTION('',(0.,0.,1.));
#9745=DIRECTION('',(0.,0.,1.));
#9746=DIRECTION('',(0.,-1.,-1.45402842050322E-26));
#9747=DIRECTION('',(0.,0.,1.));
#9748=DIRECTION('',(0.,0.,1.));
#9749=DIRECTION('',(1.,0.,0.));
#9750=DIRECTION('',(0.,0.,-1.));
#9751=DIRECTION('',(-1.,0.,0.));
#9752=DIRECTION('',(0.,0.,1.));
#9753=DIRECTION('',(0.,-1.45402842050321E-26,1.));
#9754=DIRECTION('',(0.,-1.,-1.45402842050322E-26));
#9755=DIRECTION('',(0.,0.,-1.));
#9756=DIRECTION('',(0.,0.,-1.));
#9757=DIRECTION('',(-1.,0.,0.));
#9758=DIRECTION('',(0.,-1.45402842050321E-26,1.));
#9759=DIRECTION('',(0.,-1.,-1.45402842050322E-26));
#9760=DIRECTION('',(0.,0.,-1.));
#9761=DIRECTION('',(0.,0.,-1.));
#9762=DIRECTION('',(-1.,0.,0.));
#9763=DIRECTION('',(0.,0.,-1.));
#9764=DIRECTION('',(0.,-1.,0.));
#9765=DIRECTION('',(0.,0.,-1.));
#9766=DIRECTION('',(1.,0.,0.));
#9767=DIRECTION('',(0.,0.,-1.));
#9768=DIRECTION('',(1.,0.,0.));
#9769=DIRECTION('',(-1.,0.,0.));
#9770=DIRECTION('',(0.,0.,1.));
#9771=DIRECTION('',(0.,-1.,0.));
#9772=DIRECTION('',(0.,-1.,0.));
#9773=DIRECTION('',(0.,0.,-1.));
#9774=DIRECTION('',(1.,0.,0.));
#9775=DIRECTION('',(0.,0.,-1.));
#9776=DIRECTION('',(1.,0.,0.));
#9777=DIRECTION('',(0.,0.,1.));
#9778=DIRECTION('',(1.,0.,0.));
#9779=DIRECTION('',(0.,-1.45402842050321E-26,1.));
#9780=DIRECTION('',(0.,-1.,-1.45402842050322E-26));
#9781=DIRECTION('',(0.,0.,1.));
#9782=DIRECTION('',(0.,0.,-1.));
#9783=DIRECTION('',(-1.,0.,0.));
#9784=DIRECTION('',(0.,0.,1.));
#9785=DIRECTION('',(0.,0.,-1.));
#9786=DIRECTION('',(0.,0.,-1.));
#9787=DIRECTION('',(-1.,0.,0.));
#9788=DIRECTION('',(0.,0.,-1.));
#9789=DIRECTION('',(-1.,0.,0.));
#9790=DIRECTION('',(0.,0.,-1.));
#9791=DIRECTION('',(0.,-1.45402842050321E-26,1.));
#9792=DIRECTION('',(0.,-1.,-1.45402842050322E-26));
#9793=DIRECTION('',(0.,0.,-1.));
#9794=DIRECTION('',(0.,0.,1.));
#9795=DIRECTION('',(0.,0.,-1.));
#9796=DIRECTION('',(-1.,0.,0.));
#9797=DIRECTION('',(0.,0.,-1.));
#9798=DIRECTION('',(-1.,0.,0.));
#9799=DIRECTION('',(0.,0.,-1.));
#9800=DIRECTION('',(0.,-1.45402842050321E-26,1.));
#9801=DIRECTION('',(0.,-1.,-1.45402842050322E-26));
#9802=DIRECTION('',(0.,0.,-1.));
#9803=DIRECTION('',(0.,0.,1.));
#9804=DIRECTION('',(0.,0.,1.));
#9805=DIRECTION('',(1.,0.,0.));
#9806=DIRECTION('',(0.,-1.45402842050321E-26,1.));
#9807=DIRECTION('',(0.,-1.,-1.45402842050322E-26));
#9808=DIRECTION('',(0.,0.,1.));
#9809=DIRECTION('',(0.,0.,-1.));
#9810=DIRECTION('',(-1.,0.,0.));
#9811=DIRECTION('',(0.,0.,1.));
#9812=DIRECTION('',(0.,0.,-1.));
#9813=DIRECTION('',(-1.,0.,0.));
#9814=DIRECTION('',(0.,0.,1.));
#9815=DIRECTION('',(0.,-1.,0.));
#9816=DIRECTION('',(0.,-1.,0.));
#9817=DIRECTION('',(0.,0.,-1.));
#9818=DIRECTION('',(1.,0.,0.));
#9819=DIRECTION('',(-1.,0.,0.));
#9820=DIRECTION('',(0.,0.,1.));
#9821=DIRECTION('',(0.,-1.,0.));
#9822=DIRECTION('',(0.,-1.,0.));
#9823=DIRECTION('',(0.,0.,-1.));
#9824=DIRECTION('',(1.,0.,0.));
#9825=DIRECTION('',(0.,0.,1.));
#9826=DIRECTION('',(1.,0.,0.));
#9827=DIRECTION('',(0.,0.,1.));
#9828=DIRECTION('',(1.,0.,0.));
#9829=DIRECTION('',(0.,0.,1.));
#9830=DIRECTION('',(1.,0.,0.));
#9831=DIRECTION('',(0.,0.,-1.));
#9832=DIRECTION('',(-1.,0.,0.));
#9833=DIRECTION('',(0.,0.,1.));
#9834=DIRECTION('',(0.,-1.45402842050321E-26,1.));
#9835=DIRECTION('',(0.,-1.,-1.45402842050322E-26));
#9836=DIRECTION('',(0.,0.,1.));
#9837=DIRECTION('',(0.,0.,-1.));
#9838=DIRECTION('',(0.,0.,1.));
#9839=DIRECTION('',(1.,0.,0.));
#9840=DIRECTION('',(0.,-1.45402842050321E-26,1.));
#9841=DIRECTION('',(0.,-1.,-1.45402842050322E-26));
#9842=DIRECTION('',(0.,0.,1.));
#9843=DIRECTION('',(0.,0.,-1.));
#9844=DIRECTION('',(-1.,0.,0.));
#9845=DIRECTION('',(0.,0.,1.));
#9846=DIRECTION('',(0.,0.,-1.));
#9847=DIRECTION('',(0.,0.,-1.));
#9848=DIRECTION('',(-1.,0.,0.));
#9849=DIRECTION('',(0.,0.,1.));
#9850=DIRECTION('',(0.,0.,-1.));
#9851=DIRECTION('',(-1.,0.,0.));
#9852=DIRECTION('',(0.,0.,-1.));
#9853=DIRECTION('',(0.,-1.45402842050321E-26,1.));
#9854=DIRECTION('',(0.,-1.,-1.45402842050322E-26));
#9855=DIRECTION('',(0.,0.,-1.));
#9856=DIRECTION('',(0.,0.,-1.));
#9857=DIRECTION('',(-1.,0.,0.));
#9858=DIRECTION('',(0.,-1.45402842050321E-26,1.));
#9859=DIRECTION('',(0.,-1.,-1.45402842050322E-26));
#9860=DIRECTION('',(0.,0.,-1.));
#9861=DIRECTION('',(0.,0.,-1.));
#9862=DIRECTION('',(-1.,0.,0.));
#9863=DIRECTION('',(0.,0.,-1.));
#9864=DIRECTION('',(0.,0.,1.));
#9865=DIRECTION('',(-1.,0.,0.));
#9866=DIRECTION('',(0.,0.,1.));
#9867=DIRECTION('',(0.,-1.,-1.45402842050322E-26));
#9868=DIRECTION('',(0.,-1.,0.));
#9869=DIRECTION('',(0.,0.,-1.));
#9870=DIRECTION('',(1.,0.,0.));
#9871=DIRECTION('',(0.,0.,-1.));
#9872=DIRECTION('',(1.,0.,0.));
#9873=DIRECTION('',(-1.,-3.10882343365019E-16,0.));
#9874=DIRECTION('',(3.10882343365019E-16,-1.,0.));
#9875=DIRECTION('',(3.10882343365019E-16,-1.,0.));
#9876=DIRECTION('',(0.,-1.,0.));
#9877=DIRECTION('',(0.,0.,-1.));
#9878=DIRECTION('',(1.,0.,0.));
#9879=DIRECTION('',(0.,0.,-1.));
#9880=DIRECTION('',(1.,0.,0.));
#9881=DIRECTION('',(-1.,0.,0.));
#9882=DIRECTION('',(0.,0.,1.));
#9883=DIRECTION('',(0.,1.,0.));
#9884=DIRECTION('',(0.,0.,-1.));
#9885=DIRECTION('',(0.,-1.,-1.45402842050322E-26));
#9886=DIRECTION('',(0.,0.,-1.));
#9887=DIRECTION('',(-1.,0.,0.));
#9888=DIRECTION('',(0.,0.,1.));
#9889=DIRECTION('',(0.,-1.,-1.45402842050322E-26));
#9890=DIRECTION('',(0.,0.,-1.));
#9891=DIRECTION('',(0.,1.,0.));
#9892=DIRECTION('',(0.,0.,1.));
#9893=DIRECTION('',(0.,0.,-1.));
#9894=DIRECTION('',(1.,0.,0.));
#9895=DIRECTION('',(0.,0.,-1.));
#9896=DIRECTION('',(-1.,0.,0.));
#9897=DIRECTION('',(0.,1.,0.));
#9898=DIRECTION('',(0.,0.,-1.));
#9899=DIRECTION('',(-1.,0.,0.));
#9900=DIRECTION('',(0.,0.,-1.));
#9901=DIRECTION('',(-1.,0.,0.));
#9902=DIRECTION('',(0.,0.,-1.));
#9903=DIRECTION('',(-1.,0.,0.));
#9904=DIRECTION('',(0.,0.,-1.));
#9905=DIRECTION('',(1.,0.,0.));
#9906=DIRECTION('',(-1.,0.,0.));
#9907=DIRECTION('',(0.,0.,-1.));
#9908=DIRECTION('',(-1.,0.,0.));
#9909=DIRECTION('',(0.,0.,-1.));
#9910=DIRECTION('',(-1.,0.,0.));
#9911=DIRECTION('',(-1.,0.,0.));
#9912=DIRECTION('',(0.,0.,-1.));
#9913=DIRECTION('',(-1.,0.,0.));
#9914=DIRECTION('',(0.,0.,-1.));
#9915=DIRECTION('',(-1.,0.,0.));
#9916=DIRECTION('',(0.,-1.,0.));
#9917=DIRECTION('',(0.,0.,-1.));
#9918=DIRECTION('',(0.,0.,-1.));
#9919=DIRECTION('',(1.,0.,0.));
#9920=DIRECTION('',(0.,0.,1.));
#9921=DIRECTION('',(0.,-1.,0.));
#9922=DIRECTION('',(0.,0.,-1.));
#9923=DIRECTION('',(1.,0.,0.));
#9924=DIRECTION('',(0.,0.,-1.));
#9925=DIRECTION('',(0.,0.,1.));
#9926=DIRECTION('',(1.,0.,0.));
#9927=DIRECTION('',(0.,0.,-1.));
#9928=DIRECTION('',(0.,1.,1.45402842050322E-26));
#9929=DIRECTION('',(0.,0.,1.));
#9930=DIRECTION('',(0.,-1.,0.));
#9931=DIRECTION('',(0.,0.,1.));
#9932=DIRECTION('',(0.,0.,-1.));
#9933=DIRECTION('',(1.,0.,0.));
#9934=DIRECTION('',(-1.,0.,0.));
#9935=DIRECTION('',(0.,0.,-1.));
#9936=DIRECTION('',(-1.,0.,0.));
#9937=DIRECTION('',(0.,0.,-1.));
#9938=DIRECTION('',(-1.,0.,0.));
#9939=DIRECTION('',(-1.,0.,0.));
#9940=DIRECTION('',(0.,0.,-1.));
#9941=DIRECTION('',(-1.,0.,0.));
#9942=DIRECTION('',(0.,0.,-1.));
#9943=DIRECTION('',(-1.,0.,0.));
#9944=DIRECTION('',(0.,-1.,0.));
#9945=DIRECTION('',(0.,0.,-1.));
#9946=DIRECTION('',(0.,0.,1.));
#9947=DIRECTION('',(1.,0.,0.));
#9948=DIRECTION('',(0.,0.,-1.));
#9949=DIRECTION('',(0.,-1.,0.));
#9950=DIRECTION('',(0.,0.,-1.));
#9951=DIRECTION('',(1.,0.,0.));
#9952=DIRECTION('',(0.,0.,1.));
#9953=DIRECTION('',(0.,0.,-1.));
#9954=DIRECTION('',(0.,0.,-1.));
#9955=DIRECTION('',(1.,0.,0.));
#9956=DIRECTION('',(0.,0.,-1.));
#9957=DIRECTION('',(-1.,0.,0.));
#9958=DIRECTION('',(0.,0.,-1.));
#9959=DIRECTION('',(-1.,0.,0.));
#9960=DIRECTION('',(0.,0.,-1.));
#9961=DIRECTION('',(-1.,0.,0.));
#9962=DIRECTION('',(0.,-1.,0.));
#9963=DIRECTION('',(0.,0.,-1.));
#9964=DIRECTION('',(-1.,0.,0.));
#9965=DIRECTION('',(1.,0.,0.));
#9966=DIRECTION('',(0.,0.,-1.));
#9967=DIRECTION('',(0.,1.,1.45402842050322E-26));
#9968=DIRECTION('',(0.,0.,-1.));
#9969=DIRECTION('',(0.,-1.,0.));
#9970=DIRECTION('',(0.,0.,1.));
#9971=DIRECTION('',(-1.,0.,0.));
#9972=DIRECTION('',(0.,0.,1.));
#9973=DIRECTION('',(0.,1.,0.));
#9974=DIRECTION('',(0.,0.,-1.));
#9975=DIRECTION('',(0.,-1.,-1.45402842050322E-26));
#9976=DIRECTION('',(0.,0.,-1.));
#9977=DIRECTION('',(-1.,0.,0.));
#9978=DIRECTION('',(0.,0.,1.));
#9979=DIRECTION('',(0.,1.,0.));
#9980=DIRECTION('',(0.,0.,1.));
#9981=DIRECTION('',(0.,-1.,-1.45402842050322E-26));
#9982=DIRECTION('',(0.,0.,-1.));
#9983=DIRECTION('',(0.,0.,-1.));
#9984=DIRECTION('',(1.,0.,0.));
#9985=DIRECTION('',(0.,0.,-1.));
#9986=DIRECTION('',(-1.,0.,0.));
#9987=DIRECTION('',(0.,0.,-1.));
#9988=DIRECTION('',(-1.,0.,0.));
#9989=DIRECTION('',(0.,0.,-1.));
#9990=DIRECTION('',(-1.,0.,0.));
#9991=DIRECTION('',(0.,0.,-1.));
#9992=DIRECTION('',(-1.,0.,0.));
#9993=DIRECTION('',(0.,0.,-1.));
#9994=DIRECTION('',(1.,0.,0.));
#9995=DIRECTION('',(0.,0.,-1.));
#9996=DIRECTION('',(-1.,0.,0.));
#9997=DIRECTION('',(0.,-1.,0.));
#9998=DIRECTION('',(0.,0.,-1.));
#9999=DIRECTION('',(-1.,0.,0.));
#10000=DIRECTION('',(0.,0.,-1.));
#10001=DIRECTION('',(-1.,0.,0.));
#10002=DIRECTION('',(0.,-1.,0.));
#10003=DIRECTION('',(0.,0.,-1.));
#10004=DIRECTION('',(-1.,0.,0.));
#10005=DIRECTION('',(1.,0.,0.));
#10006=DIRECTION('',(0.,0.,-1.));
#10007=DIRECTION('',(0.,1.,1.45402842050322E-26));
#10008=DIRECTION('',(0.,0.,1.));
#10009=DIRECTION('',(0.,0.,1.));
#10010=DIRECTION('',(1.,0.,0.));
#10011=DIRECTION('',(0.,0.,-1.));
#10012=DIRECTION('',(0.,1.,1.45402842050322E-26));
#10013=DIRECTION('',(0.,0.,1.));
#10014=DIRECTION('',(0.,0.,1.));
#10015=DIRECTION('',(0.,0.,-1.));
#10016=DIRECTION('',(1.,0.,0.));
#10017=DIRECTION('',(0.,0.,-1.));
#10018=DIRECTION('',(-1.,0.,0.));
#10019=DIRECTION('',(1.,0.,0.));
#10020=DIRECTION('',(0.,0.,-1.));
#10021=DIRECTION('',(-1.,0.,0.));
#10022=DIRECTION('',(0.,0.,-1.));
#10023=DIRECTION('',(-1.,0.,0.));
#10024=DIRECTION('',(1.,0.,0.));
#10025=DIRECTION('',(0.,0.,-1.));
#10026=DIRECTION('',(-1.,0.,0.));
#10027=DIRECTION('',(0.,-1.,0.));
#10028=DIRECTION('',(0.,0.,-1.));
#10029=DIRECTION('',(1.,0.,0.));
#10030=DIRECTION('',(0.,0.,1.));
#10031=DIRECTION('',(-1.,0.,0.));
#10032=DIRECTION('',(0.,0.,-1.));
#10033=DIRECTION('',(0.,-1.,0.));
#10034=DIRECTION('',(0.,0.,-1.));
#10035=DIRECTION('',(-1.,0.,0.));
#10036=DIRECTION('',(0.,0.,1.));
#10037=DIRECTION('',(1.,0.,0.));
#10038=DIRECTION('',(0.,0.,-1.));
#10039=DIRECTION('',(0.,-1.,0.));
#10040=DIRECTION('',(0.,0.,-1.));
#10041=DIRECTION('',(-1.,0.,0.));
#10042=DIRECTION('',(0.,0.,-1.));
#10043=DIRECTION('',(1.,0.,0.));
#10044=DIRECTION('',(0.,0.,1.));
#10045=DIRECTION('',(0.,-1.,0.));
#10046=DIRECTION('',(0.,0.,-1.));
#10047=DIRECTION('',(-1.,0.,0.));
#10048=DIRECTION('',(0.,0.,1.));
#10049=DIRECTION('',(1.,0.,0.));
#10050=DIRECTION('',(0.,0.,-1.));
#10051=DIRECTION('',(1.,0.,0.));
#10052=DIRECTION('',(0.,0.,-1.));
#10053=DIRECTION('',(0.,-1.,0.));
#10054=DIRECTION('',(0.,0.,1.));
#10055=DIRECTION('',(0.,1.,1.45402842050322E-26));
#10056=DIRECTION('',(0.,0.,1.));
#10057=DIRECTION('',(0.,1.,0.));
#10058=DIRECTION('',(0.,0.,1.));
#10059=DIRECTION('',(0.,0.,1.));
#10060=DIRECTION('',(-1.,0.,0.));
#10061=DIRECTION('',(0.,0.,-1.));
#10062=DIRECTION('',(0.,1.,0.));
#10063=DIRECTION('',(0.,0.,1.));
#10064=DIRECTION('',(0.,0.,-1.));
#10065=DIRECTION('',(-1.,0.,0.));
#10066=DIRECTION('',(0.,0.,1.));
#10067=DIRECTION('',(0.,0.,-1.));
#10068=DIRECTION('',(1.,0.,0.));
#10069=DIRECTION('',(0.,0.,-1.));
#10070=DIRECTION('',(-1.,0.,0.));
#10071=DIRECTION('',(0.,0.,-1.));
#10072=DIRECTION('',(-1.,0.,0.));
#10073=DIRECTION('',(0.,0.,-1.));
#10074=DIRECTION('',(-1.,0.,0.));
#10075=DIRECTION('',(0.,0.,-1.));
#10076=DIRECTION('',(-1.,0.,0.));
#10077=DIRECTION('',(0.,0.,-1.));
#10078=DIRECTION('',(1.,0.,0.));
#10079=DIRECTION('',(0.,0.,-1.));
#10080=DIRECTION('',(-1.,0.,0.));
#10081=DIRECTION('',(0.,0.,-1.));
#10082=DIRECTION('',(-1.,0.,0.));
#10083=DIRECTION('',(0.,0.,-1.));
#10084=DIRECTION('',(-1.,0.,0.));
#10085=DIRECTION('',(0.,0.,-1.));
#10086=DIRECTION('',(-1.,0.,0.));
#10087=DIRECTION('',(1.,0.,0.));
#10088=DIRECTION('',(0.,0.,-1.));
#10089=DIRECTION('',(0.,-1.,0.));
#10090=DIRECTION('',(0.,0.,1.));
#10091=DIRECTION('',(0.,1.,1.45402842050322E-26));
#10092=DIRECTION('',(0.,0.,1.));
#10093=DIRECTION('',(1.,0.,0.));
#10094=DIRECTION('',(0.,0.,-1.));
#10095=DIRECTION('',(0.,-1.,0.));
#10096=DIRECTION('',(0.,0.,1.));
#10097=DIRECTION('',(0.,1.,1.45402842050322E-26));
#10098=DIRECTION('',(0.,0.,1.));
#10099=DIRECTION('',(0.,0.,-1.));
#10100=DIRECTION('',(1.,0.,0.));
#10101=DIRECTION('',(0.,0.,-1.));
#10102=DIRECTION('',(-1.,0.,0.));
#10103=DIRECTION('',(0.,0.,-1.));
#10104=DIRECTION('',(-1.,0.,0.));
#10105=DIRECTION('',(0.,0.,-1.));
#10106=DIRECTION('',(-1.,0.,0.));
#10107=DIRECTION('',(0.,0.,-1.));
#10108=DIRECTION('',(-1.,0.,0.));
#10109=DIRECTION('',(1.,0.,0.));
#10110=DIRECTION('',(0.,0.,-1.));
#10111=DIRECTION('',(0.,1.,1.45402842050322E-26));
#10112=DIRECTION('',(0.,0.,-1.));
#10113=DIRECTION('',(0.,-1.,0.));
#10114=DIRECTION('',(0.,0.,1.));
#10115=DIRECTION('',(0.,0.,-1.));
#10116=DIRECTION('',(1.,0.,0.));
#10117=DIRECTION('',(0.,0.,-1.));
#10118=DIRECTION('',(-1.,0.,0.));
#10119=DIRECTION('',(0.,-1.,0.));
#10120=DIRECTION('',(0.,0.,-1.));
#10121=DIRECTION('',(-1.,0.,0.));
#10122=DIRECTION('',(0.,0.,-1.));
#10123=DIRECTION('',(-1.,0.,0.));
#10124=DIRECTION('',(0.,0.,-1.));
#10125=DIRECTION('',(-1.,0.,0.));
#10126=DIRECTION('',(1.,0.,0.));
#10127=DIRECTION('',(0.,0.,-1.));
#10128=DIRECTION('',(0.,1.,1.45402842050322E-26));
#10129=DIRECTION('',(0.,0.,-1.));
#10130=DIRECTION('',(0.,0.,1.));
#10131=DIRECTION('',(0.,-1.,0.));
#10132=DIRECTION('',(0.,0.,-1.));
#10133=DIRECTION('',(-1.,0.,0.));
#10134=DIRECTION('',(0.,0.,1.));
#10135=DIRECTION('',(1.,0.,0.));
#10136=DIRECTION('',(0.,0.,-1.));
#10137=DIRECTION('',(0.,-1.,0.));
#10138=DIRECTION('',(0.,0.,-1.));
#10139=DIRECTION('',(-1.,0.,0.));
#10140=DIRECTION('',(0.,0.,-1.));
#10141=DIRECTION('',(1.,0.,0.));
#10142=DIRECTION('',(0.,0.,1.));
#10143=DIRECTION('',(0.,0.,-1.));
#10144=DIRECTION('',(1.,0.,0.));
#10145=DIRECTION('',(0.,0.,-1.));
#10146=DIRECTION('',(-1.,0.,0.));
#10147=DIRECTION('',(0.,0.,-1.));
#10148=DIRECTION('',(-1.,0.,0.));
#10149=DIRECTION('',(0.,0.,-1.));
#10150=DIRECTION('',(-1.,0.,0.));
#10151=DIRECTION('',(0.,0.,-1.));
#10152=DIRECTION('',(-1.,0.,0.));
#10153=DIRECTION('',(1.,0.,0.));
#10154=DIRECTION('',(0.,0.,-1.));
#10155=DIRECTION('',(0.,0.,1.));
#10156=DIRECTION('',(0.,1.,1.45402842050322E-26));
#10157=DIRECTION('',(0.,0.,1.));
#10158=DIRECTION('',(0.,0.,-1.));
#10159=DIRECTION('',(1.,0.,0.));
#10160=DIRECTION('',(0.,0.,-1.));
#10161=DIRECTION('',(-1.,0.,0.));
#10162=DIRECTION('',(1.,0.,0.));
#10163=DIRECTION('',(0.,0.,-1.));
#10164=DIRECTION('',(-1.,0.,0.));
#10165=DIRECTION('',(0.,0.,-1.));
#10166=DIRECTION('',(-1.,0.,0.));
#10167=DIRECTION('',(1.,0.,0.));
#10168=DIRECTION('',(0.,0.,-1.));
#10169=DIRECTION('',(-1.,0.,0.));
#10170=DIRECTION('',(0.,0.,-1.));
#10171=DIRECTION('',(1.,0.,0.));
#10172=DIRECTION('',(0.,-1.,0.));
#10173=DIRECTION('',(0.,0.,-1.));
#10174=DIRECTION('',(-1.,0.,0.));
#10175=DIRECTION('',(0.,0.,-1.));
#10176=DIRECTION('',(-1.,0.,0.));
#10177=DIRECTION('',(0.,-1.,0.));
#10178=DIRECTION('',(0.,0.,-1.));
#10179=DIRECTION('',(-1.,0.,0.));
#10180=DIRECTION('',(0.,0.,-1.));
#10181=DIRECTION('',(-1.,0.,0.));
#10182=DIRECTION('',(0.,1.,0.));
#10183=DIRECTION('',(0.,0.,1.));
#10184=DIRECTION('',(0.,0.,-1.));
#10185=DIRECTION('',(-1.,0.,0.));
#10186=DIRECTION('',(0.,0.,1.));
#10187=DIRECTION('',(0.,1.,0.));
#10188=DIRECTION('',(0.,0.,1.));
#10189=DIRECTION('',(-1.,0.,0.));
#10190=DIRECTION('',(0.,0.,-1.));
#10191=DIRECTION('',(0.,0.,1.));
#10192=DIRECTION('',(1.,0.,0.));
#10193=DIRECTION('',(0.,0.,-1.));
#10194=DIRECTION('',(0.,1.,1.45402842050322E-26));
#10195=DIRECTION('',(0.,0.,1.));
#10196=DIRECTION('',(0.,0.,1.));
#10197=DIRECTION('',(1.,0.,0.));
#10198=DIRECTION('',(0.,0.,-1.));
#10199=DIRECTION('',(0.,0.,1.));
#10200=DIRECTION('',(0.,1.,1.45402842050322E-26));
#10201=DIRECTION('',(0.,0.,1.));
#10202=DIRECTION('',(0.,0.,-1.));
#10203=DIRECTION('',(1.,0.,0.));
#10204=DIRECTION('',(0.,0.,-1.));
#10205=DIRECTION('',(-1.,0.,0.));
#10206=DIRECTION('',(0.,1.,0.));
#10207=DIRECTION('',(0.,0.,-1.));
#10208=DIRECTION('',(-1.,0.,0.));
#10209=DIRECTION('',(0.,0.,-1.));
#10210=DIRECTION('',(-1.,0.,0.));
#10211=DIRECTION('',(0.,0.,-1.));
#10212=DIRECTION('',(-1.,0.,0.));
#10213=DIRECTION('',(0.,0.,-1.));
#10214=DIRECTION('',(1.,0.,0.));
#10215=DIRECTION('',(0.,0.,-1.));
#10216=DIRECTION('',(-1.,0.,0.));
#10217=DIRECTION('',(0.,0.,-1.));
#10218=DIRECTION('',(-1.,0.,0.));
#10219=DIRECTION('',(0.,0.,-1.));
#10220=DIRECTION('',(-1.,0.,0.));
#10221=DIRECTION('',(0.,0.,-1.));
#10222=DIRECTION('',(-1.,0.,0.));
#10223=DIRECTION('',(-1.,0.,0.));
#10224=DIRECTION('',(0.,0.,1.));
#10225=DIRECTION('',(0.,-1.,-1.45402842050322E-26));
#10226=DIRECTION('',(0.,0.,-1.));
#10227=DIRECTION('',(0.,0.,1.));
#10228=DIRECTION('',(-1.,0.,0.));
#10229=DIRECTION('',(0.,0.,1.));
#10230=DIRECTION('',(0.,0.,-1.));
#10231=DIRECTION('',(0.,-1.,-1.45402842050322E-26));
#10232=DIRECTION('',(0.,0.,-1.));
#10233=DIRECTION('',(0.,0.,-1.));
#10234=DIRECTION('',(1.,0.,0.));
#10235=DIRECTION('',(-1.,0.,0.));
#10236=DIRECTION('',(0.,0.,-1.));
#10237=DIRECTION('',(-1.,0.,0.));
#10238=DIRECTION('',(0.,0.,-1.));
#10239=DIRECTION('',(-1.,0.,0.));
#10240=DIRECTION('',(-1.,0.,0.));
#10241=DIRECTION('',(0.,0.,-1.));
#10242=DIRECTION('',(-1.,0.,0.));
#10243=DIRECTION('',(0.,0.,-1.));
#10244=DIRECTION('',(-1.,0.,0.));
#10245=DIRECTION('',(0.,-1.,0.));
#10246=DIRECTION('',(0.,0.,-1.));
#10247=DIRECTION('',(0.,0.,1.));
#10248=DIRECTION('',(1.,0.,0.));
#10249=DIRECTION('',(0.,0.,-1.));
#10250=DIRECTION('',(0.,-1.,0.));
#10251=DIRECTION('',(0.,0.,-1.));
#10252=DIRECTION('',(0.,0.,-1.));
#10253=DIRECTION('',(1.,0.,0.));
#10254=DIRECTION('',(0.,0.,1.));
#10255=DIRECTION('',(0.,-0.707106781186547,0.707106781186548));
#10256=DIRECTION('',(-1.,0.,0.));
#10257=DIRECTION('',(1.,0.,0.));
#10258=DIRECTION('',(0.,-1.45402842050321E-26,1.));
#10259=DIRECTION('',(1.00000000000002,-7.99360577730096E-15,1.93870456067115E-25));
#10260=DIRECTION('',(0.,-1.45402842050321E-26,1.));
#10261=DIRECTION('',(0.,-1.,-1.45402842050322E-26));
#10262=DIRECTION('',(0.,-1.45402842050321E-26,1.));
#10263=DIRECTION('',(0.,-1.,-1.45402842050322E-26));
#10264=DIRECTION('',(0.,-1.45402842050321E-26,1.));
#10265=DIRECTION('',(0.,-1.,-1.45402842050322E-26));
#10266=DIRECTION('',(0.,-1.45402842050321E-26,1.));
#10267=DIRECTION('',(0.,-1.,-1.45402842050322E-26));
#10268=DIRECTION('',(0.,-1.45402842050321E-26,1.));
#10269=DIRECTION('',(0.,-1.,-1.45402842050322E-26));
#10270=DIRECTION('',(0.,-1.45402842050321E-26,1.));
#10271=DIRECTION('',(0.,-1.,-1.45402842050322E-26));
#10272=DIRECTION('',(0.,-1.45402842050321E-26,1.));
#10273=DIRECTION('',(0.,-1.,-1.45402842050322E-26));
#10274=DIRECTION('',(0.,-1.45402842050321E-26,1.));
#10275=DIRECTION('',(0.,-1.,-1.45402842050322E-26));
#10276=DIRECTION('',(0.,-1.45402842050321E-26,1.));
#10277=DIRECTION('',(1.00000000000002,-7.99360577730096E-15,1.93870456067115E-25));
#10278=DIRECTION('',(0.,-1.45402842050321E-26,1.));
#10279=DIRECTION('',(0.,-1.,-1.45402842050322E-26));
#10280=DIRECTION('',(0.,-1.45402842050321E-26,1.));
#10281=DIRECTION('',(0.,-1.,-1.45402842050322E-26));
#10282=DIRECTION('',(0.,-1.45402842050321E-26,1.));
#10283=DIRECTION('',(0.,-1.,-1.45402842050322E-26));
#10284=DIRECTION('',(0.,-1.45402842050321E-26,1.));
#10285=DIRECTION('',(0.,-1.,-1.45402842050322E-26));
#10286=DIRECTION('',(0.,-1.45402842050321E-26,1.));
#10287=DIRECTION('',(0.,-1.,-1.45402842050322E-26));
#10288=DIRECTION('',(0.,-1.45402842050321E-26,1.));
#10289=DIRECTION('',(0.,-1.,-1.45402842050322E-26));
#10290=DIRECTION('',(0.,-1.45402842050321E-26,1.));
#10291=DIRECTION('',(0.,-1.,-1.45402842050322E-26));
#10292=DIRECTION('',(0.,-1.45402842050321E-26,1.));
#10293=DIRECTION('',(0.,-1.,-1.45402842050322E-26));
#10294=DIRECTION('',(0.,-1.45402842050321E-26,1.));
#10295=DIRECTION('',(1.00000000000002,-7.99360577730096E-15,1.93870456067115E-25));
#10296=DIRECTION('',(0.,-1.45402842050321E-26,1.));
#10297=DIRECTION('',(0.,-1.,-1.45402842050322E-26));
#10298=DIRECTION('',(0.,-1.45402842050321E-26,1.));
#10299=DIRECTION('',(0.,-1.,-1.45402842050322E-26));
#10300=DIRECTION('',(0.,-1.45402842050321E-26,1.));
#10301=DIRECTION('',(0.,-1.,-1.45402842050322E-26));
#10302=DIRECTION('',(0.,-1.45402842050321E-26,1.));
#10303=DIRECTION('',(0.,-1.,-1.45402842050322E-26));
#10304=DIRECTION('',(0.,-1.45402842050321E-26,1.));
#10305=DIRECTION('',(0.,-1.,-1.45402842050322E-26));
#10306=DIRECTION('',(0.,-1.45402842050321E-26,1.));
#10307=DIRECTION('',(0.,-1.,-1.45402842050322E-26));
#10308=DIRECTION('',(0.,-1.45402842050321E-26,1.));
#10309=DIRECTION('',(0.,-1.,-1.45402842050322E-26));
#10310=DIRECTION('',(0.,-1.45402842050321E-26,1.));
#10311=DIRECTION('',(0.,-1.,-1.45402842050322E-26));
#10312=DIRECTION('',(0.,-1.45402842050321E-26,1.));
#10313=DIRECTION('',(1.00000000000002,-7.99360577730096E-15,1.93870456067115E-25));
#10314=DIRECTION('',(0.,-1.45402842050321E-26,1.));
#10315=DIRECTION('',(0.,-1.,-1.45402842050322E-26));
#10316=DIRECTION('',(0.,-1.45402842050321E-26,1.));
#10317=DIRECTION('',(0.,-1.,-1.45402842050322E-26));
#10318=DIRECTION('',(0.,-1.45402842050321E-26,1.));
#10319=DIRECTION('',(0.,-1.,-1.45402842050322E-26));
#10320=DIRECTION('',(0.,-1.45402842050321E-26,1.));
#10321=DIRECTION('',(0.,-1.,-1.45402842050322E-26));
#10322=DIRECTION('',(0.,-1.45402842050321E-26,1.));
#10323=DIRECTION('',(0.,-1.,-1.45402842050322E-26));
#10324=DIRECTION('',(0.,-1.45402842050321E-26,1.));
#10325=DIRECTION('',(0.,-1.,-1.45402842050322E-26));
#10326=DIRECTION('',(0.,-1.45402842050321E-26,1.));
#10327=DIRECTION('',(0.,-1.,-1.45402842050322E-26));
#10328=DIRECTION('',(0.,-1.45402842050321E-26,1.));
#10329=DIRECTION('',(0.,-1.,-1.45402842050322E-26));
#10330=DIRECTION('',(0.,-1.45402842050321E-26,1.));
#10331=DIRECTION('',(1.00000000000002,-7.99360577730096E-15,1.93870456067115E-25));
#10332=DIRECTION('',(0.,-1.45402842050321E-26,1.));
#10333=DIRECTION('',(0.,-1.,-1.45402842050322E-26));
#10334=DIRECTION('',(0.,-1.45402842050321E-26,1.));
#10335=DIRECTION('',(0.,-1.,-1.45402842050322E-26));
#10336=DIRECTION('',(0.,-1.45402842050321E-26,1.));
#10337=DIRECTION('',(0.,-1.,-1.45402842050322E-26));
#10338=DIRECTION('',(0.,-1.45402842050321E-26,1.));
#10339=DIRECTION('',(0.,-1.,-1.45402842050322E-26));
#10340=DIRECTION('',(0.,-1.45402842050321E-26,1.));
#10341=DIRECTION('',(0.,-1.,-1.45402842050322E-26));
#10342=DIRECTION('',(0.,-1.45402842050321E-26,1.));
#10343=DIRECTION('',(0.,-1.,-1.45402842050322E-26));
#10344=DIRECTION('',(0.,-1.45402842050321E-26,1.));
#10345=DIRECTION('',(0.,-1.,-1.45402842050322E-26));
#10346=DIRECTION('',(0.,-1.45402842050321E-26,1.));
#10347=DIRECTION('',(0.,-1.,-1.45402842050322E-26));
#10348=DIRECTION('',(0.,-1.45402842050321E-26,1.));
#10349=DIRECTION('',(1.00000000000002,-7.99360577730096E-15,1.93870456067115E-25));
#10350=DIRECTION('',(0.,-1.45402842050321E-26,1.));
#10351=DIRECTION('',(0.,-1.,-1.45402842050322E-26));
#10352=DIRECTION('',(0.,-1.45402842050321E-26,1.));
#10353=DIRECTION('',(0.,-1.,-1.45402842050322E-26));
#10354=DIRECTION('',(0.,-1.45402842050321E-26,1.));
#10355=DIRECTION('',(0.,-1.,-1.45402842050322E-26));
#10356=DIRECTION('',(0.,-1.45402842050321E-26,1.));
#10357=DIRECTION('',(0.,-1.,-1.45402842050322E-26));
#10358=DIRECTION('',(0.,-1.45402842050321E-26,1.));
#10359=DIRECTION('',(0.,-1.,-1.45402842050322E-26));
#10360=DIRECTION('',(0.,-1.45402842050321E-26,1.));
#10361=DIRECTION('',(0.,-1.,-1.45402842050322E-26));
#10362=DIRECTION('',(0.,-1.45402842050321E-26,1.));
#10363=DIRECTION('',(0.,-1.,-1.45402842050322E-26));
#10364=DIRECTION('',(0.,-1.45402842050321E-26,1.));
#10365=DIRECTION('',(0.,-1.,-1.45402842050322E-26));
#10366=DIRECTION('',(0.,-1.45402842050321E-26,1.));
#10367=DIRECTION('',(1.00000000000002,-7.99360577730096E-15,1.93870456067115E-25));
#10368=DIRECTION('',(0.,-1.45402842050321E-26,1.));
#10369=DIRECTION('',(0.,-1.,-1.45402842050322E-26));
#10370=DIRECTION('',(0.,-1.45402842050321E-26,1.));
#10371=DIRECTION('',(0.,-1.,-1.45402842050322E-26));
#10372=DIRECTION('',(0.,-1.45402842050321E-26,1.));
#10373=DIRECTION('',(0.,-1.,-1.45402842050322E-26));
#10374=DIRECTION('',(0.,-1.45402842050321E-26,1.));
#10375=DIRECTION('',(0.,-1.,-1.45402842050322E-26));
#10376=DIRECTION('',(0.,-1.45402842050321E-26,1.));
#10377=DIRECTION('',(0.,-1.,-1.45402842050322E-26));
#10378=DIRECTION('',(0.,-1.45402842050321E-26,1.));
#10379=DIRECTION('',(0.,-1.,-1.45402842050322E-26));
#10380=DIRECTION('',(0.,-1.45402842050321E-26,1.));
#10381=DIRECTION('',(0.,-1.,-1.45402842050322E-26));
#10382=DIRECTION('',(0.,-1.45402842050321E-26,1.));
#10383=DIRECTION('',(0.,-1.,-1.45402842050322E-26));
#10384=DIRECTION('',(0.,-1.45402842050321E-26,1.));
#10385=DIRECTION('',(0.,-1.,-1.45402842050322E-26));
#10386=DIRECTION('',(0.,-1.45402842050321E-26,1.));
#10387=DIRECTION('',(0.,-1.,-1.45402842050322E-26));
#10388=DIRECTION('',(0.,-1.45402842050321E-26,1.));
#10389=DIRECTION('',(0.,-1.,-1.45402842050322E-26));
#10390=DIRECTION('',(0.,-1.45402842050321E-26,1.));
#10391=DIRECTION('',(0.,-1.,-1.45402842050322E-26));
#10392=DIRECTION('',(0.,-1.45402842050321E-26,1.));
#10393=DIRECTION('',(0.,-1.,-1.45402842050322E-26));
#10394=DIRECTION('',(0.,-1.45402842050321E-26,1.));
#10395=DIRECTION('',(0.,-1.,-1.45402842050322E-26));
#10396=DIRECTION('',(0.,-1.45402842050321E-26,1.));
#10397=DIRECTION('',(0.,-1.,-1.45402842050322E-26));
#10398=DIRECTION('',(0.,-1.45402842050321E-26,1.));
#10399=DIRECTION('',(0.,-1.,-1.45402842050322E-26));
#10400=DIRECTION('',(0.,-1.45402842050321E-26,1.));
#10401=DIRECTION('',(0.,-1.,-1.45402842050322E-26));
#10402=DIRECTION('',(0.,-1.45402842050321E-26,1.));
#10403=DIRECTION('',(0.,-1.,-1.45402842050322E-26));
#10404=DIRECTION('',(0.,-1.45402842050321E-26,1.));
#10405=DIRECTION('',(0.,-1.,-1.45402842050322E-26));
#10406=DIRECTION('',(0.,-1.45402842050321E-26,1.));
#10407=DIRECTION('',(0.,-1.,-1.45402842050322E-26));
#10408=DIRECTION('',(-1.,0.,0.));
#10409=DIRECTION('',(0.,-1.,0.));
#10410=DIRECTION('',(0.,0.,-1.));
#10411=DIRECTION('',(0.,-1.,0.));
#10412=DIRECTION('',(0.,0.,-1.));
#10413=DIRECTION('',(0.,-1.,0.));
#10414=DIRECTION('',(0.,0.,-1.));
#10415=DIRECTION('',(0.,0.,-1.));
#10416=DIRECTION('',(-1.,0.,0.));
#10417=DIRECTION('',(0.,0.,1.));
#10418=DIRECTION('',(1.,0.,0.));
#10419=DIRECTION('',(0.,0.,-1.));
#10420=DIRECTION('',(-1.,0.,0.));
#10421=DIRECTION('',(0.,0.,1.));
#10422=DIRECTION('',(1.,0.,0.));
#10423=DIRECTION('',(0.,0.,-1.));
#10424=DIRECTION('',(-1.,0.,0.));
#10425=DIRECTION('',(0.,0.,1.));
#10426=DIRECTION('',(1.,0.,0.));
#10427=DIRECTION('',(0.,0.,-1.));
#10428=DIRECTION('',(-1.,0.,0.));
#10429=DIRECTION('',(0.,0.,1.));
#10430=DIRECTION('',(1.,0.,0.));
#10431=DIRECTION('',(0.,0.,-1.));
#10432=DIRECTION('',(-1.,0.,0.));
#10433=DIRECTION('',(0.,0.,1.));
#10434=DIRECTION('',(1.,0.,0.));
#10435=DIRECTION('',(0.,0.,-1.));
#10436=DIRECTION('',(-1.,0.,0.));
#10437=DIRECTION('',(0.,0.,1.));
#10438=DIRECTION('',(1.,0.,0.));
#10439=DIRECTION('',(0.,0.,-1.));
#10440=DIRECTION('',(-1.,0.,0.));
#10441=DIRECTION('',(0.,0.,1.));
#10442=DIRECTION('',(1.,0.,0.));
#10443=DIRECTION('',(0.,0.,1.));
#10444=DIRECTION('',(1.,0.,0.));
#10445=DIRECTION('',(0.,0.,-1.));
#10446=DIRECTION('',(-1.,0.,0.));
#10447=DIRECTION('',(0.,0.,1.));
#10448=DIRECTION('',(1.,0.,0.));
#10449=DIRECTION('',(0.,0.,-1.));
#10450=DIRECTION('',(-1.,0.,0.));
#10451=DIRECTION('',(0.,0.,1.));
#10452=DIRECTION('',(1.,0.,0.));
#10453=DIRECTION('',(0.,0.,-1.));
#10454=DIRECTION('',(-1.,0.,0.));
#10455=DIRECTION('',(0.,0.,1.));
#10456=DIRECTION('',(1.,0.,0.));
#10457=DIRECTION('',(0.,0.,-1.));
#10458=DIRECTION('',(-1.,0.,0.));
#10459=DIRECTION('',(0.,0.,1.));
#10460=DIRECTION('',(1.,0.,0.));
#10461=DIRECTION('',(0.,0.,-1.));
#10462=DIRECTION('',(-1.,0.,0.));
#10463=DIRECTION('',(0.,0.,1.));
#10464=DIRECTION('',(1.,0.,0.));
#10465=DIRECTION('',(0.,0.,-1.));
#10466=DIRECTION('',(-1.,0.,0.));
#10467=DIRECTION('',(0.,0.,1.));
#10468=DIRECTION('',(1.,0.,0.));
#10469=DIRECTION('',(0.,0.,-1.));
#10470=DIRECTION('',(-1.,0.,0.));
#10471=DIRECTION('',(0.,0.,1.));
#10472=DIRECTION('',(1.,0.,0.));
#10473=DIRECTION('',(0.,0.,-1.));
#10474=DIRECTION('',(-1.,0.,0.));
#10475=DIRECTION('',(0.,0.,-1.));
#10476=DIRECTION('',(-1.,0.,0.));
#10477=DIRECTION('',(0.,0.,1.));
#10478=DIRECTION('',(1.,0.,0.));
#10479=DIRECTION('',(0.,0.,1.));
#10480=DIRECTION('',(1.,0.,0.));
#10481=DIRECTION('',(0.,0.,-1.));
#10482=DIRECTION('',(-1.,0.,0.));
#10483=DIRECTION('',(0.,0.,1.));
#10484=DIRECTION('',(1.,0.,0.));
#10485=DIRECTION('',(0.,0.,-1.));
#10486=DIRECTION('',(-1.,0.,0.));
#10487=DIRECTION('',(0.,0.,1.));
#10488=DIRECTION('',(1.,0.,0.));
#10489=DIRECTION('',(0.,0.,-1.));
#10490=DIRECTION('',(-1.,0.,0.));
#10491=DIRECTION('',(0.,0.,1.));
#10492=DIRECTION('',(1.,0.,0.));
#10493=DIRECTION('',(0.,0.,-1.));
#10494=DIRECTION('',(-1.,0.,0.));
#10495=DIRECTION('',(0.,0.,-1.));
#10496=DIRECTION('',(-1.,0.,0.));
#10497=DIRECTION('',(0.,0.,1.));
#10498=DIRECTION('',(1.,0.,0.));
#10499=DIRECTION('',(0.,0.,-1.));
#10500=DIRECTION('',(-1.,0.,0.));
#10501=DIRECTION('',(0.,0.,1.));
#10502=DIRECTION('',(1.,0.,0.));
#10503=DIRECTION('',(0.,0.,-1.));
#10504=DIRECTION('',(-1.,0.,0.));
#10505=DIRECTION('',(0.,0.,1.));
#10506=DIRECTION('',(1.,0.,0.));
#10507=DIRECTION('',(0.,0.,1.));
#10508=DIRECTION('',(1.,0.,0.));
#10509=DIRECTION('',(0.,0.,-1.));
#10510=DIRECTION('',(-1.,0.,0.));
#10511=DIRECTION('',(0.,0.,1.));
#10512=DIRECTION('',(1.,0.,0.));
#10513=DIRECTION('',(0.,0.,-1.));
#10514=DIRECTION('',(-1.,0.,0.));
#10515=DIRECTION('',(0.,0.,1.));
#10516=DIRECTION('',(1.,0.,0.));
#10517=DIRECTION('',(0.,0.,-1.));
#10518=DIRECTION('',(-1.,0.,0.));
#10519=DIRECTION('',(0.,0.,1.));
#10520=DIRECTION('',(1.,0.,0.));
#10521=DIRECTION('',(0.,0.,-1.));
#10522=DIRECTION('',(-1.,0.,0.));
#10523=DIRECTION('',(0.,0.,1.));
#10524=DIRECTION('',(1.,0.,0.));
#10525=DIRECTION('',(0.,0.,-1.));
#10526=DIRECTION('',(-1.,0.,0.));
#10527=DIRECTION('',(0.,0.,1.));
#10528=DIRECTION('',(1.,0.,0.));
#10529=DIRECTION('',(0.,0.,-1.));
#10530=DIRECTION('',(-1.,0.,0.));
#10531=DIRECTION('',(0.,0.,1.));
#10532=DIRECTION('',(1.,0.,0.));
#10533=DIRECTION('',(0.,0.,-1.));
#10534=DIRECTION('',(-1.,0.,0.));
#10535=DIRECTION('',(0.,0.,1.));
#10536=DIRECTION('',(1.,0.,0.));
#10537=DIRECTION('',(0.,0.,-1.));
#10538=DIRECTION('',(-1.,0.,0.));
#10539=DIRECTION('',(0.,0.,1.));
#10540=DIRECTION('',(1.,0.,0.));
#10541=DIRECTION('',(0.,0.,-1.));
#10542=DIRECTION('',(-1.,0.,0.));
#10543=DIRECTION('',(0.,0.,1.));
#10544=DIRECTION('',(1.,0.,0.));
#10545=DIRECTION('',(0.,0.,-1.));
#10546=DIRECTION('',(-1.,0.,0.));
#10547=DIRECTION('',(0.,0.,-1.));
#10548=DIRECTION('',(-1.,0.,0.));
#10549=DIRECTION('',(0.,0.,1.));
#10550=DIRECTION('',(1.,0.,0.));
#10551=DIRECTION('',(0.,-1.,-1.45402842050322E-26));
#10552=DIRECTION('',(0.,1.45402842050322E-26,-1.));
#10553=DIRECTION('',(0.,-1.45402842050322E-26,1.));
#10554=DIRECTION('',(-1.,0.,0.));
#10555=DIRECTION('',(0.,-1.45402842050322E-26,1.));
#10556=DIRECTION('',(0.,-1.,-1.45402842050322E-26));
#10557=DIRECTION('',(0.,1.45402842050322E-26,-1.));
#10558=DIRECTION('',(0.,-1.45402842050322E-26,1.));
#10559=DIRECTION('',(1.,0.,0.));
#10560=DIRECTION('',(0.,-1.45402842050322E-26,1.));
#10561=DIRECTION('',(1.,0.,0.));
#10562=DIRECTION('',(0.,0.,-1.));
#10563=DIRECTION('',(1.,0.,0.));
#10564=DIRECTION('',(0.,0.,-1.));
#10565=DIRECTION('',(1.,0.,0.));
#10566=DIRECTION('',(0.,0.,-1.));
#10567=DIRECTION('',(0.,1.45402842050322E-26,-1.));
#10568=DIRECTION('',(0.,1.,1.45402842050322E-26));
#10569=DIRECTION('',(0.,-1.45402842050322E-26,1.));
#10570=DIRECTION('',(0.,1.,1.45402842050322E-26));
#10571=DIRECTION('',(0.,-1.45402842050322E-26,1.));
#10572=DIRECTION('',(1.,-9.04511309634545E-15,-1.31518515087521E-40));
#10573=DIRECTION('',(9.04511309634545E-15,1.,0.));
#10574=DIRECTION('',(1.,-9.04511309634545E-15,-1.31518515087521E-40));
#10575=DIRECTION('',(9.04511309634545E-15,1.,0.));
#10576=DIRECTION('',(0.,1.45402842050322E-26,-1.));
#10577=DIRECTION('',(1.,-9.04511309634545E-15,-1.31518515087521E-40));
#10578=DIRECTION('',(9.04511309634545E-15,1.,0.));
#10579=DIRECTION('',(-8.67361737988406E-15,-1.,-1.45402842050322E-26));
#10580=DIRECTION('',(1.,-8.67361737988406E-15,0.));
#10581=DIRECTION('',(-8.67361737988406E-15,-1.,-1.45402842050322E-26));
#10582=DIRECTION('',(1.,-8.67361737988406E-15,0.));
#10583=DIRECTION('',(-1.,8.67361737988404E-15,1.2611686178922E-40));
#10584=DIRECTION('',(-8.67361737988404E-15,-1.,0.));
#10585=DIRECTION('',(-1.,8.67361737988403E-15,0.));
#10586=DIRECTION('',(-8.67361737988403E-15,-1.,0.));
#10587=DIRECTION('',(0.,1.,1.45402842050322E-26));
#10588=DIRECTION('',(0.,-1.45402842050322E-26,1.));
#10589=DIRECTION('',(7.49400541621998E-16,-0.999999999999976,1.63611723895101E-26));
#10590=DIRECTION('',(1.,7.49400541622015E-16,0.));
#10591=DIRECTION('',(0.,1.,1.45402842050322E-26));
#10592=DIRECTION('',(7.69506565355862E-15,-1.,1.04083408558608E-14));
#10593=DIRECTION('',(0.,-1.04083408558608E-14,-1.));
#10594=DIRECTION('',(-6.93889390390722E-15,-1.,0.));
#10595=DIRECTION('',(1.,-6.93889390390722E-15,0.));
#10596=DIRECTION('',(-0.594488188976353,5.15636308804107E-15,-0.804104342214129));
#10597=DIRECTION('',(-0.804104342214129,0.,0.594488188976353));
#10598=DIRECTION('',(8.67361737988404E-15,1.,1.45402842050322E-26));
#10599=DIRECTION('',(-1.,8.67361737988404E-15,0.));
#10600=DIRECTION('',(0.594488188976353,-5.15636308804107E-15,-0.804104342214129));
#10601=DIRECTION('',(-0.804104342214129,0.,-0.594488188976353));
#10602=DIRECTION('',(0.,1.,1.45402842050322E-26));
#10603=DIRECTION('',(0.,-1.45402842050322E-26,1.));
#10604=DIRECTION('',(7.49400541621998E-16,-0.999999999999976,1.63611723895101E-26));
#10605=DIRECTION('',(1.,7.49400541622015E-16,0.));
#10606=DIRECTION('',(-4.31467257396021E-15,-1.,0.));
#10607=DIRECTION('',(1.,-4.31467257396021E-15,0.));
#10608=DIRECTION('',(0.,1.,1.45402842050322E-26));
#10609=DIRECTION('',(-8.67361737988403E-15,-1.,0.));
#10610=DIRECTION('',(1.,-8.67361737988403E-15,0.));
#10611=DIRECTION('',(1.,-8.67361737988403E-15,-3.00926553810505E-29));
#10612=DIRECTION('',(8.67361737988403E-15,1.,0.));
#10613=DIRECTION('',(-1.,8.67361737988404E-15,1.2611686178922E-40));
#10614=DIRECTION('',(-8.67361737988404E-15,-1.,0.));
#10615=DIRECTION('',(0.,-1.45402842050322E-26,1.));
#10616=DIRECTION('',(0.,-1.,-1.45402842050322E-26));
#10617=DIRECTION('',(0.,-7.27014210251609E-27,1.));
#10618=DIRECTION('',(0.,-1.,-7.27014210251609E-27));
#10619=DIRECTION('',(0.,-1.45402842050322E-26,1.));
#10620=DIRECTION('',(0.,-1.,-1.45402842050322E-26));
#10621=DIRECTION('',(0.,1.45402842050322E-26,-1.));
#10622=DIRECTION('',(0.,1.,1.45402842050322E-26));
#10623=DIRECTION('',(0.,-7.27014210251609E-27,1.));
#10624=DIRECTION('',(0.,-1.,-7.27014210251609E-27));
#10625=DIRECTION('',(0.,1.45402842050322E-26,-1.));
#10626=DIRECTION('',(0.,1.,1.45402842050322E-26));
#10627=DIRECTION('',(0.,-7.27014210251609E-27,1.));
#10628=DIRECTION('',(0.,-1.,-7.27014210251609E-27));
#10629=DIRECTION('',(0.,1.45402842050322E-26,-1.));
#10630=DIRECTION('',(0.,1.,1.45402842050322E-26));
#10631=DIRECTION('',(0.,0.,-1.));
#10632=DIRECTION('',(-1.,0.,0.));
#10633=DIRECTION('',(0.,-1.45402842050322E-26,1.));
#10634=DIRECTION('',(0.,-1.,-1.45402842050322E-26));
#10635=DIRECTION('',(0.,1.45402842050322E-26,-1.));
#10636=DIRECTION('',(-3.4694469520007E-15,-1.,0.));
#10637=DIRECTION('',(0.,1.45402842050322E-26,-1.));
#10638=DIRECTION('',(0.,1.,1.45402842050322E-26));
#10639=DIRECTION('',(0.,0.,-1.));
#10640=DIRECTION('',(-1.,0.,0.));
#10641=DIRECTION('',(0.,-1.45402842050322E-26,1.));
#10642=DIRECTION('',(0.,-1.,-1.45402842050322E-26));
#10643=DIRECTION('',(0.,0.,-1.));
#10644=DIRECTION('',(-1.,0.,0.));
#10645=DIRECTION('',(-7.75295408258182E-15,-1.,-2.90805684100662E-26));
#10646=DIRECTION('',(1.,-7.75295408258182E-15,0.));
#10647=DIRECTION('',(-7.75295408258182E-15,-1.,-2.90805684100662E-26));
#10648=DIRECTION('',(7.80625564189564E-15,1.,0.));
#10649=DIRECTION('',(-1.,7.80625564189564E-15,0.));
#10650=DIRECTION('',(7.75295408258186E-15,1.,2.90805684100662E-26));
#10651=DIRECTION('',(-1.,7.75295408258186E-15,0.));
#10652=DIRECTION('',(7.80625564189562E-15,1.,0.));
#10653=DIRECTION('',(-1.,7.80625564189562E-15,0.));
#10654=DIRECTION('',(-1.,8.67361737988405E-15,1.93870456067122E-25));
#10655=DIRECTION('',(-8.67361737988405E-15,-1.,0.));
#10656=DIRECTION('',(1.,-8.67361737988403E-15,3.00926553810508E-29));
#10657=DIRECTION('',(8.67361737988403E-15,1.,0.));
#10658=DIRECTION('',(1.,-7.80625564189563E-15,8.67361737988422E-16));
#10659=DIRECTION('',(7.80625564189563E-15,1.,0.));
#10660=DIRECTION('',(-1.,8.67361737988405E-15,1.93870456067122E-25));
#10661=DIRECTION('',(-8.67361737988405E-15,-1.,0.));
#10662=DIRECTION('',(-0.707106781186545,0.,0.707106781186551));
#10663=DIRECTION('',(0.,1.,0.));
#10664=DIRECTION('',(0.,1.,0.));
#10665=DIRECTION('',(-0.707106781186551,0.,-0.707106781186545));
#10666=DIRECTION('',(0.,0.,-1.));
#10667=DIRECTION('',(-1.,0.,0.));
#10668=DIRECTION('',(0.,-7.27014210251609E-27,1.));
#10669=DIRECTION('',(0.,-1.,-7.27014210251609E-27));
#10670=DIRECTION('',(0.,-0.707106781186548,-0.707106781186548));
#10671=DIRECTION('',(0.707106781186537,2.05630671235185E-26,-0.707106781186559));
#10672=DIRECTION('',(0.,-1.,-2.90805684100676E-26));
#10673=DIRECTION('',(0.707106781186559,0.,0.707106781186537));
#10674=DIRECTION('',(-2.02929694021718E-42,1.,2.90805684100676E-26));
#10675=DIRECTION('',(0.,0.70710678118654,-0.707106781186555));
#10676=DIRECTION('',(-1.,0.,0.));
#10677=DIRECTION('',(-1.,0.,0.));
#10678=DIRECTION('',(0.,-0.707106781186555,-0.70710678118654));
#10679=DIRECTION('',(0.,0.,-1.));
#10680=DIRECTION('',(-1.,0.,0.));
#10681=DIRECTION('',(0.,-0.707106781186559,0.707106781186537));
#10682=DIRECTION('',(0.,-7.27014210251609E-27,1.));
#10683=DIRECTION('',(0.,-1.,-7.27014210251609E-27));
#10684=DIRECTION('',(0.,0.,-1.));
#10685=DIRECTION('',(-1.,0.,0.));
#10686=DIRECTION('',(0.,-7.27014210251609E-27,1.));
#10687=DIRECTION('',(0.,-1.,-7.27014210251609E-27));
#10688=DIRECTION('',(0.707106781186548,0.,-0.707106781186548));
#10689=DIRECTION('',(-1.37087114156792E-25,-0.707106781186537,-0.707106781186559));
#10690=DIRECTION('',(1.,2.81893153017515E-51,-1.93870456067122E-25));
#10691=DIRECTION('',(0.,-0.707106781186559,0.707106781186537));
#10692=DIRECTION('',(1.,-4.99593623331137E-55,-1.93870456067122E-25));
#10693=DIRECTION('',(0.70710678118654,0.,0.707106781186555));
#10694=DIRECTION('',(0.,1.,0.));
#10695=DIRECTION('',(0.,-1.,0.));
#10696=DIRECTION('',(0.,0.,-1.));
#10697=DIRECTION('',(-1.,0.,0.));
#10698=DIRECTION('',(-0.707106781186559,0.,0.707106781186537));
#10699=DIRECTION('',(0.,-7.27014210251609E-27,1.));
#10700=DIRECTION('',(0.,-1.,-7.27014210251609E-27));
#10701=DIRECTION('',(-0.707106781186537,2.05630671235185E-26,-0.707106781186558));
#10702=DIRECTION('',(0.,-1.,-2.90805684100676E-26));
#10703=DIRECTION('',(0.,-1.,-2.90805684100676E-26));
#10704=DIRECTION('',(0.,-1.,-2.90805684100676E-26));
#10705=DIRECTION('',(0.,2.90805684100676E-26,-1.));
#10706=DIRECTION('',(0.,1.,0.));
#10707=DIRECTION('',(0.,0.,1.));
#10708=DIRECTION('',(0.,-7.27014210251609E-27,1.));
#10709=DIRECTION('',(0.,-1.,-7.27014210251609E-27));
#10710=DIRECTION('',(1.,0.,0.));
#10711=DIRECTION('',(0.,0.,-1.));
#10712=DIRECTION('',(-1.,-2.81893153017515E-51,1.93870456067122E-25));
#10713=DIRECTION('',(1.93870456067122E-25,0.,1.));
#10714=DIRECTION('',(1.,0.,0.));
#10715=DIRECTION('',(0.,0.,-1.));
#10716=DIRECTION('',(0.,1.,0.));
#10717=DIRECTION('',(0.,0.,1.));
#10718=DIRECTION('',(0.,-1.,0.));
#10719=DIRECTION('',(0.,0.,-1.));
#10720=DIRECTION('',(0.,-7.27014210251609E-27,1.));
#10721=DIRECTION('',(0.,-1.,-7.27014210251609E-27));
#10722=DIRECTION('',(0.,-1.,0.));
#10723=DIRECTION('',(0.,0.,-1.));
#10724=DIRECTION('',(0.,-7.27014210251609E-27,1.));
#10725=DIRECTION('',(0.,-1.,-7.27014210251609E-27));
#10726=DIRECTION('',(1.,0.,0.));
#10727=DIRECTION('',(0.,0.,-1.));
#10728=DIRECTION('',(0.,1.,2.90805684100676E-26));
#10729=DIRECTION('',(0.,-2.90805684100676E-26,1.));
#10730=DIRECTION('',(-1.,0.,0.));
#10731=DIRECTION('',(0.,0.,1.));
#10732=DIRECTION('',(1.,0.,0.));
#10733=DIRECTION('',(0.,0.,-1.));
#10734=DIRECTION('',(0.,-7.27014210251609E-27,1.));
#10735=DIRECTION('',(0.,-1.,-7.27014210251609E-27));
#10736=DIRECTION('',(0.,1.,0.));
#10737=DIRECTION('',(0.,0.,1.));
#10738=DIRECTION('',(0.,-1.,0.));
#10739=DIRECTION('',(0.,0.,-1.));
#10740=DIRECTION('',(-1.,7.75295408258178E-15,1.12730155789303E-40));
#10741=DIRECTION('',(7.75295408258178E-15,1.,-8.7399172155677E-55));
#10742=DIRECTION('',(7.75295408258178E-15,1.,-5.09828504677264E-58));
#10743=DIRECTION('',(-7.75295408258178E-15,-1.,5.09828504677264E-58));
#10744=DIRECTION('',(-1.,7.75295408258178E-15,1.12730155789303E-40));
#10745=DIRECTION('',(-7.75295408258178E-15,-1.,0.));
#10746=DIRECTION('',(-1.,7.75295408258178E-15,1.12730155789303E-40));
#10747=DIRECTION('',(7.75295408258178E-15,1.,9.27301537671855E-69));
#10748=DIRECTION('',(-7.75295408258178E-15,-1.,-3.73641069867261E-15));
#10749=DIRECTION('',(1.,-7.75295408258178E-15,0.));
#10750=DIRECTION('',(7.75295408258178E-15,1.,-3.71352594376817E-15));
#10751=DIRECTION('',(-1.,7.75295408258178E-15,0.));
#10752=DIRECTION('',(-1.,7.75295408258178E-15,1.12730155789303E-40));
#10753=DIRECTION('',(-7.75295408258178E-15,-1.,0.));
#10754=DIRECTION('',(7.75295408258178E-15,1.,-5.09828504677264E-58));
#10755=DIRECTION('',(1.,-7.75295408258178E-15,-2.25460311578608E-40));
#10756=DIRECTION('',(-7.75295408258178E-15,-1.,5.09828504677264E-58));
#10757=DIRECTION('',(-1.,7.75295408258178E-15,2.25460311578608E-40));
#10758=DIRECTION('',(-1.,7.75295408258178E-15,1.12730155789303E-40));
#10759=DIRECTION('',(7.75295408258178E-15,1.,9.27301537671855E-69));
#10760=DIRECTION('',(-1.,7.75295408258178E-15,1.12730155789303E-40));
#10761=DIRECTION('',(-7.75295408258178E-15,-1.,0.));
#10762=DIRECTION('',(1.,-7.75295408258182E-15,-1.12730155789304E-40));
#10763=DIRECTION('',(7.75295408258182E-15,1.,0.));
#10764=DIRECTION('',(-7.75295408258182E-15,-1.,-2.48083823922827E-15));
#10765=DIRECTION('',(1.,-7.75295408258182E-15,0.));
#10766=DIRECTION('',(7.75295408258182E-15,1.,-2.50372299413271E-15));
#10767=DIRECTION('',(-1.,7.75295408258182E-15,0.));
#10768=DIRECTION('',(-7.75295408258178E-15,-1.,5.09828504677264E-58));
#10769=DIRECTION('',(1.,-7.75295408258178E-15,0.));
#10770=DIRECTION('',(7.75295408258178E-15,1.,-5.09828504677264E-58));
#10771=DIRECTION('',(-1.,7.75295408258178E-15,0.));
#10772=DIRECTION('',(1.,-7.75295408258182E-15,-1.12730155789304E-40));
#10773=DIRECTION('',(7.75295408258182E-15,1.,0.));
#10774=DIRECTION('',(1.,-7.75295408258186E-15,-1.12730155789305E-40));
#10775=DIRECTION('',(7.75295408258186E-15,1.,0.));
#10776=DIRECTION('',(-7.75295408258186E-15,-1.,5.09828504686537E-58));
#10777=DIRECTION('',(1.,-7.75295408258186E-15,0.));
#10778=DIRECTION('',(1.,-7.75295408258186E-15,-1.12730155789305E-40));
#10779=DIRECTION('',(7.75295408258186E-15,1.,0.));
#10780=DIRECTION('',(7.75295408258186E-15,1.,-5.09828504686537E-58));
#10781=DIRECTION('',(-1.,7.75295408258186E-15,0.));
#10782=DIRECTION('',(7.75295408258186E-15,1.,-5.09828504686537E-58));
#10783=DIRECTION('',(-1.,7.75295408258186E-15,0.));
#10784=DIRECTION('',(7.75295408258186E-15,1.,-5.09828504686537E-58));
#10785=DIRECTION('',(7.75295408258186E-15,1.,2.60330291914301E-15));
#10786=DIRECTION('',(-1.,7.75295408258186E-15,0.));
#10787=DIRECTION('',(-7.75295408258186E-15,-1.,5.09828504686537E-58));
#10788=DIRECTION('',(1.,-7.75295408258186E-15,0.));
#10789=DIRECTION('',(-7.75295408258186E-15,-1.,2.84823227897248E-15));
#10790=DIRECTION('',(1.,-7.75295408258186E-15,0.));
#10791=DIRECTION('',(-7.75295408258186E-15,-1.,5.09828504686537E-58));
#10792=DIRECTION('',(1.,-7.75295408258186E-15,-1.12730155789305E-40));
#10793=DIRECTION('',(7.75295408258186E-15,1.,0.));
#10794=DIRECTION('',(1.,-7.75295408258186E-15,-1.12730155789305E-40));
#10795=DIRECTION('',(7.75295408258186E-15,1.,0.));
#10796=DIRECTION('',(1.,-7.75295408258186E-15,-1.12730155789305E-40));
#10797=DIRECTION('',(7.75295408258186E-15,1.,-8.73991721556779E-55));
#10798=DIRECTION('',(7.75295408258186E-15,1.,-8.73991721556779E-55));
#10799=DIRECTION('',(1.,-7.75295408258186E-15,-1.12730155789305E-40));
#10800=DIRECTION('',(7.75295408258186E-15,1.,0.));
#10801=DIRECTION('',(7.75295408258186E-15,1.,-8.73991721556779E-55));
#10802=DIRECTION('',(1.,-7.75295408258186E-15,-1.12730155789305E-40));
#10803=DIRECTION('',(7.75295408258186E-15,1.,0.));
#10804=DIRECTION('',(1.,-7.75295408258186E-15,-1.12730155789305E-40));
#10805=DIRECTION('',(7.75295408258186E-15,1.,0.));
#10806=DIRECTION('',(-7.75295408258186E-15,-1.,5.09828504686537E-58));
#10807=DIRECTION('',(1.,-7.75295408258186E-15,0.));
#10808=DIRECTION('',(7.75295408258186E-15,1.,-5.09828504686537E-58));
#10809=DIRECTION('',(-1.,7.75295408258186E-15,0.));
#10810=DIRECTION('',(7.75295408258186E-15,1.,-5.09828504686537E-58));
#10811=DIRECTION('',(-1.,7.75295408258186E-15,0.));
#10812=DIRECTION('',(7.75295408258186E-15,1.,3.04739212899307E-15));
#10813=DIRECTION('',(-1.,7.75295408258186E-15,0.));
#10814=DIRECTION('',(-7.75295408258186E-15,-1.,5.09828504686537E-58));
#10815=DIRECTION('',(1.,-7.75295408258186E-15,0.));
#10816=DIRECTION('',(-7.75295408258186E-15,-1.,3.73641069867261E-15));
#10817=DIRECTION('',(1.,-7.75295408258186E-15,0.));
#10818=DIRECTION('',(1.,-7.75295408258186E-15,-1.12730155789305E-40));
#10819=DIRECTION('',(7.75295408258186E-15,1.,0.));
#10820=DIRECTION('',(1.,-7.91805720365327E-15,1.76247905178582E-15));
#10821=DIRECTION('',(7.91805720365327E-15,1.,0.));
#10822=DIRECTION('',(-1.,0.,0.));
#10823=DIRECTION('',(0.,0.,1.));
#10824=DIRECTION('',(1.,-7.91805720365327E-15,1.76247905178582E-15));
#10825=DIRECTION('',(1.76247905178583E-15,4.55531587287768E-16,-1.));
#10826=DIRECTION('',(-1.,0.,-1.76247905178583E-15));
#10827=DIRECTION('',(0.,-1.,-4.55531587287768E-16));
#10828=DIRECTION('',(1.,-7.91805720365327E-15,1.76247905178582E-15));
#10829=DIRECTION('',(1.,-7.91805720365327E-15,1.76247905178582E-15));
#10830=DIRECTION('',(7.91805720365327E-15,1.,0.));
#10831=DIRECTION('',(-1.,0.,0.));
#10832=DIRECTION('',(0.,0.,1.));
#10833=DIRECTION('',(1.,-7.91805720365327E-15,1.76247905178582E-15));
#10834=DIRECTION('',(7.91805720365327E-15,1.,0.));
#10835=DIRECTION('',(-1.,0.,0.));
#10836=DIRECTION('',(0.,0.,1.));
#10837=DIRECTION('',(1.,-7.91805720365327E-15,1.76247905178582E-15));
#10838=DIRECTION('',(1.,-7.75295408258182E-15,-1.12730155789304E-40));
#10839=DIRECTION('',(7.75295408258182E-15,1.,0.));
#10840=DIRECTION('',(-1.76247905178583E-15,-4.55531587287768E-16,1.));
#10841=DIRECTION('',(1.,0.,1.76247905178583E-15));
#10842=DIRECTION('',(0.,1.,4.55531587287768E-16));
#10843=DIRECTION('',(1.,-7.91805720365327E-15,1.76247905178582E-15));
#10844=DIRECTION('',(-7.75295408258182E-15,-1.,-4.55531587287782E-16));
#10845=DIRECTION('',(1.,-7.91805720365327E-15,1.76247905178582E-15));
#10846=DIRECTION('',(7.91805720365327E-15,1.,0.));
#10847=DIRECTION('',(-1.,0.,0.));
#10848=DIRECTION('',(0.,0.,1.));
#10849=DIRECTION('',(1.,-7.75295408258182E-15,-1.12730155789304E-40));
#10850=DIRECTION('',(7.75295408258182E-15,1.,0.));
#10851=DIRECTION('',(0.,1.,4.55531587287768E-16));
#10852=DIRECTION('',(0.,-4.55531587287768E-16,1.));
#10853=DIRECTION('',(0.,1.,0.));
#10854=DIRECTION('',(0.,0.,1.));
#10855=DIRECTION('',(0.,-1.,-4.60785923306339E-16));
#10856=DIRECTION('',(0.,4.60785923306339E-16,-1.));
#10857=DIRECTION('',(-1.,0.,0.));
#10858=DIRECTION('',(0.,0.,1.));
#10859=DIRECTION('',(0.,0.,1.));
#10860=DIRECTION('',(1.,0.,0.));
#10861=DIRECTION('',(-1.,0.,0.));
#10862=DIRECTION('',(0.,0.,1.));
#10863=DIRECTION('',(0.,0.,1.));
#10864=DIRECTION('',(1.,0.,0.));
#10865=DIRECTION('',(0.,1.45402842050322E-26,-1.));
#10866=DIRECTION('',(0.,1.,1.45402842050322E-26));
#10867=DIRECTION('',(0.,0.,1.));
#10868=DIRECTION('',(1.,0.,0.));
#10869=DIRECTION('',(0.,1.45402842050322E-26,-1.));
#10870=DIRECTION('',(0.,1.,1.45402842050322E-26));
#10871=DIRECTION('',(0.,0.,1.));
#10872=DIRECTION('',(1.,0.,0.));
#10873=DIRECTION('',(-1.,0.,0.));
#10874=DIRECTION('',(0.,0.,1.));
#10875=DIRECTION('',(-7.99336158559154E-31,1.,4.60785923306339E-16));
#10876=DIRECTION('',(0.,-4.60785923306339E-16,1.));
#10877=DIRECTION('',(-1.,0.,0.));
#10878=DIRECTION('',(0.,0.,1.));
#10879=DIRECTION('',(0.,-1.,0.));
#10880=DIRECTION('',(0.,0.,-1.));
#10881=DIRECTION('',(0.,-1.,-4.55531587287768E-16));
#10882=DIRECTION('',(0.,4.55531587287768E-16,-1.));
#10883=DIRECTION('',(0.,1.45402842050322E-26,-1.));
#10884=DIRECTION('',(0.,1.,1.45402842050322E-26));
#10885=DIRECTION('',(0.,0.,1.));
#10886=DIRECTION('',(1.,0.,0.));
#10887=DIRECTION('',(1.,-7.75295408258182E-15,-1.12730155789304E-40));
#10888=DIRECTION('',(7.75295408258182E-15,1.,0.));
#10889=DIRECTION('',(-6.93889390390722E-15,-1.,0.));
#10890=DIRECTION('',(1.,-6.93889390390722E-15,0.));
#10891=DIRECTION('',(7.75295408258182E-15,1.,4.55531587287782E-16));
#10892=DIRECTION('',(-1.,7.75295408258182E-15,0.));
#10893=DIRECTION('',(-7.7520455332714E-15,-1.,-4.60785923306339E-16));
#10894=DIRECTION('',(1.,-7.7520455332714E-15,0.));
#10895=DIRECTION('',(1.,-7.75295408258182E-15,-1.12730155789304E-40));
#10896=DIRECTION('',(7.75295408258182E-15,1.,0.));
#10897=DIRECTION('',(0.,0.,-1.));
#10898=DIRECTION('',(-1.,0.,0.));
#10899=DIRECTION('',(0.,-1.45402842050322E-26,1.));
#10900=DIRECTION('',(0.,-1.,-1.45402842050322E-26));
#10901=DIRECTION('',(0.,-1.,0.));
#10902=DIRECTION('',(0.,0.,-1.));
#10903=DIRECTION('',(0.,0.,-1.));
#10904=DIRECTION('',(-1.,0.,0.));
#10905=DIRECTION('',(0.,0.707106781186548,-0.707106781186548));
#10906=DIRECTION('',(0.,0.707106781186552,-0.707106781186543));
#10907=DIRECTION('',(-1.,0.,0.));
#10908=DIRECTION('',(0.,0.707106781186552,-0.707106781186543));
#10909=DIRECTION('',(-3.86471716653103E-11,0.707106781186543,0.707106781186553));
#10910=DIRECTION('',(0.,0.707106781186543,0.707106781186552));
#10911=DIRECTION('',(0.,0.707106781186545,0.70710678118655));
#10912=DIRECTION('',(1.,0.,0.));
#10913=DIRECTION('',(0.,0.70710678118655,-0.707106781186545));
#10914=DIRECTION('',(0.,0.,-1.));
#10915=DIRECTION('',(-1.,0.,0.));
#10916=DIRECTION('',(-0.707106781186548,9.81307786677359E-15,0.707106781186548));
#10917=DIRECTION('',(0.,0.,-1.));
#10918=DIRECTION('',(-1.,0.,0.));
#10919=DIRECTION('',(0.707106781186548,-4.90653893338679E-15,-0.707106781186548));
#10920=DIRECTION('',(-0.707106781186547,5.48216640603184E-15,-0.707106781186548));
#10921=DIRECTION('',(-7.75295408258186E-15,-1.,-1.45402842050322E-26));
#10922=DIRECTION('',(0.,1.45402842050322E-26,-1.));
#10923=DIRECTION('',(1.,0.,0.));
#10924=DIRECTION('',(-1.,0.,0.));
#10925=DIRECTION('',(-2.73276771582213E-11,1.,1.45402842050322E-26));
#10926=DIRECTION('',(2.73276771582213E-11,-1.,-1.45402842050322E-26));
#10927=DIRECTION('',(1.,2.73276771582213E-11,0.));
#10928=DIRECTION('',(-2.73276771582213E-11,1.,1.45402842050322E-26));
#10929=DIRECTION('',(-2.73276771582213E-11,1.,1.45402842050322E-26));
#10930=DIRECTION('',(-1.,-2.73276771582213E-11,0.));
#10931=DIRECTION('',(1.,0.,0.));
#10932=DIRECTION('',(0.,0.,-1.));
#10933=DIRECTION('',(-1.,0.,0.));
#10934=DIRECTION('',(-1.,0.,0.));
#10935=DIRECTION('',(0.,0.,1.));
#10936=DIRECTION('',(0.,0.,-1.));
#10937=DIRECTION('',(-1.,0.,0.));
#10938=DIRECTION('',(0.,0.,-1.));
#10939=DIRECTION('',(-1.,0.,0.));
#10940=DIRECTION('',(0.,1.45402842050322E-26,-1.));
#10941=DIRECTION('',(0.,1.,1.45402842050322E-26));
#10942=DIRECTION('',(0.,0.,-1.));
#10943=DIRECTION('',(-1.,0.,0.));
#10944=DIRECTION('',(0.,0.,-1.));
#10945=DIRECTION('',(-1.,0.,0.));
#10946=DIRECTION('',(0.,0.,-1.));
#10947=DIRECTION('',(-1.,0.,0.));
#10948=DIRECTION('',(0.,0.,-1.));
#10949=DIRECTION('',(-1.,0.,0.));
#10950=DIRECTION('',(0.,1.45402842050322E-26,-1.));
#10951=DIRECTION('',(0.,1.,1.45402842050322E-26));
#10952=DIRECTION('',(0.,0.,-1.));
#10953=DIRECTION('',(-1.,0.,0.));
#10954=DIRECTION('',(0.,0.,-1.));
#10955=DIRECTION('',(-1.,0.,0.));
#10956=DIRECTION('',(0.,0.,-1.));
#10957=DIRECTION('',(-1.,0.,0.));
#10958=DIRECTION('',(0.,0.,-1.));
#10959=DIRECTION('',(-1.,0.,0.));
#10960=DIRECTION('',(0.,0.,-1.));
#10961=DIRECTION('',(-1.,0.,0.));
#10962=DIRECTION('',(0.,0.,-1.));
#10963=DIRECTION('',(-1.,0.,0.));
#10964=DIRECTION('',(1.,0.,-1.93870456067122E-25));
#10965=DIRECTION('',(-1.93870456067122E-25,0.,-1.));
#10966=DIRECTION('',(1.,0.,-1.93870456067122E-25));
#10967=DIRECTION('',(-1.93870456067122E-25,0.,-1.));
#10968=DIRECTION('',(1.3708711415679E-25,0.707106781186548,0.707106781186548));
#10969=DIRECTION('',(1.,5.63786306035094E-51,-1.93870456067122E-25));
#10970=DIRECTION('',(0.,0.,1.));
#10971=DIRECTION('',(1.,0.,0.));
#10972=DIRECTION('',(1.,0.,0.));
#10973=DIRECTION('',(0.,0.,-1.));
#10974=DIRECTION('',(0.,-1.63611723895105E-26,-1.));
#10975=DIRECTION('',(7.49400541621998E-16,-0.999999999999976,1.63611723895101E-26));
#10976=DIRECTION('',(-1.81734817116422E-26,1.54515171581771E-26,-1.));
#10977=DIRECTION('',(1.,0.,0.));
#10978=DIRECTION('',(0.,0.,-1.));
#10979=DIRECTION('',(0.,-1.63611723895105E-26,-1.));
#10980=DIRECTION('',(7.49400541621998E-16,-0.999999999999976,1.63611723895101E-26));
#10981=DIRECTION('',(-1.81734817116422E-26,1.54515171581771E-26,-1.));
#10982=DIRECTION('',(0.,-1.45402842050322E-26,1.));
#10983=DIRECTION('',(0.,-1.,-1.45402842050322E-26));
#10984=DIRECTION('',(0.,-1.45402842050322E-26,1.));
#10985=DIRECTION('',(0.,-1.,-1.45402842050322E-26));
#10986=DIRECTION('',(-1.93870456067122E-25,2.90805684100676E-26,-1.));
#10987=DIRECTION('',(-1.,0.,1.93870456067122E-25));
#10988=DIRECTION('',(0.,-0.993082104022842,0.117422036558579));
#10989=DIRECTION('',(0.,-0.117422036558579,-0.993082104022842));
#10990=DIRECTION('',(0.,-0.993082104022842,-0.117422036558579));
#10991=DIRECTION('',(0.,0.117422036558579,-0.993082104022843));
#10992=DIRECTION('',(0.993082104022842,0.,-0.117422036558579));
#10993=DIRECTION('',(-0.117422036558579,0.,-0.993082104022843));
#10994=DIRECTION('',(0.993082104022842,0.,0.117422036558579));
#10995=DIRECTION('',(0.117422036558579,0.,-0.993082104022842));
#10996=CARTESIAN_POINT('',(0.,0.,0.));
#10997=CARTESIAN_POINT('',(-0.024129394,-0.0179393999999994,-0.00519750038999963));
#10998=CARTESIAN_POINT('',(-0.024129394,0.00653308305293649,-0.0066900007650988));
#10999=CARTESIAN_POINT('',(-0.024129394,0.00858308305293644,-0.0066900007650988));
#11000=CARTESIAN_POINT('',(-0.024129394,0.00653308305293649,-0.00464000076509883));
#11001=CARTESIAN_POINT('',(-0.024129394,9.30830529367495E-5,-0.00464000076509883));
#11002=CARTESIAN_POINT('',(-0.024129394,9.30830529367457E-5,-0.00464000076509883));
#11003=CARTESIAN_POINT('',(-0.024129394,9.30830529367466E-5,-0.00669000076509881));
#11004=CARTESIAN_POINT('',(-0.024129394,-0.00195691694706323,-0.00669000076509881));
#11005=CARTESIAN_POINT('',(-0.024129394,-0.00195691694706321,-0.00740000076509879));
#11006=CARTESIAN_POINT('',(-0.024129394,-0.00195691694706321,-0.00740000076509879));
#11007=CARTESIAN_POINT('',(-0.024129394,9.30830529367466E-5,-0.00740000076509879));
#11008=CARTESIAN_POINT('',(-0.024129394,9.30830529367475E-5,-0.00945000076509877));
#11009=CARTESIAN_POINT('',(-0.024129394,0.00653308305293649,-0.00945000076509876));
#11010=CARTESIAN_POINT('',(-0.024129394,0.00653308305293649,-0.00945000076509876));
#11011=CARTESIAN_POINT('',(-0.024129394,0.00653308305293649,-0.00740000076509879));
#11012=CARTESIAN_POINT('',(-0.024129394,0.00858308305293647,-0.00740000076509879));
#11013=CARTESIAN_POINT('',(-0.024129394,0.00858308305293644,-0.00519750038999963));
#11014=CARTESIAN_POINT('',(-0.024129394,0.0208611999999987,-0.00519750038999963));
#11015=CARTESIAN_POINT('',(-0.024129394,0.0208611999999987,-0.00103553390593273));
#11016=CARTESIAN_POINT('',(-0.024129394,0.0208611999999987,-0.00541128791773264));
#11017=CARTESIAN_POINT('',(-0.024129394,0.0208611999999987,-0.00541128791773264));
#11018=CARTESIAN_POINT('',(-0.024129394,0.020418847827693,-0.00546359164240741));
#11019=CARTESIAN_POINT('',(-0.0241293940000001,0.0195808094016942,-0.00587536935503145));
#11020=CARTESIAN_POINT('',(-0.0241293940000001,0.0190498080810511,-0.00719594015147562));
#11021=CARTESIAN_POINT('',(-0.0241293940000001,0.0195773955261303,-0.00851678896661563));
#11022=CARTESIAN_POINT('',(-0.024129394,0.0204187240223349,-0.00893139449884567));
#11023=CARTESIAN_POINT('',(-0.024129394,0.0208611999999987,-0.00898371286226705));
#11024=CARTESIAN_POINT('',(-0.024129394,0.0208611999999987,-0.00898371286226705));
#11025=CARTESIAN_POINT('',(-0.024129394,0.0208611999999987,-0.00519750038999963));
#11026=CARTESIAN_POINT('',(-0.024129394,0.0208611999999987,-0.0153950007799997));
#11027=CARTESIAN_POINT('',(-0.024129394,-0.0179393999999994,-0.0153950007799997));
#11028=CARTESIAN_POINT('',(-0.024129394,-0.0567399999999975,-0.0153950007799997));
#11029=CARTESIAN_POINT('',(-0.024129394,-0.0567399999999975,-0.00340000077999994));
#11030=CARTESIAN_POINT('',(-0.024129394,-0.0567399999999975,-0.00543553468593258));
#11031=CARTESIAN_POINT('',(-0.024129394,-0.0179393999999994,-0.00543553468593259));
#11032=CARTESIAN_POINT('',(-0.024129394,-0.0209019070192797,-0.00543554256956772));
#11033=CARTESIAN_POINT('',(-0.024129394,-0.0209019070192797,-0.00543554256956772));
#11034=CARTESIAN_POINT('',(-0.024129394,-0.0201869527422524,-0.00543729114833474));
#11035=CARTESIAN_POINT('',(-0.024129394,-0.0187666921828735,-0.00514901741722003));
#11036=CARTESIAN_POINT('',(-0.0241293940000001,-0.0173469470928542,-0.00402844410657595));
#11037=CARTESIAN_POINT('',(-0.024129394,-0.0164390698750103,-0.00294227989084281));
#11038=CARTESIAN_POINT('',(-0.0241293940000001,-0.0157889321391781,-0.00209525144287968));
#11039=CARTESIAN_POINT('',(-0.024129394,-0.0152066660077771,-0.00142940358127623));
#11040=CARTESIAN_POINT('',(-0.0241293940000001,-0.0145515650755571,-0.00107655179544525));
#11041=CARTESIAN_POINT('',(-0.024129394,-0.0141817767591274,-0.0010352979223849));
#11042=CARTESIAN_POINT('',(-0.024129394,-0.0139972470047416,-0.00103553247785056));
#11043=CARTESIAN_POINT('',(-0.024129394,-0.0139972470047416,-0.00103553390593273));
#11044=CARTESIAN_POINT('',(-0.024129394,-0.0179393999999994,-0.00103553390593273));
#11045=CARTESIAN_POINT('',(7.0606000000091E-5,0.0258611999999987,-0.0108825007799997));
#11046=CARTESIAN_POINT('',(0.009500606,0.0258611999999987,-0.00662000077999985));
#11047=CARTESIAN_POINT('',(0.006150606,0.0258611999999987,-0.00662000077999985));
#11048=CARTESIAN_POINT('',(-0.019129394,0.0258611999999987,-0.0108825007799997));
#11049=CARTESIAN_POINT('',(-0.019129394,0.0258611999999987,-0.0153950007799997));
#11050=CARTESIAN_POINT('',(-0.019129394,0.0258611999999987,-0.00898371286226705));
#11051=CARTESIAN_POINT('',(-0.019129394,0.0258611999999987,-0.00898371286226705));
#11052=CARTESIAN_POINT('',(-0.0186870418276943,0.0258611999999987,-0.00893140913759228));
#11053=CARTESIAN_POINT('',(-0.0178490034016955,0.0258611999999987,-0.00851963142496825));
#11054=CARTESIAN_POINT('',(-0.0173180020810524,0.0258611999999987,-0.00719906062852407));
#11055=CARTESIAN_POINT('',(-0.0178455895261317,0.0258611999999987,-0.00587821181338408));
#11056=CARTESIAN_POINT('',(-0.0186869180223362,0.0258611999999987,-0.00546360628115402));
#11057=CARTESIAN_POINT('',(-0.019129394,0.0258611999999987,-0.00541128791773264));
#11058=CARTESIAN_POINT('',(-0.019129394,0.0258611999999987,-0.00541128791773264));
#11059=CARTESIAN_POINT('',(-0.019129394,0.0258611999999987,-0.0108825007799997));
#11060=CARTESIAN_POINT('',(-0.019129394,0.0258611999999987,-0.00103553390593273));
#11061=CARTESIAN_POINT('',(7.0606000000091E-5,0.0258611999999987,-0.00103553390593273));
#11062=CARTESIAN_POINT('',(0.0192706060000002,0.0258611999999987,-0.00103553390593273));
#11063=CARTESIAN_POINT('',(0.0192706060000002,0.0258611999999987,-0.0108825007799997));
#11064=CARTESIAN_POINT('',(0.0192706060000002,0.0258611999999987,-0.0153950007799997));
#11065=CARTESIAN_POINT('',(7.06060000000841E-5,0.0258611999999987,-0.0153950007799997));
#11066=CARTESIAN_POINT('',(-0.019129394,0.0208611999999987,-0.00519750038999963));
#11067=CARTESIAN_POINT('',(-0.024129394,0.0208611999999987,-0.00898371286226705));
#11068=CARTESIAN_POINT('',(-0.024129394,0.0213947575365234,-0.00904301543913128));
#11069=CARTESIAN_POINT('',(-0.0239168135698086,0.0224961223891141,-0.00877426381511141));
#11070=CARTESIAN_POINT('',(-0.0235264107031851,0.0232271919805364,-0.00719658019136362));
#11071=CARTESIAN_POINT('',(-0.0239158292677235,0.0224992642801884,-0.00562386037723727));
#11072=CARTESIAN_POINT('',(-0.024129394,0.0213948250084472,-0.0053519778416604));
#11073=CARTESIAN_POINT('',(-0.024129394,0.0208611999999987,-0.00541128791773264));
#11074=CARTESIAN_POINT('',(-0.019129394,0.0208611999999987,-0.00103553390593273));
#11075=CARTESIAN_POINT('',(-0.019129394,0.0258611999999987,-0.00541128791773264));
#11076=CARTESIAN_POINT('',(-0.0196629515365247,0.0258611999999987,-0.00535198534086841));
#11077=CARTESIAN_POINT('',(-0.0207643163891154,0.0256486195698073,-0.00562073696488831));
#11078=CARTESIAN_POINT('',(-0.0214953859805377,0.0252582167031837,-0.00719842058863608));
#11079=CARTESIAN_POINT('',(-0.0207674582801898,0.0256476352677221,-0.00877114040276243));
#11080=CARTESIAN_POINT('',(-0.0196630190084485,0.0258611999999987,-0.00904302293833928));
#11081=CARTESIAN_POINT('',(-0.019129394,0.0258611999999987,-0.00898371286226705));
#11082=CARTESIAN_POINT('',(-0.019129394,0.0208611999999987,-0.0153950007799997));
#11083=CARTESIAN_POINT('',(7.06060000000876E-5,-0.0179393999999994,-0.0153950007799997));
#11084=CARTESIAN_POINT('',(7.06060000000876E-5,0.00808308305293644,-0.0153950007799997));
#11085=CARTESIAN_POINT('',(-0.0233476628357391,0.00808308305293644,-0.0153950007799997));
#11086=CARTESIAN_POINT('',(-0.0226293939999998,0.00808308305293644,-0.0153950007799997));
#11087=CARTESIAN_POINT('',(-0.0233476628357391,-0.0179393999999994,-0.0153950007799997));
#11088=CARTESIAN_POINT('',(-0.0233476628357391,-0.00145691694706321,-0.0153950007799997));
#11089=CARTESIAN_POINT('',(7.06060000000876E-5,-0.00145691694706321,-0.0153950007799997));
#11090=CARTESIAN_POINT('',(-0.0226293939999999,-0.00145691694706321,-0.0153950007799997));
#11091=CARTESIAN_POINT('',(-0.022629394,-0.0179393999999993,-0.0153950007799997));
#11092=CARTESIAN_POINT('',(-0.0226293940000004,-0.0567400000000382,-0.0153950007799997));
#11093=CARTESIAN_POINT('',(7.06060000000876E-5,-0.0567400000000382,-0.0153950007799997));
#11094=CARTESIAN_POINT('',(0.0192706060000002,0.0208611999999987,-0.0153950007799997));
#11095=CARTESIAN_POINT('',(0.0242706060000002,0.0208611999999987,-0.0153950007799997));
#11096=CARTESIAN_POINT('',(0.0242706060000002,-0.0179393999999994,-0.0153950007799997));
#11097=CARTESIAN_POINT('',(0.0242706060000002,-0.0567399999999975,-0.0153950007799997));
#11098=CARTESIAN_POINT('',(0.0192706060000002,-0.0567399999999975,-0.0153950007799997));
#11099=CARTESIAN_POINT('',(0.0192706060000002,-0.0617399999999975,-0.0153950007799997));
#11100=CARTESIAN_POINT('',(7.0606000000091E-5,-0.0617399999999975,-0.0153950007799997));
#11101=CARTESIAN_POINT('',(-0.018629394,-0.0617399999999975,-0.0153950007799997));
#11102=CARTESIAN_POINT('',(-0.018629394001197,-0.0179394000005105,-0.0153950007799997));
#11103=CARTESIAN_POINT('',(-0.0186293940000274,-0.0607399999999975,-0.0153950007799997));
#11104=CARTESIAN_POINT('',(0.0192706060000407,-0.0607399999999975,-0.0153950007799997));
#11105=CARTESIAN_POINT('',(0.0192706060000407,-0.0607399999999975,-0.0153950007799997));
#11106=CARTESIAN_POINT('',(0.0192706060000407,-0.0572400000000382,-0.0153950007799997));
#11107=CARTESIAN_POINT('',(0.022770606,-0.0572400000000382,-0.0153950007799997));
#11108=CARTESIAN_POINT('',(0.0227706060000006,0.0213612000000394,-0.0153950007799997));
#11109=CARTESIAN_POINT('',(0.0227706060000006,0.0213612000000394,-0.0153950007799997));
#11110=CARTESIAN_POINT('',(0.0192706060000413,0.0213612000000394,-0.0153950007799997));
#11111=CARTESIAN_POINT('',(0.0192706060000413,0.0248611999999987,-0.0153950007799997));
#11112=CARTESIAN_POINT('',(7.06060000000876E-5,0.0248611999999987,-0.0153950007799997));
#11113=CARTESIAN_POINT('',(-0.0191293940000405,0.0248611999999987,-0.0153950007799997));
#11114=CARTESIAN_POINT('',(-0.0191293940000405,0.0213612000000394,-0.0153950007799997));
#11115=CARTESIAN_POINT('',(-0.0226293939999998,0.0213612000000395,-0.0153950007799997));
#11116=CARTESIAN_POINT('',(-0.022629394,-0.0179393999999993,-0.0153950007799997));
#11117=CARTESIAN_POINT('',(-0.0221293939999998,0.0170024999999994,2.00000000000027E-6));
#11118=CARTESIAN_POINT('',(-0.0221293939999998,0.0170024999999994,-0.0148950007799997));
#11119=CARTESIAN_POINT('',(-0.0221293940000004,-0.0572400000000382,-0.0148950007799997));
#11120=CARTESIAN_POINT('',(-0.0221293939999999,-0.00195691694706321,-0.0148950007799997));
#11121=CARTESIAN_POINT('',(-0.0221293939999999,-0.00195691694706321,-0.0363950007799997));
#11122=CARTESIAN_POINT('',(-0.0221293939999999,-0.00195691694706321,-0.0145634414687146));
#11123=CARTESIAN_POINT('',(-0.022129394,-0.0179393999999991,-0.0145634414687146));
#11124=CARTESIAN_POINT('',(-0.0221293940000002,-0.046246563687921,-0.0145634414687146));
#11125=CARTESIAN_POINT('',(-0.0221293940000002,-0.046246563687921,-0.0135200007799997));
#11126=CARTESIAN_POINT('',(-0.0221293940000002,-0.046246563687921,-0.0124765600912848));
#11127=CARTESIAN_POINT('',(-0.022129394,-0.0162465636879209,-0.0124765600912848));
#11128=CARTESIAN_POINT('',(-0.0221293939999999,-0.00195691694706321,-0.0124765600912848));
#11129=CARTESIAN_POINT('',(-0.0221293939999999,-0.00195691694706321,-0.0066900007650988));
#11130=CARTESIAN_POINT('',(-0.0221293939999999,-0.00195691694706325,-0.00669000076509881));
#11131=CARTESIAN_POINT('',(-0.0221293939999999,9.30830529367348E-5,-0.0066900007650988));
#11132=CARTESIAN_POINT('',(-0.0221293939999999,9.30830529367339E-5,-0.00464000076509883));
#11133=CARTESIAN_POINT('',(-0.0221293939999998,0.00653308305293647,-0.00464000076509883));
#11134=CARTESIAN_POINT('',(-0.0221293939999998,0.00653308305293648,-0.00464000076509883));
#11135=CARTESIAN_POINT('',(-0.0221293939999998,0.00653308305293648,-0.0066900007650988));
#11136=CARTESIAN_POINT('',(-0.0221293939999998,0.00858308305293645,-0.0066900007650988));
#11137=CARTESIAN_POINT('',(-0.0221293939999998,0.00858308305293644,2.00000000000027E-6));
#11138=CARTESIAN_POINT('',(-0.0221293939999998,0.00858308305293644,-0.0124765600912848));
#11139=CARTESIAN_POINT('',(-0.022129394,-0.0162465636879209,-0.0124765600912848));
#11140=CARTESIAN_POINT('',(-0.0221293939999998,0.013753436312079,-0.0124765600912849));
#11141=CARTESIAN_POINT('',(-0.0221293939999998,0.013753436312079,-0.0135200007799997));
#11142=CARTESIAN_POINT('',(-0.0221293939999998,0.013753436312079,-0.0145634414687145));
#11143=CARTESIAN_POINT('',(-0.022129394,-0.0179393999999991,-0.0145634414687146));
#11144=CARTESIAN_POINT('',(-0.0221293939999998,0.00858308305293644,-0.0145634414687146));
#11145=CARTESIAN_POINT('',(-0.0221293939999998,0.00858308305293644,-0.0363950007799997));
#11146=CARTESIAN_POINT('',(-0.0221293939999998,0.00858308305293644,-0.0148950007799997));
#11147=CARTESIAN_POINT('',(-0.0221293939999998,0.0170024999999994,-0.0148950007799997));
#11148=CARTESIAN_POINT('',(-0.0221293939999998,0.0213612000000394,-0.0148950007799997));
#11149=CARTESIAN_POINT('',(-0.0221293939999998,0.0213612000000394,-0.0113950007799997));
#11150=CARTESIAN_POINT('',(-0.0221293940000003,0.0213612000000394,-0.0113950007799997));
#11151=CARTESIAN_POINT('',(-0.0221293940000003,-0.0179393999999994,-0.0113950007799997));
#11152=CARTESIAN_POINT('',(-0.0221293939999998,0.01566,-0.0113950007799997));
#11153=CARTESIAN_POINT('',(-0.0221293939999998,0.01566,2.00000000000027E-6));
#11154=CARTESIAN_POINT('',(-0.0221293939999998,0.01566,-0.0019));
#11155=CARTESIAN_POINT('',(-0.0221293939999998,0.0170024999999994,-0.0019));
#11156=CARTESIAN_POINT('',(-0.022129394,-0.0139949999999986,-0.0019));
#11157=CARTESIAN_POINT('',(-0.022129394,-0.0139949999999986,-0.00190000000000043));
#11158=CARTESIAN_POINT('',(-0.022129394,-0.0140921979725373,-0.00190000000000043));
#11159=CARTESIAN_POINT('',(-0.0221293940000001,-0.0142889079798539,-0.00191357381807333));
#11160=CARTESIAN_POINT('',(-0.022129394,-0.0146279930153212,-0.00211080400537062));
#11161=CARTESIAN_POINT('',(-0.0221293940000001,-0.015089760409946,-0.00260207060805011));
#11162=CARTESIAN_POINT('',(-0.022129394,-0.0156722287305188,-0.00336565608218444));
#11163=CARTESIAN_POINT('',(-0.0221293940000001,-0.0164029043053047,-0.00425661648054732));
#11164=CARTESIAN_POINT('',(-0.022129394,-0.0175011855738384,-0.00531044555796));
#11165=CARTESIAN_POINT('',(-0.0221293940000001,-0.0189105890261184,-0.00606663644425118));
#11166=CARTESIAN_POINT('',(-0.0221293940000001,-0.020472053002423,-0.00632364350429415));
#11167=CARTESIAN_POINT('',(-0.022129394,-0.0212589271445069,-0.00630000078000037));
#11168=CARTESIAN_POINT('',(-0.022129394,-0.021651906999999,-0.00630000078000037));
#11169=CARTESIAN_POINT('',(-0.022129394,-0.021651906999999,-0.00630000078000037));
#11170=CARTESIAN_POINT('',(-0.022129394,-0.021651906999999,-0.00988700077999973));
#11171=CARTESIAN_POINT('',(-0.022129394,-0.021651906999999,-0.00988500077999973));
#11172=CARTESIAN_POINT('',(-0.0221293939999998,0.0170024999999994,-0.00988500077999973));
#11173=CARTESIAN_POINT('',(-0.0221293940000003,-0.0537399999999972,-0.00988500077999973));
#11174=CARTESIAN_POINT('',(-0.0221293940000003,-0.0537399999999972,2.00000000000027E-6));
#11175=CARTESIAN_POINT('',(-0.0221293940000003,-0.0537399999999972,-0.0113950007799997));
#11176=CARTESIAN_POINT('',(-0.0221293940000003,-0.0179393999999994,-0.0113950007799997));
#11177=CARTESIAN_POINT('',(-0.0221293940000003,-0.0572400000000382,-0.0113950007799997));
#11178=CARTESIAN_POINT('',(-0.0221293940000004,-0.0572400000000382,2.00000000000027E-6));
#11179=CARTESIAN_POINT('',(-0.022929394,-0.0179393999999991,-0.0135200007799997));
#11180=CARTESIAN_POINT('',(-0.0229293939999999,-0.00145691694706321,-0.0135200007799997));
#11181=CARTESIAN_POINT('',(-0.0229293939999999,-0.00145691694706321,-0.0134950007799997));
#11182=CARTESIAN_POINT('',(-0.0229293939999999,-0.00145691694706321,-0.0135450007799997));
#11183=CARTESIAN_POINT('',(-0.022929394,-0.0162465636879209,-0.0134950007799997));
#11184=CARTESIAN_POINT('',(-0.0229293940000002,-0.046246563687921,-0.0134950007799997));
#11185=CARTESIAN_POINT('',(-0.0229293940000002,-0.046246563687921,-0.0135200007799997));
#11186=CARTESIAN_POINT('',(-0.0229293940000002,-0.046246563687921,-0.0135450007799997));
#11187=CARTESIAN_POINT('',(-0.022929394,-0.0179393999999991,-0.0135450007799997));
#11188=CARTESIAN_POINT('',(-0.021979394,-0.0162465636879209,-0.0134950007799997));
#11189=CARTESIAN_POINT('',(-0.0219793939999999,-0.00145691694706321,-0.0134950007799997));
#11190=CARTESIAN_POINT('',(-0.0226293939999999,-0.00145691694706321,-0.0128021804569722));
#11191=CARTESIAN_POINT('',(-0.0226293939999999,-0.00145691694706321,-0.0128021804569722));
#11192=CARTESIAN_POINT('',(-0.0225216967302059,-0.00145691694706321,-0.012701139504449));
#11193=CARTESIAN_POINT('',(-0.0223873455496751,-0.00149632181750903,-0.0126300648174806));
#11194=CARTESIAN_POINT('',(-0.0222833939999996,-0.00159596819723794,-0.0125949541145425));
#11195=CARTESIAN_POINT('',(-0.0222833939999999,-0.00159596819723853,-0.0125949541145429));
#11196=CARTESIAN_POINT('',(-0.0222833940000001,-0.0162465636879209,-0.0125949541145429));
#11197=CARTESIAN_POINT('',(-0.0222833940000003,-0.046246563687921,-0.0125949541145428));
#11198=CARTESIAN_POINT('',(-0.0219793940000002,-0.046246563687921,-0.0134950007799997));
#11199=CARTESIAN_POINT('',(-0.021979394,-0.0179393999999991,-0.0135450007799997));
#11200=CARTESIAN_POINT('',(-0.0219793939999999,-0.00145691694706321,-0.0135450007799997));
#11201=CARTESIAN_POINT('',(-0.0226293939999999,-0.00145691694706321,-0.0142378211030272));
#11202=CARTESIAN_POINT('',(-0.0219793940000002,-0.046246563687921,-0.0135450007799997));
#11203=CARTESIAN_POINT('',(-0.0222833940000003,-0.046246563687921,-0.0144450474454565));
#11204=CARTESIAN_POINT('',(-0.0222833940000001,-0.0179393999999991,-0.0144450474454565));
#11205=CARTESIAN_POINT('',(-0.0222833939999999,-0.00159596819723852,-0.0144450474454565));
#11206=CARTESIAN_POINT('',(-0.0222833939999999,-0.00159596819723852,-0.0144450474454565));
#11207=CARTESIAN_POINT('',(-0.0223870780010851,-0.0014965782855325,-0.014410027109801));
#11208=CARTESIAN_POINT('',(-0.0225218131052368,-0.00145691694706321,-0.0143387528731728));
#11209=CARTESIAN_POINT('',(-0.0226293939999999,-0.00145691694706321,-0.0142378211030272));
#11210=CARTESIAN_POINT('',(-0.022379394,-0.0179393999999991,-0.0147292727082324));
#11211=CARTESIAN_POINT('',(-0.0221293939999999,0.00858308305293644,-0.0145634414687146));
#11212=CARTESIAN_POINT('',(-0.0221293939999998,0.00844038801764563,-0.0145634414687146));
#11213=CARTESIAN_POINT('',(-0.0221838797857646,0.00831752712035279,-0.0144786593928017));
#11214=CARTESIAN_POINT('',(-0.0222833939999999,0.00822213430311175,-0.0144450474454565));
#11215=CARTESIAN_POINT('',(-0.0222833939999998,0.00822213430311175,-0.0144450474454565));
#11216=CARTESIAN_POINT('',(-0.0223793939999998,0.013753436312079,-0.0147292727082324));
#11217=CARTESIAN_POINT('',(-0.0222833939999998,0.013753436312079,-0.0144450474454565));
#11218=CARTESIAN_POINT('',(-0.0222833940000001,-0.0179393999999991,-0.0144450474454565));
#11219=CARTESIAN_POINT('',(-0.022379394,-0.0162465636879209,-0.012310728851767));
#11220=CARTESIAN_POINT('',(-0.0222833939999998,0.00822213430311175,-0.0125949541145429));
#11221=CARTESIAN_POINT('',(-0.0221838377401141,0.00831756742467596,-0.0125613279658477));
#11222=CARTESIAN_POINT('',(-0.0221293939999997,0.00844052559785415,-0.0124765600912859));
#11223=CARTESIAN_POINT('',(-0.0221293939999998,0.00858308305293676,-0.012476560091286));
#11224=CARTESIAN_POINT('',(-0.0222833939999998,0.00822213430311175,-0.0125949541145429));
#11225=CARTESIAN_POINT('',(-0.0222833940000001,-0.0162465636879209,-0.0125949541145429));
#11226=CARTESIAN_POINT('',(-0.0222833939999998,0.013753436312079,-0.0125949541145429));
#11227=CARTESIAN_POINT('',(-0.0223793939999998,0.013753436312079,-0.012310728851767));
#11228=CARTESIAN_POINT('',(-0.0221293939999998,0.0170024999999994,-0.0148950007799997));
#11229=CARTESIAN_POINT('',(-0.0226293939999998,0.00858308305293644,-0.0153950007799997));
#11230=CARTESIAN_POINT('',(-0.0221293939999998,0.0213612000000394,-0.0148950007799997));
#11231=CARTESIAN_POINT('',(-0.0221293939999998,0.0170024999999994,-0.0148950007799997));
#11232=CARTESIAN_POINT('',(-0.0226293939999999,-0.00195691694706321,-0.0153950007799997));
#11233=CARTESIAN_POINT('',(-0.0221293940000004,-0.0567400000000382,-0.0148950007799997));
#11234=CARTESIAN_POINT('',(7.0606000000091E-5,0.0228611999999987,-0.272812621915331));
#11235=CARTESIAN_POINT('',(0.0136066685730597,0.0228611999999987,-0.00679265748204816));
#11236=CARTESIAN_POINT('',(0.0136066685730597,0.0228611999999987,-0.00319031418409663));
#11237=CARTESIAN_POINT('',(0.0136066685730597,0.0228611999999987,-0.0103950007799997));
#11238=CARTESIAN_POINT('',(0.009500606,0.0228611999999987,-0.00662000077999985));
#11239=CARTESIAN_POINT('',(0.00539454342694026,0.0228611999999987,-0.00319031418409663));
#11240=CARTESIAN_POINT('',(0.00539454342694026,0.0228611999999987,-0.00679265748204816));
#11241=CARTESIAN_POINT('',(0.00539454342694026,0.0228611999999987,-0.0103950007799997));
#11242=CARTESIAN_POINT('',(0.00439454342694025,0.0228611999999987,-0.0103950007799997));
#11243=CARTESIAN_POINT('',(0.00439454342694025,0.0228611999999987,-0.0113950007799997));
#11244=CARTESIAN_POINT('',(7.06060000000841E-5,0.0228611999999987,-0.0113950007799997));
#11245=CARTESIAN_POINT('',(0.00708774980867784,0.0228611999999987,-0.0113950007799997));
#11246=CARTESIAN_POINT('',(0.009500606,0.0228611999999987,-0.00662000077999985));
#11247=CARTESIAN_POINT('',(0.0119134621913221,0.0228611999999987,-0.0113950007799997));
#11248=CARTESIAN_POINT('',(7.06060000000841E-5,0.0228611999999987,-0.0113950007799997));
#11249=CARTESIAN_POINT('',(0.0146066685730597,0.0228611999999987,-0.0113950007799997));
#11250=CARTESIAN_POINT('',(0.0146066685730597,0.0228611999999987,-0.0103950007799997));
#11251=CARTESIAN_POINT('',(0.009500606,0.0228611999999987,-0.00662000077999985));
#11252=CARTESIAN_POINT('',(0.009500606,0.0228611999999987,-0.0104700007799998));
#11253=CARTESIAN_POINT('',(0.009500606,0.0128611999999987,-0.00662000077999985));
#11254=CARTESIAN_POINT('',(0.0136066685730597,0.0213891999999987,-0.00319031418409663));
#11255=CARTESIAN_POINT('',(0.0136066685730597,0.0213911999999987,-0.00319031418409663));
#11256=CARTESIAN_POINT('',(0.009500606,0.0213911999999987,-0.00662000077999985));
#11257=CARTESIAN_POINT('',(0.0138025642308456,0.0213911999999987,-0.00980051259102334));
#11258=CARTESIAN_POINT('',(0.0138025642308456,0.0128611999999987,-0.00980051259102334));
#11259=CARTESIAN_POINT('',(0.0138025642308456,0.0194449999999984,-0.00980051259102334));
#11260=CARTESIAN_POINT('',(0.009500606,0.0194449999999985,-0.00662000077999985));
#11261=CARTESIAN_POINT('',(0.00519864776915438,0.0194449999999986,-0.00980051259102334));
#11262=CARTESIAN_POINT('',(0.00519864776915438,0.0128611999999987,-0.00980051259102334));
#11263=CARTESIAN_POINT('',(0.00519864776915438,0.0213911999999987,-0.00980051259102334));
#11264=CARTESIAN_POINT('',(0.009500606,0.0213911999999987,-0.00662000077999985));
#11265=CARTESIAN_POINT('',(0.00539454342694026,0.0213911999999987,-0.00319031418409663));
#11266=CARTESIAN_POINT('',(0.00539454342694026,0.0213891999999987,-0.00319031418409663));
#11267=CARTESIAN_POINT('',(-0.0199441429589289,-0.00239497980749959,-0.002));
#11268=CARTESIAN_POINT('',(-0.0199441429589289,-0.00239497980749959,-0.002));
#11269=CARTESIAN_POINT('',(-0.0191005908293395,-0.000948890442489237,-0.002));
#11270=CARTESIAN_POINT('',(-0.0213902323239392,-0.00155142767791021,-0.002));
#11271=CARTESIAN_POINT('',(-0.0199441429589289,-0.00239497980749959,-0.002));
#11272=CARTESIAN_POINT('',(-0.0207876950885183,-0.00384106917250994,-0.002));
#11273=CARTESIAN_POINT('',(-0.0199441429589289,-0.00239497980749959,-0.002));
#11274=CARTESIAN_POINT('',(-0.0184980535939185,-0.00323853193708896,-0.002));
#11275=CARTESIAN_POINT('',(-0.0199441429589289,-0.00239497980749959,-0.002));
#11276=CARTESIAN_POINT('',(-0.0199441429589289,-0.00239497980749959,0.0002));
#11277=CARTESIAN_POINT('',(-0.0205441429589289,-0.000832048380043215,0.0002));
#11278=CARTESIAN_POINT('',(-0.0193441429589289,-0.000832048380043215,0.0002));
#11279=CARTESIAN_POINT('',(-0.0193441429589289,-0.000832048380043215,-0.002));
#11280=CARTESIAN_POINT('',(-0.0193441429589289,-0.000832048380043215,0.001));
#11281=CARTESIAN_POINT('',(-0.0199441429589289,-0.00239497980749959,0.001));
#11282=CARTESIAN_POINT('',(-0.0205441429589289,-0.000832048380043215,0.001));
#11283=CARTESIAN_POINT('',(-0.0205441429589289,-0.000832048380043215,-0.002));
#11284=CARTESIAN_POINT('',(7.0606000000091E-5,0.0054081,0.001));
#11285=CARTESIAN_POINT('',(-0.0193441429589289,-0.000394979807499586,0.001));
#11286=CARTESIAN_POINT('',(-0.0193441429589289,0.00160502019250042,0.001));
#11287=CARTESIAN_POINT('',(-0.0199441429589289,0.00160502019250042,0.001));
#11288=CARTESIAN_POINT('',(-0.0191441429589289,0.00160502019250042,0.001));
#11289=CARTESIAN_POINT('',(-0.0191441429589289,0.0054081,0.001));
#11290=CARTESIAN_POINT('',(-0.0191441429589289,-0.000700160693109403,0.001));
#11291=CARTESIAN_POINT('',(-0.0199441429589289,-0.00239497980749959,0.001));
#11292=CARTESIAN_POINT('',(-0.0207441429589288,-0.000700160693109403,0.001));
#11293=CARTESIAN_POINT('',(-0.0207441429589288,0.0054081,0.001));
#11294=CARTESIAN_POINT('',(-0.0207441429589288,0.00160502019250042,0.001));
#11295=CARTESIAN_POINT('',(-0.0199441429589289,0.00160502019250042,0.001));
#11296=CARTESIAN_POINT('',(-0.0205441429589289,0.00160502019250042,0.001));
#11297=CARTESIAN_POINT('',(-0.0205441429589289,-0.000394979807499586,0.001));
#11298=CARTESIAN_POINT('',(0.0242726060000002,-0.0139949999999986,0.001));
#11299=CARTESIAN_POINT('',(0.0232706060000002,-0.0139949999999986,0.001));
#11300=CARTESIAN_POINT('',(-0.023129394,-0.0139949999999986,0.001));
#11301=CARTESIAN_POINT('',(0.0232706060000002,0.00137499999999989,0.001));
#11302=CARTESIAN_POINT('',(0.0232706060000002,0.0208611999999987,0.001));
#11303=CARTESIAN_POINT('',(0.0192706060000002,0.0208611999999987,0.001));
#11304=CARTESIAN_POINT('',(0.0192706060000002,0.0248611999999987,0.001));
#11305=CARTESIAN_POINT('',(-1.01238462058003E-17,0.0248611999999987,0.001));
#11306=CARTESIAN_POINT('',(-0.019129394,0.0248611999999987,0.001));
#11307=CARTESIAN_POINT('',(-0.019129394,0.0208611999999987,0.001));
#11308=CARTESIAN_POINT('',(-0.023129394,0.0208611999999987,0.001));
#11309=CARTESIAN_POINT('',(-0.023129394,0.00137499999999989,0.001));
#11310=CARTESIAN_POINT('',(0.0144300000000002,0.00722499999999927,0.001));
#11311=CARTESIAN_POINT('',(0.0144300000000002,0.00892499999999927,0.001));
#11312=CARTESIAN_POINT('',(0.0161300000000002,0.00722499999999927,0.001));
#11313=CARTESIAN_POINT('',(0.0161300000000002,-0.00642499999999927,0.001));
#11314=CARTESIAN_POINT('',(0.0161300000000002,-0.00642499999999927,0.001));
#11315=CARTESIAN_POINT('',(0.0144300000000002,-0.00642499999999927,0.001));
#11316=CARTESIAN_POINT('',(0.0144300000000002,-0.00812499999999927,0.001));
#11317=CARTESIAN_POINT('',(-1.01238462058003E-17,-0.00812499999999927,0.001));
#11318=CARTESIAN_POINT('',(-0.0144300000000002,-0.00812499999999927,0.001));
#11319=CARTESIAN_POINT('',(-0.0144300000000002,-0.00642499999999927,0.001));
#11320=CARTESIAN_POINT('',(-0.0161300000000002,-0.00642499999999927,0.001));
#11321=CARTESIAN_POINT('',(-0.0161300000000002,0.00137499999999989,0.001));
#11322=CARTESIAN_POINT('',(-0.0161300000000002,0.00722499999999926,0.001));
#11323=CARTESIAN_POINT('',(-0.0144300000000002,0.00722499999999927,0.001));
#11324=CARTESIAN_POINT('',(-0.0144300000000002,0.00892499999999926,0.001));
#11325=CARTESIAN_POINT('',(0.0144300000000002,0.00892499999999927,0.001));
#11326=CARTESIAN_POINT('',(-0.0191005908293395,-0.000948890442489237,-0.002));
#11327=CARTESIAN_POINT('',(-0.0187706153042803,-0.00163956992298867,-0.0072951929650413));
#11328=CARTESIAN_POINT('',(-0.0190059434280751,-0.00100410142656013,-0.002));
#11329=CARTESIAN_POINT('',(-0.0187635861174037,-0.00169767136853463,-0.0072951929650413));
#11330=CARTESIAN_POINT('',(-0.0189167381255833,-0.00106863141198429,-0.002));
#11331=CARTESIAN_POINT('',(-0.0187569610993554,-0.00175646490917397,-0.0072951929650413));
#11332=CARTESIAN_POINT('',(-0.0187526246885983,-0.00121385958951324,-0.002));
#11333=CARTESIAN_POINT('',(-0.0187447728722924,-0.00187525275608064,-0.0072951929650413));
#11334=CARTESIAN_POINT('',(-0.0186777216857818,-0.00129455356427004,-0.002));
#11335=CARTESIAN_POINT('',(-0.0187392100443924,-0.00193524674913782,-0.0072951929650413));
#11336=CARTESIAN_POINT('',(-0.0185450942543904,-0.00146900816635881,-0.002));
#11337=CARTESIAN_POINT('',(-0.0187293601912769,-0.00205620515748856,-0.0072951929650413));
#11338=CARTESIAN_POINT('',(-0.01848737310529,-0.00156276447995695,-0.002));
#11339=CARTESIAN_POINT('',(-0.0187250734096185,-0.00211716925241368,-0.0072951929650413));
#11340=CARTESIAN_POINT('',(-0.0183913284773024,-0.00175974131408255,-0.002));
#11341=CARTESIAN_POINT('',(-0.0187179404547819,-0.00223980032135257,-0.0072951929650413));
#11342=CARTESIAN_POINT('',(-0.0183530073733077,-0.0018629569639696,-0.002));
#11343=CARTESIAN_POINT('',(-0.0187150944579801,-0.00230146693363808,-0.0072951929650413));
#11344=CARTESIAN_POINT('',(-0.0182972364899148,-0.00207488632086245,-0.002));
#11345=CARTESIAN_POINT('',(-0.0187109525168765,-0.00242520848290082,-0.0072951929650413));
#11346=CARTESIAN_POINT('',(-0.0182797880895617,-0.00218359478749725,-0.002));
#11347=CARTESIAN_POINT('',(-0.0187096566749924,-0.00248728303069097,-0.0072951929650413));
#11348=CARTESIAN_POINT('',(-0.0182664341945358,-0.00240233234082331,-0.002));
#11349=CARTESIAN_POINT('',(-0.0187086649200957,-0.0026115302048772,-0.0072951929650413));
#11350=CARTESIAN_POINT('',(-0.0182705290300644,-0.00251235601879751,-0.002));
#11351=CARTESIAN_POINT('',(-0.0187089690316061,-0.0026737024295836,-0.0072951929650413));
#11352=CARTESIAN_POINT('',(-0.0183001053061024,-0.00272949580705191,-0.002));
#11353=CARTESIAN_POINT('',(-0.0187111655755007,-0.00279783094241068,-0.0072951929650413));
#11354=CARTESIAN_POINT('',(-0.0183255860152799,-0.00283660654812293,-0.002));
#11355=CARTESIAN_POINT('',(-0.0187130579535709,-0.00285978683177583,-0.0072951929650413));
#11356=CARTESIAN_POINT('',(-0.0183969558626802,-0.00304380401101643,-0.002));
#11357=CARTESIAN_POINT('',(-0.0187183583843068,-0.00298317695705062,-0.0072951929650413));
#11358=CARTESIAN_POINT('',(-0.0184428426098476,-0.0031438845358246,-0.002));
#11359=CARTESIAN_POINT('',(-0.0187217662593957,-0.00304461073272606,-0.0072951929650413));
#11360=CARTESIAN_POINT('',(-0.0184980535939185,-0.00323853193708896,-0.002));
#11361=CARTESIAN_POINT('',(-0.0187258666184071,-0.00310564100613728,-0.0072951929650413));
#11362=CARTESIAN_POINT('',(-0.0187232464388266,-0.00310716944422589,-0.00723429058023312));
#11363=CARTESIAN_POINT('',(-0.0187233623915678,-0.00310710180512688,-0.00723698573842547));
#11364=CARTESIAN_POINT('',(-0.0187234766338114,-0.0031070121481391,-0.00723968023653226));
#11365=CARTESIAN_POINT('',(-0.0187235892459253,-0.0031069004735542,-0.00724237407115493));
#11366=CARTESIAN_POINT('',(-0.0187232464388267,-0.00310716944422589,-0.00723429058023312));
#11367=CARTESIAN_POINT('',(-0.0187235892459253,-0.0031069004735542,-0.00724237407115493));
#11368=CARTESIAN_POINT('',(-0.0187235892459252,-0.0031069004735542,-0.00724237407115492));
#11369=CARTESIAN_POINT('',(-0.0186881293060663,-0.00261344109806319,-0.00727815576286673));
#11370=CARTESIAN_POINT('',(-0.0187017020804874,-0.00211325964043915,-0.0072611655337519));
#11371=CARTESIAN_POINT('',(-0.0187766231011261,-0.00162699486305465,-0.00719878447054042));
#11372=CARTESIAN_POINT('',(-0.0187766231011261,-0.00162699486305465,-0.00719878447054043));
#11373=CARTESIAN_POINT('',(-0.0189223668941342,-0.00132193512499441,-0.00486000038254947));
#11374=CARTESIAN_POINT('',(-0.0186210982764237,-0.00316675587229428,-0.00486000038254947));
#11375=CARTESIAN_POINT('',(-0.0213902323239392,-0.00155142767791021,-0.002));
#11376=CARTESIAN_POINT('',(-0.0211604976683265,-0.00168543956035097,-0.00733985857462523));
#11377=CARTESIAN_POINT('',(-0.0213350213398683,-0.00145678027664583,-0.002));
#11378=CARTESIAN_POINT('',(-0.0210634742753801,-0.00167914944398266,-0.00733985857462523));
#11379=CARTESIAN_POINT('',(-0.0212704913544442,-0.0013675749741541,-0.002));
#11380=CARTESIAN_POINT('',(-0.020965831556365,-0.0016732210008786,-0.00733985857462523));
#11381=CARTESIAN_POINT('',(-0.0211252631769152,-0.00120346153716902,-0.002));
#11382=CARTESIAN_POINT('',(-0.0207694716049289,-0.0016623142818092,-0.00733985857462523));
#11383=CARTESIAN_POINT('',(-0.0210445692021584,-0.00112855853435254,-0.002));
#11384=CARTESIAN_POINT('',(-0.0206707546527862,-0.00165733634688698,-0.00733985857462523));
#11385=CARTESIAN_POINT('',(-0.0208701146000696,-0.000995931102961132,-0.002));
#11386=CARTESIAN_POINT('',(-0.0204724523594679,-0.00164852213787609,-0.00733985857462523));
#11387=CARTESIAN_POINT('',(-0.0207763582864715,-0.000938209953860797,-0.002));
#11388=CARTESIAN_POINT('',(-0.0203728673049763,-0.00164468608173611,-0.00733985857462523));
#11389=CARTESIAN_POINT('',(-0.0205793814523459,-0.000842165325873106,-0.002));
#11390=CARTESIAN_POINT('',(-0.0201730682197917,-0.00163830310789295,-0.00733985857462523));
#11391=CARTESIAN_POINT('',(-0.0204761658024589,-0.000803844221878444,-0.002));
#11392=CARTESIAN_POINT('',(-0.0200728545127937,-0.00163575634802138,-0.00733985857462523));
#11393=CARTESIAN_POINT('',(-0.020264236445566,-0.000748073338485591,-0.002));
#11394=CARTESIAN_POINT('',(-0.0198720617066305,-0.00163204990345114,-0.00733985857462523));
#11395=CARTESIAN_POINT('',(-0.0201555279789312,-0.000730624938132394,-0.002));
#11396=CARTESIAN_POINT('',(-0.019771482955732,-0.0016308903104016,-0.00733985857462523));
#11397=CARTESIAN_POINT('',(-0.0199367904256051,-0.000717271043106495,-0.002));
#11398=CARTESIAN_POINT('',(-0.0195702376876179,-0.0016300028316905,-0.00733985857462523));
#11399=CARTESIAN_POINT('',(-0.019826766747631,-0.000721365878635162,-0.002));
#11400=CARTESIAN_POINT('',(-0.019469571529857,-0.0016302749679736,-0.00733985857462523));
#11401=CARTESIAN_POINT('',(-0.0196096269593766,-0.000750942154673112,-0.002));
#11402=CARTESIAN_POINT('',(-0.0192684324466787,-0.00163224056043081,-0.00733985857462523));
#11403=CARTESIAN_POINT('',(-0.0195025162183055,-0.000776422863850686,-0.002));
#11404=CARTESIAN_POINT('',(-0.0191679598780904,-0.00163393396800178,-0.00733985857462523));
#11405=CARTESIAN_POINT('',(-0.019295318755412,-0.000847792711250912,-0.002));
#11406=CARTESIAN_POINT('',(-0.0189674815461072,-0.00163867709501149,-0.00733985857462523));
#11407=CARTESIAN_POINT('',(-0.0191952382306039,-0.000893679458418357,-0.002));
#11408=CARTESIAN_POINT('',(-0.018867476194556,-0.00164172665554448,-0.00733985857462523));
#11409=CARTESIAN_POINT('',(-0.0191005908293395,-0.000948890442489237,-0.002));
#11410=CARTESIAN_POINT('',(-0.0187678319197896,-0.00164539589009266,-0.00733985857462523));
#11411=CARTESIAN_POINT('',(-0.0187766231011261,-0.00162699486305465,-0.00719878447054043));
#11412=CARTESIAN_POINT('',(-0.0187748565868322,-0.00163069239539238,-0.00722713213074382));
#11413=CARTESIAN_POINT('',(-0.0187755412518857,-0.00163426013887053,-0.00725543645178178));
#11414=CARTESIAN_POINT('',(-0.018778694277236,-0.00163775944160485,-0.00728368923657095));
#11415=CARTESIAN_POINT('',(-0.0187786942772318,-0.00163775944160499,-0.00728368923657067));
#11416=CARTESIAN_POINT('',(-0.0187786942772318,-0.00163775944160499,-0.00728368923657067));
#11417=CARTESIAN_POINT('',(-0.0195743213963237,-0.00160940745567727,-0.00732262983915173));
#11418=CARTESIAN_POINT('',(-0.0203735699239421,-0.00161865555385683,-0.0073035969586619));
#11419=CARTESIAN_POINT('',(-0.0211650394790311,-0.00168279017077328,-0.00723429058023312));
#11420=CARTESIAN_POINT('',(-0.0211650394790311,-0.00168279017077328,-0.00723429058023312));
#11421=CARTESIAN_POINT('',(-0.0212671876414341,-0.00162320374270489,-0.00486000038254947));
#11422=CARTESIAN_POINT('',(-0.0207876950885183,-0.00384106917250994,-0.002));
#11423=CARTESIAN_POINT('',(-0.0211176706135774,-0.0031503896920105,-0.0072951929650413));
#11424=CARTESIAN_POINT('',(-0.0208823424897826,-0.00378585818843905,-0.002));
#11425=CARTESIAN_POINT('',(-0.021124699800454,-0.00309228824646454,-0.0072951929650413));
#11426=CARTESIAN_POINT('',(-0.0209715477922744,-0.00372132820301488,-0.002));
#11427=CARTESIAN_POINT('',(-0.0211313248185023,-0.00303349470582521,-0.0072951929650413));
#11428=CARTESIAN_POINT('',(-0.0211356612292595,-0.00357610002548594,-0.002));
#11429=CARTESIAN_POINT('',(-0.0211435130455653,-0.00291470685891854,-0.0072951929650413));
#11430=CARTESIAN_POINT('',(-0.0212105642320759,-0.00349540605072913,-0.002));
#11431=CARTESIAN_POINT('',(-0.0211490758734653,-0.00285471286586135,-0.0072951929650413));
#11432=CARTESIAN_POINT('',(-0.0213431916634673,-0.00332095144864036,-0.002));
#11433=CARTESIAN_POINT('',(-0.0211589257265808,-0.00273375445751061,-0.0072951929650413));
#11434=CARTESIAN_POINT('',(-0.0214009128125676,-0.00322719513504221,-0.002));
#11435=CARTESIAN_POINT('',(-0.0211632125082392,-0.00267279036258549,-0.0072951929650413));
#11436=CARTESIAN_POINT('',(-0.0214969574405553,-0.00303021830091662,-0.002));
#11437=CARTESIAN_POINT('',(-0.0211703454630758,-0.0025501592936466,-0.0072951929650413));
#11438=CARTESIAN_POINT('',(-0.02153527854455,-0.00292700265102958,-0.002));
#11439=CARTESIAN_POINT('',(-0.0211731914598776,-0.0024884926813611,-0.0072951929650413));
#11440=CARTESIAN_POINT('',(-0.0215910494279428,-0.00271507329413673,-0.002));
#11441=CARTESIAN_POINT('',(-0.0211773334009812,-0.00236475113209836,-0.0072951929650413));
#11442=CARTESIAN_POINT('',(-0.0216084978282961,-0.00260636482750192,-0.002));
#11443=CARTESIAN_POINT('',(-0.0211786292428653,-0.0023026765843082,-0.0072951929650413));
#11444=CARTESIAN_POINT('',(-0.0216218517233219,-0.00238762727417586,-0.002));
#11445=CARTESIAN_POINT('',(-0.021179620997762,-0.00217842941012197,-0.0072951929650413));
#11446=CARTESIAN_POINT('',(-0.0216177568877933,-0.00227760359620166,-0.002));
#11447=CARTESIAN_POINT('',(-0.0211793168862516,-0.00211625718541557,-0.0072951929650413));
#11448=CARTESIAN_POINT('',(-0.0215881806117553,-0.00206046380794727,-0.002));
#11449=CARTESIAN_POINT('',(-0.021177120342357,-0.00199212867258849,-0.0072951929650413));
#11450=CARTESIAN_POINT('',(-0.0215626999025777,-0.00195335306687624,-0.002));
#11451=CARTESIAN_POINT('',(-0.0211752279642868,-0.00193017278322335,-0.0072951929650413));
#11452=CARTESIAN_POINT('',(-0.0214913300551775,-0.00174615560398274,-0.002));
#11453=CARTESIAN_POINT('',(-0.0211699275335509,-0.00180678265794856,-0.0072951929650413));
#11454=CARTESIAN_POINT('',(-0.0214454433080101,-0.00164607507917459,-0.002));
#11455=CARTESIAN_POINT('',(-0.021166519658462,-0.00174534888227311,-0.0072951929650413));
#11456=CARTESIAN_POINT('',(-0.0213902323239392,-0.00155142767791021,-0.002));
#11457=CARTESIAN_POINT('',(-0.0211624192994506,-0.00168431860886189,-0.0072951929650413));
#11458=CARTESIAN_POINT('',(-0.0211650394790311,-0.00168279017077328,-0.00723429058023312));
#11459=CARTESIAN_POINT('',(-0.0211649235262899,-0.00168285780987229,-0.00723698573842547));
#11460=CARTESIAN_POINT('',(-0.0211648092840464,-0.00168294746686008,-0.00723968023653226));
#11461=CARTESIAN_POINT('',(-0.0211646966719325,-0.00168305914144498,-0.00724237407115493));
#11462=CARTESIAN_POINT('',(-0.0211646966719325,-0.00168305914144498,-0.00724237407115493));
#11463=CARTESIAN_POINT('',(-0.0211646966719325,-0.00168305914144498,-0.00724237407115493));
#11464=CARTESIAN_POINT('',(-0.0212001566117915,-0.00217651851693597,-0.00727815576286675));
#11465=CARTESIAN_POINT('',(-0.0211865838373206,-0.00267669997455239,-0.00726116553375205));
#11466=CARTESIAN_POINT('',(-0.0211116628167316,-0.00316296475194452,-0.00719878447054043));
#11467=CARTESIAN_POINT('',(-0.0211116628167316,-0.00316296475194452,-0.00719878447054043));
#11468=CARTESIAN_POINT('',(-0.0209659190237236,-0.00346802449000476,-0.00486000038254947));
#11469=CARTESIAN_POINT('',(-0.0184980535939185,-0.00323853193708896,-0.002));
#11470=CARTESIAN_POINT('',(-0.0187277882495312,-0.0031045200546482,-0.00733985857462523));
#11471=CARTESIAN_POINT('',(-0.0185532645779894,-0.00333317933835335,-0.002));
#11472=CARTESIAN_POINT('',(-0.0188248116424776,-0.00311081017101651,-0.00733985857462523));
#11473=CARTESIAN_POINT('',(-0.0186177945634136,-0.00342238464084508,-0.002));
#11474=CARTESIAN_POINT('',(-0.0189224543614927,-0.00311673861412057,-0.00733985857462523));
#11475=CARTESIAN_POINT('',(-0.0187630227409425,-0.00358649807783016,-0.002));
#11476=CARTESIAN_POINT('',(-0.0191188143129288,-0.00312764533318997,-0.00733985857462523));
#11477=CARTESIAN_POINT('',(-0.0188437167156993,-0.00366140108064663,-0.002));
#11478=CARTESIAN_POINT('',(-0.0192175312650715,-0.00313262326811219,-0.00733985857462523));
#11479=CARTESIAN_POINT('',(-0.0190181713177881,-0.00379402851203804,-0.002));
#11480=CARTESIAN_POINT('',(-0.0194158335583898,-0.00314143747712308,-0.00733985857462523));
#11481=CARTESIAN_POINT('',(-0.0191119276313862,-0.00385174966113838,-0.002));
#11482=CARTESIAN_POINT('',(-0.0195154186128814,-0.00314527353326306,-0.00733985857462523));
#11483=CARTESIAN_POINT('',(-0.0193089044655118,-0.00394779428912607,-0.002));
#11484=CARTESIAN_POINT('',(-0.019715217698066,-0.00315165650710622,-0.00733985857462523));
#11485=CARTESIAN_POINT('',(-0.0194121201153989,-0.00398611539312073,-0.002));
#11486=CARTESIAN_POINT('',(-0.019815431405064,-0.00315420326697779,-0.00733985857462523));
#11487=CARTESIAN_POINT('',(-0.0196240494722917,-0.00404188627651359,-0.002));
#11488=CARTESIAN_POINT('',(-0.0200162242112272,-0.00315790971154804,-0.00733985857462523));
#11489=CARTESIAN_POINT('',(-0.0197327579389266,-0.00405933467686678,-0.002));
#11490=CARTESIAN_POINT('',(-0.0201168029621257,-0.00315906930459757,-0.00733985857462523));
#11491=CARTESIAN_POINT('',(-0.0199514954922526,-0.00407268857189268,-0.002));
#11492=CARTESIAN_POINT('',(-0.0203180482302398,-0.00315995678330867,-0.00733985857462523));
#11493=CARTESIAN_POINT('',(-0.0200615191702268,-0.00406859373636401,-0.002));
#11494=CARTESIAN_POINT('',(-0.0204187143880007,-0.00315968464702558,-0.00733985857462523));
#11495=CARTESIAN_POINT('',(-0.0202786589584812,-0.00403901746032606,-0.002));
#11496=CARTESIAN_POINT('',(-0.020619853471179,-0.00315771905456837,-0.00733985857462523));
#11497=CARTESIAN_POINT('',(-0.0203857696995522,-0.00401353675114849,-0.002));
#11498=CARTESIAN_POINT('',(-0.0207203260397673,-0.00315602564699739,-0.00733985857462523));
#11499=CARTESIAN_POINT('',(-0.0205929671624457,-0.00394216690374826,-0.002));
#11500=CARTESIAN_POINT('',(-0.0209208043717505,-0.00315128251998769,-0.00733985857462523));
#11501=CARTESIAN_POINT('',(-0.0206930476872539,-0.00389628015658082,-0.002));
#11502=CARTESIAN_POINT('',(-0.0210208097233017,-0.00314823295945469,-0.00733985857462523));
#11503=CARTESIAN_POINT('',(-0.0207876950885183,-0.00384106917250994,-0.002));
#11504=CARTESIAN_POINT('',(-0.0211204539980682,-0.00314456372490651,-0.00733985857462523));
#11505=CARTESIAN_POINT('',(-0.0211116628167317,-0.00316296475194452,-0.00719878447054042));
#11506=CARTESIAN_POINT('',(-0.0211134293310252,-0.00315926721960681,-0.0072271321307438));
#11507=CARTESIAN_POINT('',(-0.0211127446659717,-0.00315569947612862,-0.00725543645178207));
#11508=CARTESIAN_POINT('',(-0.0211095916406216,-0.00315220017339429,-0.00728368923657125));
#11509=CARTESIAN_POINT('',(-0.021109591640626,-0.00315220017339419,-0.00728368923657067));
#11510=CARTESIAN_POINT('',(-0.0211095916406259,-0.00315220017339419,-0.00728368923657067));
#11511=CARTESIAN_POINT('',(-0.020313964521534,-0.00318055215932191,-0.00732262983915174));
#11512=CARTESIAN_POINT('',(-0.0195147159939101,-0.00317130406121103,-0.00730359695866193));
#11513=CARTESIAN_POINT('',(-0.0187232464388266,-0.00310716944422589,-0.00723429058023312));
#11514=CARTESIAN_POINT('',(-0.0199441429589289,-0.00239497980749959,-0.00772000076509893));
#11515=CARTESIAN_POINT('',(-0.0206650279062041,-0.00266957141761984,-0.00772000076509893));
#11516=CARTESIAN_POINT('',(-0.0206785318450447,-0.00249653858076691,-0.00772000076509893));
#11517=CARTESIAN_POINT('',(-0.0206847340093767,-0.00232301629907808,-0.00772000076509893));
#11518=CARTESIAN_POINT('',(-0.0206837785179385,-0.00214946049514096,-0.00772000076509893));
#11519=CARTESIAN_POINT('',(-0.0206650279062041,-0.00266957141761984,-0.00772000076509893));
#11520=CARTESIAN_POINT('',(-0.0206837785179385,-0.00214946049514096,-0.00772000076509893));
#11521=CARTESIAN_POINT('',(-0.0206837785179385,-0.00214946049514096,-0.00772000076509893));
#11522=CARTESIAN_POINT('',(-0.0201975077581429,-0.00212065506884411,-0.00772000076509893));
#11523=CARTESIAN_POINT('',(-0.0197102923044106,-0.00211117980039653,-0.00772000076509893));
#11524=CARTESIAN_POINT('',(-0.0192232580116536,-0.00212038819737933,-0.00772000076509893));
#11525=CARTESIAN_POINT('',(-0.0192232580116536,-0.00212038819737933,-0.00772000076509893));
#11526=CARTESIAN_POINT('',(-0.0192232580116536,-0.00212038819737933,-0.00772000076509893));
#11527=CARTESIAN_POINT('',(-0.019209754072813,-0.00229342103423227,-0.00772000076509893));
#11528=CARTESIAN_POINT('',(-0.019203551908481,-0.00246694331592109,-0.00772000076509893));
#11529=CARTESIAN_POINT('',(-0.0192045073999192,-0.00264049911985822,-0.00772000076509893));
#11530=CARTESIAN_POINT('',(-0.0192045073999192,-0.00264049911985822,-0.00772000076509893));
#11531=CARTESIAN_POINT('',(-0.0192045073999192,-0.00264049911985822,-0.00772000076509893));
#11532=CARTESIAN_POINT('',(-0.0196907781597149,-0.00266930454615507,-0.00772000076509893));
#11533=CARTESIAN_POINT('',(-0.0201779936134471,-0.00267877981460264,-0.00772000076509893));
#11534=CARTESIAN_POINT('',(-0.0206650279062041,-0.00266957141761985,-0.00772000076509893));
#11535=CARTESIAN_POINT('',(-0.0211027647423876,-0.00265611931795146,-0.00772000076509893));
#11536=CARTESIAN_POINT('',(-0.0211214051017581,-0.00309623384387568,-0.00772000076509893));
#11537=CARTESIAN_POINT('',(-0.0211237538567415,-0.0031516899198808,-0.00728300263476985));
#11538=CARTESIAN_POINT('',(-0.0203186398919333,-0.00268932969416598,-0.00772000076509893));
#11539=CARTESIAN_POINT('',(-0.0203596512735844,-0.00309594220161349,-0.00772000076509875));
#11540=CARTESIAN_POINT('',(-0.0203376198530496,-0.0031802125301126,-0.00732054579645982));
#11541=CARTESIAN_POINT('',(-0.0195330090718734,-0.00267345715000099,-0.00772000076509893));
#11542=CARTESIAN_POINT('',(-0.0194535535737397,-0.00309179289432503,-0.00772000076509675));
#11543=CARTESIAN_POINT('',(-0.0194976006568208,-0.00317024567884369,-0.00730272675808503));
#11544=CARTESIAN_POINT('',(-0.0187509474299423,-0.00260794520357116,-0.00772000076509893));
#11545=CARTESIAN_POINT('',(-0.0187102850603112,-0.00309336017277598,-0.00772000076509893));
#11546=CARTESIAN_POINT('',(-0.0187092237021911,-0.00310603034236652,-0.00723305162919907));
#11547=CARTESIAN_POINT('',(-0.021109591640626,-0.00315220017339457,-0.00728368923657102));
#11548=CARTESIAN_POINT('',(-0.0210937233484446,-0.0031345891642664,-0.00742587757767549));
#11549=CARTESIAN_POINT('',(-0.0209579522406169,-0.00298386332283068,-0.00765739038033782));
#11550=CARTESIAN_POINT('',(-0.0207622264707402,-0.00277269567232602,-0.00772000076509898));
#11551=CARTESIAN_POINT('',(-0.0206650279062041,-0.00266957141761974,-0.00772000076509896));
#11552=CARTESIAN_POINT('',(-0.0187235892459253,-0.0031069004735542,-0.00724237407115493));
#11553=CARTESIAN_POINT('',(-0.018729950354544,-0.0031005923230373,-0.00739454042380262));
#11554=CARTESIAN_POINT('',(-0.018875531603527,-0.00295598314127848,-0.00765330022385995));
#11555=CARTESIAN_POINT('',(-0.0190957195314402,-0.00274361680443772,-0.00772000076509896));
#11556=CARTESIAN_POINT('',(-0.0192045073999191,-0.00264049911985798,-0.00772000076509897));
#11557=CARTESIAN_POINT('',(-0.0206659832373348,-0.00171225957642948,-0.00772000076509893));
#11558=CARTESIAN_POINT('',(-0.021143327261563,-0.00167635471245762,-0.00772000076509893));
#11559=CARTESIAN_POINT('',(-0.0211641023380873,-0.00167479205270124,-0.00724176188021707));
#11560=CARTESIAN_POINT('',(-0.0206833535169087,-0.00194319205254795,-0.00772000076509893));
#11561=CARTESIAN_POINT('',(-0.0211443198721001,-0.00190596058048305,-0.00772000076509725));
#11562=CARTESIAN_POINT('',(-0.0211808211855518,-0.00190705449483475,-0.00725896326420739));
#11563=CARTESIAN_POINT('',(-0.0206929847678358,-0.00240684724045135,-0.00772000076509894));
#11564=CARTESIAN_POINT('',(-0.021145998062959,-0.0024277833440383,-0.00772000076510069));
#11565=CARTESIAN_POINT('',(-0.0211926757368007,-0.00242553949535585,-0.00727183770447373));
#11566=CARTESIAN_POINT('',(-0.0206504263884229,-0.00286867113198701,-0.00772000076509893));
#11567=CARTESIAN_POINT('',(-0.021135321133218,-0.00294384700662823,-0.00772000076509702));
#11568=CARTESIAN_POINT('',(-0.0211465390771654,-0.00293804808976511,-0.00722939580769678));
#11569=CARTESIAN_POINT('',(-0.0206163251696799,-0.00309769886776722,-0.00772000076509894));
#11570=CARTESIAN_POINT('',(-0.0211334919175259,-0.00317470271289866,-0.00772000076509894));
#11571=CARTESIAN_POINT('',(-0.0211103790520033,-0.00317126130928047,-0.00719765510422762));
#11572=CARTESIAN_POINT('',(-0.0211646966719325,-0.00168305914144498,-0.00724237407115493));
#11573=CARTESIAN_POINT('',(-0.0211583355633138,-0.00168936729196187,-0.00739454042380259));
#11574=CARTESIAN_POINT('',(-0.0210127543143281,-0.00183397647371782,-0.00765330022385991));
#11575=CARTESIAN_POINT('',(-0.0207925663864229,-0.002046342810567,-0.00772000076509889));
#11576=CARTESIAN_POINT('',(-0.0206837785179387,-0.00214946049514098,-0.00772000076509893));
#11577=CARTESIAN_POINT('',(-0.0192223026805229,-0.00307770003856973,-0.00772000076509893));
#11578=CARTESIAN_POINT('',(-0.0187449586562947,-0.00311360490254155,-0.00772000076509893));
#11579=CARTESIAN_POINT('',(-0.0187241835797704,-0.00311516756229794,-0.00724176188021707));
#11580=CARTESIAN_POINT('',(-0.0192049324009506,-0.00284676756245497,-0.00772000076509893));
#11581=CARTESIAN_POINT('',(-0.0187439660457583,-0.00288399903451942,-0.00772000076509666));
#11582=CARTESIAN_POINT('',(-0.0187074647323062,-0.00288290512016814,-0.00725896326420682));
#11583=CARTESIAN_POINT('',(-0.0191953011500197,-0.00238311237455181,-0.00772000076509893));
#11584=CARTESIAN_POINT('',(-0.0187422878549003,-0.00236217627095894,-0.00772000076509876));
#11585=CARTESIAN_POINT('',(-0.0186956101810568,-0.00236442011964228,-0.00727183770447357));
#11586=CARTESIAN_POINT('',(-0.0192378595294376,-0.00192128848300086,-0.00772000076509892));
#11587=CARTESIAN_POINT('',(-0.0187529647846356,-0.00184611260837042,-0.0077200007651016));
#11588=CARTESIAN_POINT('',(-0.0187417468406924,-0.00185191152523282,-0.00722939580769767));
#11589=CARTESIAN_POINT('',(-0.0192719607481778,-0.00169226074723205,-0.00772000076509892));
#11590=CARTESIAN_POINT('',(-0.0187547940003318,-0.00161525690210054,-0.00772000076509892));
#11591=CARTESIAN_POINT('',(-0.0187779068658544,-0.00161869830571873,-0.00719765510422762));
#11592=CARTESIAN_POINT('',(-0.0187786942772318,-0.00163775944160461,-0.00728368923657102));
#11593=CARTESIAN_POINT('',(-0.0187945625694147,-0.00165537045073266,-0.00742587757767514));
#11594=CARTESIAN_POINT('',(-0.0189303336772408,-0.00180609629216789,-0.00765739038033801));
#11595=CARTESIAN_POINT('',(-0.0191260594471161,-0.00201726394267454,-0.00772000076509899));
#11596=CARTESIAN_POINT('',(-0.0192232580116536,-0.00212038819737948,-0.00772000076509896));
#11597=CARTESIAN_POINT('',(-0.0187855211754702,-0.00213384029704771,-0.00772000076509893));
#11598=CARTESIAN_POINT('',(-0.0187668808160996,-0.00169372577112349,-0.00772000076509893));
#11599=CARTESIAN_POINT('',(-0.0187645320611163,-0.00163826969511837,-0.00728300263476985));
#11600=CARTESIAN_POINT('',(-0.0195696460259163,-0.00210062992083387,-0.00772000076509893));
#11601=CARTESIAN_POINT('',(-0.0195286346442668,-0.00169401741338601,-0.00772000076509828));
#11602=CARTESIAN_POINT('',(-0.0195506660648041,-0.0016097470848868,-0.00732054579646023));
#11603=CARTESIAN_POINT('',(-0.0203552768459993,-0.00211650246499853,-0.00772000076509893));
#11604=CARTESIAN_POINT('',(-0.0204347323441371,-0.00169816672067526,-0.00772000076509556));
#11605=CARTESIAN_POINT('',(-0.0203906852610532,-0.00161971393615683,-0.00730272675808433));
#11606=CARTESIAN_POINT('',(-0.0211373384879154,-0.00218201441142801,-0.00772000076509893));
#11607=CARTESIAN_POINT('',(-0.0211780008575465,-0.00169659944222319,-0.00772000076509893));
#11608=CARTESIAN_POINT('',(-0.0211790622156666,-0.00168392927263266,-0.00723305162919907));
#11609=CARTESIAN_POINT('',(-0.0205441429589289,-0.000394979807499586,0.0004));
#11610=CARTESIAN_POINT('',(-0.0205441429589289,0.00160502019250042,0.0004));
#11611=CARTESIAN_POINT('',(-0.0205441429589289,0.00160502019250042,0.0002));
#11612=CARTESIAN_POINT('',(-0.0205441429589289,0.000505020192500413,0.0013));
#11613=CARTESIAN_POINT('',(-0.0205441429589289,0.00140502019250041,0.0004));
#11614=CARTESIAN_POINT('',(-0.0205441429589289,-0.000394979807499586,0.0004));
#11615=CARTESIAN_POINT('',(-0.0205441429589289,-0.000619476546307898,0.0004));
#11616=CARTESIAN_POINT('',(-0.0205441429589289,-0.000619476546307898,0.0004));
#11617=CARTESIAN_POINT('',(-0.0205441429589289,-0.000690104368399854,0.000333089454111435));
#11618=CARTESIAN_POINT('',(-0.0205441429589289,-0.000760932459402028,0.000266391765870296));
#11619=CARTESIAN_POINT('',(-0.0205441429589289,-0.000832048380043215,0.0002));
#11620=CARTESIAN_POINT('',(-0.0193441429589289,-0.000394979807499586,0.0004));
#11621=CARTESIAN_POINT('',(-0.0193441429589289,-0.000832048380043215,0.0002));
#11622=CARTESIAN_POINT('',(-0.0193441429589289,-0.000760932459402028,0.000266391765870296));
#11623=CARTESIAN_POINT('',(-0.0193441429589289,-0.000690104368399854,0.000333089454111435));
#11624=CARTESIAN_POINT('',(-0.0193441429589289,-0.000619476546307898,0.0004));
#11625=CARTESIAN_POINT('',(-0.0193441429589289,-0.000619476546307898,0.0004));
#11626=CARTESIAN_POINT('',(-0.0193441429589289,-0.000394979807499586,0.0004));
#11627=CARTESIAN_POINT('',(-0.0193441429589289,0.00140502019250041,0.0004));
#11628=CARTESIAN_POINT('',(-0.0193441429589289,0.00140502019250041,0.0004));
#11629=CARTESIAN_POINT('',(-0.0193441429589289,0.00160502019250042,0.0002));
#11630=CARTESIAN_POINT('',(-0.0193441429589289,0.00160502019250042,0.0004));
#11631=CARTESIAN_POINT('',(-0.0199441429589289,-0.00123205128696398,0.0004));
#11632=CARTESIAN_POINT('',(-0.0199441429589289,0.00140502019250041,0.0004));
#11633=CARTESIAN_POINT('',(-0.0199441429589289,-0.00239497980749959,0.0004));
#11634=CARTESIAN_POINT('',(-0.0199441429589289,0.00160502019250042,0.0004));
#11635=CARTESIAN_POINT('',(-0.0199441429589289,0.00160502019250042,0.0002));
#11636=CARTESIAN_POINT('',(-0.0207441429589288,0.00160502019250042,0.0004));
#11637=CARTESIAN_POINT('',(-0.0207441429589288,0.00160502019250042,3.17726906761437E-6));
#11638=CARTESIAN_POINT('',(-0.0201293939999999,0.00160502019250042,-0.0019));
#11639=CARTESIAN_POINT('',(-0.0201293939999999,0.00160502019250042,0.000100000000000013));
#11640=CARTESIAN_POINT('',(-1.01238462057809E-17,0.00160502019250042,9.99999999999988E-5));
#11641=CARTESIAN_POINT('',(-0.0191441429589289,0.00160502019250042,9.99999999999988E-5));
#11642=CARTESIAN_POINT('',(-0.0191441429589289,0.00160502019250042,0.0004));
#11643=CARTESIAN_POINT('',(-0.0199441429589289,-0.00239497980749959,-0.002));
#11644=CARTESIAN_POINT('',(-0.0207441429589289,-0.000700160693109403,3.17726906765486E-6));
#11645=CARTESIAN_POINT('',(-0.0209331905447023,-0.00078939621525726,-5.78873560889909E-5));
#11646=CARTESIAN_POINT('',(-0.0212666944162494,-0.00102427808456121,-0.000228857065686357));
#11647=CARTESIAN_POINT('',(-0.0216145671635363,-0.00148459944372495,-0.000537593420951475));
#11648=CARTESIAN_POINT('',(-0.0218230609667961,-0.00204344962539344,-0.000831875540613598));
#11649=CARTESIAN_POINT('',(-0.021827024392832,-0.00273043086510148,-0.000837982522983136));
#11650=CARTESIAN_POINT('',(-0.0216177733547372,-0.00329946863957254,-0.000541773821648785));
#11651=CARTESIAN_POINT('',(-0.0211601800715483,-0.00391299673231727,-0.000129457425826018));
#11652=CARTESIAN_POINT('',(-0.0205688038831568,-0.00421629710931771,0.000100000000000021));
#11653=CARTESIAN_POINT('',(-0.0201293939999999,-0.00425994465496573,0.000100000000000018));
#11654=CARTESIAN_POINT('',(-0.0207441429589288,-0.000700160693109403,3.177269067659E-6));
#11655=CARTESIAN_POINT('',(-0.0201293939999999,-0.00425994465496573,9.99999999999988E-5));
#11656=CARTESIAN_POINT('',(-0.0207441429589288,-0.000700160693109403,-0.002));
#11657=CARTESIAN_POINT('',(-0.0191441429589289,-0.000700160693109403,-0.002));
#11658=CARTESIAN_POINT('',(-0.0191441429589289,-0.000700160693109403,9.99999999999988E-5));
#11659=CARTESIAN_POINT('',(-0.0199441429589289,-0.00239497980749959,0.0001));
#11660=CARTESIAN_POINT('',(-0.0227385284178694,0.00808308305293644,-0.00683800076509881));
#11661=CARTESIAN_POINT('',(-0.0248476628357391,0.00808308305293646,-0.0066900007650988));
#11662=CARTESIAN_POINT('',(-0.0236293940000001,0.00808308305293645,-0.0066900007650988));
#11663=CARTESIAN_POINT('',(-0.0226293939999998,0.00808308305293645,-0.0066900007650988));
#11664=CARTESIAN_POINT('',(-0.0236293940000001,0.00808308305293644,-0.00683800076509881));
#11665=CARTESIAN_POINT('',(-0.0236293940000001,0.00808308305293645,-0.00740000076509879));
#11666=CARTESIAN_POINT('',(-0.0248476628357391,0.00808308305293646,-0.00740000076509879));
#11667=CARTESIAN_POINT('',(-0.0233476628357391,0.00808308305293645,-0.00740000076509879));
#11668=CARTESIAN_POINT('',(-0.0233476628357391,0.00808308305293644,-0.00683800076509881));
#11669=CARTESIAN_POINT('',(-0.0226293939999998,0.00808308305293644,-0.0363950007799997));
#11670=CARTESIAN_POINT('',(-0.0226293939999998,0.00808308305293644,-0.0142378211030272));
#11671=CARTESIAN_POINT('',(-0.0219793939999999,0.00808308305293644,-0.0135450007799997));
#11672=CARTESIAN_POINT('',(-0.0229293939999998,0.00808308305293644,-0.0135450007799997));
#11673=CARTESIAN_POINT('',(-0.0229293939999998,0.00808308305293644,-0.0135200007799997));
#11674=CARTESIAN_POINT('',(-0.0229293939999998,0.00808308305293644,-0.0134950007799997));
#11675=CARTESIAN_POINT('',(-0.0219793939999999,0.00808308305293644,-0.0134950007799997));
#11676=CARTESIAN_POINT('',(-0.0226293939999998,0.00808308305293644,-0.0128021804569721));
#11677=CARTESIAN_POINT('',(-0.0226293939999998,0.00808308305293644,-0.00683800076509881));
#11678=CARTESIAN_POINT('',(-0.0227385284178694,-0.00145691694706321,-0.00683800076509881));
#11679=CARTESIAN_POINT('',(-0.0248476628357391,-0.00145691694706321,-0.00740000076509879));
#11680=CARTESIAN_POINT('',(-0.0236293940000001,-0.00145691694706322,-0.00740000076509879));
#11681=CARTESIAN_POINT('',(-0.0233476628357391,-0.00145691694706321,-0.00740000076509879));
#11682=CARTESIAN_POINT('',(-0.0236293940000001,-0.00145691694706321,-0.00669000076509881));
#11683=CARTESIAN_POINT('',(-0.0236293940000001,-0.00145691694706322,-0.00669000076509881));
#11684=CARTESIAN_POINT('',(-0.0248476628357391,-0.00145691694706321,-0.00669000076509881));
#11685=CARTESIAN_POINT('',(-0.0226293939999999,-0.00145691694706323,-0.00669000076509881));
#11686=CARTESIAN_POINT('',(-0.0226293939999999,-0.00145691694706321,-0.0113950007799997));
#11687=CARTESIAN_POINT('',(-0.0226293939999999,-0.00145691694706321,-0.0363950007799997));
#11688=CARTESIAN_POINT('',(-0.0233476628357391,-0.00145691694706321,-0.00683800076509881));
#11689=CARTESIAN_POINT('',(-0.0233476628357391,0.00331308305293661,-0.00683800076509881));
#11690=CARTESIAN_POINT('',(-0.0233476628357391,0.00653308305293648,-0.00740000076509879));
#11691=CARTESIAN_POINT('',(-0.0233476628357391,0.00653308305293649,-0.00895000076509876));
#11692=CARTESIAN_POINT('',(-0.0233476628357391,0.00331308305293661,-0.00895000076509876));
#11693=CARTESIAN_POINT('',(-0.0233476628357391,9.30830529367451E-5,-0.00895000076509877));
#11694=CARTESIAN_POINT('',(-0.0233476628357391,9.30830529367444E-5,-0.00740000076509879));
#11695=CARTESIAN_POINT('',(-0.0210293939999998,0.0184449999999987,2.00000000000027E-6));
#11696=CARTESIAN_POINT('',(0.0201706060000006,0.0184449999999984,2.00000000000027E-6));
#11697=CARTESIAN_POINT('',(0.0201706060000006,0.0184449999999984,-0.0103950007799997));
#11698=CARTESIAN_POINT('',(0.0201706060000006,0.0184449999999984,-0.0019));
#11699=CARTESIAN_POINT('',(-0.0200293939999998,0.0184449999999987,-0.0019));
#11700=CARTESIAN_POINT('',(0.0137484398758478,0.0184449999999984,-0.0019));
#11701=CARTESIAN_POINT('',(0.009500606,0.0184449999999985,-0.00662000077999985));
#11702=CARTESIAN_POINT('',(0.0146066685730597,0.0184449999999984,-0.0103950007799997));
#11703=CARTESIAN_POINT('',(0.0201706060000006,0.0184449999999984,-0.0103950007799997));
#11704=CARTESIAN_POINT('',(-1.01238462057809E-17,0.00137499999999989,9.99999999999988E-5));
#11705=CARTESIAN_POINT('',(0.0154532131503266,-0.00642499999999927,9.99999999999989E-5));
#11706=CARTESIAN_POINT('',(0.0154532131503266,-0.00642499999999927,9.99999999999989E-5));
#11707=CARTESIAN_POINT('',(0.0154532131503266,0.00722499999999927,9.99999999999989E-5));
#11708=CARTESIAN_POINT('',(0.0144300000000002,0.00722499999999927,9.99999999999957E-5));
#11709=CARTESIAN_POINT('',(0.0144300000000002,0.00824821315032558,9.99999999999989E-5));
#11710=CARTESIAN_POINT('',(0.0144300000000002,0.00824821315032558,9.99999999999989E-5));
#11711=CARTESIAN_POINT('',(-0.0144300000000002,0.00824821315032558,9.99999999999989E-5));
#11712=CARTESIAN_POINT('',(-0.0144300000000002,0.00722499999999927,9.99999999999989E-5));
#11713=CARTESIAN_POINT('',(-0.0154532131503266,0.00722499999999927,9.99999999999989E-5));
#11714=CARTESIAN_POINT('',(-0.0154532131503266,0.00722499999999927,9.99999999999989E-5));
#11715=CARTESIAN_POINT('',(-0.0154532131503266,-0.00642499999999927,9.99999999999989E-5));
#11716=CARTESIAN_POINT('',(-0.0144300000000002,-0.00642499999999927,9.99999999999989E-5));
#11717=CARTESIAN_POINT('',(-0.0144300000000002,-0.00744821315032559,9.99999999999989E-5));
#11718=CARTESIAN_POINT('',(-0.0144300000000002,-0.00744821315032559,9.99999999999989E-5));
#11719=CARTESIAN_POINT('',(0.0144300000000002,-0.00744821315032559,9.99999999999989E-5));
#11720=CARTESIAN_POINT('',(0.0144300000000002,-0.00642499999999927,9.99999999999989E-5));
#11721=CARTESIAN_POINT('',(-0.0191441429589289,0.00137499999999989,9.99999999999988E-5));
#11722=CARTESIAN_POINT('',(-0.0201293939999999,0.00137500000000005,9.99999999999988E-5));
#11723=CARTESIAN_POINT('',(-0.0201293939999998,0.01566,9.99999999999988E-5));
#11724=CARTESIAN_POINT('',(-0.0210293939999998,0.01566,9.99999999999988E-5));
#11725=CARTESIAN_POINT('',(-0.0200293939999998,0.01566,9.99999999999988E-5));
#11726=CARTESIAN_POINT('',(-0.0200293939999998,0.0170024999999994,9.99999999999988E-5));
#11727=CARTESIAN_POINT('',(-0.0200293939999998,0.0164449999999987,9.99999999999988E-5));
#11728=CARTESIAN_POINT('',(0.0201706060000005,0.0164449999999984,9.99999999999988E-5));
#11729=CARTESIAN_POINT('',(0.00525277212415209,0.0164449999999986,9.99999999999988E-5));
#11730=CARTESIAN_POINT('',(0.00525277212415209,0.0164449999999986,9.99999999999988E-5));
#11731=CARTESIAN_POINT('',(0.00669752276678446,0.0164449999999985,9.99999999999988E-5));
#11732=CARTESIAN_POINT('',(0.00951943201898845,0.0174078774341075,0.000100000000000001));
#11733=CARTESIAN_POINT('',(0.0123133883548006,0.0164449999999985,9.99999999999988E-5));
#11734=CARTESIAN_POINT('',(0.0137484398758478,0.0164449999999985,9.99999999999988E-5));
#11735=CARTESIAN_POINT('',(0.0137484398758478,0.0164449999999985,9.99999999999988E-5));
#11736=CARTESIAN_POINT('',(0.0201706060000005,0.0164449999999984,9.99999999999988E-5));
#11737=CARTESIAN_POINT('',(0.0201706060000006,0.0164449999999984,9.99999999999988E-5));
#11738=CARTESIAN_POINT('',(0.0201706060000006,0.0170024999999991,9.99999999999988E-5));
#11739=CARTESIAN_POINT('',(0.0201706060000006,0.0156599999999998,9.99999999999988E-5));
#11740=CARTESIAN_POINT('',(0.0211706060000006,0.0156599999999998,9.99999999999988E-5));
#11741=CARTESIAN_POINT('',(0.0202706060000006,0.0156599999999998,9.99999999999988E-5));
#11742=CARTESIAN_POINT('',(0.0202706060000003,-0.0139949999999986,9.99999999999988E-5));
#11743=CARTESIAN_POINT('',(0.0202706060000003,-0.0139949999999986,9.99999999995638E-5));
#11744=CARTESIAN_POINT('',(0.0242726060000002,-0.0139949999999986,9.99999999995638E-5));
#11745=CARTESIAN_POINT('',(-0.020129394,-0.0139949999999986,9.99999999995638E-5));
#11746=CARTESIAN_POINT('',(-0.0201293939999999,0.00137500000000005,9.99999999999988E-5));
#11747=CARTESIAN_POINT('',(-0.0210293939999998,0.0184449999999987,2.00000000000027E-6));
#11748=CARTESIAN_POINT('',(0.009500606,0.0184449999999985,-0.00662000077999985));
#11749=CARTESIAN_POINT('',(0.00439454342694025,0.0184449999999985,-0.0103950007799997));
#11750=CARTESIAN_POINT('',(0.00525277212415211,0.0184449999999985,-0.0019));
#11751=CARTESIAN_POINT('',(-0.0200293939999998,0.0184449999999987,-0.0019));
#11752=CARTESIAN_POINT('',(-0.0200293939999998,0.0184449999999987,-0.0019));
#11753=CARTESIAN_POINT('',(-0.0200293939999998,0.0184449999999987,2.00000000000027E-6));
#11754=CARTESIAN_POINT('',(-0.0200293939999998,0.0184449999999987,-0.0103950007799997));
#11755=CARTESIAN_POINT('',(0.00708774980867784,0.0184449999999985,-0.0103950007799997));
#11756=CARTESIAN_POINT('',(0.009500606,0.0228591999999987,-0.00662000077999985));
#11757=CARTESIAN_POINT('',(0.00708774980867784,0.0128611999999987,-0.0113950007799997));
#11758=CARTESIAN_POINT('',(0.00708774980867784,0.0243611999999987,-0.0113950007799997));
#11759=CARTESIAN_POINT('',(0.009500606,0.0243611999999987,-0.00662000077999985));
#11760=CARTESIAN_POINT('',(0.0119134621913221,0.0243611999999987,-0.0113950007799997));
#11761=CARTESIAN_POINT('',(0.0119134621913221,0.0128611999999987,-0.0113950007799997));
#11762=CARTESIAN_POINT('',(0.009500606,0.0228591999999987,-0.00662000077999985));
#11763=CARTESIAN_POINT('',(0.009500606,0.0233611999999987,-0.00662000077999985));
#11764=CARTESIAN_POINT('',(0.009500606,0.0233611999999987,-0.00997000077999985));
#11765=CARTESIAN_POINT('',(7.06060000000841E-5,-0.0179393999999994,-0.0113950007799997));
#11766=CARTESIAN_POINT('',(7.06060000004213E-5,0.0219611999999987,-0.0113950007799997));
#11767=CARTESIAN_POINT('',(7.06060000004213E-5,0.0238611999999987,-0.0113950007799997));
#11768=CARTESIAN_POINT('',(-0.0210293939999998,0.01566,-0.0113950007799997));
#11769=CARTESIAN_POINT('',(-0.0200293939999998,0.01566,-0.0113950007799997));
#11770=CARTESIAN_POINT('',(-0.0191293940000405,0.0213612000000394,-0.0113950007799997));
#11771=CARTESIAN_POINT('',(-0.0191293940000405,0.0243611999999987,-0.0113950007799997));
#11772=CARTESIAN_POINT('',(7.06060000001153E-5,0.0243611999999987,-0.0113950007799997));
#11773=CARTESIAN_POINT('',(0.00439454342694025,0.0184449999999985,-0.0113950007799997));
#11774=CARTESIAN_POINT('',(0.00439454342694025,0.0194449999999986,-0.0113950007799997));
#11775=CARTESIAN_POINT('',(-0.0200293939999998,0.0194449999999987,-0.0113950007799997));
#11776=CARTESIAN_POINT('',(-0.0200293939999998,0.0194449999999987,-0.0113950007799997));
#11777=CARTESIAN_POINT('',(-0.0200293939999998,0.0170024999999994,-0.0113950007799997));
#11778=CARTESIAN_POINT('',(7.06060000000841E-5,-0.0179393999999994,-0.0113950007799997));
#11779=CARTESIAN_POINT('',(0.0222706060000005,-0.0179393999999994,-0.0113950007799997));
#11780=CARTESIAN_POINT('',(0.0222706060000005,0.0156599999999998,-0.0113950007799997));
#11781=CARTESIAN_POINT('',(0.0222706060000005,0.0213612000000394,-0.0113950007799997));
#11782=CARTESIAN_POINT('',(0.0211706060000006,0.0156599999999998,-0.0113950007799997));
#11783=CARTESIAN_POINT('',(0.0201706060000006,0.0156599999999998,-0.0113950007799997));
#11784=CARTESIAN_POINT('',(0.0201706060000006,0.0170024999999991,-0.0113950007799997));
#11785=CARTESIAN_POINT('',(0.0201706060000006,0.0194449999999984,-0.0113950007799997));
#11786=CARTESIAN_POINT('',(0.0119134621913221,0.0194449999999985,-0.0113950007799997));
#11787=CARTESIAN_POINT('',(0.0146066685730597,0.0194449999999984,-0.0113950007799997));
#11788=CARTESIAN_POINT('',(0.0146066685730597,0.0228611999999987,-0.0113950007799997));
#11789=CARTESIAN_POINT('',(7.06060000001153E-5,0.0243611999999987,-0.0113950007799997));
#11790=CARTESIAN_POINT('',(0.0192706060000413,0.0243611999999987,-0.0113950007799997));
#11791=CARTESIAN_POINT('',(0.0192706060000413,0.0213612000000394,-0.0113950007799997));
#11792=CARTESIAN_POINT('',(7.06060000000841E-5,-0.0179393999999994,-0.0113950007799997));
#11793=CARTESIAN_POINT('',(7.06059999998024E-5,-0.0578399999999975,-0.0113950007799997));
#11794=CARTESIAN_POINT('',(7.06059999998024E-5,-0.0559399999999975,-0.0113950007799997));
#11795=CARTESIAN_POINT('',(0.0222706060000005,-0.0179393999999994,-0.0113950007799997));
#11796=CARTESIAN_POINT('',(0.0222706060000005,-0.0572400000000382,-0.0113950007799997));
#11797=CARTESIAN_POINT('',(0.022270606,-0.0537399999999975,-0.0113950007799997));
#11798=CARTESIAN_POINT('',(0.0192706060000407,-0.0572400000000382,-0.0113950007799997));
#11799=CARTESIAN_POINT('',(0.0192706060000407,-0.0602399999999975,-0.0113950007799997));
#11800=CARTESIAN_POINT('',(7.06060000001119E-5,-0.0602399999999975,-0.0113950007799997));
#11801=CARTESIAN_POINT('',(-0.0191293940000411,-0.0602399999999975,-0.0113950007799997));
#11802=CARTESIAN_POINT('',(-0.0191293940000411,-0.0572400000000382,-0.0113950007799997));
#11803=CARTESIAN_POINT('',(7.06059999997918E-5,-0.0537399999999974,-0.0113950007799997));
#11804=CARTESIAN_POINT('',(0.0222706060000005,0.0170024999999991,2.00000000000027E-6));
#11805=CARTESIAN_POINT('',(0.0222706060000005,0.0137534363120787,-0.0135200007799997));
#11806=CARTESIAN_POINT('',(0.0222706060000004,0.0137534363120787,-0.0124765600912847));
#11807=CARTESIAN_POINT('',(0.0222706060000004,0.0137534363120787,-0.0145634414687147));
#11808=CARTESIAN_POINT('',(0.0222706060000003,-0.0162465636879213,-0.0124765600912848));
#11809=CARTESIAN_POINT('',(0.022270606,-0.0462465636879213,-0.0124765600912848));
#11810=CARTESIAN_POINT('',(0.022270606,-0.0462465636879213,-0.0135200007799997));
#11811=CARTESIAN_POINT('',(0.022270606,-0.0462465636879213,-0.0145634414687146));
#11812=CARTESIAN_POINT('',(0.0222706060000002,-0.0179393999999994,-0.0145634414687146));
#11813=CARTESIAN_POINT('',(0.0222706060000006,0.0213612000000394,2.00000000000027E-6));
#11814=CARTESIAN_POINT('',(0.0222706060000006,0.0213612000000394,-0.0148950007799997));
#11815=CARTESIAN_POINT('',(0.0222706059999999,-0.0572400000000382,-0.0148950007799997));
#11816=CARTESIAN_POINT('',(0.0222706059999999,-0.0572400000000382,-0.0148950007799997));
#11817=CARTESIAN_POINT('',(0.0222706059999999,-0.0572400000000382,-0.0113950007799997));
#11818=CARTESIAN_POINT('',(0.022270606,-0.0537399999999975,2.00000000000027E-6));
#11819=CARTESIAN_POINT('',(0.022270606,-0.0537399999999975,-0.00988500077999973));
#11820=CARTESIAN_POINT('',(0.0222706060000005,0.0170024999999991,-0.00988500077999973));
#11821=CARTESIAN_POINT('',(0.0222706060000002,-0.021651906999999,-0.00988500077999973));
#11822=CARTESIAN_POINT('',(0.0222706060000002,-0.021651906999999,-0.00988700077999973));
#11823=CARTESIAN_POINT('',(0.0222706060000002,-0.021651906999999,-0.00630000078000037));
#11824=CARTESIAN_POINT('',(0.0222706060000002,-0.021651906999999,-0.00630000078000037));
#11825=CARTESIAN_POINT('',(0.0222706060000003,-0.0212589271445069,-0.00630000078000037));
#11826=CARTESIAN_POINT('',(0.0222706060000003,-0.020472053002423,-0.00632364350429415));
#11827=CARTESIAN_POINT('',(0.0222706060000003,-0.0189105890261183,-0.00606663644425115));
#11828=CARTESIAN_POINT('',(0.0222706060000003,-0.0175011855738382,-0.00531044555795988));
#11829=CARTESIAN_POINT('',(0.0222706060000003,-0.0164029043053046,-0.0042566164805472));
#11830=CARTESIAN_POINT('',(0.0222706060000003,-0.0156722287305188,-0.00336565608218441));
#11831=CARTESIAN_POINT('',(0.0222706060000003,-0.0150897604099457,-0.0026020706080498));
#11832=CARTESIAN_POINT('',(0.0222706060000003,-0.0146279930153212,-0.00211080400537058));
#11833=CARTESIAN_POINT('',(0.0222706060000003,-0.0142889079798538,-0.0019135738180733));
#11834=CARTESIAN_POINT('',(0.0222706060000003,-0.0140921979725373,-0.00190000000000044));
#11835=CARTESIAN_POINT('',(0.0222706060000003,-0.0139949999999986,-0.00190000000000043));
#11836=CARTESIAN_POINT('',(0.0222706060000003,-0.0139949999999986,-0.0019));
#11837=CARTESIAN_POINT('',(0.0222706060000005,0.0156599999999998,-0.0019));
#11838=CARTESIAN_POINT('',(0.0222706060000005,0.0156599999999998,-0.0019));
#11839=CARTESIAN_POINT('',(0.0222706060000005,0.0156599999999998,2.00000000000027E-6));
#11840=CARTESIAN_POINT('',(7.06059999997953E-5,-0.0537399999999974,2.00000000000027E-6));
#11841=CARTESIAN_POINT('',(7.06059999997953E-5,-0.0537399999999974,-0.00988500077999973));
#11842=CARTESIAN_POINT('',(0.0242726060000002,-0.0413209534999978,-0.00340000077999985));
#11843=CARTESIAN_POINT('',(-0.009929394,-0.0413209534999978,-0.00340000077999985));
#11844=CARTESIAN_POINT('',(-0.009929394,-0.0268299999999983,-0.00340000077999985));
#11845=CARTESIAN_POINT('',(-0.009929394,-0.0242499999999983,-0.00340000077999985));
#11846=CARTESIAN_POINT('',(-0.011679394,-0.0268299999999983,-0.00340000077999985));
#11847=CARTESIAN_POINT('',(-0.011679394,-0.0285799999999983,-0.00340000077999985));
#11848=CARTESIAN_POINT('',(0.0242726060000002,-0.0285799999999983,-0.00340000077999985));
#11849=CARTESIAN_POINT('',(-0.020179394,-0.0285799999999983,-0.00340000077999985));
#11850=CARTESIAN_POINT('',(-0.020179394,-0.0268299999999983,-0.00340000077999985));
#11851=CARTESIAN_POINT('',(-0.021929394,-0.0268299999999983,-0.00340000077999985));
#11852=CARTESIAN_POINT('',(-0.021929394,-0.0413209534999978,-0.00340000077999985));
#11853=CARTESIAN_POINT('',(-0.021929394,-0.0242499999999983,-0.00340000077999985));
#11854=CARTESIAN_POINT('',(-0.020179394,-0.0242499999999983,-0.00340000077999985));
#11855=CARTESIAN_POINT('',(-0.020179394,-0.0224999999999983,-0.00340000077999985));
#11856=CARTESIAN_POINT('',(0.0242726060000002,-0.0224999999999983,-0.00340000077999985));
#11857=CARTESIAN_POINT('',(-0.011679394,-0.0224999999999983,-0.00340000077999985));
#11858=CARTESIAN_POINT('',(-0.011679394,-0.0242499999999983,-0.00340000077999985));
#11859=CARTESIAN_POINT('',(0.0242726060000002,-0.0224619069999984,-0.00340000077999985));
#11860=CARTESIAN_POINT('',(0.00432820000000009,-0.0224619069999984,-0.00340000077999985));
#11861=CARTESIAN_POINT('',(-0.00417179999999991,-0.0224619069999984,-0.00340000077999985));
#11862=CARTESIAN_POINT('',(0.00432820000000009,-0.0242119069999985,-0.00340000077999985));
#11863=CARTESIAN_POINT('',(0.00607820000000009,-0.0242119069999985,-0.00340000077999985));
#11864=CARTESIAN_POINT('',(0.00607820000000009,-0.0413209534999978,-0.00340000077999985));
#11865=CARTESIAN_POINT('',(0.00607820000000009,-0.0267919069999984,-0.00340000077999985));
#11866=CARTESIAN_POINT('',(0.00432820000000009,-0.0267919069999984,-0.00340000077999985));
#11867=CARTESIAN_POINT('',(0.00432820000000009,-0.0285419069999985,-0.00340000077999985));
#11868=CARTESIAN_POINT('',(0.0242726060000002,-0.0285419069999985,-0.00340000077999985));
#11869=CARTESIAN_POINT('',(-0.00417179999999991,-0.0285419069999985,-0.00340000077999985));
#11870=CARTESIAN_POINT('',(-0.00417179999999991,-0.0267919069999984,-0.00340000077999985));
#11871=CARTESIAN_POINT('',(-0.00592179999999991,-0.0267919069999984,-0.00340000077999985));
#11872=CARTESIAN_POINT('',(-0.00592179999999991,-0.0413209534999978,-0.00340000077999985));
#11873=CARTESIAN_POINT('',(-0.00592179999999991,-0.0242119069999985,-0.00340000077999985));
#11874=CARTESIAN_POINT('',(-0.00417179999999991,-0.0242119069999985,-0.00340000077999985));
#11875=CARTESIAN_POINT('',(-0.021929394,-0.0413209534999978,-0.00340000077999985));
#11876=CARTESIAN_POINT('',(-0.021929394,-0.034787128999998,-0.00340000077999985));
#11877=CARTESIAN_POINT('',(-0.021929394,-0.032207128999998,-0.00340000077999985));
#11878=CARTESIAN_POINT('',(-0.020179394,-0.032207128999998,-0.00340000077999985));
#11879=CARTESIAN_POINT('',(-0.020179394,-0.030457128999998,-0.00340000077999985));
#11880=CARTESIAN_POINT('',(0.0242726060000002,-0.030457128999998,-0.00340000077999985));
#11881=CARTESIAN_POINT('',(-0.011679394,-0.030457128999998,-0.00340000077999985));
#11882=CARTESIAN_POINT('',(-0.011679394,-0.032207128999998,-0.00340000077999985));
#11883=CARTESIAN_POINT('',(-0.009929394,-0.032207128999998,-0.00340000077999985));
#11884=CARTESIAN_POINT('',(-0.009929394,-0.0413209534999978,-0.00340000077999985));
#11885=CARTESIAN_POINT('',(-0.009929394,-0.034787128999998,-0.00340000077999985));
#11886=CARTESIAN_POINT('',(-0.011679394,-0.034787128999998,-0.00340000077999985));
#11887=CARTESIAN_POINT('',(-0.011679394,-0.036537128999998,-0.00340000077999985));
#11888=CARTESIAN_POINT('',(0.0242726060000002,-0.036537128999998,-0.00340000077999985));
#11889=CARTESIAN_POINT('',(-0.020179394,-0.036537128999998,-0.00340000077999985));
#11890=CARTESIAN_POINT('',(-0.020179394,-0.034787128999998,-0.00340000077999985));
#11891=CARTESIAN_POINT('',(0.0242726060000002,-0.0525240329999977,-0.00340000077999985));
#11892=CARTESIAN_POINT('',(0.0203170340000002,-0.0525240329999977,-0.00340000077999985));
#11893=CARTESIAN_POINT('',(0.0118170340000002,-0.0525240329999977,-0.00340000077999985));
#11894=CARTESIAN_POINT('',(0.0118170340000002,-0.0507740329999976,-0.00340000077999985));
#11895=CARTESIAN_POINT('',(0.0100670340000002,-0.0507740329999976,-0.00340000077999985));
#11896=CARTESIAN_POINT('',(0.0100670340000002,-0.0413209534999978,-0.00340000077999985));
#11897=CARTESIAN_POINT('',(0.0100670340000002,-0.0481940329999976,-0.00340000077999985));
#11898=CARTESIAN_POINT('',(0.0118170340000002,-0.0481940329999976,-0.00340000077999985));
#11899=CARTESIAN_POINT('',(0.0118170340000002,-0.0464440329999976,-0.00340000077999985));
#11900=CARTESIAN_POINT('',(0.0242726060000002,-0.0464440329999976,-0.00340000077999985));
#11901=CARTESIAN_POINT('',(0.0203170340000002,-0.0464440329999976,-0.00340000077999985));
#11902=CARTESIAN_POINT('',(0.0203170340000002,-0.0481940329999976,-0.00340000077999985));
#11903=CARTESIAN_POINT('',(0.0220670340000002,-0.0481940329999976,-0.00340000077999985));
#11904=CARTESIAN_POINT('',(0.0220670340000002,-0.0413209534999978,-0.00340000077999985));
#11905=CARTESIAN_POINT('',(0.0220670340000002,-0.0507740329999976,-0.00340000077999985));
#11906=CARTESIAN_POINT('',(0.0203170340000002,-0.0507740329999976,-0.00340000077999985));
#11907=CARTESIAN_POINT('',(0.0242726060000002,-0.0365285769999981,-0.00340000077999985));
#11908=CARTESIAN_POINT('',(0.00432287200000009,-0.0365285769999981,-0.00340000077999985));
#11909=CARTESIAN_POINT('',(-0.00417712799999991,-0.0365285769999981,-0.00340000077999985));
#11910=CARTESIAN_POINT('',(-0.00417712799999991,-0.0347785769999981,-0.00340000077999985));
#11911=CARTESIAN_POINT('',(-0.00592712799999991,-0.0347785769999981,-0.00340000077999985));
#11912=CARTESIAN_POINT('',(-0.00592712799999991,-0.0413209534999978,-0.00340000077999985));
#11913=CARTESIAN_POINT('',(-0.00592712799999991,-0.0321985769999981,-0.00340000077999985));
#11914=CARTESIAN_POINT('',(-0.00417712799999991,-0.0321985769999981,-0.00340000077999985));
#11915=CARTESIAN_POINT('',(-0.00417712799999991,-0.0304485769999981,-0.00340000077999985));
#11916=CARTESIAN_POINT('',(0.0242726060000002,-0.0304485769999981,-0.00340000077999985));
#11917=CARTESIAN_POINT('',(0.00432287200000009,-0.0304485769999981,-0.00340000077999985));
#11918=CARTESIAN_POINT('',(0.00432287200000009,-0.0321985769999981,-0.00340000077999985));
#11919=CARTESIAN_POINT('',(0.00607287200000009,-0.0321985769999981,-0.00340000077999985));
#11920=CARTESIAN_POINT('',(0.00607287200000009,-0.0413209534999978,-0.00340000077999985));
#11921=CARTESIAN_POINT('',(0.00607287200000009,-0.0347785769999981,-0.00340000077999985));
#11922=CARTESIAN_POINT('',(0.00432287200000009,-0.0347785769999981,-0.00340000077999985));
#11923=CARTESIAN_POINT('',(-0.021929394,-0.0413209534999978,-0.00340000077999985));
#11924=CARTESIAN_POINT('',(-0.021929394,-0.0508299999999974,-0.00340000077999985));
#11925=CARTESIAN_POINT('',(-0.021929394,-0.0482499999999974,-0.00340000077999985));
#11926=CARTESIAN_POINT('',(-0.020179394,-0.0482499999999974,-0.00340000077999985));
#11927=CARTESIAN_POINT('',(-0.020179394,-0.0464999999999974,-0.00340000077999985));
#11928=CARTESIAN_POINT('',(0.0242726060000002,-0.0464999999999974,-0.00340000077999985));
#11929=CARTESIAN_POINT('',(-0.011679394,-0.0464999999999974,-0.00340000077999985));
#11930=CARTESIAN_POINT('',(-0.011679394,-0.0482499999999974,-0.00340000077999985));
#11931=CARTESIAN_POINT('',(-0.009929394,-0.0482499999999974,-0.00340000077999985));
#11932=CARTESIAN_POINT('',(-0.009929394,-0.0413209534999978,-0.00340000077999985));
#11933=CARTESIAN_POINT('',(-0.009929394,-0.0508299999999974,-0.00340000077999985));
#11934=CARTESIAN_POINT('',(-0.011679394,-0.0508299999999974,-0.00340000077999985));
#11935=CARTESIAN_POINT('',(-0.011679394,-0.0525799999999974,-0.00340000077999985));
#11936=CARTESIAN_POINT('',(0.0242726060000002,-0.0525799999999974,-0.00340000077999985));
#11937=CARTESIAN_POINT('',(-0.020179394,-0.0525799999999974,-0.00340000077999985));
#11938=CARTESIAN_POINT('',(-0.020179394,-0.0508299999999974,-0.00340000077999985));
#11939=CARTESIAN_POINT('',(0.0242726060000002,-0.0445273409999978,-0.00340000077999985));
#11940=CARTESIAN_POINT('',(0.00431967800000009,-0.0445273409999978,-0.00340000077999985));
#11941=CARTESIAN_POINT('',(-0.00418032199999992,-0.0445273409999978,-0.00340000077999985));
#11942=CARTESIAN_POINT('',(-0.00418032199999992,-0.0427773409999979,-0.00340000077999985));
#11943=CARTESIAN_POINT('',(-0.00593032199999992,-0.0427773409999979,-0.00340000077999985));
#11944=CARTESIAN_POINT('',(-0.00593032199999992,-0.0413209534999978,-0.00340000077999985));
#11945=CARTESIAN_POINT('',(-0.00593032199999992,-0.0401973409999979,-0.00340000077999985));
#11946=CARTESIAN_POINT('',(-0.00418032199999992,-0.0401973409999979,-0.00340000077999985));
#11947=CARTESIAN_POINT('',(-0.00418032199999992,-0.0384473409999979,-0.00340000077999985));
#11948=CARTESIAN_POINT('',(0.0242726060000002,-0.0384473409999979,-0.00340000077999985));
#11949=CARTESIAN_POINT('',(0.00431967800000009,-0.0384473409999979,-0.00340000077999985));
#11950=CARTESIAN_POINT('',(0.00431967800000009,-0.0401973409999979,-0.00340000077999985));
#11951=CARTESIAN_POINT('',(0.00606967800000008,-0.0401973409999979,-0.00340000077999985));
#11952=CARTESIAN_POINT('',(0.00606967800000008,-0.0413209534999978,-0.00340000077999985));
#11953=CARTESIAN_POINT('',(0.00606967800000008,-0.0427773409999979,-0.00340000077999985));
#11954=CARTESIAN_POINT('',(0.00431967800000009,-0.0427773409999979,-0.00340000077999985));
#11955=CARTESIAN_POINT('',(0.0242726060000002,-0.0285273409999986,-0.00340000077999985));
#11956=CARTESIAN_POINT('',(0.0203152480000002,-0.0285273409999986,-0.00340000077999985));
#11957=CARTESIAN_POINT('',(0.0118152480000002,-0.0285273409999986,-0.00340000077999985));
#11958=CARTESIAN_POINT('',(0.0118152480000002,-0.0267773409999986,-0.00340000077999985));
#11959=CARTESIAN_POINT('',(0.0100652480000002,-0.0267773409999986,-0.00340000077999985));
#11960=CARTESIAN_POINT('',(0.0100652480000002,-0.0413209534999978,-0.00340000077999985));
#11961=CARTESIAN_POINT('',(0.0100652480000002,-0.0241973409999986,-0.00340000077999985));
#11962=CARTESIAN_POINT('',(0.0118152480000002,-0.0241973409999986,-0.00340000077999985));
#11963=CARTESIAN_POINT('',(0.0118152480000002,-0.0224473409999986,-0.00340000077999985));
#11964=CARTESIAN_POINT('',(0.0242726060000002,-0.0224473409999986,-0.00340000077999985));
#11965=CARTESIAN_POINT('',(0.0203152480000002,-0.0224473409999986,-0.00340000077999985));
#11966=CARTESIAN_POINT('',(0.0203152480000002,-0.0241973409999986,-0.00340000077999985));
#11967=CARTESIAN_POINT('',(0.0220652480000002,-0.0241973409999986,-0.00340000077999985));
#11968=CARTESIAN_POINT('',(0.0220652480000002,-0.0413209534999978,-0.00340000077999985));
#11969=CARTESIAN_POINT('',(0.0220652480000002,-0.0267773409999986,-0.00340000077999985));
#11970=CARTESIAN_POINT('',(0.0203152480000002,-0.0267773409999986,-0.00340000077999985));
#11971=CARTESIAN_POINT('',(-0.011679394,-0.0427750749999977,-0.00340000077999985));
#11972=CARTESIAN_POINT('',(-0.009929394,-0.0427750749999977,-0.00340000077999985));
#11973=CARTESIAN_POINT('',(-0.011679394,-0.0445250749999977,-0.00340000077999985));
#11974=CARTESIAN_POINT('',(0.0242726060000002,-0.0445250749999977,-0.00340000077999985));
#11975=CARTESIAN_POINT('',(-0.020179394,-0.0445250749999977,-0.00340000077999985));
#11976=CARTESIAN_POINT('',(-0.020179394,-0.0427750749999977,-0.00340000077999985));
#11977=CARTESIAN_POINT('',(-0.021929394,-0.0427750749999977,-0.00340000077999985));
#11978=CARTESIAN_POINT('',(-0.021929394,-0.0413209534999978,-0.00340000077999985));
#11979=CARTESIAN_POINT('',(-0.021929394,-0.0401950749999977,-0.00340000077999985));
#11980=CARTESIAN_POINT('',(-0.020179394,-0.0401950749999977,-0.00340000077999985));
#11981=CARTESIAN_POINT('',(-0.020179394,-0.0384450749999977,-0.00340000077999985));
#11982=CARTESIAN_POINT('',(0.0242726060000002,-0.0384450749999977,-0.00340000077999985));
#11983=CARTESIAN_POINT('',(-0.011679394,-0.0384450749999977,-0.00340000077999985));
#11984=CARTESIAN_POINT('',(-0.011679394,-0.0401950749999977,-0.00340000077999985));
#11985=CARTESIAN_POINT('',(-0.009929394,-0.0401950749999977,-0.00340000077999985));
#11986=CARTESIAN_POINT('',(-0.009929394,-0.0413209534999978,-0.00340000077999985));
#11987=CARTESIAN_POINT('',(0.0203122720000002,-0.0427716519999979,-0.00340000077999985));
#11988=CARTESIAN_POINT('',(0.0220622720000002,-0.0427716519999979,-0.00340000077999985));
#11989=CARTESIAN_POINT('',(0.0203122720000002,-0.0445216519999979,-0.00340000077999985));
#11990=CARTESIAN_POINT('',(0.0242726060000002,-0.0445216519999979,-0.00340000077999985));
#11991=CARTESIAN_POINT('',(0.0118122720000002,-0.0445216519999979,-0.00340000077999985));
#11992=CARTESIAN_POINT('',(0.0118122720000002,-0.0427716519999979,-0.00340000077999985));
#11993=CARTESIAN_POINT('',(0.0100622720000002,-0.0427716519999979,-0.00340000077999985));
#11994=CARTESIAN_POINT('',(0.0100622720000002,-0.0413209534999978,-0.00340000077999985));
#11995=CARTESIAN_POINT('',(0.0100622720000002,-0.0401916519999979,-0.00340000077999985));
#11996=CARTESIAN_POINT('',(0.0118122720000002,-0.0401916519999979,-0.00340000077999985));
#11997=CARTESIAN_POINT('',(0.0118122720000002,-0.0384416519999979,-0.00340000077999985));
#11998=CARTESIAN_POINT('',(0.0242726060000002,-0.0384416519999979,-0.00340000077999985));
#11999=CARTESIAN_POINT('',(0.0203122720000002,-0.0384416519999979,-0.00340000077999985));
#12000=CARTESIAN_POINT('',(0.0203122720000002,-0.0401916519999979,-0.00340000077999985));
#12001=CARTESIAN_POINT('',(0.0220622720000002,-0.0401916519999979,-0.00340000077999985));
#12002=CARTESIAN_POINT('',(0.0220622720000002,-0.0413209534999978,-0.00340000077999985));
#12003=CARTESIAN_POINT('',(0.00431457800000009,-0.0507743009999975,-0.00340000077999985));
#12004=CARTESIAN_POINT('',(0.00606457800000008,-0.0507743009999975,-0.00340000077999985));
#12005=CARTESIAN_POINT('',(0.00431457800000009,-0.0525243009999975,-0.00340000077999985));
#12006=CARTESIAN_POINT('',(0.0242726060000002,-0.0525243009999975,-0.00340000077999985));
#12007=CARTESIAN_POINT('',(-0.00418542199999992,-0.0525243009999975,-0.00340000077999985));
#12008=CARTESIAN_POINT('',(-0.00418542199999992,-0.0507743009999975,-0.00340000077999985));
#12009=CARTESIAN_POINT('',(-0.00593542199999991,-0.0507743009999975,-0.00340000077999985));
#12010=CARTESIAN_POINT('',(-0.00593542199999992,-0.0413209534999978,-0.00340000077999985));
#12011=CARTESIAN_POINT('',(-0.00593542199999991,-0.0481943009999975,-0.00340000077999985));
#12012=CARTESIAN_POINT('',(-0.00418542199999992,-0.0481943009999975,-0.00340000077999985));
#12013=CARTESIAN_POINT('',(-0.00418542199999992,-0.0464443009999975,-0.00340000077999985));
#12014=CARTESIAN_POINT('',(0.0242726060000002,-0.0464443009999975,-0.00340000077999985));
#12015=CARTESIAN_POINT('',(0.00431457800000009,-0.0464443009999975,-0.00340000077999985));
#12016=CARTESIAN_POINT('',(0.00431457800000009,-0.0481943009999975,-0.00340000077999985));
#12017=CARTESIAN_POINT('',(0.00606457800000008,-0.0481943009999975,-0.00340000077999985));
#12018=CARTESIAN_POINT('',(0.00606457800000008,-0.0413209534999978,-0.00340000077999985));
#12019=CARTESIAN_POINT('',(0.0203146530000002,-0.0347752229999983,-0.00340000077999985));
#12020=CARTESIAN_POINT('',(0.0220646530000002,-0.0347752229999983,-0.00340000077999985));
#12021=CARTESIAN_POINT('',(0.0203146530000002,-0.0365252229999983,-0.00340000077999985));
#12022=CARTESIAN_POINT('',(0.0242726060000002,-0.0365252229999983,-0.00340000077999985));
#12023=CARTESIAN_POINT('',(0.0118146530000002,-0.0365252229999983,-0.00340000077999985));
#12024=CARTESIAN_POINT('',(0.0118146530000002,-0.0347752229999983,-0.00340000077999985));
#12025=CARTESIAN_POINT('',(0.0100646530000002,-0.0347752229999983,-0.00340000077999985));
#12026=CARTESIAN_POINT('',(0.0100646530000002,-0.0413209534999978,-0.00340000077999985));
#12027=CARTESIAN_POINT('',(0.0100646530000002,-0.0321952229999983,-0.00340000077999985));
#12028=CARTESIAN_POINT('',(0.0118146530000002,-0.0321952229999983,-0.00340000077999985));
#12029=CARTESIAN_POINT('',(0.0118146530000002,-0.0304452229999983,-0.00340000077999985));
#12030=CARTESIAN_POINT('',(0.0242726060000002,-0.0304452229999983,-0.00340000077999985));
#12031=CARTESIAN_POINT('',(0.0203146530000002,-0.0304452229999983,-0.00340000077999985));
#12032=CARTESIAN_POINT('',(0.0203146530000002,-0.0321952229999983,-0.00340000077999985));
#12033=CARTESIAN_POINT('',(0.0220646530000002,-0.0321952229999983,-0.00340000077999985));
#12034=CARTESIAN_POINT('',(0.0220646530000002,-0.0413209534999978,-0.00340000077999985));
#12035=CARTESIAN_POINT('',(0.0192706060000002,-0.0567399999999975,-0.00340000077999985));
#12036=CARTESIAN_POINT('',(0.0192706060000002,-0.0607399999999975,-0.00340000077999985));
#12037=CARTESIAN_POINT('',(0.0232706060000002,-0.0567399999999975,-0.00340000077999985));
#12038=CARTESIAN_POINT('',(0.0232706060000002,-0.0209019069999986,-0.00340000077999985));
#12039=CARTESIAN_POINT('',(0.0232706060000002,-0.0209019069999986,-0.0034000007799995));
#12040=CARTESIAN_POINT('',(0.0242726060000002,-0.0209019069999986,-0.0034000007799995));
#12041=CARTESIAN_POINT('',(-0.0231293940000002,-0.0209019069999986,-0.0034000007799995));
#12042=CARTESIAN_POINT('',(-0.023129394,-0.0567399999999975,-0.00340000077999985));
#12043=CARTESIAN_POINT('',(-0.023129394,-0.0567399999999975,-0.00340000077999985));
#12044=CARTESIAN_POINT('',(-0.019129394,-0.0567399999999975,-0.00340000077999985));
#12045=CARTESIAN_POINT('',(-0.019129394,-0.0607399999999975,-0.00340000077999985));
#12046=CARTESIAN_POINT('',(0.0242726060000002,-0.0607399999999975,-0.00340000077999985));
#12047=CARTESIAN_POINT('',(0.0232706060000002,-0.0139949999999986,0.00100000000000043));
#12048=CARTESIAN_POINT('',(-0.0231293940000002,-0.0139949999999986,0.00100000000000043));
#12049=CARTESIAN_POINT('',(0.0232706060000002,-0.0149539199123894,0.00100000000000043));
#12050=CARTESIAN_POINT('',(-0.0231293940000002,-0.0149539199123894,0.00100000000000043));
#12051=CARTESIAN_POINT('',(0.0232706060000003,-0.0164752271370076,0.000351091377761579));
#12052=CARTESIAN_POINT('',(-0.0231293940000002,-0.0164752271370076,0.000351091377761579));
#12053=CARTESIAN_POINT('',(0.0232706060000003,-0.0178185252844916,-0.00140879196139598));
#12054=CARTESIAN_POINT('',(-0.0231293940000002,-0.0178185252844916,-0.00140879196139598));
#12055=CARTESIAN_POINT('',(0.0232706060000003,-0.0190653172620076,-0.00294890920723837));
#12056=CARTESIAN_POINT('',(-0.0231293940000002,-0.0190653172620076,-0.00294890920723837));
#12057=CARTESIAN_POINT('',(0.0232706060000002,-0.0201341001623893,-0.0034000007799995));
#12058=CARTESIAN_POINT('',(-0.0231293940000002,-0.0201341001623893,-0.0034000007799995));
#12059=CARTESIAN_POINT('',(0.0232706060000002,-0.0209019069999986,-0.0034000007799995));
#12060=CARTESIAN_POINT('',(-0.0231293940000002,-0.0209019069999986,-0.0034000007799995));
#12061=CARTESIAN_POINT('',(0.0232706060000002,-0.0209019069999986,-0.0034000007799995));
#12062=CARTESIAN_POINT('',(0.0232706060000002,-0.0201341001623893,-0.0034000007799995));
#12063=CARTESIAN_POINT('',(0.0232706060000003,-0.0190653172620076,-0.00294890920723837));
#12064=CARTESIAN_POINT('',(0.0232706060000002,-0.0178185252844916,-0.00140879196139598));
#12065=CARTESIAN_POINT('',(0.0232706060000003,-0.0164752271370076,0.000351091377761579));
#12066=CARTESIAN_POINT('',(0.0232706060000002,-0.0149539199123894,0.00100000000000043));
#12067=CARTESIAN_POINT('',(0.0232706060000002,-0.0139949999999986,0.00100000000000043));
#12068=CARTESIAN_POINT('',(-0.0231293939999998,-0.0139949999999986,0.00100000000000043));
#12069=CARTESIAN_POINT('',(-0.0231293939999998,-0.0149539199123894,0.00100000000000043));
#12070=CARTESIAN_POINT('',(-0.0231293939999997,-0.0164752271370076,0.000351091377761579));
#12071=CARTESIAN_POINT('',(-0.0231293939999998,-0.0178185252844916,-0.00140879196139598));
#12072=CARTESIAN_POINT('',(-0.0231293939999998,-0.0190653172620076,-0.00294890920723837));
#12073=CARTESIAN_POINT('',(-0.0231293939999998,-0.0201341001623893,-0.0034000007799995));
#12074=CARTESIAN_POINT('',(-0.0231293939999998,-0.0209019069999986,-0.0034000007799995));
#12075=CARTESIAN_POINT('',(0.0242726060000002,-0.0617399999999975,0.249422620355332));
#12076=CARTESIAN_POINT('',(-0.019129394,-0.0617399999999975,-0.0153950007799997));
#12077=CARTESIAN_POINT('',(-0.019129394,-0.0617399999999975,-0.00543553468593258));
#12078=CARTESIAN_POINT('',(-0.019129394,-0.0617399999999975,-0.0148950007799997));
#12079=CARTESIAN_POINT('',(-0.018629394,-0.0617399999999975,-0.0148950007799997));
#12080=CARTESIAN_POINT('',(0.0192706060000002,-0.0617399999999975,-0.00340000077999994));
#12081=CARTESIAN_POINT('',(0.0192706060000002,-0.0617399999999975,-0.00543553468593258));
#12082=CARTESIAN_POINT('',(-0.019129394,-0.0617399999999975,-0.00543553468593258));
#12083=CARTESIAN_POINT('',(0.0242706060000002,-0.0179393999999994,0.249422620355332));
#12084=CARTESIAN_POINT('',(0.0242706060000002,-0.0139972470047417,-0.00103553247785058));
#12085=CARTESIAN_POINT('',(0.0242706060000003,-0.014177912904202,-0.00103530283372453));
#12086=CARTESIAN_POINT('',(0.0242706060000002,-0.0145369988880465,-0.00107443063737662));
#12087=CARTESIAN_POINT('',(0.0242706060000003,-0.0151837389254666,-0.00140932388381732));
#12088=CARTESIAN_POINT('',(0.0242706060000002,-0.0157812969055764,-0.00208386242557684));
#12089=CARTESIAN_POINT('',(0.0242706060000003,-0.0164289968248936,-0.00292967108690019));
#12090=CARTESIAN_POINT('',(0.0242706060000002,-0.0173369068403252,-0.00401819747966466));
#12091=CARTESIAN_POINT('',(0.0242706060000002,-0.0187558533124518,-0.0051455937435443));
#12092=CARTESIAN_POINT('',(0.0242706060000002,-0.0201846439790261,-0.0054372967949257));
#12093=CARTESIAN_POINT('',(0.0242706060000002,-0.0209019070192797,-0.00543554256956773));
#12094=CARTESIAN_POINT('',(0.0242706060000002,-0.0139972470047417,-0.00103553390593272));
#12095=CARTESIAN_POINT('',(0.0242706060000002,-0.0209019070192797,-0.00543554256956773));
#12096=CARTESIAN_POINT('',(0.0242706060000002,-0.0179393999999994,-0.00543553468593258));
#12097=CARTESIAN_POINT('',(0.0242706060000002,-0.0567399999999975,-0.00543553468593258));
#12098=CARTESIAN_POINT('',(0.0242706060000002,-0.0567399999999975,-0.0153950007799997));
#12099=CARTESIAN_POINT('',(0.0242706060000002,0.0208611999999987,0.249422620355332));
#12100=CARTESIAN_POINT('',(0.0242706060000002,0.0208611999999987,-0.00103553390593272));
#12101=CARTESIAN_POINT('',(0.0242706060000002,-0.0179393999999994,-0.00103553390593272));
#12102=CARTESIAN_POINT('',(-0.0161300000000002,0.00137499999999989,0.001));
#12103=CARTESIAN_POINT('',(-0.0154300000000002,-0.00642499999999927,0.000300000000000022));
#12104=CARTESIAN_POINT('',(-0.0157228932188137,-0.00642499999999927,0.00059289321881348));
#12105=CARTESIAN_POINT('',(-0.0157228932188137,0.00137499999999989,0.00059289321881348));
#12106=CARTESIAN_POINT('',(-0.0157228932188137,0.00722499999999927,0.000592893218813477));
#12107=CARTESIAN_POINT('',(-0.0161300000000002,0.00722499999999926,0.001));
#12108=CARTESIAN_POINT('',(-0.0144300000000002,-0.00642499999999927,0.001));
#12109=CARTESIAN_POINT('',(-0.0144300000000002,-0.00742499999999927,0.000300000000000022));
#12110=CARTESIAN_POINT('',(-0.0144300000000002,-0.00771789321881273,0.000592893218813478));
#12111=CARTESIAN_POINT('',(-0.0144300000000002,-0.00642499999999927,0.000592893218813478));
#12112=CARTESIAN_POINT('',(-0.0144300000000002,0.00722499999999927,0.001));
#12113=CARTESIAN_POINT('',(-0.0144300000000002,0.00722499999999927,0.000592893218813478));
#12114=CARTESIAN_POINT('',(-0.0144300000000002,0.00851789321881273,0.000592893218813478));
#12115=CARTESIAN_POINT('',(-0.0144300000000002,0.00892499999999926,0.001));
#12116=CARTESIAN_POINT('',(-1.01238462058003E-17,-0.00812499999999927,0.001));
#12117=CARTESIAN_POINT('',(0.0144300000000002,-0.00742499999999927,0.000300000000000022));
#12118=CARTESIAN_POINT('',(0.0144300000000002,-0.00771789321881273,0.000592893218813476));
#12119=CARTESIAN_POINT('',(-1.01238462058792E-17,-0.00771789321881273,0.000592893218813476));
#12120=CARTESIAN_POINT('',(-3.46944695189545E-18,0.00822499999999927,0.000300000000000022));
#12121=CARTESIAN_POINT('',(0.0144300000000002,0.00851789321881273,0.000592893218813477));
#12122=CARTESIAN_POINT('',(0.0144300000000002,0.00851789321881273,0.000592893218813478));
#12123=CARTESIAN_POINT('',(0.0144300000000002,0.00892499999999927,0.001));
#12124=CARTESIAN_POINT('',(0.0144300000000002,-0.00642499999999927,0.001));
#12125=CARTESIAN_POINT('',(0.0154300000000002,-0.00642499999999927,0.000300000000000022));
#12126=CARTESIAN_POINT('',(0.0157228932188137,-0.00642499999999927,0.000592893218813477));
#12127=CARTESIAN_POINT('',(0.0144300000000002,-0.00642499999999927,0.000592893218813476));
#12128=CARTESIAN_POINT('',(0.0144300000000002,0.00722499999999927,0.001));
#12129=CARTESIAN_POINT('',(0.0144300000000002,0.00722499999999927,0.000592893218813478));
#12130=CARTESIAN_POINT('',(0.0157228932188137,0.00722499999999927,0.000592893218813474));
#12131=CARTESIAN_POINT('',(0.0161300000000002,0.00722499999999927,0.001));
#12132=CARTESIAN_POINT('',(0.0154300000000002,0.0004,0.000300000000000022));
#12133=CARTESIAN_POINT('',(0.0157228932188137,-0.00642499999999927,0.000592893218813475));
#12134=CARTESIAN_POINT('',(-0.0144300000000002,-0.00642499999999927,-0.000114213562373081));
#12135=CARTESIAN_POINT('',(-0.0164300000000002,-0.00642499999999927,-0.00011421356237308));
#12136=CARTESIAN_POINT('',(-0.0144300000000002,-0.00842499999999927,-0.000114213562373081));
#12137=CARTESIAN_POINT('',(-3.46944695197575E-18,-0.00842499999999927,-0.000114213562373084));
#12138=CARTESIAN_POINT('',(0.0144300000000002,-0.00842499999999927,-0.000114213562373084));
#12139=CARTESIAN_POINT('',(-0.0164300000000002,0.0004,-0.000114213562373077));
#12140=CARTESIAN_POINT('',(-0.0164300000000002,0.00722499999999927,-0.000114213562373079));
#12141=CARTESIAN_POINT('',(0.0144300000000002,-0.00642499999999927,-0.000114213562373081));
#12142=CARTESIAN_POINT('',(0.0164300000000002,-0.00642499999999927,-0.000114213562373081));
#12143=CARTESIAN_POINT('',(-0.0144300000000002,0.00722499999999927,-0.000114213562373081));
#12144=CARTESIAN_POINT('',(-0.0144300000000002,0.00922499999999927,-0.000114213562373081));
#12145=CARTESIAN_POINT('',(0.0164300000000002,0.0004,-0.000114213562373084));
#12146=CARTESIAN_POINT('',(0.0164300000000002,0.00722499999999927,-0.000114213562373084));
#12147=CARTESIAN_POINT('',(-3.46944695197575E-18,0.00922499999999927,-0.000114213562373081));
#12148=CARTESIAN_POINT('',(0.0144300000000002,0.00922499999999927,-0.000114213562373081));
#12149=CARTESIAN_POINT('',(0.0144300000000002,0.00722499999999927,-0.000114213562373081));
#12150=CARTESIAN_POINT('',(0.0202706060000003,-0.0139949999999986,9.99999999995638E-5));
#12151=CARTESIAN_POINT('',(-0.0201293939999997,-0.0139949999999986,9.99999999995638E-5));
#12152=CARTESIAN_POINT('',(0.0202706060000003,-0.0147628068376077,9.99999999995638E-5));
#12153=CARTESIAN_POINT('',(-0.0201293939999997,-0.0147628068376077,9.99999999995638E-5));
#12154=CARTESIAN_POINT('',(0.0202706060000003,-0.0158315897379896,-0.000351091572761562));
#12155=CARTESIAN_POINT('',(-0.0201293939999997,-0.0158315897379896,-0.000351091572761562));
#12156=CARTESIAN_POINT('',(0.0202706060000003,-0.0170783817155055,-0.00189120881860395));
#12157=CARTESIAN_POINT('',(-0.0201293939999998,-0.0170783817155055,-0.00189120881860395));
#12158=CARTESIAN_POINT('',(0.0202706060000003,-0.0184216798629895,-0.00365109215776151));
#12159=CARTESIAN_POINT('',(-0.0201293939999997,-0.0184216798629895,-0.00365109215776151));
#12160=CARTESIAN_POINT('',(0.0202706060000003,-0.0199429870876077,-0.00430000078000037));
#12161=CARTESIAN_POINT('',(-0.0201293939999997,-0.0199429870876077,-0.00430000078000037));
#12162=CARTESIAN_POINT('',(0.0202706060000003,-0.0209019069999986,-0.00430000078000037));
#12163=CARTESIAN_POINT('',(-0.0201293939999997,-0.0209019069999986,-0.00430000078000037));
#12164=CARTESIAN_POINT('',(0.0242726060000002,-0.020901906999999,-0.00430000077999985));
#12165=CARTESIAN_POINT('',(0.0202706060000002,-0.020901906999999,-0.00430000077999985));
#12166=CARTESIAN_POINT('',(-0.020129394,-0.020901906999999,-0.00430000077999985));
#12167=CARTESIAN_POINT('',(-0.020129394,-0.0209019069999986,-0.00430000078000037));
#12168=CARTESIAN_POINT('',(-0.020129394,-0.0205365337099216,-0.00429999834719226));
#12169=CARTESIAN_POINT('',(-0.0201293940000001,-0.0198049963131037,-0.00421052143500945));
#12170=CARTESIAN_POINT('',(-0.0201293940000001,-0.018466845011654,-0.00358164475584955));
#12171=CARTESIAN_POINT('',(-0.0201293940000001,-0.017537207516551,-0.00251004524917518));
#12172=CARTESIAN_POINT('',(-0.0201293940000001,-0.0166770342878122,-0.00138351498045055));
#12173=CARTESIAN_POINT('',(-0.0201293940000001,-0.0159695422939496,-0.000594048207389238));
#12174=CARTESIAN_POINT('',(-0.0201293940000001,-0.0150637438323056,-1.00254356178984E-5));
#12175=CARTESIAN_POINT('',(-0.020129394,-0.0143514001793781,9.99999999995638E-5));
#12176=CARTESIAN_POINT('',(-0.020129394,-0.0139949999999986,9.99999999995638E-5));
#12177=CARTESIAN_POINT('',(0.0202706060000003,-0.0139949999999986,9.99999999995638E-5));
#12178=CARTESIAN_POINT('',(0.0202706060000003,-0.0143477215325834,9.99999999995638E-5));
#12179=CARTESIAN_POINT('',(0.0202706060000003,-0.0150654512465555,-1.00257374217924E-5));
#12180=CARTESIAN_POINT('',(0.0202706060000003,-0.0159690882224921,-0.000594048627598828));
#12181=CARTESIAN_POINT('',(0.0202706060000003,-0.0166771459991184,-0.00138351543383131));
#12182=CARTESIAN_POINT('',(0.0202706060000003,-0.0175371827245291,-0.00251004550764778));
#12183=CARTESIAN_POINT('',(0.0202706060000003,-0.0184665752910182,-0.00358164562435862));
#12184=CARTESIAN_POINT('',(0.0202706060000003,-0.0198054753748192,-0.00421052040558622));
#12185=CARTESIAN_POINT('',(0.0202706060000003,-0.0205354719417932,-0.00430000078000037));
#12186=CARTESIAN_POINT('',(0.0202706060000002,-0.0209019069999986,-0.00430000078000037));
#12187=CARTESIAN_POINT('',(0.0242726060000002,-0.020901906999999,-0.00610200077999985));
#12188=CARTESIAN_POINT('',(0.0242726060000002,-0.020901906999999,-0.00535000077999985));
#12189=CARTESIAN_POINT('',(0.0220305775906797,-0.020901906999999,-0.00535000077999985));
#12190=CARTESIAN_POINT('',(-0.0218893655906796,-0.0209019069999986,-0.00535000077999985));
#12191=CARTESIAN_POINT('',(-0.020129394,-0.0209019069999986,-0.00630000078000037));
#12192=CARTESIAN_POINT('',(0.0202706060000002,-0.0209019069999986,-0.00630000078000037));
#12193=CARTESIAN_POINT('',(-0.015929394,-0.0224999999999983,-0.00740000077999985));
#12194=CARTESIAN_POINT('',(-0.020179394,-0.0224999999999983,-0.00740000077999985));
#12195=CARTESIAN_POINT('',(-0.020179394,-0.0224999999999983,-0.00988500077999973));
#12196=CARTESIAN_POINT('',(6.79270000000856E-5,-0.0224999999999983,-0.00988500077999973));
#12197=CARTESIAN_POINT('',(-0.011679394,-0.0224999999999983,-0.00988500077999973));
#12198=CARTESIAN_POINT('',(-0.011679394,-0.0224999999999983,-0.00740000077999985));
#12199=CARTESIAN_POINT('',(-0.021929394,-0.0255399999999983,-0.00740000077999985));
#12200=CARTESIAN_POINT('',(-0.021929394,-0.0268299999999983,-0.00740000077999985));
#12201=CARTESIAN_POINT('',(-0.021929394,-0.0268299999999983,-0.00988500077999973));
#12202=CARTESIAN_POINT('',(-0.021929394,-0.0374856869999981,-0.00988500077999973));
#12203=CARTESIAN_POINT('',(-0.021929394,-0.0242499999999983,-0.00988500077999973));
#12204=CARTESIAN_POINT('',(-0.021929394,-0.0242499999999983,-0.00740000077999985));
#12205=CARTESIAN_POINT('',(-0.015929394,-0.0285799999999983,-0.00740000077999985));
#12206=CARTESIAN_POINT('',(6.79270000000856E-5,-0.0285799999999983,-0.00988500077999973));
#12207=CARTESIAN_POINT('',(-0.0177943940000001,-0.0285799999999983,-0.00988500077999973));
#12208=CARTESIAN_POINT('',(-0.011679394,-0.0285799999999983,-0.00988500077999973));
#12209=CARTESIAN_POINT('',(-0.0177943940000001,-0.0285799999999983,-0.00740000077999985));
#12210=CARTESIAN_POINT('',(-0.0177943940000001,-0.0285799999999983,-0.00585000077999985));
#12211=CARTESIAN_POINT('',(-0.015929394,-0.0285799999999983,-0.00585000077999985));
#12212=CARTESIAN_POINT('',(-0.020179394,-0.0285799999999983,-0.00585000077999985));
#12213=CARTESIAN_POINT('',(-0.020179394,-0.0285799999999983,-0.00740000077999985));
#12214=CARTESIAN_POINT('',(-0.011679394,-0.0285799999999983,-0.00740000077999985));
#12215=CARTESIAN_POINT('',(-0.009929394,-0.0255399999999983,-0.00740000077999985));
#12216=CARTESIAN_POINT('',(-0.009929394,-0.0255399999999983,-0.00585000077999985));
#12217=CARTESIAN_POINT('',(-0.009929394,-0.0242499999999983,-0.00585000077999985));
#12218=CARTESIAN_POINT('',(-0.009929394,-0.0268299999999983,-0.00585000077999985));
#12219=CARTESIAN_POINT('',(-0.009929394,-0.0268299999999983,-0.00740000077999985));
#12220=CARTESIAN_POINT('',(-0.009929394,-0.0242499999999983,-0.00740000077999985));
#12221=CARTESIAN_POINT('',(-0.020179394,-0.0268299999999983,-0.00740000077999985));
#12222=CARTESIAN_POINT('',(-0.020179394,-0.0268299999999983,-0.00585000077999985));
#12223=CARTESIAN_POINT('',(-0.0209517403687151,-0.028400344257393,-0.00585000077999985));
#12224=CARTESIAN_POINT('',(-0.0209517403687151,-0.028400344257393,-0.00740000077999985));
#12225=CARTESIAN_POINT('',(-0.0209517403687151,-0.028400344257393,-0.00988500077999973));
#12226=CARTESIAN_POINT('',(-0.020179394,-0.0268299999999983,-0.00988500077999973));
#12227=CARTESIAN_POINT('',(-0.011679394,-0.0268299999999983,-0.00740000077999985));
#12228=CARTESIAN_POINT('',(-0.011679394,-0.0268299999999983,-0.00585000077999985));
#12229=CARTESIAN_POINT('',(-0.00995330573630649,-0.0271183041899427,-0.00585000077999985));
#12230=CARTESIAN_POINT('',(-0.00995330573630649,-0.0271183041899427,-0.00740000077999985));
#12231=CARTESIAN_POINT('',(-0.00995330573630649,-0.0271183041899427,-0.00988500077999973));
#12232=CARTESIAN_POINT('',(-0.011679394,-0.0268299999999983,-0.00988500077999973));
#12233=CARTESIAN_POINT('',(-0.011679394,-0.0242499999999983,-0.00740000077999985));
#12234=CARTESIAN_POINT('',(-0.011679394,-0.0242499999999983,-0.00988500077999973));
#12235=CARTESIAN_POINT('',(-0.00996618394527049,-0.0238930527932946,-0.00988500077999973));
#12236=CARTESIAN_POINT('',(-0.00996618394527049,-0.0238930527932946,-0.00740000077999985));
#12237=CARTESIAN_POINT('',(-0.00996618394527049,-0.0238930527932946,-0.00585000077999985));
#12238=CARTESIAN_POINT('',(-0.011679394,-0.0242499999999983,-0.00585000077999985));
#12239=CARTESIAN_POINT('',(-0.020179394,-0.0242499999999983,-0.00740000077999985));
#12240=CARTESIAN_POINT('',(-0.020179394,-0.0242499999999983,-0.00988500077999973));
#12241=CARTESIAN_POINT('',(0.00607820000000009,-0.0255019069999984,-0.00740000077999985));
#12242=CARTESIAN_POINT('',(0.00607820000000009,-0.0255019069999984,-0.00585000077999985));
#12243=CARTESIAN_POINT('',(0.00607820000000009,-0.0242119069999985,-0.00585000077999985));
#12244=CARTESIAN_POINT('',(0.00607820000000009,-0.0267919069999984,-0.00585000077999985));
#12245=CARTESIAN_POINT('',(0.00607820000000009,-0.0267919069999984,-0.00740000077999985));
#12246=CARTESIAN_POINT('',(0.00607820000000009,-0.0242119069999985,-0.00740000077999985));
#12247=CARTESIAN_POINT('',(7.8200000000089E-5,-0.0224619069999984,-0.00740000077999985));
#12248=CARTESIAN_POINT('',(-0.00417179999999991,-0.0224619069999984,-0.00740000077999985));
#12249=CARTESIAN_POINT('',(-0.00417179999999991,-0.0224619069999984,-0.00988500077999973));
#12250=CARTESIAN_POINT('',(6.79270000000856E-5,-0.0224619069999984,-0.00988500077999973));
#12251=CARTESIAN_POINT('',(0.00432820000000009,-0.0224619069999984,-0.00988500077999973));
#12252=CARTESIAN_POINT('',(0.00432820000000009,-0.0224619069999984,-0.00740000077999985));
#12253=CARTESIAN_POINT('',(-0.00592179999999991,-0.0255019069999984,-0.00740000077999985));
#12254=CARTESIAN_POINT('',(-0.00592179999999991,-0.0267919069999984,-0.00740000077999985));
#12255=CARTESIAN_POINT('',(-0.00592179999999991,-0.0267919069999984,-0.00585000077999985));
#12256=CARTESIAN_POINT('',(-0.00592179999999991,-0.0255019069999984,-0.00585000077999985));
#12257=CARTESIAN_POINT('',(-0.00592179999999991,-0.0242119069999985,-0.00585000077999985));
#12258=CARTESIAN_POINT('',(-0.00592179999999991,-0.0242119069999985,-0.00740000077999985));
#12259=CARTESIAN_POINT('',(7.8200000000089E-5,-0.0285419069999985,-0.00740000077999985));
#12260=CARTESIAN_POINT('',(7.8200000000089E-5,-0.0285419069999985,-0.00585000077999985));
#12261=CARTESIAN_POINT('',(-0.00170679999999991,-0.0285419069999985,-0.00585000077999985));
#12262=CARTESIAN_POINT('',(0.00186320000000009,-0.0285419069999985,-0.00585000077999985));
#12263=CARTESIAN_POINT('',(-0.00170679999999991,-0.0285419069999985,-0.00988500077999973));
#12264=CARTESIAN_POINT('',(-0.00170679999999991,-0.0285419069999985,-0.00988500077999973));
#12265=CARTESIAN_POINT('',(6.79270000000856E-5,-0.0285419069999985,-0.00988500077999973));
#12266=CARTESIAN_POINT('',(-0.00417179999999991,-0.0285419069999985,-0.00988500077999973));
#12267=CARTESIAN_POINT('',(-0.00417179999999991,-0.0285419069999985,-0.00740000077999985));
#12268=CARTESIAN_POINT('',(0.00432820000000009,-0.0285419069999985,-0.00740000077999985));
#12269=CARTESIAN_POINT('',(0.00432820000000009,-0.0285419069999985,-0.00988500077999973));
#12270=CARTESIAN_POINT('',(6.79270000000856E-5,-0.0285419069999985,-0.00988500077999973));
#12271=CARTESIAN_POINT('',(0.00186320000000009,-0.0285419069999985,-0.00988500077999973));
#12272=CARTESIAN_POINT('',(0.00186320000000009,-0.0285419069999985,-0.00740000077999985));
#12273=CARTESIAN_POINT('',(0.00432820000000009,-0.0267919069999984,-0.00740000077999985));
#12274=CARTESIAN_POINT('',(0.00432820000000009,-0.0267919069999984,-0.00585000077999985));
#12275=CARTESIAN_POINT('',(0.00604995733827872,-0.0271050390297937,-0.00585000077999985));
#12276=CARTESIAN_POINT('',(0.00604995733827872,-0.0271050390297937,-0.00740000077999985));
#12277=CARTESIAN_POINT('',(0.00604995733827872,-0.0271050390297937,-0.00988500077999973));
#12278=CARTESIAN_POINT('',(0.00432820000000009,-0.0267919069999984,-0.00988500077999973));
#12279=CARTESIAN_POINT('',(0.00432820000000009,-0.0242119069999985,-0.00740000077999985));
#12280=CARTESIAN_POINT('',(0.00432820000000009,-0.0242119069999985,-0.00988500077999973));
#12281=CARTESIAN_POINT('',(0.00604639577643574,-0.0238797876331457,-0.00988500077999973));
#12282=CARTESIAN_POINT('',(0.00604639577643574,-0.0238797876331457,-0.00740000077999985));
#12283=CARTESIAN_POINT('',(0.00604639577643574,-0.0238797876331457,-0.00585000077999985));
#12284=CARTESIAN_POINT('',(0.00432820000000009,-0.0242119069999985,-0.00585000077999985));
#12285=CARTESIAN_POINT('',(-0.00417179999999991,-0.0242119069999985,-0.00740000077999985));
#12286=CARTESIAN_POINT('',(-0.00417179999999991,-0.0242119069999985,-0.00585000077999985));
#12287=CARTESIAN_POINT('',(-0.00588999577643556,-0.0238797876331457,-0.00585000077999985));
#12288=CARTESIAN_POINT('',(-0.00588999577643556,-0.0238797876331457,-0.00740000077999985));
#12289=CARTESIAN_POINT('',(-0.00588999577643556,-0.0238797876331457,-0.00988500077999973));
#12290=CARTESIAN_POINT('',(-0.00417179999999991,-0.0242119069999985,-0.00988500077999973));
#12291=CARTESIAN_POINT('',(-0.00417179999999991,-0.0267919069999984,-0.00740000077999985));
#12292=CARTESIAN_POINT('',(-0.00417179999999991,-0.0267919069999984,-0.00988500077999973));
#12293=CARTESIAN_POINT('',(-0.00589355733827854,-0.0271050390297937,-0.00988500077999973));
#12294=CARTESIAN_POINT('',(-0.00589355733827854,-0.0271050390297937,-0.00740000077999985));
#12295=CARTESIAN_POINT('',(-0.00589355733827854,-0.0271050390297937,-0.00585000077999985));
#12296=CARTESIAN_POINT('',(-0.00417179999999991,-0.0267919069999984,-0.00585000077999985));
#12297=CARTESIAN_POINT('',(-0.009929394,-0.033497128999998,-0.00740000077999985));
#12298=CARTESIAN_POINT('',(-0.009929394,-0.033497128999998,-0.00585000077999985));
#12299=CARTESIAN_POINT('',(-0.009929394,-0.032207128999998,-0.00585000077999985));
#12300=CARTESIAN_POINT('',(-0.009929394,-0.034787128999998,-0.00585000077999985));
#12301=CARTESIAN_POINT('',(-0.009929394,-0.034787128999998,-0.00740000077999985));
#12302=CARTESIAN_POINT('',(-0.009929394,-0.032207128999998,-0.00740000077999985));
#12303=CARTESIAN_POINT('',(-0.015929394,-0.030457128999998,-0.00740000077999985));
#12304=CARTESIAN_POINT('',(-0.015929394,-0.030457128999998,-0.00585000077999985));
#12305=CARTESIAN_POINT('',(-0.020179394,-0.030457128999998,-0.00585000077999985));
#12306=CARTESIAN_POINT('',(-0.0177943940000001,-0.030457128999998,-0.00585000077999985));
#12307=CARTESIAN_POINT('',(-0.0177943940000001,-0.030457128999998,-0.00988500077999973));
#12308=CARTESIAN_POINT('',(-0.0177943940000001,-0.030457128999998,-0.00988500077999973));
#12309=CARTESIAN_POINT('',(6.79270000000856E-5,-0.030457128999998,-0.00988500077999973));
#12310=CARTESIAN_POINT('',(-0.011679394,-0.030457128999998,-0.00988500077999973));
#12311=CARTESIAN_POINT('',(-0.011679394,-0.030457128999998,-0.00740000077999985));
#12312=CARTESIAN_POINT('',(-0.020179394,-0.030457128999998,-0.00740000077999985));
#12313=CARTESIAN_POINT('',(-0.021929394,-0.033497128999998,-0.00740000077999985));
#12314=CARTESIAN_POINT('',(-0.021929394,-0.034787128999998,-0.00740000077999985));
#12315=CARTESIAN_POINT('',(-0.021929394,-0.034787128999998,-0.00988500077999973));
#12316=CARTESIAN_POINT('',(-0.021929394,-0.0374856869999981,-0.00988500077999973));
#12317=CARTESIAN_POINT('',(-0.021929394,-0.032207128999998,-0.00988500077999973));
#12318=CARTESIAN_POINT('',(-0.021929394,-0.032207128999998,-0.00740000077999985));
#12319=CARTESIAN_POINT('',(-0.015929394,-0.036537128999998,-0.00740000077999985));
#12320=CARTESIAN_POINT('',(6.79270000000856E-5,-0.036537128999998,-0.00988500077999973));
#12321=CARTESIAN_POINT('',(-0.0177943940000001,-0.036537128999998,-0.00988500077999973));
#12322=CARTESIAN_POINT('',(-0.011679394,-0.036537128999998,-0.00988500077999973));
#12323=CARTESIAN_POINT('',(-0.0177943940000001,-0.036537128999998,-0.00740000077999985));
#12324=CARTESIAN_POINT('',(-0.0177943940000001,-0.036537128999998,-0.00585000077999985));
#12325=CARTESIAN_POINT('',(-0.015929394,-0.036537128999998,-0.00585000077999985));
#12326=CARTESIAN_POINT('',(-0.020179394,-0.036537128999998,-0.00585000077999985));
#12327=CARTESIAN_POINT('',(-0.020179394,-0.036537128999998,-0.00740000077999985));
#12328=CARTESIAN_POINT('',(-0.011679394,-0.036537128999998,-0.00740000077999985));
#12329=CARTESIAN_POINT('',(-0.020179394,-0.034787128999998,-0.00740000077999985));
#12330=CARTESIAN_POINT('',(-0.020179394,-0.034787128999998,-0.00585000077999985));
#12331=CARTESIAN_POINT('',(-0.0209517403687151,-0.0363574732573927,-0.00585000077999985));
#12332=CARTESIAN_POINT('',(-0.0209517403687151,-0.0363574732573927,-0.00740000077999985));
#12333=CARTESIAN_POINT('',(-0.0209517403687151,-0.0363574732573927,-0.00988500077999973));
#12334=CARTESIAN_POINT('',(-0.020179394,-0.034787128999998,-0.00988500077999973));
#12335=CARTESIAN_POINT('',(-0.020179394,-0.032207128999998,-0.00740000077999985));
#12336=CARTESIAN_POINT('',(-0.020179394,-0.032207128999998,-0.00988500077999973));
#12337=CARTESIAN_POINT('',(-0.0209517403687151,-0.0306367847426033,-0.00988500077999973));
#12338=CARTESIAN_POINT('',(-0.0209517403687151,-0.0306367847426033,-0.00740000077999985));
#12339=CARTESIAN_POINT('',(-0.0209517403687151,-0.0306367847426033,-0.00585000077999985));
#12340=CARTESIAN_POINT('',(-0.020179394,-0.032207128999998,-0.00585000077999985));
#12341=CARTESIAN_POINT('',(-0.011679394,-0.032207128999998,-0.00740000077999985));
#12342=CARTESIAN_POINT('',(-0.011679394,-0.032207128999998,-0.00988500077999973));
#12343=CARTESIAN_POINT('',(-0.0099608640133682,-0.0318767433389181,-0.00988500077999973));
#12344=CARTESIAN_POINT('',(-0.0099608640133682,-0.0318767433389181,-0.00740000077999985));
#12345=CARTESIAN_POINT('',(-0.0099608640133682,-0.0318767433389181,-0.00585000077999985));
#12346=CARTESIAN_POINT('',(-0.011679394,-0.032207128999998,-0.00585000077999985));
#12347=CARTESIAN_POINT('',(-0.011679394,-0.034787128999998,-0.00740000077999985));
#12348=CARTESIAN_POINT('',(-0.011679394,-0.034787128999998,-0.00585000077999985));
#12349=CARTESIAN_POINT('',(-0.00995795286869024,-0.0351019947355661,-0.00585000077999985));
#12350=CARTESIAN_POINT('',(-0.00995795286869024,-0.0351019947355661,-0.00740000077999985));
#12351=CARTESIAN_POINT('',(-0.00995795286869024,-0.0351019947355661,-0.00988500077999973));
#12352=CARTESIAN_POINT('',(-0.011679394,-0.034787128999998,-0.00988500077999973));
#12353=CARTESIAN_POINT('',(0.0100670340000002,-0.0494840329999976,-0.00740000077999985));
#12354=CARTESIAN_POINT('',(0.0100670340000002,-0.0494840329999976,-0.00585000077999985));
#12355=CARTESIAN_POINT('',(0.0100670340000002,-0.0481940329999976,-0.00585000077999985));
#12356=CARTESIAN_POINT('',(0.0100670340000002,-0.0507740329999976,-0.00585000077999985));
#12357=CARTESIAN_POINT('',(0.0100670340000002,-0.0481940329999976,-0.00740000077999985));
#12358=CARTESIAN_POINT('',(0.0100670340000002,-0.0507740329999976,-0.00740000077999985));
#12359=CARTESIAN_POINT('',(0.0160670340000002,-0.0464440329999976,-0.00740000077999985));
#12360=CARTESIAN_POINT('',(6.79270000000856E-5,-0.0464440329999976,-0.00988500077999973));
#12361=CARTESIAN_POINT('',(0.0118170340000002,-0.0464440329999976,-0.00988500077999973));
#12362=CARTESIAN_POINT('',(0.0179302480000002,-0.0464440329999976,-0.00988500077999973));
#12363=CARTESIAN_POINT('',(0.0179302480000002,-0.0464440329999976,-0.00585000077999985));
#12364=CARTESIAN_POINT('',(0.0179302480000002,-0.0464440329999976,-0.00585000077999985));
#12365=CARTESIAN_POINT('',(0.0160670340000002,-0.0464440329999976,-0.00585000077999985));
#12366=CARTESIAN_POINT('',(0.0203170340000002,-0.0464440329999976,-0.00585000077999985));
#12367=CARTESIAN_POINT('',(0.0203170340000002,-0.0464440329999976,-0.00740000077999985));
#12368=CARTESIAN_POINT('',(0.0118170340000002,-0.0464440329999976,-0.00740000077999985));
#12369=CARTESIAN_POINT('',(0.0160670340000002,-0.0525240329999977,-0.00740000077999985));
#12370=CARTESIAN_POINT('',(0.0203170340000002,-0.0525240329999977,-0.00740000077999985));
#12371=CARTESIAN_POINT('',(0.0203170340000002,-0.0525240329999977,-0.00988500077999973));
#12372=CARTESIAN_POINT('',(6.79270000000856E-5,-0.0525240329999977,-0.00988500077999973));
#12373=CARTESIAN_POINT('',(0.0118170340000002,-0.0525240329999977,-0.00988500077999973));
#12374=CARTESIAN_POINT('',(0.0118170340000002,-0.0525240329999977,-0.00740000077999985));
#12375=CARTESIAN_POINT('',(0.0220670340000002,-0.0494840329999976,-0.00740000077999985));
#12376=CARTESIAN_POINT('',(0.0220670340000002,-0.0481940329999976,-0.00740000077999985));
#12377=CARTESIAN_POINT('',(0.0220670340000002,-0.0481940329999976,-0.00988500077999973));
#12378=CARTESIAN_POINT('',(0.0220670340000002,-0.0374856869999981,-0.00988500077999973));
#12379=CARTESIAN_POINT('',(0.0220670340000002,-0.0507740329999976,-0.00988500077999973));
#12380=CARTESIAN_POINT('',(0.0220670340000002,-0.0507740329999976,-0.00740000077999985));
#12381=CARTESIAN_POINT('',(0.0118170340000002,-0.0507740329999976,-0.00740000077999985));
#12382=CARTESIAN_POINT('',(0.0118170340000002,-0.0507740329999976,-0.00988500077999973));
#12383=CARTESIAN_POINT('',(0.010097030320126,-0.0510966586983217,-0.00988500077999973));
#12384=CARTESIAN_POINT('',(0.010097030320126,-0.0510966586983217,-0.00740000077999985));
#12385=CARTESIAN_POINT('',(0.010097030320126,-0.0510966586983217,-0.00585000077999985));
#12386=CARTESIAN_POINT('',(0.0118170340000002,-0.0507740329999976,-0.00585000077999985));
#12387=CARTESIAN_POINT('',(0.0118170340000002,-0.0481940329999976,-0.00740000077999985));
#12388=CARTESIAN_POINT('',(0.0118170340000002,-0.0481940329999976,-0.00585000077999985));
#12389=CARTESIAN_POINT('',(0.010097030320126,-0.0478714073016736,-0.00585000077999985));
#12390=CARTESIAN_POINT('',(0.010097030320126,-0.0478714073016736,-0.00740000077999985));
#12391=CARTESIAN_POINT('',(0.010097030320126,-0.0478714073016736,-0.00988500077999973));
#12392=CARTESIAN_POINT('',(0.0118170340000002,-0.0481940329999976,-0.00988500077999973));
#12393=CARTESIAN_POINT('',(0.0203170340000002,-0.0507740329999976,-0.00740000077999985));
#12394=CARTESIAN_POINT('',(0.0203170340000002,-0.0507740329999976,-0.00988500077999973));
#12395=CARTESIAN_POINT('',(0.0203170340000002,-0.0481940329999976,-0.00740000077999985));
#12396=CARTESIAN_POINT('',(0.0203170340000002,-0.0481940329999976,-0.00585000077999985));
#12397=CARTESIAN_POINT('',(0.021088216309125,-0.0466231167558608,-0.00585000077999985));
#12398=CARTESIAN_POINT('',(0.021088216309125,-0.0466231167558608,-0.00740000077999985));
#12399=CARTESIAN_POINT('',(0.021088216309125,-0.0466231167558608,-0.00988500077999973));
#12400=CARTESIAN_POINT('',(0.0203170340000002,-0.0481940329999976,-0.00988500077999973));
#12401=CARTESIAN_POINT('',(-0.00592712799999991,-0.0334885769999981,-0.00740000077999985));
#12402=CARTESIAN_POINT('',(-0.00592712799999991,-0.0347785769999981,-0.00740000077999985));
#12403=CARTESIAN_POINT('',(-0.00592712799999991,-0.0347785769999981,-0.00585000077999985));
#12404=CARTESIAN_POINT('',(-0.00592712799999991,-0.0334885769999981,-0.00585000077999985));
#12405=CARTESIAN_POINT('',(-0.00592712799999991,-0.0321985769999981,-0.00585000077999985));
#12406=CARTESIAN_POINT('',(-0.00592712799999991,-0.0321985769999981,-0.00740000077999985));
#12407=CARTESIAN_POINT('',(7.28720000000901E-5,-0.0365285769999981,-0.00740000077999985));
#12408=CARTESIAN_POINT('',(6.79270000000856E-5,-0.0365285769999981,-0.00988500077999973));
#12409=CARTESIAN_POINT('',(0.00186320000000009,-0.0365285769999981,-0.00988500077999973));
#12410=CARTESIAN_POINT('',(0.00432287200000009,-0.0365285769999981,-0.00988500077999973));
#12411=CARTESIAN_POINT('',(0.00186320000000009,-0.0365285769999981,-0.00740000077999985));
#12412=CARTESIAN_POINT('',(0.00186320000000009,-0.0365285769999981,-0.00585000077999985));
#12413=CARTESIAN_POINT('',(7.28720000000901E-5,-0.0365285769999981,-0.00585000077999985));
#12414=CARTESIAN_POINT('',(-0.00170679999999991,-0.0365285769999981,-0.00585000077999985));
#12415=CARTESIAN_POINT('',(-0.00170679999999991,-0.0365285769999981,-0.00988500077999973));
#12416=CARTESIAN_POINT('',(-0.00170679999999991,-0.0365285769999981,-0.00988500077999973));
#12417=CARTESIAN_POINT('',(6.79270000000856E-5,-0.0365285769999981,-0.00988500077999973));
#12418=CARTESIAN_POINT('',(-0.00417712799999991,-0.0365285769999981,-0.00988500077999973));
#12419=CARTESIAN_POINT('',(-0.00417712799999991,-0.0365285769999981,-0.00740000077999985));
#12420=CARTESIAN_POINT('',(0.00432287200000009,-0.0365285769999981,-0.00740000077999985));
#12421=CARTESIAN_POINT('',(0.00607287200000009,-0.0334885769999981,-0.00740000077999985));
#12422=CARTESIAN_POINT('',(0.00607287200000009,-0.0334885769999981,-0.00585000077999985));
#12423=CARTESIAN_POINT('',(0.00607287200000009,-0.0321985769999981,-0.00585000077999985));
#12424=CARTESIAN_POINT('',(0.00607287200000009,-0.0347785769999981,-0.00585000077999985));
#12425=CARTESIAN_POINT('',(0.00607287200000009,-0.0347785769999981,-0.00740000077999985));
#12426=CARTESIAN_POINT('',(0.00607287200000009,-0.0321985769999981,-0.00740000077999985));
#12427=CARTESIAN_POINT('',(7.28720000000905E-5,-0.0304485769999981,-0.00740000077999985));
#12428=CARTESIAN_POINT('',(6.79270000000856E-5,-0.0304485769999981,-0.00988500077999973));
#12429=CARTESIAN_POINT('',(-0.00417712799999991,-0.0304485769999981,-0.00988500077999973));
#12430=CARTESIAN_POINT('',(-0.00170679999999991,-0.0304485769999981,-0.00988500077999973));
#12431=CARTESIAN_POINT('',(-0.00170679999999991,-0.0304485769999981,-0.00740000077999985));
#12432=CARTESIAN_POINT('',(-0.00170679999999991,-0.0304485769999981,-0.00585000077999985));
#12433=CARTESIAN_POINT('',(7.28720000000905E-5,-0.0304485769999981,-0.00585000077999985));
#12434=CARTESIAN_POINT('',(0.00186320000000009,-0.0304485769999981,-0.00585000077999985));
#12435=CARTESIAN_POINT('',(0.00186320000000009,-0.0304485769999981,-0.00988500077999973));
#12436=CARTESIAN_POINT('',(0.00186320000000009,-0.0304485769999981,-0.00988500077999973));
#12437=CARTESIAN_POINT('',(6.79270000000856E-5,-0.0304485769999981,-0.00988500077999973));
#12438=CARTESIAN_POINT('',(0.00432287200000009,-0.0304485769999981,-0.00988500077999973));
#12439=CARTESIAN_POINT('',(0.00432287200000009,-0.0304485769999981,-0.00740000077999985));
#12440=CARTESIAN_POINT('',(-0.00417712799999991,-0.0304485769999981,-0.00740000077999985));
#12441=CARTESIAN_POINT('',(-0.00417712799999991,-0.0321985769999981,-0.00740000077999985));
#12442=CARTESIAN_POINT('',(-0.00417712799999991,-0.0321985769999981,-0.00585000077999985));
#12443=CARTESIAN_POINT('',(-0.00589672020132464,-0.0318737652681546,-0.00585000077999985));
#12444=CARTESIAN_POINT('',(-0.00589672020132464,-0.0318737652681546,-0.00740000077999985));
#12445=CARTESIAN_POINT('',(-0.00589672020132464,-0.0318737652681546,-0.00988500077999973));
#12446=CARTESIAN_POINT('',(-0.00417712799999991,-0.0321985769999981,-0.00988500077999973));
#12447=CARTESIAN_POINT('',(-0.00417712799999991,-0.0347785769999981,-0.00740000077999985));
#12448=CARTESIAN_POINT('',(-0.00417712799999991,-0.0347785769999981,-0.00988500077999973));
#12449=CARTESIAN_POINT('',(-0.00589754028233805,-0.0350990166648027,-0.00988500077999973));
#12450=CARTESIAN_POINT('',(-0.00589754028233806,-0.0350990166648027,-0.00740000077999985));
#12451=CARTESIAN_POINT('',(-0.00589754028233806,-0.0350990166648027,-0.00585000077999985));
#12452=CARTESIAN_POINT('',(-0.00417712799999991,-0.0347785769999981,-0.00585000077999985));
#12453=CARTESIAN_POINT('',(0.00432287200000009,-0.0347785769999981,-0.00740000077999985));
#12454=CARTESIAN_POINT('',(0.00432287200000009,-0.0347785769999981,-0.00585000077999985));
#12455=CARTESIAN_POINT('',(0.00604328428233824,-0.0350990166648027,-0.00585000077999985));
#12456=CARTESIAN_POINT('',(0.00604328428233824,-0.0350990166648027,-0.00740000077999985));
#12457=CARTESIAN_POINT('',(0.00604328428233823,-0.0350990166648027,-0.00988500077999973));
#12458=CARTESIAN_POINT('',(0.00432287200000009,-0.0347785769999981,-0.00988500077999973));
#12459=CARTESIAN_POINT('',(0.00432287200000009,-0.0321985769999981,-0.00740000077999985));
#12460=CARTESIAN_POINT('',(0.00432287200000009,-0.0321985769999981,-0.00988500077999973));
#12461=CARTESIAN_POINT('',(0.00604246420132482,-0.0318737652681546,-0.00988500077999973));
#12462=CARTESIAN_POINT('',(0.00604246420132482,-0.0318737652681546,-0.00740000077999985));
#12463=CARTESIAN_POINT('',(0.00604246420132482,-0.0318737652681546,-0.00585000077999985));
#12464=CARTESIAN_POINT('',(0.00432287200000009,-0.0321985769999981,-0.00585000077999985));
#12465=CARTESIAN_POINT('',(-0.015929394,-0.0464999999999974,-0.00740000077999985));
#12466=CARTESIAN_POINT('',(-0.015929394,-0.0464999999999974,-0.00585000077999985));
#12467=CARTESIAN_POINT('',(-0.020179394,-0.0464999999999974,-0.00585000077999985));
#12468=CARTESIAN_POINT('',(-0.0177943940000001,-0.0464999999999974,-0.00585000077999985));
#12469=CARTESIAN_POINT('',(-0.0177943940000001,-0.0464999999999974,-0.00988500077999973));
#12470=CARTESIAN_POINT('',(-0.0177943940000001,-0.0464999999999974,-0.00988500077999973));
#12471=CARTESIAN_POINT('',(6.79270000000856E-5,-0.0464999999999974,-0.00988500077999973));
#12472=CARTESIAN_POINT('',(-0.011679394,-0.0464999999999974,-0.00988500077999973));
#12473=CARTESIAN_POINT('',(-0.011679394,-0.0464999999999974,-0.00740000077999985));
#12474=CARTESIAN_POINT('',(-0.020179394,-0.0464999999999974,-0.00740000077999985));
#12475=CARTESIAN_POINT('',(-0.009929394,-0.0495399999999974,-0.00740000077999985));
#12476=CARTESIAN_POINT('',(-0.009929394,-0.0482499999999974,-0.00740000077999985));
#12477=CARTESIAN_POINT('',(-0.009929394,-0.0482499999999974,-0.00585000077999985));
#12478=CARTESIAN_POINT('',(-0.009929394,-0.0495399999999974,-0.00585000077999985));
#12479=CARTESIAN_POINT('',(-0.009929394,-0.0508299999999974,-0.00585000077999985));
#12480=CARTESIAN_POINT('',(-0.009929394,-0.0508299999999974,-0.00740000077999985));
#12481=CARTESIAN_POINT('',(-0.021929394,-0.0495399999999974,-0.00740000077999985));
#12482=CARTESIAN_POINT('',(-0.021929394,-0.0508299999999974,-0.00740000077999985));
#12483=CARTESIAN_POINT('',(-0.021929394,-0.0508299999999974,-0.00988500077999973));
#12484=CARTESIAN_POINT('',(-0.021929394,-0.0374856869999981,-0.00988500077999973));
#12485=CARTESIAN_POINT('',(-0.021929394,-0.0482499999999974,-0.00988500077999973));
#12486=CARTESIAN_POINT('',(-0.021929394,-0.0482499999999974,-0.00740000077999985));
#12487=CARTESIAN_POINT('',(-0.015929394,-0.0525799999999974,-0.00740000077999985));
#12488=CARTESIAN_POINT('',(-0.011679394,-0.0525799999999974,-0.00740000077999985));
#12489=CARTESIAN_POINT('',(-0.011679394,-0.0525799999999974,-0.00988500077999973));
#12490=CARTESIAN_POINT('',(6.79270000000856E-5,-0.0525799999999974,-0.00988500077999973));
#12491=CARTESIAN_POINT('',(-0.020179394,-0.0525799999999974,-0.00988500077999973));
#12492=CARTESIAN_POINT('',(-0.020179394,-0.0525799999999974,-0.00740000077999985));
#12493=CARTESIAN_POINT('',(-0.020179394,-0.0508299999999974,-0.00740000077999985));
#12494=CARTESIAN_POINT('',(-0.020179394,-0.0508299999999974,-0.00988500077999973));
#12495=CARTESIAN_POINT('',(-0.020179394,-0.0482499999999974,-0.00740000077999985));
#12496=CARTESIAN_POINT('',(-0.020179394,-0.0482499999999974,-0.00988500077999973));
#12497=CARTESIAN_POINT('',(-0.0209517403687151,-0.0466796557426027,-0.00988500077999973));
#12498=CARTESIAN_POINT('',(-0.0209517403687151,-0.0466796557426027,-0.00740000077999985));
#12499=CARTESIAN_POINT('',(-0.0209517403687151,-0.0466796557426027,-0.00585000077999985));
#12500=CARTESIAN_POINT('',(-0.020179394,-0.0482499999999974,-0.00585000077999985));
#12501=CARTESIAN_POINT('',(-0.011679394,-0.0482499999999974,-0.00740000077999985));
#12502=CARTESIAN_POINT('',(-0.011679394,-0.0482499999999974,-0.00988500077999973));
#12503=CARTESIAN_POINT('',(-0.00996663457454451,-0.0478908967411521,-0.00988500077999973));
#12504=CARTESIAN_POINT('',(-0.00996663457454451,-0.0478908967411521,-0.00740000077999985));
#12505=CARTESIAN_POINT('',(-0.00996663457454451,-0.0478908967411521,-0.00585000077999985));
#12506=CARTESIAN_POINT('',(-0.011679394,-0.0482499999999974,-0.00585000077999985));
#12507=CARTESIAN_POINT('',(-0.011679394,-0.0508299999999974,-0.00740000077999985));
#12508=CARTESIAN_POINT('',(-0.011679394,-0.0508299999999974,-0.00585000077999985));
#12509=CARTESIAN_POINT('',(-0.00995294700016713,-0.0511161481378002,-0.00585000077999985));
#12510=CARTESIAN_POINT('',(-0.00995294700016713,-0.0511161481378002,-0.00740000077999985));
#12511=CARTESIAN_POINT('',(-0.00995294700016713,-0.0511161481378002,-0.00988500077999973));
#12512=CARTESIAN_POINT('',(-0.011679394,-0.0508299999999974,-0.00988500077999973));
#12513=CARTESIAN_POINT('',(6.96780000000842E-5,-0.0384473409999979,-0.00740000077999985));
#12514=CARTESIAN_POINT('',(6.96780000000842E-5,-0.0384473409999979,-0.00585000077999985));
#12515=CARTESIAN_POINT('',(-0.00170679999999991,-0.0384473409999979,-0.00585000077999985));
#12516=CARTESIAN_POINT('',(0.00186320000000009,-0.0384473409999979,-0.00585000077999985));
#12517=CARTESIAN_POINT('',(0.00186320000000009,-0.0384473409999979,-0.00988500077999973));
#12518=CARTESIAN_POINT('',(0.00186320000000009,-0.0384473409999979,-0.00988500077999973));
#12519=CARTESIAN_POINT('',(6.79270000000856E-5,-0.0384473409999979,-0.00988500077999973));
#12520=CARTESIAN_POINT('',(0.00431967800000009,-0.0384473409999979,-0.00988500077999973));
#12521=CARTESIAN_POINT('',(0.00431967800000009,-0.0384473409999979,-0.00740000077999985));
#12522=CARTESIAN_POINT('',(-0.00418032199999992,-0.0384473409999979,-0.00740000077999985));
#12523=CARTESIAN_POINT('',(-0.00418032199999992,-0.0384473409999979,-0.00988500077999973));
#12524=CARTESIAN_POINT('',(6.79270000000856E-5,-0.0384473409999979,-0.00988500077999973));
#12525=CARTESIAN_POINT('',(-0.00170679999999991,-0.0384473409999979,-0.00988500077999973));
#12526=CARTESIAN_POINT('',(-0.00170679999999991,-0.0384473409999979,-0.00740000077999985));
#12527=CARTESIAN_POINT('',(-0.00593032199999992,-0.0414873409999979,-0.00740000077999985));
#12528=CARTESIAN_POINT('',(-0.00593032199999992,-0.0427773409999979,-0.00740000077999985));
#12529=CARTESIAN_POINT('',(-0.00593032199999992,-0.0427773409999979,-0.00585000077999985));
#12530=CARTESIAN_POINT('',(-0.00593032199999992,-0.0414873409999979,-0.00585000077999985));
#12531=CARTESIAN_POINT('',(-0.00593032199999992,-0.0401973409999979,-0.00585000077999985));
#12532=CARTESIAN_POINT('',(-0.00593032199999992,-0.0401973409999979,-0.00740000077999985));
#12533=CARTESIAN_POINT('',(6.96780000000842E-5,-0.0445273409999978,-0.00740000077999985));
#12534=CARTESIAN_POINT('',(6.96780000000842E-5,-0.0445273409999978,-0.00585000077999985));
#12535=CARTESIAN_POINT('',(-0.00170679999999991,-0.0445273409999978,-0.00585000077999985));
#12536=CARTESIAN_POINT('',(0.00186320000000009,-0.0445273409999978,-0.00585000077999985));
#12537=CARTESIAN_POINT('',(-0.00170679999999991,-0.0445273409999978,-0.00988500077999973));
#12538=CARTESIAN_POINT('',(-0.00170679999999991,-0.0445273409999978,-0.00988500077999973));
#12539=CARTESIAN_POINT('',(6.79270000000856E-5,-0.0445273409999978,-0.00988500077999973));
#12540=CARTESIAN_POINT('',(-0.00418032199999992,-0.0445273409999978,-0.00988500077999973));
#12541=CARTESIAN_POINT('',(-0.00418032199999992,-0.0445273409999978,-0.00740000077999985));
#12542=CARTESIAN_POINT('',(0.00431967800000009,-0.0445273409999978,-0.00740000077999985));
#12543=CARTESIAN_POINT('',(0.00431967800000009,-0.0445273409999978,-0.00988500077999973));
#12544=CARTESIAN_POINT('',(6.79270000000856E-5,-0.0445273409999978,-0.00988500077999973));
#12545=CARTESIAN_POINT('',(0.00186320000000009,-0.0445273409999978,-0.00988500077999973));
#12546=CARTESIAN_POINT('',(0.00186320000000009,-0.0445273409999978,-0.00740000077999985));
#12547=CARTESIAN_POINT('',(0.00606967800000008,-0.0414873409999979,-0.00740000077999985));
#12548=CARTESIAN_POINT('',(0.00606967800000008,-0.0414873409999979,-0.00585000077999985));
#12549=CARTESIAN_POINT('',(0.00606967800000008,-0.0401973409999979,-0.00585000077999985));
#12550=CARTESIAN_POINT('',(0.00606967800000008,-0.0427773409999979,-0.00585000077999985));
#12551=CARTESIAN_POINT('',(0.00606967800000008,-0.0427773409999979,-0.00740000077999985));
#12552=CARTESIAN_POINT('',(0.00606967800000008,-0.0401973409999979,-0.00740000077999985));
#12553=CARTESIAN_POINT('',(-0.00418032199999992,-0.0401973409999979,-0.00740000077999985));
#12554=CARTESIAN_POINT('',(-0.00418032199999992,-0.0401973409999979,-0.00585000077999985));
#12555=CARTESIAN_POINT('',(-0.00589962603746577,-0.0398710073873349,-0.00585000077999985));
#12556=CARTESIAN_POINT('',(-0.00589962603746578,-0.0398710073873349,-0.00740000077999985));
#12557=CARTESIAN_POINT('',(-0.00589962603746578,-0.0398710073873349,-0.00988500077999973));
#12558=CARTESIAN_POINT('',(-0.00418032199999992,-0.0401973409999979,-0.00988500077999973));
#12559=CARTESIAN_POINT('',(-0.00418032199999992,-0.0427773409999979,-0.00740000077999985));
#12560=CARTESIAN_POINT('',(-0.00418032199999992,-0.0427773409999979,-0.00988500077999973));
#12561=CARTESIAN_POINT('',(-0.00590101704766466,-0.043096258783983,-0.00988500077999973));
#12562=CARTESIAN_POINT('',(-0.00590101704766466,-0.043096258783983,-0.00740000077999985));
#12563=CARTESIAN_POINT('',(-0.00590101704766466,-0.043096258783983,-0.00585000077999985));
#12564=CARTESIAN_POINT('',(-0.00418032199999992,-0.0427773409999979,-0.00585000077999985));
#12565=CARTESIAN_POINT('',(0.00431967800000009,-0.0427773409999979,-0.00740000077999985));
#12566=CARTESIAN_POINT('',(0.00431967800000009,-0.0427773409999979,-0.00585000077999985));
#12567=CARTESIAN_POINT('',(0.00604037304766483,-0.043096258783983,-0.00585000077999985));
#12568=CARTESIAN_POINT('',(0.00604037304766483,-0.043096258783983,-0.00740000077999985));
#12569=CARTESIAN_POINT('',(0.00604037304766483,-0.043096258783983,-0.00988500077999973));
#12570=CARTESIAN_POINT('',(0.00431967800000009,-0.0427773409999979,-0.00988500077999973));
#12571=CARTESIAN_POINT('',(0.00431967800000009,-0.0401973409999979,-0.00740000077999985));
#12572=CARTESIAN_POINT('',(0.00431967800000009,-0.0401973409999979,-0.00988500077999973));
#12573=CARTESIAN_POINT('',(0.00603898203746594,-0.0398710073873349,-0.00988500077999973));
#12574=CARTESIAN_POINT('',(0.00603898203746594,-0.0398710073873349,-0.00740000077999985));
#12575=CARTESIAN_POINT('',(0.00603898203746594,-0.0398710073873349,-0.00585000077999985));
#12576=CARTESIAN_POINT('',(0.00431967800000009,-0.0401973409999979,-0.00585000077999985));
#12577=CARTESIAN_POINT('',(0.0100652480000002,-0.0254873409999986,-0.00740000077999985));
#12578=CARTESIAN_POINT('',(0.0100652480000002,-0.0267773409999986,-0.00740000077999985));
#12579=CARTESIAN_POINT('',(0.0100652480000002,-0.0267773409999986,-0.00585000077999985));
#12580=CARTESIAN_POINT('',(0.0100652480000002,-0.0254873409999986,-0.00585000077999985));
#12581=CARTESIAN_POINT('',(0.0100652480000002,-0.0241973409999986,-0.00585000077999985));
#12582=CARTESIAN_POINT('',(0.0100652480000002,-0.0241973409999986,-0.00740000077999985));
#12583=CARTESIAN_POINT('',(0.0160652480000002,-0.0285273409999986,-0.00740000077999985));
#12584=CARTESIAN_POINT('',(0.0160652480000002,-0.0285273409999986,-0.00585000077999985));
#12585=CARTESIAN_POINT('',(0.0179302480000002,-0.0285273409999986,-0.00585000077999985));
#12586=CARTESIAN_POINT('',(0.0203152480000002,-0.0285273409999986,-0.00585000077999985));
#12587=CARTESIAN_POINT('',(0.0179302480000002,-0.0285273409999986,-0.00740000077999985));
#12588=CARTESIAN_POINT('',(0.0179302480000002,-0.0285273409999986,-0.00988500077999973));
#12589=CARTESIAN_POINT('',(6.79270000000856E-5,-0.0285273409999986,-0.00988500077999973));
#12590=CARTESIAN_POINT('',(0.0118152480000002,-0.0285273409999986,-0.00988500077999973));
#12591=CARTESIAN_POINT('',(0.0118152480000002,-0.0285273409999986,-0.00740000077999985));
#12592=CARTESIAN_POINT('',(0.0203152480000002,-0.0285273409999986,-0.00740000077999985));
#12593=CARTESIAN_POINT('',(0.0160652480000002,-0.0224473409999986,-0.00740000077999985));
#12594=CARTESIAN_POINT('',(0.0118152480000002,-0.0224473409999986,-0.00740000077999985));
#12595=CARTESIAN_POINT('',(0.0118152480000002,-0.0224473409999986,-0.00988500077999973));
#12596=CARTESIAN_POINT('',(6.79270000000856E-5,-0.0224473409999986,-0.00988500077999973));
#12597=CARTESIAN_POINT('',(0.0203152480000002,-0.0224473409999986,-0.00988500077999973));
#12598=CARTESIAN_POINT('',(0.0203152480000002,-0.0224473409999986,-0.00740000077999985));
#12599=CARTESIAN_POINT('',(0.0220652480000002,-0.0254873409999986,-0.00740000077999985));
#12600=CARTESIAN_POINT('',(0.0220652480000002,-0.0241973409999986,-0.00740000077999985));
#12601=CARTESIAN_POINT('',(0.0220652480000002,-0.0241973409999986,-0.00988500077999973));
#12602=CARTESIAN_POINT('',(0.0220652480000002,-0.0374856869999981,-0.00988500077999973));
#12603=CARTESIAN_POINT('',(0.0220652480000002,-0.0267773409999986,-0.00988500077999973));
#12604=CARTESIAN_POINT('',(0.0220652480000002,-0.0267773409999986,-0.00740000077999985));
#12605=CARTESIAN_POINT('',(0.0203152480000002,-0.0267773409999986,-0.00740000077999985));
#12606=CARTESIAN_POINT('',(0.0203152480000002,-0.0267773409999986,-0.00988500077999973));
#12607=CARTESIAN_POINT('',(0.0210875943687153,-0.0283476852573934,-0.00988500077999973));
#12608=CARTESIAN_POINT('',(0.0210875943687153,-0.0283476852573934,-0.00740000077999985));
#12609=CARTESIAN_POINT('',(0.0210875943687153,-0.0283476852573934,-0.00585000077999985));
#12610=CARTESIAN_POINT('',(0.0203152480000002,-0.0267773409999986,-0.00585000077999985));
#12611=CARTESIAN_POINT('',(0.0118152480000002,-0.0241973409999986,-0.00740000077999985));
#12612=CARTESIAN_POINT('',(0.0118152480000002,-0.0241973409999986,-0.00585000077999985));
#12613=CARTESIAN_POINT('',(0.010095244320126,-0.0238747153016745,-0.00585000077999985));
#12614=CARTESIAN_POINT('',(0.010095244320126,-0.0238747153016745,-0.00740000077999985));
#12615=CARTESIAN_POINT('',(0.010095244320126,-0.0238747153016745,-0.00988500077999973));
#12616=CARTESIAN_POINT('',(0.0118152480000002,-0.0241973409999986,-0.00988500077999973));
#12617=CARTESIAN_POINT('',(0.0118152480000002,-0.0267773409999986,-0.00740000077999985));
#12618=CARTESIAN_POINT('',(0.0118152480000002,-0.0267773409999986,-0.00988500077999973));
#12619=CARTESIAN_POINT('',(0.010095244320126,-0.0270999666983226,-0.00988500077999973));
#12620=CARTESIAN_POINT('',(0.010095244320126,-0.0270999666983226,-0.00740000077999985));
#12621=CARTESIAN_POINT('',(0.010095244320126,-0.0270999666983226,-0.00585000077999985));
#12622=CARTESIAN_POINT('',(0.0118152480000002,-0.0267773409999986,-0.00585000077999985));
#12623=CARTESIAN_POINT('',(0.0203152480000002,-0.0241973409999986,-0.00740000077999985));
#12624=CARTESIAN_POINT('',(0.0203152480000002,-0.0241973409999986,-0.00988500077999973));
#12625=CARTESIAN_POINT('',(-0.011679394,-0.0427750749999977,-0.00740000077999985));
#12626=CARTESIAN_POINT('',(-0.009929394,-0.0427750749999977,-0.00740000077999985));
#12627=CARTESIAN_POINT('',(-0.009929394,-0.0427750749999977,-0.00585000077999985));
#12628=CARTESIAN_POINT('',(-0.011679394,-0.0427750749999977,-0.00585000077999985));
#12629=CARTESIAN_POINT('',(-0.00995897334188598,-0.0430954696927353,-0.00585000077999985));
#12630=CARTESIAN_POINT('',(-0.00995897334188598,-0.0430954696927353,-0.00740000077999985));
#12631=CARTESIAN_POINT('',(-0.00995897334188598,-0.0430954696927353,-0.00988500077999973));
#12632=CARTESIAN_POINT('',(-0.011679394,-0.0427750749999977,-0.00988500077999973));
#12633=CARTESIAN_POINT('',(-0.011679394,-0.0445250749999977,-0.00988500077999973));
#12634=CARTESIAN_POINT('',(-0.011679394,-0.0445250749999977,-0.00740000077999985));
#12635=CARTESIAN_POINT('',(-0.011679394,-0.0401950749999977,-0.00740000077999985));
#12636=CARTESIAN_POINT('',(-0.011679394,-0.0401950749999977,-0.00988500077999973));
#12637=CARTESIAN_POINT('',(-0.00995981029400475,-0.0398702182960873,-0.00988500077999973));
#12638=CARTESIAN_POINT('',(-0.011679394,-0.0384450749999977,-0.00988500077999973));
#12639=CARTESIAN_POINT('',(-0.00995981029400475,-0.0398702182960873,-0.00740000077999985));
#12640=CARTESIAN_POINT('',(-0.00995981029400475,-0.0398702182960873,-0.00585000077999985));
#12641=CARTESIAN_POINT('',(-0.011679394,-0.0401950749999977,-0.00585000077999985));
#12642=CARTESIAN_POINT('',(-0.009929394,-0.0401950749999977,-0.00585000077999985));
#12643=CARTESIAN_POINT('',(-0.009929394,-0.0401950749999977,-0.00740000077999985));
#12644=CARTESIAN_POINT('',(-0.011679394,-0.0384450749999977,-0.00740000077999985));
#12645=CARTESIAN_POINT('',(-0.020179394,-0.0401950749999977,-0.00740000077999985));
#12646=CARTESIAN_POINT('',(-0.020179394,-0.0401950749999977,-0.00988500077999973));
#12647=CARTESIAN_POINT('',(-0.0209517403687151,-0.0386247307426029,-0.00988500077999973));
#12648=CARTESIAN_POINT('',(-0.021929394,-0.0401950749999977,-0.00988500077999973));
#12649=CARTESIAN_POINT('',(-0.0209517403687151,-0.0386247307426029,-0.00740000077999985));
#12650=CARTESIAN_POINT('',(-0.0209517403687151,-0.0386247307426029,-0.00585000077999985));
#12651=CARTESIAN_POINT('',(-0.020179394,-0.0401950749999977,-0.00585000077999985));
#12652=CARTESIAN_POINT('',(-0.020179394,-0.0384450749999977,-0.00585000077999985));
#12653=CARTESIAN_POINT('',(-0.020179394,-0.0384450749999977,-0.00740000077999985));
#12654=CARTESIAN_POINT('',(-0.021929394,-0.0401950749999977,-0.00740000077999985));
#12655=CARTESIAN_POINT('',(-0.020179394,-0.0427750749999977,-0.00740000077999985));
#12656=CARTESIAN_POINT('',(-0.020179394,-0.0427750749999977,-0.00585000077999985));
#12657=CARTESIAN_POINT('',(-0.020179394,-0.0445250749999977,-0.00585000077999985));
#12658=CARTESIAN_POINT('',(-0.0209517403687151,-0.0443454192573925,-0.00585000077999985));
#12659=CARTESIAN_POINT('',(-0.0209517403687151,-0.0443454192573925,-0.00740000077999985));
#12660=CARTESIAN_POINT('',(-0.0209517403687151,-0.0443454192573925,-0.00988500077999973));
#12661=CARTESIAN_POINT('',(-0.020179394,-0.0427750749999977,-0.00988500077999973));
#12662=CARTESIAN_POINT('',(-0.021929394,-0.0427750749999977,-0.00988500077999973));
#12663=CARTESIAN_POINT('',(-0.021929394,-0.0427750749999977,-0.00740000077999985));
#12664=CARTESIAN_POINT('',(-0.020179394,-0.0445250749999977,-0.00740000077999985));
#12665=CARTESIAN_POINT('',(-0.009929394,-0.0414850749999977,-0.00740000077999985));
#12666=CARTESIAN_POINT('',(-0.009929394,-0.0414850749999977,-0.00585000077999985));
#12667=CARTESIAN_POINT('',(-0.021929394,-0.0414850749999977,-0.00740000077999985));
#12668=CARTESIAN_POINT('',(-0.021929394,-0.0374856869999981,-0.00988500077999973));
#12669=CARTESIAN_POINT('',(-0.015929394,-0.0445250749999977,-0.00740000077999985));
#12670=CARTESIAN_POINT('',(6.79270000000856E-5,-0.0445250749999977,-0.00988500077999973));
#12671=CARTESIAN_POINT('',(-0.0177943940000001,-0.0445250749999977,-0.00988500077999973));
#12672=CARTESIAN_POINT('',(-0.0177943940000001,-0.0445250749999977,-0.00740000077999985));
#12673=CARTESIAN_POINT('',(-0.0177943940000001,-0.0445250749999977,-0.00585000077999985));
#12674=CARTESIAN_POINT('',(-0.015929394,-0.0445250749999977,-0.00585000077999985));
#12675=CARTESIAN_POINT('',(-0.015929394,-0.0384450749999977,-0.00740000077999985));
#12676=CARTESIAN_POINT('',(-0.015929394,-0.0384450749999977,-0.00585000077999985));
#12677=CARTESIAN_POINT('',(-0.0177943940000001,-0.0384450749999977,-0.00585000077999985));
#12678=CARTESIAN_POINT('',(-0.0177943940000001,-0.0384450749999977,-0.00988500077999973));
#12679=CARTESIAN_POINT('',(-0.0177943940000001,-0.0384450749999977,-0.00988500077999973));
#12680=CARTESIAN_POINT('',(6.79270000000856E-5,-0.0384450749999977,-0.00988500077999973));
#12681=CARTESIAN_POINT('',(0.0118122720000002,-0.0427716519999979,-0.00740000077999985));
#12682=CARTESIAN_POINT('',(0.0118122720000002,-0.0427716519999979,-0.00988500077999973));
#12683=CARTESIAN_POINT('',(0.0100922683201259,-0.043094277698322,-0.00988500077999973));
#12684=CARTESIAN_POINT('',(0.0118122720000002,-0.0445216519999979,-0.00988500077999973));
#12685=CARTESIAN_POINT('',(0.0100922683201259,-0.043094277698322,-0.00740000077999985));
#12686=CARTESIAN_POINT('',(0.0100922683201259,-0.043094277698322,-0.00585000077999985));
#12687=CARTESIAN_POINT('',(0.0118122720000002,-0.0427716519999979,-0.00585000077999985));
#12688=CARTESIAN_POINT('',(0.0100622720000002,-0.0427716519999979,-0.00585000077999985));
#12689=CARTESIAN_POINT('',(0.0100622720000002,-0.0427716519999979,-0.00740000077999985));
#12690=CARTESIAN_POINT('',(0.0118122720000002,-0.0445216519999979,-0.00740000077999985));
#12691=CARTESIAN_POINT('',(0.0118122720000002,-0.0401916519999979,-0.00740000077999985));
#12692=CARTESIAN_POINT('',(0.0100622720000002,-0.0401916519999979,-0.00740000077999985));
#12693=CARTESIAN_POINT('',(0.0100622720000002,-0.0401916519999979,-0.00585000077999985));
#12694=CARTESIAN_POINT('',(0.0118122720000002,-0.0401916519999979,-0.00585000077999985));
#12695=CARTESIAN_POINT('',(0.0100922683201259,-0.039869026301674,-0.00585000077999985));
#12696=CARTESIAN_POINT('',(0.0100922683201259,-0.039869026301674,-0.00740000077999985));
#12697=CARTESIAN_POINT('',(0.0100922683201259,-0.039869026301674,-0.00988500077999973));
#12698=CARTESIAN_POINT('',(0.0118122720000002,-0.0401916519999979,-0.00988500077999973));
#12699=CARTESIAN_POINT('',(0.0118122720000002,-0.0384416519999979,-0.00988500077999973));
#12700=CARTESIAN_POINT('',(0.0118122720000002,-0.0384416519999979,-0.00740000077999985));
#12701=CARTESIAN_POINT('',(0.0220622720000002,-0.0414816519999979,-0.00740000077999985));
#12702=CARTESIAN_POINT('',(0.0220622720000002,-0.0401916519999979,-0.00740000077999985));
#12703=CARTESIAN_POINT('',(0.0220622720000002,-0.0401916519999979,-0.00988500077999973));
#12704=CARTESIAN_POINT('',(0.0220622720000002,-0.0374856869999981,-0.00988500077999973));
#12705=CARTESIAN_POINT('',(0.0220622720000002,-0.0427716519999979,-0.00988500077999973));
#12706=CARTESIAN_POINT('',(0.0220622720000002,-0.0427716519999979,-0.00740000077999985));
#12707=CARTESIAN_POINT('',(0.0203122720000002,-0.0401916519999979,-0.00740000077999985));
#12708=CARTESIAN_POINT('',(0.0203122720000002,-0.0401916519999979,-0.00585000077999985));
#12709=CARTESIAN_POINT('',(0.0210865580335198,-0.0386222632214295,-0.00585000077999985));
#12710=CARTESIAN_POINT('',(0.0203122720000002,-0.0384416519999979,-0.00585000077999985));
#12711=CARTESIAN_POINT('',(0.0210865580335198,-0.0386222632214295,-0.00740000077999985));
#12712=CARTESIAN_POINT('',(0.0210865580335198,-0.0386222632214295,-0.00988500077999973));
#12713=CARTESIAN_POINT('',(0.0203122720000002,-0.0401916519999979,-0.00988500077999973));
#12714=CARTESIAN_POINT('',(0.0203122720000002,-0.0384416519999979,-0.00740000077999985));
#12715=CARTESIAN_POINT('',(0.0203122720000002,-0.0427716519999979,-0.00740000077999985));
#12716=CARTESIAN_POINT('',(0.0203122720000002,-0.0427716519999979,-0.00988500077999973));
#12717=CARTESIAN_POINT('',(0.0210865580335198,-0.0443410407785664,-0.00988500077999973));
#12718=CARTESIAN_POINT('',(0.0210865580335198,-0.0443410407785664,-0.00740000077999985));
#12719=CARTESIAN_POINT('',(0.0210865580335198,-0.0443410407785664,-0.00585000077999985));
#12720=CARTESIAN_POINT('',(0.0203122720000002,-0.0427716519999979,-0.00585000077999985));
#12721=CARTESIAN_POINT('',(0.0203122720000002,-0.0445216519999979,-0.00585000077999985));
#12722=CARTESIAN_POINT('',(0.0203122720000002,-0.0445216519999979,-0.00740000077999985));
#12723=CARTESIAN_POINT('',(0.0160622720000002,-0.0445216519999979,-0.00740000077999985));
#12724=CARTESIAN_POINT('',(0.0160622720000002,-0.0445216519999979,-0.00585000077999985));
#12725=CARTESIAN_POINT('',(0.0179302480000002,-0.0445216519999979,-0.00585000077999985));
#12726=CARTESIAN_POINT('',(0.0179302480000002,-0.0445216519999979,-0.00740000077999985));
#12727=CARTESIAN_POINT('',(0.0179302480000002,-0.0445216519999979,-0.00988500077999973));
#12728=CARTESIAN_POINT('',(6.79270000000856E-5,-0.0445216519999979,-0.00988500077999973));
#12729=CARTESIAN_POINT('',(0.0100622720000002,-0.0414816519999979,-0.00740000077999985));
#12730=CARTESIAN_POINT('',(0.0100622720000002,-0.0414816519999979,-0.00585000077999985));
#12731=CARTESIAN_POINT('',(0.0160622720000002,-0.0384416519999979,-0.00740000077999985));
#12732=CARTESIAN_POINT('',(6.79270000000856E-5,-0.0384416519999979,-0.00988500077999973));
#12733=CARTESIAN_POINT('',(0.0179302480000002,-0.0384416519999979,-0.00988500077999973));
#12734=CARTESIAN_POINT('',(0.0179302480000002,-0.0384416519999979,-0.00585000077999985));
#12735=CARTESIAN_POINT('',(0.0179302480000002,-0.0384416519999979,-0.00585000077999985));
#12736=CARTESIAN_POINT('',(0.0160622720000002,-0.0384416519999979,-0.00585000077999985));
#12737=CARTESIAN_POINT('',(0.00431457800000009,-0.0481943009999975,-0.00740000077999985));
#12738=CARTESIAN_POINT('',(0.00431457800000009,-0.0481943009999975,-0.00988500077999973));
#12739=CARTESIAN_POINT('',(0.00603454890660083,-0.0478715006275581,-0.00988500077999973));
#12740=CARTESIAN_POINT('',(0.00431457800000009,-0.0464443009999975,-0.00988500077999973));
#12741=CARTESIAN_POINT('',(0.00603454890660083,-0.0478715006275581,-0.00740000077999985));
#12742=CARTESIAN_POINT('',(0.00603454890660083,-0.0478715006275581,-0.00585000077999985));
#12743=CARTESIAN_POINT('',(0.00431457800000009,-0.0481943009999975,-0.00585000077999985));
#12744=CARTESIAN_POINT('',(0.00606457800000008,-0.0481943009999975,-0.00585000077999985));
#12745=CARTESIAN_POINT('',(0.00606457800000008,-0.0481943009999975,-0.00740000077999985));
#12746=CARTESIAN_POINT('',(0.00431457800000009,-0.0464443009999975,-0.00740000077999985));
#12747=CARTESIAN_POINT('',(0.00431457800000009,-0.0507743009999975,-0.00740000077999985));
#12748=CARTESIAN_POINT('',(0.00431457800000009,-0.0507743009999975,-0.00585000077999985));
#12749=CARTESIAN_POINT('',(0.00606457800000008,-0.0507743009999975,-0.00585000077999985));
#12750=CARTESIAN_POINT('',(0.00603461443478476,-0.0510967520242062,-0.00585000077999985));
#12751=CARTESIAN_POINT('',(0.00603461443478476,-0.0510967520242062,-0.00740000077999985));
#12752=CARTESIAN_POINT('',(0.00603461443478476,-0.0510967520242062,-0.00988500077999973));
#12753=CARTESIAN_POINT('',(0.00431457800000009,-0.0507743009999975,-0.00988500077999973));
#12754=CARTESIAN_POINT('',(0.00431457800000009,-0.0525243009999975,-0.00988500077999973));
#12755=CARTESIAN_POINT('',(0.00431457800000009,-0.0525243009999975,-0.00740000077999985));
#12756=CARTESIAN_POINT('',(0.00606457800000008,-0.0507743009999975,-0.00740000077999985));
#12757=CARTESIAN_POINT('',(-0.00418542199999992,-0.0481943009999975,-0.00740000077999985));
#12758=CARTESIAN_POINT('',(-0.00418542199999992,-0.0481943009999975,-0.00585000077999985));
#12759=CARTESIAN_POINT('',(-0.00593542199999991,-0.0481943009999975,-0.00585000077999985));
#12760=CARTESIAN_POINT('',(-0.00590539290660066,-0.0478715006275581,-0.00585000077999985));
#12761=CARTESIAN_POINT('',(-0.00590539290660066,-0.0478715006275581,-0.00740000077999985));
#12762=CARTESIAN_POINT('',(-0.00590539290660066,-0.0478715006275581,-0.00988500077999973));
#12763=CARTESIAN_POINT('',(-0.00418542199999992,-0.0481943009999975,-0.00988500077999973));
#12764=CARTESIAN_POINT('',(-0.00418542199999992,-0.0464443009999975,-0.00988500077999973));
#12765=CARTESIAN_POINT('',(-0.00418542199999992,-0.0464443009999975,-0.00740000077999985));
#12766=CARTESIAN_POINT('',(-0.00593542199999991,-0.0481943009999975,-0.00740000077999985));
#12767=CARTESIAN_POINT('',(-0.00418542199999992,-0.0507743009999975,-0.00740000077999985));
#12768=CARTESIAN_POINT('',(-0.00418542199999992,-0.0507743009999975,-0.00988500077999973));
#12769=CARTESIAN_POINT('',(-0.00590545843478459,-0.0510967520242062,-0.00988500077999973));
#12770=CARTESIAN_POINT('',(-0.00418542199999992,-0.0525243009999975,-0.00988500077999973));
#12771=CARTESIAN_POINT('',(-0.00590545843478459,-0.0510967520242062,-0.00740000077999985));
#12772=CARTESIAN_POINT('',(-0.00590545843478459,-0.0510967520242062,-0.00585000077999985));
#12773=CARTESIAN_POINT('',(-0.00418542199999992,-0.0507743009999975,-0.00585000077999985));
#12774=CARTESIAN_POINT('',(-0.00593542199999991,-0.0507743009999975,-0.00585000077999985));
#12775=CARTESIAN_POINT('',(-0.00593542199999991,-0.0507743009999975,-0.00740000077999985));
#12776=CARTESIAN_POINT('',(-0.00418542199999992,-0.0525243009999975,-0.00740000077999985));
#12777=CARTESIAN_POINT('',(0.00606457800000008,-0.0494843009999975,-0.00740000077999985));
#12778=CARTESIAN_POINT('',(0.00606457800000008,-0.0494843009999975,-0.00585000077999985));
#12779=CARTESIAN_POINT('',(6.45780000000842E-5,-0.0525243009999975,-0.00740000077999985));
#12780=CARTESIAN_POINT('',(6.79270000000856E-5,-0.0525243009999975,-0.00988500077999973));
#12781=CARTESIAN_POINT('',(-0.00593542199999991,-0.0494843009999975,-0.00740000077999985));
#12782=CARTESIAN_POINT('',(-0.00593542199999991,-0.0494843009999975,-0.00585000077999985));
#12783=CARTESIAN_POINT('',(6.4578000000085E-5,-0.0464443009999975,-0.00740000077999985));
#12784=CARTESIAN_POINT('',(6.79270000000856E-5,-0.0464443009999975,-0.00988500077999973));
#12785=CARTESIAN_POINT('',(-0.00170679999999991,-0.0464443009999975,-0.00988500077999973));
#12786=CARTESIAN_POINT('',(-0.00170679999999991,-0.0464443009999975,-0.00740000077999985));
#12787=CARTESIAN_POINT('',(-0.00170679999999991,-0.0464443009999975,-0.00585000077999985));
#12788=CARTESIAN_POINT('',(6.4578000000085E-5,-0.0464443009999975,-0.00585000077999985));
#12789=CARTESIAN_POINT('',(0.00186320000000009,-0.0464443009999975,-0.00585000077999985));
#12790=CARTESIAN_POINT('',(0.00186320000000009,-0.0464443009999975,-0.00988500077999973));
#12791=CARTESIAN_POINT('',(0.00186320000000009,-0.0464443009999975,-0.00988500077999973));
#12792=CARTESIAN_POINT('',(6.79270000000856E-5,-0.0464443009999975,-0.00988500077999973));
#12793=CARTESIAN_POINT('',(0.0203146530000002,-0.0321952229999983,-0.00740000077999985));
#12794=CARTESIAN_POINT('',(0.0203146530000002,-0.0321952229999983,-0.00585000077999985));
#12795=CARTESIAN_POINT('',(0.0210873871713223,-0.030625069536011,-0.00585000077999985));
#12796=CARTESIAN_POINT('',(0.0203146530000002,-0.0304452229999983,-0.00585000077999985));
#12797=CARTESIAN_POINT('',(0.0210873871713223,-0.030625069536011,-0.00740000077999985));
#12798=CARTESIAN_POINT('',(0.0210873871713223,-0.030625069536011,-0.00988500077999973));
#12799=CARTESIAN_POINT('',(0.0203146530000002,-0.0321952229999983,-0.00988500077999973));
#12800=CARTESIAN_POINT('',(0.0220646530000002,-0.0321952229999983,-0.00988500077999973));
#12801=CARTESIAN_POINT('',(0.0220646530000002,-0.0321952229999983,-0.00740000077999985));
#12802=CARTESIAN_POINT('',(0.0203146530000002,-0.0304452229999983,-0.00740000077999985));
#12803=CARTESIAN_POINT('',(0.0118146530000002,-0.0347752229999983,-0.00740000077999985));
#12804=CARTESIAN_POINT('',(0.0118146530000002,-0.0347752229999983,-0.00988500077999973));
#12805=CARTESIAN_POINT('',(0.0100946493201259,-0.0350978486983223,-0.00988500077999973));
#12806=CARTESIAN_POINT('',(0.0118146530000002,-0.0365252229999983,-0.00988500077999973));
#12807=CARTESIAN_POINT('',(0.0100946493201259,-0.0350978486983223,-0.00740000077999985));
#12808=CARTESIAN_POINT('',(0.0100946493201259,-0.0350978486983223,-0.00585000077999985));
#12809=CARTESIAN_POINT('',(0.0118146530000002,-0.0347752229999983,-0.00585000077999985));
#12810=CARTESIAN_POINT('',(0.0100646530000002,-0.0347752229999983,-0.00585000077999985));
#12811=CARTESIAN_POINT('',(0.0100646530000002,-0.0347752229999983,-0.00740000077999985));
#12812=CARTESIAN_POINT('',(0.0118146530000002,-0.0365252229999983,-0.00740000077999985));
#12813=CARTESIAN_POINT('',(0.0118146530000002,-0.0321952229999983,-0.00740000077999985));
#12814=CARTESIAN_POINT('',(0.0100646530000002,-0.0321952229999983,-0.00740000077999985));
#12815=CARTESIAN_POINT('',(0.0100646530000002,-0.0321952229999983,-0.00585000077999985));
#12816=CARTESIAN_POINT('',(0.0118146530000002,-0.0321952229999983,-0.00585000077999985));
#12817=CARTESIAN_POINT('',(0.0100946493201259,-0.0318725973016743,-0.00585000077999985));
#12818=CARTESIAN_POINT('',(0.0100946493201259,-0.0318725973016743,-0.00740000077999985));
#12819=CARTESIAN_POINT('',(0.0100946493201259,-0.0318725973016743,-0.00988500077999973));
#12820=CARTESIAN_POINT('',(0.0118146530000002,-0.0321952229999983,-0.00988500077999973));
#12821=CARTESIAN_POINT('',(0.0118146530000002,-0.0304452229999983,-0.00988500077999973));
#12822=CARTESIAN_POINT('',(0.0118146530000002,-0.0304452229999983,-0.00740000077999985));
#12823=CARTESIAN_POINT('',(0.0203146530000002,-0.0347752229999983,-0.00740000077999985));
#12824=CARTESIAN_POINT('',(0.0203146530000002,-0.0347752229999983,-0.00988500077999973));
#12825=CARTESIAN_POINT('',(0.0210873871713223,-0.0363453764639855,-0.00988500077999973));
#12826=CARTESIAN_POINT('',(0.0220646530000002,-0.0347752229999983,-0.00988500077999973));
#12827=CARTESIAN_POINT('',(0.0210873871713223,-0.0363453764639855,-0.00740000077999985));
#12828=CARTESIAN_POINT('',(0.0210873871713223,-0.0363453764639855,-0.00585000077999985));
#12829=CARTESIAN_POINT('',(0.0203146530000002,-0.0347752229999983,-0.00585000077999985));
#12830=CARTESIAN_POINT('',(0.0203146530000002,-0.0365252229999983,-0.00585000077999985));
#12831=CARTESIAN_POINT('',(0.0203146530000002,-0.0365252229999983,-0.00740000077999985));
#12832=CARTESIAN_POINT('',(0.0220646530000002,-0.0347752229999983,-0.00740000077999985));
#12833=CARTESIAN_POINT('',(0.0220646530000002,-0.0334852229999983,-0.00740000077999985));
#12834=CARTESIAN_POINT('',(0.0220646530000002,-0.0374856869999981,-0.00988500077999973));
#12835=CARTESIAN_POINT('',(0.0160646530000002,-0.0365252229999983,-0.00740000077999985));
#12836=CARTESIAN_POINT('',(0.0160646530000002,-0.0365252229999983,-0.00585000077999985));
#12837=CARTESIAN_POINT('',(0.0179302480000002,-0.0365252229999983,-0.00585000077999985));
#12838=CARTESIAN_POINT('',(0.0179302480000002,-0.0365252229999983,-0.00740000077999985));
#12839=CARTESIAN_POINT('',(0.0179302480000002,-0.0365252229999983,-0.00988500077999973));
#12840=CARTESIAN_POINT('',(6.79270000000856E-5,-0.0365252229999983,-0.00988500077999973));
#12841=CARTESIAN_POINT('',(0.0100646530000002,-0.0334852229999983,-0.00740000077999985));
#12842=CARTESIAN_POINT('',(0.0100646530000002,-0.0334852229999983,-0.00585000077999985));
#12843=CARTESIAN_POINT('',(0.0160646530000002,-0.0304452229999983,-0.00740000077999985));
#12844=CARTESIAN_POINT('',(6.79270000000856E-5,-0.0304452229999983,-0.00988500077999973));
#12845=CARTESIAN_POINT('',(0.0179302480000002,-0.0304452229999983,-0.00988500077999973));
#12846=CARTESIAN_POINT('',(0.0179302480000002,-0.0304452229999983,-0.00585000077999985));
#12847=CARTESIAN_POINT('',(0.0179302480000002,-0.0304452229999983,-0.00585000077999985));
#12848=CARTESIAN_POINT('',(0.0160646530000002,-0.0304452229999983,-0.00585000077999985));
#12849=CARTESIAN_POINT('',(0.0188652480000002,-0.0374834374999981,-0.00610000077999985));
#12850=CARTESIAN_POINT('',(0.0188652480000002,-0.0374856869999981,-0.00585000077999985));
#12851=CARTESIAN_POINT('',(0.0188652480000002,-0.0375066519999979,-0.00585000077999985));
#12852=CARTESIAN_POINT('',(0.0188652480000002,-0.0374602229999983,-0.00585000077999985));
#12853=CARTESIAN_POINT('',(0.0188652480000002,-0.0375066519999979,-0.00988500077999973));
#12854=CARTESIAN_POINT('',(0.0188652480000002,-0.0375066519999979,-0.00988500077999973));
#12855=CARTESIAN_POINT('',(0.0188652480000002,-0.0374856869999981,-0.00988500077999973));
#12856=CARTESIAN_POINT('',(0.0188652480000002,-0.0374602229999983,-0.00988500077999973));
#12857=CARTESIAN_POINT('',(0.0188652480000002,-0.0374602229999983,-0.00610000077999985));
#12858=CARTESIAN_POINT('',(0.0205652480000002,-0.0374856869999981,-0.00610000077999985));
#12859=CARTESIAN_POINT('',(0.0205652480000002,-0.0374856869999981,-0.00988500077999973));
#12860=CARTESIAN_POINT('',(0.0205652480000002,-0.0451795427831158,-0.00988500077999973));
#12861=CARTESIAN_POINT('',(0.0205652480000002,-0.0457837986482791,-0.00988500077999973));
#12862=CARTESIAN_POINT('',(0.0205652480000002,-0.0457837986482791,-0.00585000077999985));
#12863=CARTESIAN_POINT('',(0.0205652480000002,-0.0457837986482791,-0.00585000077999985));
#12864=CARTESIAN_POINT('',(0.0205652480000002,-0.0374856869999981,-0.00585000077999985));
#12865=CARTESIAN_POINT('',(0.0205652480000002,-0.0451795427831158,-0.00585000077999985));
#12866=CARTESIAN_POINT('',(0.0205652480000002,-0.0451795427831158,-0.00988500077999973));
#12867=CARTESIAN_POINT('',(6.79270000000856E-5,-0.0374856869999981,-0.00585000077999985));
#12868=CARTESIAN_POINT('',(0.0215002480000002,-0.0371842870290301,-0.00585000077999985));
#12869=CARTESIAN_POINT('',(0.0205652480000002,-0.0371842870290301,-0.00585000077999985));
#12870=CARTESIAN_POINT('',(0.0205652480000002,-0.0374856869999981,-0.00585000077999985));
#12871=CARTESIAN_POINT('',(0.0205652480000002,-0.0377837612168801,-0.00585000077999985));
#12872=CARTESIAN_POINT('',(0.0215002480000002,-0.0377837612168801,-0.00585000077999985));
#12873=CARTESIAN_POINT('',(0.0179302480000002,-0.0375066519999979,-0.00585000077999985));
#12874=CARTESIAN_POINT('',(0.0179302480000002,-0.0374602229999983,-0.00585000077999985));
#12875=CARTESIAN_POINT('',(6.79270000000856E-5,-0.0374856869999981,-0.00585000077999985));
#12876=CARTESIAN_POINT('',(6.79270000000856E-5,-0.0246373409999986,-0.00585000077999985));
#12877=CARTESIAN_POINT('',(0.00917627092545029,-0.0246373409999986,-0.00585000077999985));
#12878=CARTESIAN_POINT('',(0.00696440323413135,-0.0246373409999986,-0.00585000077999985));
#12879=CARTESIAN_POINT('',(0.00917627092545029,-0.0237023409999986,-0.00585000077999985));
#12880=CARTESIAN_POINT('',(0.00917627092545029,-0.0272723409999986,-0.00585000077999985));
#12881=CARTESIAN_POINT('',(0.00917627092545029,-0.0263373409999986,-0.00585000077999985));
#12882=CARTESIAN_POINT('',(6.79270000000856E-5,-0.0263373409999986,-0.00585000077999985));
#12883=CARTESIAN_POINT('',(0.00696986768758759,-0.0263373409999986,-0.00585000077999985));
#12884=CARTESIAN_POINT('',(0.00696986768758759,-0.0272723409999986,-0.00585000077999985));
#12885=CARTESIAN_POINT('',(0.00696440323413135,-0.0237023409999986,-0.00585000077999985));
#12886=CARTESIAN_POINT('',(6.79270000000856E-5,-0.0246373409999986,-0.00610000077999985));
#12887=CARTESIAN_POINT('',(0.00696440323413135,-0.0246373409999986,-0.00988500077999973));
#12888=CARTESIAN_POINT('',(0.00696440323413135,-0.0246373409999986,-0.00988500077999973));
#12889=CARTESIAN_POINT('',(6.79270000000856E-5,-0.0246373409999986,-0.00988500077999973));
#12890=CARTESIAN_POINT('',(0.00917627092545029,-0.0246373409999986,-0.00988500077999973));
#12891=CARTESIAN_POINT('',(0.00917627092545029,-0.0246373409999986,-0.00585000077999985));
#12892=CARTESIAN_POINT('',(0.00989672400000014,-0.0263373409999986,-0.00610000077999985));
#12893=CARTESIAN_POINT('',(6.79270000000856E-5,-0.0263373409999986,-0.00988500077999973));
#12894=CARTESIAN_POINT('',(0.00696986768758759,-0.0263373409999986,-0.00988500077999973));
#12895=CARTESIAN_POINT('',(0.00917627092545029,-0.0263373409999986,-0.00988500077999973));
#12896=CARTESIAN_POINT('',(0.00696986768758759,-0.0263373409999986,-0.00610000077999985));
#12897=CARTESIAN_POINT('',(0.00917627092545029,-0.0263373409999986,-0.00610000077999985));
#12898=CARTESIAN_POINT('',(-0.018729394,-0.0374834374999981,-0.00610000077999985));
#12899=CARTESIAN_POINT('',(-0.018729394,-0.0374856869999981,-0.00988500077999973));
#12900=CARTESIAN_POINT('',(-0.018729394,-0.0375100749999977,-0.00988500077999973));
#12901=CARTESIAN_POINT('',(-0.018729394,-0.037472128999998,-0.00988500077999973));
#12902=CARTESIAN_POINT('',(-0.018729394,-0.0375100749999977,-0.00585000077999985));
#12903=CARTESIAN_POINT('',(-0.018729394,-0.0375100749999977,-0.00585000077999985));
#12904=CARTESIAN_POINT('',(-0.018729394,-0.0374856869999981,-0.00585000077999985));
#12905=CARTESIAN_POINT('',(-0.018729394,-0.037472128999998,-0.00585000077999985));
#12906=CARTESIAN_POINT('',(-0.018729394,-0.037472128999998,-0.00610000077999985));
#12907=CARTESIAN_POINT('',(6.79270000000856E-5,-0.0374856869999981,-0.00585000077999985));
#12908=CARTESIAN_POINT('',(6.79270000000856E-5,-0.040631651999998,-0.00585000077999985));
#12909=CARTESIAN_POINT('',(-0.00681822562319753,-0.040631651999998,-0.00585000077999985));
#12910=CARTESIAN_POINT('',(-0.00904106128537299,-0.040631651999998,-0.00585000077999985));
#12911=CARTESIAN_POINT('',(-0.00681822562319753,-0.0396966519999979,-0.00585000077999985));
#12912=CARTESIAN_POINT('',(-0.00682035983027411,-0.0432666519999979,-0.00585000077999985));
#12913=CARTESIAN_POINT('',(-0.00682035983027411,-0.042331651999998,-0.00585000077999985));
#12914=CARTESIAN_POINT('',(6.79270000000856E-5,-0.042331651999998,-0.00585000077999985));
#12915=CARTESIAN_POINT('',(-0.00903977716169362,-0.042331651999998,-0.00585000077999985));
#12916=CARTESIAN_POINT('',(-0.00903977716169362,-0.0432666519999979,-0.00585000077999985));
#12917=CARTESIAN_POINT('',(-0.00904106128537299,-0.0396966519999979,-0.00585000077999985));
#12918=CARTESIAN_POINT('',(-0.009750597,-0.042331651999998,-0.00610000077999985));
#12919=CARTESIAN_POINT('',(-0.00682035983027411,-0.042331651999998,-0.00610000077999985));
#12920=CARTESIAN_POINT('',(-0.00682035983027411,-0.042331651999998,-0.00988500077999973));
#12921=CARTESIAN_POINT('',(6.79270000000856E-5,-0.042331651999998,-0.00988500077999973));
#12922=CARTESIAN_POINT('',(-0.00903977716169362,-0.042331651999998,-0.00988500077999973));
#12923=CARTESIAN_POINT('',(-0.00903977716169362,-0.042331651999998,-0.00610000077999985));
#12924=CARTESIAN_POINT('',(-0.009750597,-0.040631651999998,-0.00610000077999985));
#12925=CARTESIAN_POINT('',(6.79270000000856E-5,-0.040631651999998,-0.00988500077999973));
#12926=CARTESIAN_POINT('',(-0.00904106128537299,-0.040631651999998,-0.00988500077999973));
#12927=CARTESIAN_POINT('',(-0.00681822562319753,-0.040631651999998,-0.00988500077999973));
#12928=CARTESIAN_POINT('',(-0.00681822562319753,-0.040631651999998,-0.00585000077999985));
#12929=CARTESIAN_POINT('',(-0.00904106128537299,-0.040631651999998,-0.00988500077999973));
#12930=CARTESIAN_POINT('',(6.79270000000856E-5,-0.0374856869999981,-0.00585000077999985));
#12931=CARTESIAN_POINT('',(-0.0177943940000001,-0.037472128999998,-0.00585000077999985));
#12932=CARTESIAN_POINT('',(-0.0177943940000001,-0.0375100749999977,-0.00585000077999985));
#12933=CARTESIAN_POINT('',(-0.021364394,-0.0377857182393663,-0.00585000077999985));
#12934=CARTESIAN_POINT('',(-0.020429394,-0.0377857182393663,-0.00585000077999985));
#12935=CARTESIAN_POINT('',(-0.020429394,-0.0374856869999981,-0.00585000077999985));
#12936=CARTESIAN_POINT('',(-0.020429394,-0.0371964857606293,-0.00585000077999985));
#12937=CARTESIAN_POINT('',(-0.021364394,-0.0371964857606293,-0.00585000077999985));
#12938=CARTESIAN_POINT('',(-0.020429394,-0.0374856869999981,-0.00610000077999985));
#12939=CARTESIAN_POINT('',(-0.020429394,-0.0374856869999981,-0.00988500077999973));
#12940=CARTESIAN_POINT('',(-0.020429394,-0.045840643239366,-0.00988500077999973));
#12941=CARTESIAN_POINT('',(-0.020429394,-0.045184431760629,-0.00988500077999973));
#12942=CARTESIAN_POINT('',(-0.020429394,-0.045184431760629,-0.00585000077999985));
#12943=CARTESIAN_POINT('',(-0.020429394,-0.045184431760629,-0.00585000077999985));
#12944=CARTESIAN_POINT('',(-0.020429394,-0.0374856869999981,-0.00585000077999985));
#12945=CARTESIAN_POINT('',(-0.020429394,-0.045840643239366,-0.00585000077999985));
#12946=CARTESIAN_POINT('',(-0.020429394,-0.045840643239366,-0.00988500077999973));
#12947=CARTESIAN_POINT('',(0.0188652480000002,-0.0454828424999978,-0.00610000077999985));
#12948=CARTESIAN_POINT('',(0.0188652480000002,-0.0374856869999981,-0.00585000077999985));
#12949=CARTESIAN_POINT('',(0.0188652480000002,-0.0455090329999977,-0.00585000077999985));
#12950=CARTESIAN_POINT('',(0.0188652480000002,-0.045456651999998,-0.00585000077999985));
#12951=CARTESIAN_POINT('',(0.0188652480000002,-0.0455090329999977,-0.00988500077999973));
#12952=CARTESIAN_POINT('',(0.0188652480000002,-0.0455090329999977,-0.00988500077999973));
#12953=CARTESIAN_POINT('',(0.0188652480000002,-0.0374856869999981,-0.00988500077999973));
#12954=CARTESIAN_POINT('',(0.0188652480000002,-0.045456651999998,-0.00988500077999973));
#12955=CARTESIAN_POINT('',(0.0188652480000002,-0.045456651999998,-0.00610000077999985));
#12956=CARTESIAN_POINT('',(0.0205652480000002,-0.0374856869999981,-0.00610000077999985));
#12957=CARTESIAN_POINT('',(0.0205652480000002,-0.0374856869999981,-0.00585000077999985));
#12958=CARTESIAN_POINT('',(0.0205652480000002,-0.0297861589709665,-0.00585000077999985));
#12959=CARTESIAN_POINT('',(0.0205652480000002,-0.0291866977606299,-0.00585000077999985));
#12960=CARTESIAN_POINT('',(0.0205652480000002,-0.0291866977606299,-0.00988500077999973));
#12961=CARTESIAN_POINT('',(0.0205652480000002,-0.0291866977606299,-0.00988500077999973));
#12962=CARTESIAN_POINT('',(0.0205652480000002,-0.0374856869999981,-0.00988500077999973));
#12963=CARTESIAN_POINT('',(0.0205652480000002,-0.0297861589709665,-0.00988500077999973));
#12964=CARTESIAN_POINT('',(0.0205652480000002,-0.0297861589709665,-0.00585000077999985));
#12965=CARTESIAN_POINT('',(6.79270000000856E-5,-0.0374856869999981,-0.00585000077999985));
#12966=CARTESIAN_POINT('',(0.0215002480000002,-0.0451795427831158,-0.00585000077999985));
#12967=CARTESIAN_POINT('',(0.0215002480000002,-0.0457837986482791,-0.00585000077999985));
#12968=CARTESIAN_POINT('',(0.0179302480000002,-0.0455090329999977,-0.00585000077999985));
#12969=CARTESIAN_POINT('',(0.0179302480000002,-0.045456651999998,-0.00585000077999985));
#12970=CARTESIAN_POINT('',(6.79270000000856E-5,-0.0374856869999981,-0.00585000077999985));
#12971=CARTESIAN_POINT('',(0.00186320000000009,-0.0294769069999984,-0.00585000077999985));
#12972=CARTESIAN_POINT('',(0.000928200000000089,-0.0294769069999984,-0.00585000077999985));
#12973=CARTESIAN_POINT('',(0.000928200000000089,-0.0374856869999981,-0.00585000077999985));
#12974=CARTESIAN_POINT('',(0.000928200000000089,-0.0295135769999981,-0.00585000077999985));
#12975=CARTESIAN_POINT('',(0.00186320000000009,-0.0295135769999981,-0.00585000077999985));
#12976=CARTESIAN_POINT('',(-0.00170679999999991,-0.0295135769999981,-0.00585000077999985));
#12977=CARTESIAN_POINT('',(-0.000771799999999911,-0.0295135769999981,-0.00585000077999985));
#12978=CARTESIAN_POINT('',(-0.000771799999999911,-0.0374856869999981,-0.00585000077999985));
#12979=CARTESIAN_POINT('',(-0.000771799999999911,-0.0294769069999984,-0.00585000077999985));
#12980=CARTESIAN_POINT('',(-0.00170679999999991,-0.0294769069999984,-0.00585000077999985));
#12981=CARTESIAN_POINT('',(0.000928200000000089,-0.0294862819999985,-0.00610000077999985));
#12982=CARTESIAN_POINT('',(0.000928200000000089,-0.0374856869999981,-0.00988500077999973));
#12983=CARTESIAN_POINT('',(0.000928200000000089,-0.0295135769999981,-0.00988500077999973));
#12984=CARTESIAN_POINT('',(0.000928200000000089,-0.0294769069999984,-0.00988500077999973));
#12985=CARTESIAN_POINT('',(0.000928200000000089,-0.0295135769999981,-0.00585000077999985));
#12986=CARTESIAN_POINT('',(0.000928200000000089,-0.0294769069999984,-0.00610000077999985));
#12987=CARTESIAN_POINT('',(-0.000771799999999911,-0.0294862819999985,-0.00610000077999985));
#12988=CARTESIAN_POINT('',(-0.000771799999999911,-0.0374856869999981,-0.00988500077999973));
#12989=CARTESIAN_POINT('',(-0.000771799999999911,-0.0295135769999981,-0.00988500077999973));
#12990=CARTESIAN_POINT('',(-0.000771799999999911,-0.0294769069999984,-0.00988500077999973));
#12991=CARTESIAN_POINT('',(-0.000771799999999911,-0.0294769069999984,-0.00585000077999985));
#12992=CARTESIAN_POINT('',(-0.000771799999999911,-0.0295135769999981,-0.00610000077999985));
#12993=CARTESIAN_POINT('',(6.79270000000856E-5,-0.0374856869999981,-0.00585000077999985));
#12994=CARTESIAN_POINT('',(-0.00682444932994098,-0.0512690329999977,-0.00585000077999985));
#12995=CARTESIAN_POINT('',(-0.00682444932994098,-0.0503340329999977,-0.00585000077999985));
#12996=CARTESIAN_POINT('',(6.79270000000856E-5,-0.0503340329999977,-0.00585000077999985));
#12997=CARTESIAN_POINT('',(-0.00903053103168499,-0.0503340329999977,-0.00585000077999985));
#12998=CARTESIAN_POINT('',(-0.00903053103168499,-0.0512690329999977,-0.00585000077999985));
#12999=CARTESIAN_POINT('',(-0.00905153168151542,-0.0476990329999977,-0.00585000077999985));
#13000=CARTESIAN_POINT('',(-0.00905153168151542,-0.0486340329999977,-0.00585000077999985));
#13001=CARTESIAN_POINT('',(6.79270000000856E-5,-0.0486340329999977,-0.00585000077999985));
#13002=CARTESIAN_POINT('',(-0.00682434879098449,-0.0486340329999977,-0.00585000077999985));
#13003=CARTESIAN_POINT('',(-0.00682434879098449,-0.0476990329999977,-0.00585000077999985));
#13004=CARTESIAN_POINT('',(0.00989672400000014,-0.0326352229999982,-0.00610000077999985));
#13005=CARTESIAN_POINT('',(6.79270000000856E-5,-0.0326352229999982,-0.00988500077999973));
#13006=CARTESIAN_POINT('',(0.00696121774888975,-0.0326352229999982,-0.00988500077999973));
#13007=CARTESIAN_POINT('',(0.00917567592545029,-0.0326352229999982,-0.00988500077999973));
#13008=CARTESIAN_POINT('',(0.00917567592545029,-0.0326352229999982,-0.00585000077999985));
#13009=CARTESIAN_POINT('',(0.00917567592545029,-0.0326352229999982,-0.00585000077999985));
#13010=CARTESIAN_POINT('',(6.79270000000856E-5,-0.0326352229999982,-0.00585000077999985));
#13011=CARTESIAN_POINT('',(0.00696121774888975,-0.0326352229999982,-0.00585000077999985));
#13012=CARTESIAN_POINT('',(0.00696121774888975,-0.0326352229999982,-0.00988500077999973));
#13013=CARTESIAN_POINT('',(0.00989672400000014,-0.0343352229999982,-0.00610000077999985));
#13014=CARTESIAN_POINT('',(6.79270000000856E-5,-0.0343352229999982,-0.00585000077999985));
#13015=CARTESIAN_POINT('',(0.00917567592545029,-0.0343352229999982,-0.00585000077999985));
#13016=CARTESIAN_POINT('',(0.00696247598747319,-0.0343352229999982,-0.00585000077999985));
#13017=CARTESIAN_POINT('',(0.00917567592545029,-0.0343352229999982,-0.00610000077999985));
#13018=CARTESIAN_POINT('',(0.00917567592545029,-0.0343352229999982,-0.00988500077999973));
#13019=CARTESIAN_POINT('',(6.79270000000856E-5,-0.0343352229999982,-0.00988500077999973));
#13020=CARTESIAN_POINT('',(0.00696247598747319,-0.0343352229999982,-0.00988500077999973));
#13021=CARTESIAN_POINT('',(0.00696247598747319,-0.0343352229999982,-0.00610000077999985));
#13022=CARTESIAN_POINT('',(0.00989672400000014,-0.040631651999998,-0.00610000077999985));
#13023=CARTESIAN_POINT('',(6.79270000000856E-5,-0.040631651999998,-0.00585000077999985));
#13024=CARTESIAN_POINT('',(0.00917329492545029,-0.040631651999998,-0.00585000077999985));
#13025=CARTESIAN_POINT('',(0.0069575816231977,-0.040631651999998,-0.00585000077999985));
#13026=CARTESIAN_POINT('',(0.0069575816231977,-0.040631651999998,-0.00988500077999973));
#13027=CARTESIAN_POINT('',(0.0069575816231977,-0.040631651999998,-0.00988500077999973));
#13028=CARTESIAN_POINT('',(6.79270000000856E-5,-0.040631651999998,-0.00988500077999973));
#13029=CARTESIAN_POINT('',(0.00917329492545029,-0.040631651999998,-0.00988500077999973));
#13030=CARTESIAN_POINT('',(0.00917329492545029,-0.040631651999998,-0.00585000077999985));
#13031=CARTESIAN_POINT('',(0.00989672400000014,-0.042331651999998,-0.00610000077999985));
#13032=CARTESIAN_POINT('',(6.79270000000856E-5,-0.042331651999998,-0.00585000077999985));
#13033=CARTESIAN_POINT('',(0.00917329492545029,-0.042331651999998,-0.00585000077999985));
#13034=CARTESIAN_POINT('',(0.00695971583027428,-0.042331651999998,-0.00585000077999985));
#13035=CARTESIAN_POINT('',(0.00917329492545029,-0.042331651999998,-0.00610000077999985));
#13036=CARTESIAN_POINT('',(0.00917329492545029,-0.042331651999998,-0.00988500077999973));
#13037=CARTESIAN_POINT('',(6.79270000000856E-5,-0.042331651999998,-0.00988500077999973));
#13038=CARTESIAN_POINT('',(0.00695971583027428,-0.042331651999998,-0.00988500077999973));
#13039=CARTESIAN_POINT('',(0.00695971583027428,-0.042331651999998,-0.00610000077999985));
#13040=CARTESIAN_POINT('',(-0.018729394,-0.0454828424999978,-0.00610000077999985));
#13041=CARTESIAN_POINT('',(-0.018729394,-0.0374856869999981,-0.00585000077999985));
#13042=CARTESIAN_POINT('',(-0.018729394,-0.0454600749999977,-0.00585000077999985));
#13043=CARTESIAN_POINT('',(-0.018729394,-0.0455649999999974,-0.00585000077999985));
#13044=CARTESIAN_POINT('',(-0.018729394,-0.0454600749999977,-0.00610000077999985));
#13045=CARTESIAN_POINT('',(-0.018729394,-0.0454600749999977,-0.00988500077999973));
#13046=CARTESIAN_POINT('',(-0.018729394,-0.0374856869999981,-0.00988500077999973));
#13047=CARTESIAN_POINT('',(-0.018729394,-0.0455649999999974,-0.00988500077999973));
#13048=CARTESIAN_POINT('',(-0.018729394,-0.0455649999999974,-0.00585000077999985));
#13049=CARTESIAN_POINT('',(-0.009750597,-0.0486340329999977,-0.00610000077999985));
#13050=CARTESIAN_POINT('',(-0.00905153168151542,-0.0486340329999977,-0.00610000077999985));
#13051=CARTESIAN_POINT('',(-0.00905153168151542,-0.0486340329999977,-0.00988500077999973));
#13052=CARTESIAN_POINT('',(6.79270000000856E-5,-0.0486340329999977,-0.00988500077999973));
#13053=CARTESIAN_POINT('',(-0.00682434879098449,-0.0486340329999977,-0.00988500077999973));
#13054=CARTESIAN_POINT('',(-0.00682434879098449,-0.0486340329999977,-0.00610000077999985));
#13055=CARTESIAN_POINT('',(6.79270000000856E-5,-0.0503340329999977,-0.00610000077999985));
#13056=CARTESIAN_POINT('',(-0.00682444932994098,-0.0503340329999977,-0.00988500077999973));
#13057=CARTESIAN_POINT('',(-0.00682444932994098,-0.0503340329999977,-0.00988500077999973));
#13058=CARTESIAN_POINT('',(6.79270000000856E-5,-0.0503340329999977,-0.00988500077999973));
#13059=CARTESIAN_POINT('',(-0.00903053103168499,-0.0503340329999977,-0.00988500077999973));
#13060=CARTESIAN_POINT('',(-0.00903053103168499,-0.0503340329999977,-0.00585000077999985));
#13061=CARTESIAN_POINT('',(6.79270000000856E-5,-0.0374856869999981,-0.00585000077999985));
#13062=CARTESIAN_POINT('',(-0.0177943940000001,-0.0454600749999977,-0.00585000077999985));
#13063=CARTESIAN_POINT('',(-0.0177943940000001,-0.0455649999999974,-0.00585000077999985));
#13064=CARTESIAN_POINT('',(-0.021364394,-0.045840643239366,-0.00585000077999985));
#13065=CARTESIAN_POINT('',(-0.021364394,-0.045184431760629,-0.00585000077999985));
#13066=CARTESIAN_POINT('',(6.79270000000856E-5,-0.0374856869999981,-0.00585000077999985));
#13067=CARTESIAN_POINT('',(0.00917329492545029,-0.0432666519999979,-0.00585000077999985));
#13068=CARTESIAN_POINT('',(0.00695971583027428,-0.0432666519999979,-0.00585000077999985));
#13069=CARTESIAN_POINT('',(0.0069575816231977,-0.0396966519999979,-0.00585000077999985));
#13070=CARTESIAN_POINT('',(0.00917329492545029,-0.0396966519999979,-0.00585000077999985));
#13071=CARTESIAN_POINT('',(0.000928200000000089,-0.0374834374999981,-0.00610000077999985));
#13072=CARTESIAN_POINT('',(0.000928200000000089,-0.0374856869999981,-0.00585000077999985));
#13073=CARTESIAN_POINT('',(0.000928200000000089,-0.0374635769999981,-0.00585000077999985));
#13074=CARTESIAN_POINT('',(0.000928200000000089,-0.0375123409999979,-0.00585000077999985));
#13075=CARTESIAN_POINT('',(0.000928200000000089,-0.0374635769999981,-0.00610000077999985));
#13076=CARTESIAN_POINT('',(0.000928200000000089,-0.0374635769999981,-0.00988500077999973));
#13077=CARTESIAN_POINT('',(0.000928200000000089,-0.0374856869999981,-0.00988500077999973));
#13078=CARTESIAN_POINT('',(0.000928200000000089,-0.0375123409999979,-0.00988500077999973));
#13079=CARTESIAN_POINT('',(0.000928200000000089,-0.0375123409999979,-0.00585000077999985));
#13080=CARTESIAN_POINT('',(-0.000771799999999911,-0.0374834374999981,-0.00610000077999985));
#13081=CARTESIAN_POINT('',(-0.000771799999999911,-0.0374856869999981,-0.00585000077999985));
#13082=CARTESIAN_POINT('',(-0.000771799999999911,-0.0374635769999981,-0.00585000077999985));
#13083=CARTESIAN_POINT('',(-0.000771799999999911,-0.0375123409999979,-0.00585000077999985));
#13084=CARTESIAN_POINT('',(-0.000771799999999911,-0.0375123409999979,-0.00610000077999985));
#13085=CARTESIAN_POINT('',(-0.000771799999999911,-0.0375123409999979,-0.00988500077999973));
#13086=CARTESIAN_POINT('',(-0.000771799999999911,-0.0374856869999981,-0.00988500077999973));
#13087=CARTESIAN_POINT('',(-0.000771799999999911,-0.0374635769999981,-0.00988500077999973));
#13088=CARTESIAN_POINT('',(-0.000771799999999911,-0.0374635769999981,-0.00585000077999985));
#13089=CARTESIAN_POINT('',(6.79270000000856E-5,-0.0374856869999981,-0.00585000077999985));
#13090=CARTESIAN_POINT('',(0.00186320000000009,-0.0374635769999981,-0.00585000077999985));
#13091=CARTESIAN_POINT('',(0.00186320000000009,-0.0375123409999979,-0.00585000077999985));
#13092=CARTESIAN_POINT('',(-0.00170679999999991,-0.0375123409999979,-0.00585000077999985));
#13093=CARTESIAN_POINT('',(-0.00170679999999991,-0.0374635769999981,-0.00585000077999985));
#13094=CARTESIAN_POINT('',(-0.020429394,-0.0374856869999981,-0.00610000077999985));
#13095=CARTESIAN_POINT('',(-0.020429394,-0.0374856869999981,-0.00988500077999973));
#13096=CARTESIAN_POINT('',(-0.020429394,-0.0297977722393666,-0.00988500077999973));
#13097=CARTESIAN_POINT('',(-0.020429394,-0.0292393567606297,-0.00988500077999973));
#13098=CARTESIAN_POINT('',(-0.020429394,-0.0292393567606297,-0.00585000077999985));
#13099=CARTESIAN_POINT('',(-0.020429394,-0.0292393567606297,-0.00585000077999985));
#13100=CARTESIAN_POINT('',(-0.020429394,-0.0374856869999981,-0.00585000077999985));
#13101=CARTESIAN_POINT('',(-0.020429394,-0.0297977722393666,-0.00585000077999985));
#13102=CARTESIAN_POINT('',(-0.020429394,-0.0297977722393666,-0.00988500077999973));
#13103=CARTESIAN_POINT('',(6.79270000000856E-5,-0.0374856869999981,-0.00585000077999985));
#13104=CARTESIAN_POINT('',(-0.0177943940000001,-0.0295149999999983,-0.00585000077999985));
#13105=CARTESIAN_POINT('',(-0.018729394,-0.0295149999999983,-0.00585000077999985));
#13106=CARTESIAN_POINT('',(-0.018729394,-0.0374856869999981,-0.00585000077999985));
#13107=CARTESIAN_POINT('',(-0.018729394,-0.029522128999998,-0.00585000077999985));
#13108=CARTESIAN_POINT('',(-0.0177943940000001,-0.029522128999998,-0.00585000077999985));
#13109=CARTESIAN_POINT('',(-0.021364394,-0.0297977722393666,-0.00585000077999985));
#13110=CARTESIAN_POINT('',(-0.021364394,-0.0292393567606297,-0.00585000077999985));
#13111=CARTESIAN_POINT('',(-0.020429394,-0.0374856869999981,-0.00610000077999985));
#13112=CARTESIAN_POINT('',(-0.020429394,-0.0374856869999981,-0.00988500077999973));
#13113=CARTESIAN_POINT('',(-0.020429394,-0.0377857182393663,-0.00988500077999973));
#13114=CARTESIAN_POINT('',(-0.020429394,-0.0371964857606293,-0.00988500077999973));
#13115=CARTESIAN_POINT('',(-0.020429394,-0.0371964857606293,-0.00585000077999985));
#13116=CARTESIAN_POINT('',(-0.020429394,-0.0377857182393663,-0.00988500077999973));
#13117=CARTESIAN_POINT('',(-0.009750597,-0.0343352229999982,-0.00610000077999985));
#13118=CARTESIAN_POINT('',(6.79270000000856E-5,-0.0343352229999982,-0.00585000077999985));
#13119=CARTESIAN_POINT('',(-0.00681673198747301,-0.0343352229999982,-0.00585000077999985));
#13120=CARTESIAN_POINT('',(-0.00903821146424758,-0.0343352229999982,-0.00585000077999985));
#13121=CARTESIAN_POINT('',(-0.00681673198747301,-0.0343352229999982,-0.00610000077999985));
#13122=CARTESIAN_POINT('',(-0.00681673198747301,-0.0343352229999982,-0.00988500077999973));
#13123=CARTESIAN_POINT('',(6.79270000000856E-5,-0.0343352229999982,-0.00988500077999973));
#13124=CARTESIAN_POINT('',(-0.00903821146424758,-0.0343352229999982,-0.00988500077999973));
#13125=CARTESIAN_POINT('',(-0.00903821146424758,-0.0343352229999982,-0.00610000077999985));
#13126=CARTESIAN_POINT('',(-0.009750597,-0.0326352229999982,-0.00610000077999985));
#13127=CARTESIAN_POINT('',(6.79270000000856E-5,-0.0326352229999982,-0.00585000077999985));
#13128=CARTESIAN_POINT('',(-0.00681547374888957,-0.0326352229999982,-0.00585000077999985));
#13129=CARTESIAN_POINT('',(-0.00904267799193919,-0.0326352229999982,-0.00585000077999985));
#13130=CARTESIAN_POINT('',(-0.00904267799193919,-0.0326352229999982,-0.00988500077999973));
#13131=CARTESIAN_POINT('',(-0.00904267799193919,-0.0326352229999982,-0.00988500077999973));
#13132=CARTESIAN_POINT('',(6.79270000000856E-5,-0.0326352229999982,-0.00988500077999973));
#13133=CARTESIAN_POINT('',(-0.00681547374888957,-0.0326352229999982,-0.00988500077999973));
#13134=CARTESIAN_POINT('',(-0.00681547374888957,-0.0326352229999982,-0.00585000077999985));
#13135=CARTESIAN_POINT('',(6.79270000000856E-5,-0.0374856869999981,-0.00585000077999985));
#13136=CARTESIAN_POINT('',(-0.00681547374888957,-0.0317002229999983,-0.00585000077999985));
#13137=CARTESIAN_POINT('',(-0.00681673198747301,-0.0352702229999983,-0.00585000077999985));
#13138=CARTESIAN_POINT('',(-0.00903821146424758,-0.0352702229999983,-0.00585000077999985));
#13139=CARTESIAN_POINT('',(-0.00904267799193919,-0.0317002229999983,-0.00585000077999985));
#13140=CARTESIAN_POINT('',(-0.018729394,-0.0294862819999985,-0.00610000077999985));
#13141=CARTESIAN_POINT('',(-0.018729394,-0.0295149999999983,-0.00610000077999985));
#13142=CARTESIAN_POINT('',(-0.018729394,-0.0295149999999983,-0.00988500077999973));
#13143=CARTESIAN_POINT('',(-0.018729394,-0.0374856869999981,-0.00988500077999973));
#13144=CARTESIAN_POINT('',(-0.018729394,-0.029522128999998,-0.00988500077999973));
#13145=CARTESIAN_POINT('',(-0.018729394,-0.029522128999998,-0.00585000077999985));
#13146=CARTESIAN_POINT('',(6.79270000000856E-5,-0.0374856869999981,-0.00585000077999985));
#13147=CARTESIAN_POINT('',(0.00695350479098466,-0.0476990329999977,-0.00585000077999985));
#13148=CARTESIAN_POINT('',(0.00695350479098466,-0.0486340329999977,-0.00585000077999985));
#13149=CARTESIAN_POINT('',(6.79270000000856E-5,-0.0486340329999977,-0.00585000077999985));
#13150=CARTESIAN_POINT('',(0.00917805692545029,-0.0486340329999977,-0.00585000077999985));
#13151=CARTESIAN_POINT('',(0.00917805692545029,-0.0476990329999977,-0.00585000077999985));
#13152=CARTESIAN_POINT('',(0.00917805692545029,-0.0512690329999977,-0.00585000077999985));
#13153=CARTESIAN_POINT('',(0.00917805692545029,-0.0503340329999977,-0.00585000077999985));
#13154=CARTESIAN_POINT('',(6.79270000000856E-5,-0.0503340329999977,-0.00585000077999985));
#13155=CARTESIAN_POINT('',(0.00695360532994115,-0.0503340329999977,-0.00585000077999985));
#13156=CARTESIAN_POINT('',(0.00695360532994115,-0.0512690329999977,-0.00585000077999985));
#13157=CARTESIAN_POINT('',(6.79270000000856E-5,-0.0374856869999981,-0.00585000077999985));
#13158=CARTESIAN_POINT('',(-0.000771799999999911,-0.0374856869999981,-0.00585000077999985));
#13159=CARTESIAN_POINT('',(-0.000771799999999911,-0.0454623409999978,-0.00585000077999985));
#13160=CARTESIAN_POINT('',(-0.000771799999999911,-0.0455093009999975,-0.00585000077999985));
#13161=CARTESIAN_POINT('',(-0.00170679999999991,-0.0454623409999978,-0.00585000077999985));
#13162=CARTESIAN_POINT('',(0.00186320000000009,-0.0454623409999978,-0.00585000077999985));
#13163=CARTESIAN_POINT('',(0.000928200000000089,-0.0454623409999978,-0.00585000077999985));
#13164=CARTESIAN_POINT('',(0.000928200000000089,-0.0374856869999981,-0.00585000077999985));
#13165=CARTESIAN_POINT('',(0.000928200000000089,-0.0455093009999975,-0.00585000077999985));
#13166=CARTESIAN_POINT('',(0.00186320000000009,-0.0455093009999975,-0.00585000077999985));
#13167=CARTESIAN_POINT('',(-0.00170679999999991,-0.0455093009999975,-0.00585000077999985));
#13168=CARTESIAN_POINT('',(6.79270000000856E-5,-0.0503340329999977,-0.00610000077999985));
#13169=CARTESIAN_POINT('',(0.00917805692545029,-0.0503340329999977,-0.00988500077999973));
#13170=CARTESIAN_POINT('',(0.00917805692545029,-0.0503340329999977,-0.00988500077999973));
#13171=CARTESIAN_POINT('',(6.79270000000856E-5,-0.0503340329999977,-0.00988500077999973));
#13172=CARTESIAN_POINT('',(0.00695360532994115,-0.0503340329999977,-0.00988500077999973));
#13173=CARTESIAN_POINT('',(0.00695360532994115,-0.0503340329999977,-0.00585000077999985));
#13174=CARTESIAN_POINT('',(0.00989672400000014,-0.0486340329999977,-0.00610000077999985));
#13175=CARTESIAN_POINT('',(6.79270000000856E-5,-0.0486340329999977,-0.00988500077999973));
#13176=CARTESIAN_POINT('',(0.00917805692545029,-0.0486340329999977,-0.00988500077999973));
#13177=CARTESIAN_POINT('',(0.00695350479098466,-0.0486340329999977,-0.00988500077999973));
#13178=CARTESIAN_POINT('',(0.00917805692545029,-0.0486340329999977,-0.00610000077999985));
#13179=CARTESIAN_POINT('',(0.00695350479098466,-0.0486340329999977,-0.00610000077999985));
#13180=CARTESIAN_POINT('',(-0.000771799999999911,-0.0454828424999978,-0.00610000077999985));
#13181=CARTESIAN_POINT('',(-0.000771799999999911,-0.0374856869999981,-0.00988500077999973));
#13182=CARTESIAN_POINT('',(-0.000771799999999911,-0.0455093009999975,-0.00988500077999973));
#13183=CARTESIAN_POINT('',(-0.000771799999999911,-0.0454623409999978,-0.00988500077999973));
#13184=CARTESIAN_POINT('',(-0.000771799999999911,-0.0454623409999978,-0.00585000077999985));
#13185=CARTESIAN_POINT('',(-0.000771799999999911,-0.0455093009999975,-0.00610000077999985));
#13186=CARTESIAN_POINT('',(0.000928200000000089,-0.0454828424999978,-0.00610000077999985));
#13187=CARTESIAN_POINT('',(0.000928200000000089,-0.0454623409999978,-0.00610000077999985));
#13188=CARTESIAN_POINT('',(0.000928200000000089,-0.0454623409999978,-0.00988500077999973));
#13189=CARTESIAN_POINT('',(0.000928200000000089,-0.0374856869999981,-0.00988500077999973));
#13190=CARTESIAN_POINT('',(0.000928200000000089,-0.0455093009999975,-0.00988500077999973));
#13191=CARTESIAN_POINT('',(0.000928200000000089,-0.0455093009999975,-0.00585000077999985));
#13192=CARTESIAN_POINT('',(6.79270000000856E-5,-0.0374856869999981,-0.00585000077999985));
#13193=CARTESIAN_POINT('',(0.0179302480000002,-0.0295102229999983,-0.00585000077999985));
#13194=CARTESIAN_POINT('',(0.0188652480000002,-0.0295102229999983,-0.00585000077999985));
#13195=CARTESIAN_POINT('',(0.0188652480000002,-0.0374856869999981,-0.00585000077999985));
#13196=CARTESIAN_POINT('',(0.0188652480000002,-0.0294623409999986,-0.00585000077999985));
#13197=CARTESIAN_POINT('',(0.0179302480000002,-0.0294623409999986,-0.00585000077999985));
#13198=CARTESIAN_POINT('',(0.0215002480000002,-0.0291866977606299,-0.00585000077999985));
#13199=CARTESIAN_POINT('',(0.0215002480000002,-0.0297861589709665,-0.00585000077999985));
#13200=CARTESIAN_POINT('',(6.79270000000856E-5,-0.0374856869999981,-0.00585000077999985));
#13201=CARTESIAN_POINT('',(0.00917567592545029,-0.0352702229999983,-0.00585000077999985));
#13202=CARTESIAN_POINT('',(0.00696247598747319,-0.0352702229999983,-0.00585000077999985));
#13203=CARTESIAN_POINT('',(0.00696121774888975,-0.0317002229999983,-0.00585000077999985));
#13204=CARTESIAN_POINT('',(0.00917567592545029,-0.0317002229999983,-0.00585000077999985));
#13205=CARTESIAN_POINT('',(0.0205652480000002,-0.0374856869999981,-0.00610000077999985));
#13206=CARTESIAN_POINT('',(0.0205652480000002,-0.0374856869999981,-0.00988500077999973));
#13207=CARTESIAN_POINT('',(0.0205652480000002,-0.0371842870290301,-0.00988500077999973));
#13208=CARTESIAN_POINT('',(0.0205652480000002,-0.0377837612168801,-0.00988500077999973));
#13209=CARTESIAN_POINT('',(0.0205652480000002,-0.0377837612168801,-0.00585000077999985));
#13210=CARTESIAN_POINT('',(0.0205652480000002,-0.0371842870290301,-0.00988500077999973));
#13211=CARTESIAN_POINT('',(0.0188652480000002,-0.0294862819999985,-0.00610000077999985));
#13212=CARTESIAN_POINT('',(0.0188652480000002,-0.0295102229999983,-0.00988500077999973));
#13213=CARTESIAN_POINT('',(0.0188652480000002,-0.0295102229999983,-0.00988500077999973));
#13214=CARTESIAN_POINT('',(0.0188652480000002,-0.0374856869999981,-0.00988500077999973));
#13215=CARTESIAN_POINT('',(0.0188652480000002,-0.0294623409999986,-0.00988500077999973));
#13216=CARTESIAN_POINT('',(0.0188652480000002,-0.0294623409999986,-0.00610000077999985));
#13217=CARTESIAN_POINT('',(6.79270000000856E-5,-0.0374856869999981,-0.00585000077999985));
#13218=CARTESIAN_POINT('',(6.79270000000856E-5,-0.0246373409999986,-0.00585000077999985));
#13219=CARTESIAN_POINT('',(-0.00680800323413117,-0.0246373409999986,-0.00585000077999985));
#13220=CARTESIAN_POINT('',(-0.00905084028745784,-0.0246373409999986,-0.00585000077999985));
#13221=CARTESIAN_POINT('',(-0.00680800323413117,-0.0237023409999986,-0.00585000077999985));
#13222=CARTESIAN_POINT('',(-0.00681346768758741,-0.0272723409999986,-0.00585000077999985));
#13223=CARTESIAN_POINT('',(-0.00681346768758741,-0.0263373409999986,-0.00585000077999985));
#13224=CARTESIAN_POINT('',(6.79270000000856E-5,-0.0263373409999986,-0.00585000077999985));
#13225=CARTESIAN_POINT('',(-0.00903108143541881,-0.0263373409999986,-0.00585000077999985));
#13226=CARTESIAN_POINT('',(-0.00903108143541881,-0.0272723409999986,-0.00585000077999985));
#13227=CARTESIAN_POINT('',(-0.00905084028745784,-0.0237023409999986,-0.00585000077999985));
#13228=CARTESIAN_POINT('',(-0.009750597,-0.0263373409999986,-0.00610000077999985));
#13229=CARTESIAN_POINT('',(-0.00681346768758741,-0.0263373409999986,-0.00610000077999985));
#13230=CARTESIAN_POINT('',(-0.00681346768758741,-0.0263373409999986,-0.00988500077999973));
#13231=CARTESIAN_POINT('',(6.79270000000856E-5,-0.0263373409999986,-0.00988500077999973));
#13232=CARTESIAN_POINT('',(-0.00903108143541881,-0.0263373409999986,-0.00988500077999973));
#13233=CARTESIAN_POINT('',(-0.00903108143541881,-0.0263373409999986,-0.00610000077999985));
#13234=CARTESIAN_POINT('',(6.79270000000856E-5,-0.0246373409999986,-0.00610000077999985));
#13235=CARTESIAN_POINT('',(-0.00905084028745784,-0.0246373409999986,-0.00988500077999973));
#13236=CARTESIAN_POINT('',(-0.00905084028745784,-0.0246373409999986,-0.00988500077999973));
#13237=CARTESIAN_POINT('',(6.79270000000856E-5,-0.0246373409999986,-0.00988500077999973));
#13238=CARTESIAN_POINT('',(-0.00680800323413117,-0.0246373409999986,-0.00988500077999973));
#13239=CARTESIAN_POINT('',(-0.00680800323413117,-0.0246373409999986,-0.00585000077999985));
#13240=CARTESIAN_POINT('',(0.0242726060000002,-0.020901906999999,-0.00535000077999985));
#13241=CARTESIAN_POINT('',(6.79270000000856E-5,-0.021651906999999,-0.00610000077999985));
#13242=CARTESIAN_POINT('',(-0.0221193688742133,-0.021651906999999,-0.00610000077999985));
#13243=CARTESIAN_POINT('',(0.0222605808742135,-0.021651906999999,-0.00610000077999985));
#13244=CARTESIAN_POINT('',(-0.0221193688742133,-0.021651906999999,-0.00610000077999985));
#13245=CARTESIAN_POINT('',(-0.0220934606832551,-0.0213941237547847,-0.00584221753478558));
#13246=CARTESIAN_POINT('',(-0.0220198561621848,-0.0211436540512629,-0.00559174783126372));
#13247=CARTESIAN_POINT('',(-0.0218893655906796,-0.020901906999999,-0.00535000077999984));
#13248=CARTESIAN_POINT('',(0.0220305775906797,-0.020901906999999,-0.00535000077999985));
#13249=CARTESIAN_POINT('',(0.0221610681621849,-0.0211436540512628,-0.00559174783126366));
#13250=CARTESIAN_POINT('',(0.0222346726832553,-0.0213941237547848,-0.00584221753478564));
#13251=CARTESIAN_POINT('',(0.0222605808742135,-0.021651906999999,-0.00610000077999985));
#13252=CARTESIAN_POINT('',(-0.0339293940000002,0.0638099999999983,-0.00988500077999973));
#13253=CARTESIAN_POINT('',(-0.0177943940000001,-0.0295149999999983,-0.00988500077999973));
#13254=CARTESIAN_POINT('',(-0.00903108143541881,-0.0272723409999986,-0.00988500077999973));
#13255=CARTESIAN_POINT('',(-0.00681346768758741,-0.0272723409999986,-0.00988500077999973));
#13256=CARTESIAN_POINT('',(-0.00170679999999991,-0.0294769069999984,-0.00988500077999973));
#13257=CARTESIAN_POINT('',(-0.00170679999999991,-0.0295135769999981,-0.00988500077999973));
#13258=CARTESIAN_POINT('',(-0.00681547374888957,-0.0317002229999983,-0.00988500077999973));
#13259=CARTESIAN_POINT('',(-0.00904267799193919,-0.0317002229999983,-0.00988500077999973));
#13260=CARTESIAN_POINT('',(-0.0177943940000001,-0.029522128999998,-0.00988500077999973));
#13261=CARTESIAN_POINT('',(-0.0339293940000002,0.0638099999999983,-0.00988500077999973));
#13262=CARTESIAN_POINT('',(-0.00170679999999991,-0.0375123409999979,-0.00988500077999973));
#13263=CARTESIAN_POINT('',(-0.00681822562319753,-0.0396966519999979,-0.00988500077999973));
#13264=CARTESIAN_POINT('',(-0.00904106128537299,-0.0396966519999979,-0.00988500077999973));
#13265=CARTESIAN_POINT('',(-0.0177943940000001,-0.0375100749999977,-0.00988500077999973));
#13266=CARTESIAN_POINT('',(-0.0177943940000001,-0.037472128999998,-0.00988500077999973));
#13267=CARTESIAN_POINT('',(-0.00903821146424758,-0.0352702229999983,-0.00988500077999973));
#13268=CARTESIAN_POINT('',(-0.00681673198747301,-0.0352702229999983,-0.00988500077999973));
#13269=CARTESIAN_POINT('',(-0.00170679999999991,-0.0374635769999981,-0.00988500077999973));
#13270=CARTESIAN_POINT('',(-0.0339293940000002,0.0638099999999983,-0.00988500077999973));
#13271=CARTESIAN_POINT('',(0.00186320000000009,-0.0295135769999981,-0.00988500077999973));
#13272=CARTESIAN_POINT('',(0.00186320000000009,-0.0294769069999984,-0.00988500077999973));
#13273=CARTESIAN_POINT('',(0.00696986768758759,-0.0272723409999986,-0.00988500077999973));
#13274=CARTESIAN_POINT('',(0.00917627092545029,-0.0272723409999986,-0.00988500077999973));
#13275=CARTESIAN_POINT('',(0.0179302480000002,-0.0294623409999986,-0.00988500077999973));
#13276=CARTESIAN_POINT('',(0.0179302480000002,-0.0295102229999983,-0.00988500077999973));
#13277=CARTESIAN_POINT('',(0.00917567592545029,-0.0317002229999983,-0.00988500077999973));
#13278=CARTESIAN_POINT('',(0.00696121774888975,-0.0317002229999983,-0.00988500077999973));
#13279=CARTESIAN_POINT('',(-0.0339293940000002,0.0638099999999983,-0.00988500077999973));
#13280=CARTESIAN_POINT('',(0.00186320000000009,-0.0374635769999981,-0.00988500077999973));
#13281=CARTESIAN_POINT('',(0.00696247598747319,-0.0352702229999983,-0.00988500077999973));
#13282=CARTESIAN_POINT('',(0.00917567592545029,-0.0352702229999983,-0.00988500077999973));
#13283=CARTESIAN_POINT('',(0.0179302480000002,-0.0374602229999983,-0.00988500077999973));
#13284=CARTESIAN_POINT('',(0.0179302480000002,-0.0375066519999979,-0.00988500077999973));
#13285=CARTESIAN_POINT('',(0.00917329492545029,-0.0396966519999979,-0.00988500077999973));
#13286=CARTESIAN_POINT('',(0.0069575816231977,-0.0396966519999979,-0.00988500077999973));
#13287=CARTESIAN_POINT('',(0.00186320000000009,-0.0375123409999979,-0.00988500077999973));
#13288=CARTESIAN_POINT('',(-0.0339293940000002,0.0638099999999983,-0.00988500077999973));
#13289=CARTESIAN_POINT('',(-0.00170679999999991,-0.0454623409999978,-0.00988500077999973));
#13290=CARTESIAN_POINT('',(-0.00170679999999991,-0.0455093009999975,-0.00988500077999973));
#13291=CARTESIAN_POINT('',(-0.00682434879098449,-0.0476990329999977,-0.00988500077999973));
#13292=CARTESIAN_POINT('',(-0.00905153168151542,-0.0476990329999977,-0.00988500077999973));
#13293=CARTESIAN_POINT('',(-0.0177943940000001,-0.0455649999999974,-0.00988500077999973));
#13294=CARTESIAN_POINT('',(-0.0177943940000001,-0.0454600749999977,-0.00988500077999973));
#13295=CARTESIAN_POINT('',(-0.00903977716169362,-0.0432666519999979,-0.00988500077999973));
#13296=CARTESIAN_POINT('',(-0.00682035983027411,-0.0432666519999979,-0.00988500077999973));
#13297=CARTESIAN_POINT('',(-0.0339293940000002,0.0638099999999983,-0.00988500077999973));
#13298=CARTESIAN_POINT('',(0.0179302480000002,-0.0455090329999977,-0.00988500077999973));
#13299=CARTESIAN_POINT('',(0.00917805692545029,-0.0476990329999977,-0.00988500077999973));
#13300=CARTESIAN_POINT('',(0.00695350479098466,-0.0476990329999977,-0.00988500077999973));
#13301=CARTESIAN_POINT('',(0.00186320000000009,-0.0455093009999975,-0.00988500077999973));
#13302=CARTESIAN_POINT('',(0.00186320000000009,-0.0454623409999978,-0.00988500077999973));
#13303=CARTESIAN_POINT('',(0.00695971583027428,-0.0432666519999979,-0.00988500077999973));
#13304=CARTESIAN_POINT('',(0.00917329492545029,-0.0432666519999979,-0.00988500077999973));
#13305=CARTESIAN_POINT('',(0.0179302480000002,-0.045456651999998,-0.00988500077999973));
#13306=CARTESIAN_POINT('',(-0.0339293940000002,0.0638099999999983,-0.00988500077999973));
#13307=CARTESIAN_POINT('',(0.00917805692545029,-0.0512690329999977,-0.00988500077999973));
#13308=CARTESIAN_POINT('',(0.0215002480000002,-0.0457837986482791,-0.00988500077999973));
#13309=CARTESIAN_POINT('',(0.0215002480000002,-0.0451795427831158,-0.00988500077999973));
#13310=CARTESIAN_POINT('',(0.0215002480000002,-0.0377837612168801,-0.00988500077999973));
#13311=CARTESIAN_POINT('',(0.0215002480000002,-0.0371842870290301,-0.00988500077999973));
#13312=CARTESIAN_POINT('',(0.0215002480000002,-0.0297861589709665,-0.00988500077999973));
#13313=CARTESIAN_POINT('',(0.0215002480000002,-0.0291866977606299,-0.00988500077999973));
#13314=CARTESIAN_POINT('',(0.00917627092545029,-0.0237023409999986,-0.00988500077999973));
#13315=CARTESIAN_POINT('',(0.00696440323413135,-0.0237023409999986,-0.00988500077999973));
#13316=CARTESIAN_POINT('',(-0.00680800323413117,-0.0237023409999986,-0.00988500077999973));
#13317=CARTESIAN_POINT('',(-0.00905084028745784,-0.0237023409999986,-0.00988500077999973));
#13318=CARTESIAN_POINT('',(-0.021364394,-0.0292393567606297,-0.00988500077999973));
#13319=CARTESIAN_POINT('',(-0.021364394,-0.0297977722393666,-0.00988500077999973));
#13320=CARTESIAN_POINT('',(-0.021364394,-0.0371964857606293,-0.00988500077999973));
#13321=CARTESIAN_POINT('',(-0.021364394,-0.0377857182393663,-0.00988500077999973));
#13322=CARTESIAN_POINT('',(-0.021364394,-0.045184431760629,-0.00988500077999973));
#13323=CARTESIAN_POINT('',(-0.021364394,-0.045840643239366,-0.00988500077999973));
#13324=CARTESIAN_POINT('',(-0.00903053103168499,-0.0512690329999977,-0.00988500077999973));
#13325=CARTESIAN_POINT('',(-0.00682444932994098,-0.0512690329999977,-0.00988500077999973));
#13326=CARTESIAN_POINT('',(0.00695360532994115,-0.0512690329999977,-0.00988500077999973));
#13327=CARTESIAN_POINT('',(6.79270000000856E-5,-0.021651906999999,-0.00988500077999973));
#13328=CARTESIAN_POINT('',(6.79270000000856E-5,-0.021651906999999,-0.00988700077999973));
#13329=CARTESIAN_POINT('',(-0.0201293940000001,-0.021651906999999,-0.00630000078000037));
#13330=CARTESIAN_POINT('',(0.0202706060000002,-0.021651906999999,-0.00630000078000037));
#13331=CARTESIAN_POINT('',(-0.00170679999999991,-0.0454623409999978,-0.00610000077999985));
#13332=CARTESIAN_POINT('',(-0.00682035983027411,-0.0432666519999979,-0.00740000077999985));
#13333=CARTESIAN_POINT('',(-0.00903977716169362,-0.0432666519999979,-0.00740000077999985));
#13334=CARTESIAN_POINT('',(-0.0177943940000001,-0.0454600749999977,-0.00740000077999985));
#13335=CARTESIAN_POINT('',(-0.0177943940000001,-0.0455649999999974,-0.00610000077999985));
#13336=CARTESIAN_POINT('',(-0.00905153168151542,-0.0476990329999977,-0.00740000077999985));
#13337=CARTESIAN_POINT('',(-0.00682434879098449,-0.0476990329999977,-0.00740000077999985));
#13338=CARTESIAN_POINT('',(0.0179302480000002,-0.0455090329999977,-0.00610000077999985));
#13339=CARTESIAN_POINT('',(0.0179302480000002,-0.045456651999998,-0.00740000077999985));
#13340=CARTESIAN_POINT('',(0.00917329492545029,-0.0432666519999979,-0.00740000077999985));
#13341=CARTESIAN_POINT('',(0.00695971583027428,-0.0432666519999979,-0.00740000077999985));
#13342=CARTESIAN_POINT('',(-0.00170679999999991,-0.0455093009999975,-0.00740000077999985));
#13343=CARTESIAN_POINT('',(0.00917805692545029,-0.0476990329999977,-0.00740000077999985));
#13344=CARTESIAN_POINT('',(0.00695350479098466,-0.0476990329999977,-0.00740000077999985));
#13345=CARTESIAN_POINT('',(0.00186320000000009,-0.0454623409999978,-0.00740000077999985));
#13346=CARTESIAN_POINT('',(0.00186320000000009,-0.0455093009999975,-0.00610000077999985));
#13347=CARTESIAN_POINT('',(0.00186320000000009,-0.0374635769999981,-0.00740000077999985));
#13348=CARTESIAN_POINT('',(0.00186320000000009,-0.0375123409999979,-0.00610000077999985));
#13349=CARTESIAN_POINT('',(0.0069575816231977,-0.0396966519999979,-0.00740000077999985));
#13350=CARTESIAN_POINT('',(0.00917329492545029,-0.0396966519999979,-0.00740000077999985));
#13351=CARTESIAN_POINT('',(0.0179302480000002,-0.0375066519999979,-0.00610000077999985));
#13352=CARTESIAN_POINT('',(0.0179302480000002,-0.0374602229999983,-0.00740000077999985));
#13353=CARTESIAN_POINT('',(0.00917567592545029,-0.0352702229999983,-0.00740000077999985));
#13354=CARTESIAN_POINT('',(0.00696247598747319,-0.0352702229999983,-0.00740000077999985));
#13355=CARTESIAN_POINT('',(-0.00170679999999991,-0.0375123409999979,-0.00740000077999985));
#13356=CARTESIAN_POINT('',(-0.00170679999999991,-0.0374635769999981,-0.00610000077999985));
#13357=CARTESIAN_POINT('',(-0.00681673198747301,-0.0352702229999983,-0.00740000077999985));
#13358=CARTESIAN_POINT('',(-0.0177943940000001,-0.0375100749999977,-0.00610000077999985));
#13359=CARTESIAN_POINT('',(-0.0177943940000001,-0.037472128999998,-0.00740000077999985));
#13360=CARTESIAN_POINT('',(-0.00903821146424758,-0.0352702229999983,-0.00740000077999985));
#13361=CARTESIAN_POINT('',(-0.00681822562319753,-0.0396966519999979,-0.00740000077999985));
#13362=CARTESIAN_POINT('',(-0.00904106128537299,-0.0396966519999979,-0.00740000077999985));
#13363=CARTESIAN_POINT('',(-0.0177943940000001,-0.0295149999999983,-0.00740000077999985));
#13364=CARTESIAN_POINT('',(-0.0177943940000001,-0.029522128999998,-0.00610000077999985));
#13365=CARTESIAN_POINT('',(-0.00681346768758741,-0.0272723409999986,-0.00740000077999985));
#13366=CARTESIAN_POINT('',(-0.00170679999999991,-0.0294769069999984,-0.00610000077999985));
#13367=CARTESIAN_POINT('',(-0.00170679999999991,-0.0295135769999981,-0.00740000077999985));
#13368=CARTESIAN_POINT('',(-0.00903108143541881,-0.0272723409999986,-0.00740000077999985));
#13369=CARTESIAN_POINT('',(-0.00904267799193919,-0.0317002229999983,-0.00740000077999985));
#13370=CARTESIAN_POINT('',(-0.00681547374888957,-0.0317002229999983,-0.00740000077999985));
#13371=CARTESIAN_POINT('',(0.00186320000000009,-0.0295135769999981,-0.00610000077999985));
#13372=CARTESIAN_POINT('',(0.00186320000000009,-0.0294769069999984,-0.00740000077999985));
#13373=CARTESIAN_POINT('',(0.00917567592545029,-0.0317002229999983,-0.00740000077999985));
#13374=CARTESIAN_POINT('',(0.00696121774888975,-0.0317002229999983,-0.00740000077999985));
#13375=CARTESIAN_POINT('',(0.00696986768758759,-0.0272723409999986,-0.00740000077999985));
#13376=CARTESIAN_POINT('',(0.00917627092545029,-0.0272723409999986,-0.00740000077999985));
#13377=CARTESIAN_POINT('',(0.0179302480000002,-0.0295102229999983,-0.00610000077999985));
#13378=CARTESIAN_POINT('',(0.0179302480000002,-0.0294623409999986,-0.00740000077999985));
#13379=CARTESIAN_POINT('',(0.00917805692545029,-0.0512690329999977,-0.00740000077999985));
#13380=CARTESIAN_POINT('',(0.00695360532994115,-0.0512690329999977,-0.00740000077999985));
#13381=CARTESIAN_POINT('',(-0.00682444932994098,-0.0512690329999977,-0.00740000077999985));
#13382=CARTESIAN_POINT('',(-0.00903053103168499,-0.0512690329999977,-0.00740000077999985));
#13383=CARTESIAN_POINT('',(-0.021364394,-0.045184431760629,-0.00740000077999985));
#13384=CARTESIAN_POINT('',(-0.021364394,-0.045840643239366,-0.00740000077999985));
#13385=CARTESIAN_POINT('',(-0.021364394,-0.0371964857606293,-0.00740000077999985));
#13386=CARTESIAN_POINT('',(-0.021364394,-0.0377857182393663,-0.00740000077999985));
#13387=CARTESIAN_POINT('',(-0.021364394,-0.0292393567606297,-0.00740000077999985));
#13388=CARTESIAN_POINT('',(-0.021364394,-0.0297977722393666,-0.00740000077999985));
#13389=CARTESIAN_POINT('',(-0.00905084028745784,-0.0237023409999986,-0.00740000077999985));
#13390=CARTESIAN_POINT('',(-0.00680800323413117,-0.0237023409999986,-0.00740000077999985));
#13391=CARTESIAN_POINT('',(0.00696440323413135,-0.0237023409999986,-0.00740000077999985));
#13392=CARTESIAN_POINT('',(0.00917627092545029,-0.0237023409999986,-0.00740000077999985));
#13393=CARTESIAN_POINT('',(0.0215002480000002,-0.0457837986482791,-0.00740000077999985));
#13394=CARTESIAN_POINT('',(0.0215002480000002,-0.0451795427831158,-0.00740000077999985));
#13395=CARTESIAN_POINT('',(0.0215002480000002,-0.0377837612168801,-0.00740000077999985));
#13396=CARTESIAN_POINT('',(0.0215002480000002,-0.0371842870290301,-0.00740000077999985));
#13397=CARTESIAN_POINT('',(0.0215002480000002,-0.0291866977606299,-0.00740000077999985));
#13398=CARTESIAN_POINT('',(0.0215002480000002,-0.0297861589709665,-0.00740000077999985));
#13399=CARTESIAN_POINT('',(7.06060000001119E-5,-0.0602399999999975,-0.0153950007799997));
#13400=CARTESIAN_POINT('',(0.0192706060000407,-0.0602399999999975,-0.0153950007799997));
#13401=CARTESIAN_POINT('',(0.0192706060000407,-0.0602399999999975,-0.0148950007799997));
#13402=CARTESIAN_POINT('',(-0.0191293940000411,-0.0602399999999975,-0.0148950007799997));
#13403=CARTESIAN_POINT('',(-0.0191293940000411,-0.0602399999999975,-0.0148950007799997));
#13404=CARTESIAN_POINT('',(-0.0191293940000411,-0.0602399999999975,-0.0153950007799997));
#13405=CARTESIAN_POINT('',(7.06060000001153E-5,0.0243611999999987,-0.0153950007799997));
#13406=CARTESIAN_POINT('',(-0.0191293940000405,0.0243611999999987,-0.0153950007799997));
#13407=CARTESIAN_POINT('',(-0.0191293940000405,0.0243611999999987,-0.0148950007799997));
#13408=CARTESIAN_POINT('',(7.06060000001153E-5,0.0243611999999987,-0.0148950007799997));
#13409=CARTESIAN_POINT('',(0.0192706060000413,0.0243611999999987,-0.0148950007799997));
#13410=CARTESIAN_POINT('',(0.0192706060000413,0.0243611999999987,-0.0153950007799997));
#13411=CARTESIAN_POINT('',(0.0201706060000006,0.0170024999999991,0.000102));
#13412=CARTESIAN_POINT('',(0.0201706060000006,0.0164449999999984,-0.0019));
#13413=CARTESIAN_POINT('',(0.0201706060000006,0.0194449999999984,-0.0103950007799997));
#13414=CARTESIAN_POINT('',(0.0201706060000006,0.0156599999999998,0.000102));
#13415=CARTESIAN_POINT('',(0.0211706060000006,0.0156599999999998,0.000102));
#13416=CARTESIAN_POINT('',(0.0202706060000006,0.0156599999999998,-0.0019));
#13417=CARTESIAN_POINT('',(-0.0200293939999998,0.0170024999999994,0.000102));
#13418=CARTESIAN_POINT('',(-0.0200293939999998,0.0164449999999987,-0.0019));
#13419=CARTESIAN_POINT('',(-0.0200293939999998,0.01566,0.000102));
#13420=CARTESIAN_POINT('',(-0.0200293939999998,0.0194449999999987,-0.0103950007799997));
#13421=CARTESIAN_POINT('',(-0.0210293939999998,0.01566,0.000102));
#13422=CARTESIAN_POINT('',(-0.0201293939999998,0.01566,-0.0019));
#13423=CARTESIAN_POINT('',(-0.0210293939999998,0.0194449999999987,-0.0103950007799997));
#13424=CARTESIAN_POINT('',(0.0146066685730597,0.0194449999999984,-0.0103950007799997));
#13425=CARTESIAN_POINT('',(0.0146066685730597,0.0128611999999987,-0.0103950007799997));
#13426=CARTESIAN_POINT('',(0.0146066685730597,0.0213911999999987,-0.0103950007799997));
#13427=CARTESIAN_POINT('',(0.0136066685730597,0.0213911999999987,-0.0103950007799997));
#13428=CARTESIAN_POINT('',(0.0136066685730597,0.0213891999999987,-0.0103950007799997));
#13429=CARTESIAN_POINT('',(0.0146066685730597,0.0194449999999984,-0.0103950007799997));
#13430=CARTESIAN_POINT('',(0.0146066685730597,0.0194449999999984,-0.0103950007799997));
#13431=CARTESIAN_POINT('',(0.0146066685730597,0.0194449999999984,-0.0103950007799997));
#13432=CARTESIAN_POINT('',(0.009500606,0.0194449999999985,-0.00662000077999985));
#13433=CARTESIAN_POINT('',(0.0137484398758478,0.0184449999999984,-0.0019));
#13434=CARTESIAN_POINT('',(0.0130776744002608,0.0184449999999985,-0.00158311007861555));
#13435=CARTESIAN_POINT('',(0.0117061029698314,0.0185540611084314,-0.00102220925709613));
#13436=CARTESIAN_POINT('',(0.00949088829951143,0.0186314264765518,-0.000707818905987531));
#13437=CARTESIAN_POINT('',(0.00728416794612744,0.0185531233897428,-0.00102654419947042));
#13438=CARTESIAN_POINT('',(0.00592195734911103,0.0184449999999985,-0.00158385663686211));
#13439=CARTESIAN_POINT('',(0.00525277212415211,0.0184449999999985,-0.0019));
#13440=CARTESIAN_POINT('',(0.00439454342694025,0.0194449999999986,-0.0103950007799997));
#13441=CARTESIAN_POINT('',(0.00439454342694025,0.0128611999999987,-0.0103950007799997));
#13442=CARTESIAN_POINT('',(0.00439454342694025,0.0213911999999987,-0.0103950007799997));
#13443=CARTESIAN_POINT('',(0.00539454342694026,0.0213911999999987,-0.0103950007799997));
#13444=CARTESIAN_POINT('',(0.00439454342694025,0.0194449999999986,-0.0103950007799997));
#13445=CARTESIAN_POINT('',(0.00539454342694026,0.0213891999999987,-0.0103950007799997));
#13446=CARTESIAN_POINT('',(0.00439454342694025,0.0194449999999986,-0.0103950007799997));
#13447=CARTESIAN_POINT('',(0.00439454342694025,0.0194449999999986,-0.0103950007799997));
#13448=CARTESIAN_POINT('',(-0.0210293939999998,0.0194449999999987,-0.0103950007799997));
#13449=CARTESIAN_POINT('',(0.0192706060000002,-0.0567399999999975,0.249422620355332));
#13450=CARTESIAN_POINT('',(0.0192706060000002,-0.0567399999999975,-0.00543553468593258));
#13451=CARTESIAN_POINT('',(-0.019129394,-0.0567399999999975,0.249422620355332));
#13452=CARTESIAN_POINT('',(-0.024129394,-0.0567400000000382,-0.0153950007799997));
#13453=CARTESIAN_POINT('',(-0.0241293939999979,-0.0570042861496066,-0.0153950007799997));
#13454=CARTESIAN_POINT('',(-0.0241043311855291,-0.0572400000000382,-0.0151592850834981));
#13455=CARTESIAN_POINT('',(-0.0241043311855291,-0.0572400000000382,-0.0148950007799997));
#13456=CARTESIAN_POINT('',(-0.0241043311855291,-0.0572400000000382,-0.0148950007799997));
#13457=CARTESIAN_POINT('',(-0.0241043311855291,-0.0572400000000382,-0.0148950007799997));
#13458=CARTESIAN_POINT('',(-0.0241043311855291,-0.0572400000000382,-0.0146291636277006));
#13459=CARTESIAN_POINT('',(-0.0240815246062738,-0.0574796137500285,-0.0143950007799997));
#13460=CARTESIAN_POINT('',(-0.0240283734855582,-0.0577400000000382,-0.0143950007799997));
#13461=CARTESIAN_POINT('',(-0.0240283734855582,-0.0577400000000382,-0.0143950007799997));
#13462=CARTESIAN_POINT('',(-0.019129394,-0.0567399999999975,-0.0143950007799997));
#13463=CARTESIAN_POINT('',(-0.0196293940000008,-0.0617149371855305,-0.0143950007799997));
#13464=CARTESIAN_POINT('',(-0.0196293940000008,-0.0617149371855305,-0.0143950007799997));
#13465=CARTESIAN_POINT('',(-0.0193663583892062,-0.0617413732590914,-0.0143950007799997));
#13466=CARTESIAN_POINT('',(-0.0191293940000001,-0.0617399999999975,-0.0146306276129891));
#13467=CARTESIAN_POINT('',(-0.0191293940000001,-0.0617399999999975,-0.0148950007799997));
#13468=CARTESIAN_POINT('',(-0.019129394,-0.0567399999999975,-0.00543553468593258));
#13469=CARTESIAN_POINT('',(0.0192706060000002,0.0208611999999987,-0.0108825007799997));
#13470=CARTESIAN_POINT('',(0.0192706060000002,0.0208611999999987,-0.00103553390593273));
#13471=CARTESIAN_POINT('',(0.0192706060000407,-0.0572400000000382,2.00000000000027E-6));
#13472=CARTESIAN_POINT('',(0.0192706060000407,-0.0572400000000382,-0.0148950007799997));
#13473=CARTESIAN_POINT('',(-0.0191293940000411,-0.0572400000000382,-0.0153950007799997));
#13474=CARTESIAN_POINT('',(-0.0191293940000411,-0.0602399999999975,-0.0148950007799997));
#13475=CARTESIAN_POINT('',(-0.0191293940000411,-0.0602399999999975,-0.0146301442879338));
#13476=CARTESIAN_POINT('',(-0.0193682542083698,-0.0602421805727494,-0.0143950007799997));
#13477=CARTESIAN_POINT('',(-0.0196293940000422,-0.0601980398915465,-0.0143950007799997));
#13478=CARTESIAN_POINT('',(-0.0196293940000422,-0.0601980398915465,-0.0143950007799997));
#13479=CARTESIAN_POINT('',(-0.0191293940000411,-0.0572400000000382,-0.0143950007799997));
#13480=CARTESIAN_POINT('',(-0.0220874338915496,-0.0577400000000382,-0.0143950007799997));
#13481=CARTESIAN_POINT('',(-0.0220874338915496,-0.0577400000000382,-0.0143950007799997));
#13482=CARTESIAN_POINT('',(-0.0221315699852292,-0.0574788873485188,-0.0143950007799997));
#13483=CARTESIAN_POINT('',(-0.0221293940000004,-0.0572400000000382,-0.014630150085015));
#13484=CARTESIAN_POINT('',(-0.0221293940000004,-0.0572400000000382,-0.0148950007799997));
#13485=CARTESIAN_POINT('',(-0.0191293940000405,0.0213612000000394,2.00000000000027E-6));
#13486=CARTESIAN_POINT('',(-0.0191293940000405,0.0213612000000394,-0.0148950007799997));
#13487=CARTESIAN_POINT('',(0.0192706060000413,0.0213612000000394,-0.0153950007799997));
#13488=CARTESIAN_POINT('',(0.0192706060000413,0.0213612000000394,-0.0148950007799997));
#13489=CARTESIAN_POINT('',(-0.0201293939999998,0.0170024999999994,-0.0019));
#13490=CARTESIAN_POINT('',(-0.0207441429589288,0.0170024999999994,3.17726906761437E-6));
#13491=CARTESIAN_POINT('',(-0.020129394,-0.0139949999999986,-0.0019));
#13492=CARTESIAN_POINT('',(-0.022129394,-0.0139949999999986,-0.00190000000000043));
#13493=CARTESIAN_POINT('',(-0.022129394,-0.0139949999999986,9.99999999998149E-5));
#13494=CARTESIAN_POINT('',(-0.0201293939999997,-0.0139949999999986,9.99999999995651E-5));
#13495=CARTESIAN_POINT('',(-0.022129394,-0.0140436231530016,-0.00189999997653751));
#13496=CARTESIAN_POINT('',(-0.0221293940001051,-0.0141034272700885,0.00010000011611675));
#13497=CARTESIAN_POINT('',(-0.0201293940000201,-0.0141034272700234,9.9999999999565E-5));
#13498=CARTESIAN_POINT('',(-0.0221293940000001,-0.0141400790625998,-0.00190429616809196));
#13499=CARTESIAN_POINT('',(-0.0221293939999513,-0.0143358031244983,9.12955681367516E-5));
#13500=CARTESIAN_POINT('',(-0.0201293939999907,-0.0143358031245285,9.1295622026891E-5));
#13501=CARTESIAN_POINT('',(-0.022129394,-0.0142837724194235,-0.0019295607474562));
#13502=CARTESIAN_POINT('',(-0.0221293940000131,-0.0148295139158068,1.29937417138374E-5));
#13503=CARTESIAN_POINT('',(-0.0201293940000025,-0.0148295139157988,1.29937272741374E-5));
#13504=CARTESIAN_POINT('',(-0.0221293940000001,-0.0144183662367055,-0.00198671119016686));
#13505=CARTESIAN_POINT('',(-0.0221293939999966,-0.015413749015749,-0.000236634787701167));
#13506=CARTESIAN_POINT('',(-0.0201293939999994,-0.0154137490157512,-0.000236634783832512));
#13507=CARTESIAN_POINT('',(-0.022129394,-0.0145384001410691,-0.0020665722669469));
#13508=CARTESIAN_POINT('',(-0.022129394000001,-0.0157382087474248,-0.000464265666871905));
#13509=CARTESIAN_POINT('',(-0.0201293940000002,-0.0157382087474242,-0.000464265667906863));
#13510=CARTESIAN_POINT('',(-0.022129394,-0.0146511482061146,-0.00215875205984178));
#13511=CARTESIAN_POINT('',(-0.0221293939999998,-0.015976040522216,-0.000658210961873358));
#13512=CARTESIAN_POINT('',(-0.020129394,-0.0159760405222162,-0.000658210961602225));
#13513=CARTESIAN_POINT('',(-0.022129394,-0.0147911505860209,-0.00228971829541294));
#13514=CARTESIAN_POINT('',(-0.0221293940000002,-0.0162193281182057,-0.000887591487390028));
#13515=CARTESIAN_POINT('',(-0.0201293940000001,-0.0162193281182056,-0.000887591487546569));
#13516=CARTESIAN_POINT('',(-0.0221293940000001,-0.0149547720705293,-0.00246468418599344));
#13517=CARTESIAN_POINT('',(-0.022129394,-0.0164547313146651,-0.0011407216833425));
#13518=CARTESIAN_POINT('',(-0.020129394,-0.0164547313146652,-0.00114072168328942));
#13519=CARTESIAN_POINT('',(-0.022129394,-0.0151408475699608,-0.00268406026395441));
#13520=CARTESIAN_POINT('',(-0.0221293940000001,-0.0166866210976791,-0.00141465148447977));
#13521=CARTESIAN_POINT('',(-0.0201293940000001,-0.0166866210976791,-0.00141465148449369));
#13522=CARTESIAN_POINT('',(-0.0221293940000001,-0.015381739847902,-0.00298338177104121));
#13523=CARTESIAN_POINT('',(-0.0221293940000001,-0.0169564897412621,-0.00175029381965168));
#13524=CARTESIAN_POINT('',(-0.0201293940000001,-0.0169564897412621,-0.00175029381964366));
#13525=CARTESIAN_POINT('',(-0.0221293940000001,-0.0156771753265827,-0.00336344465312698));
#13526=CARTESIAN_POINT('',(-0.0221293940000001,-0.0172531009548185,-0.00213195801201893));
#13527=CARTESIAN_POINT('',(-0.0201293940000001,-0.0172531009548186,-0.00213195801202166));
#13528=CARTESIAN_POINT('',(-0.022129394,-0.0160379979307034,-0.00381284682522218));
#13529=CARTESIAN_POINT('',(-0.0221293940000001,-0.0175760480817291,-0.00253352510410507));
#13530=CARTESIAN_POINT('',(-0.0201293940000001,-0.0175760480817291,-0.00253352510410436));
#13531=CARTESIAN_POINT('',(-0.0221293940000001,-0.0165417415844274,-0.00438955159762116));
#13532=CARTESIAN_POINT('',(-0.0221293940000001,-0.0179907397720428,-0.00300732280850359));
#13533=CARTESIAN_POINT('',(-0.0201293940000001,-0.0179907397720428,-0.00300732280850402));
#13534=CARTESIAN_POINT('',(-0.022129394,-0.0172279068052678,-0.0050463648433555));
#13535=CARTESIAN_POINT('',(-0.022129394,-0.0184949718089773,-0.00348512036804349));
#13536=CARTESIAN_POINT('',(-0.0201293940000001,-0.0184949718089773,-0.00348512036804335));
#13537=CARTESIAN_POINT('',(-0.0221293940000001,-0.0182098258563559,-0.00569801943824467));
#13538=CARTESIAN_POINT('',(-0.0221293940000001,-0.0191455211545358,-0.00391340121739321));
#13539=CARTESIAN_POINT('',(-0.0201293940000001,-0.0191455211545358,-0.00391340121739325));
#13540=CARTESIAN_POINT('',(-0.0221293940000001,-0.0191224990506517,-0.00605769402950778));
#13541=CARTESIAN_POINT('',(-0.0221293940000001,-0.0197235847185601,-0.00414122719695096));
#13542=CARTESIAN_POINT('',(-0.0201293940000001,-0.0197235847185601,-0.00414122719695096));
#13543=CARTESIAN_POINT('',(-0.0221293940000001,-0.0198885069904552,-0.00622721175395842));
#13544=CARTESIAN_POINT('',(-0.0221293940000001,-0.0202199488468156,-0.00425119086507417));
#13545=CARTESIAN_POINT('',(-0.0201293940000001,-0.0202199488468157,-0.00425119086507417));
#13546=CARTESIAN_POINT('',(-0.0221293940000001,-0.0203794905286809,-0.00628385404734789));
#13547=CARTESIAN_POINT('',(-0.0221293940000001,-0.0205420540350286,-0.00428893044861447));
#13548=CARTESIAN_POINT('',(-0.0201293940000001,-0.0205420540350286,-0.00428893044861446));
#13549=CARTESIAN_POINT('',(-0.0221293940000001,-0.0207216303832224,-0.00629899077011591));
#13550=CARTESIAN_POINT('',(-0.0221293940000001,-0.0207807035873966,-0.00429930063940953));
#13551=CARTESIAN_POINT('',(-0.0201293940000001,-0.0207807035873966,-0.00429930063940953));
#13552=CARTESIAN_POINT('',(-0.0221293940000001,-0.0209174823851029,-0.00630018441816118));
#13553=CARTESIAN_POINT('',(-0.0221293940000001,-0.0209067418025258,-0.00430012807828961));
#13554=CARTESIAN_POINT('',(-0.0201293940000001,-0.0209067418025258,-0.00430012807828961));
#13555=CARTESIAN_POINT('',(-0.0221293940000001,-0.0212112507443426,-0.00629977123229935));
#13556=CARTESIAN_POINT('',(-0.0221293940000001,-0.021224676472564,-0.00429984165713881));
#13557=CARTESIAN_POINT('',(-0.0201293940000001,-0.021224676472564,-0.00429984165713881));
#13558=CARTESIAN_POINT('',(-0.0221293940000001,-0.0214560602217248,-0.00630000078000037));
#13559=CARTESIAN_POINT('',(-0.0221293940000001,-0.0214560602217248,-0.00430000078000036));
#13560=CARTESIAN_POINT('',(-0.0201293940000001,-0.0214560602217248,-0.00430000078000037));
#13561=CARTESIAN_POINT('',(-0.0221293940000001,-0.021651906999999,-0.00630000078000037));
#13562=CARTESIAN_POINT('',(-0.0221293940000001,-0.021651906999999,-0.00430000078000036));
#13563=CARTESIAN_POINT('',(-0.0201293940000001,-0.021651906999999,-0.00430000078000037));
#13564=CARTESIAN_POINT('',(0.0202706060000004,0.00137499999999974,-0.0019));
#13565=CARTESIAN_POINT('',(0.0202706060000003,-0.0139949999999986,-0.0019));
#13566=CARTESIAN_POINT('',(0.0202706060000003,-0.0139949999999986,9.99999999995651E-5));
#13567=CARTESIAN_POINT('',(0.0222706060000003,-0.0139949999999986,9.99999999995651E-5));
#13568=CARTESIAN_POINT('',(0.0222706060000003,-0.0139949999999986,-0.00190000000000043));
#13569=CARTESIAN_POINT('',(0.0202706060000022,-0.0141034272700234,9.99999999995651E-5));
#13570=CARTESIAN_POINT('',(0.0222706060000009,-0.0141034272700222,0.000100000116134922));
#13571=CARTESIAN_POINT('',(0.0222706060000003,-0.0140436231530016,-0.00189999997653751));
#13572=CARTESIAN_POINT('',(0.0202706059999994,-0.0143358031245285,9.12956220268905E-5));
#13573=CARTESIAN_POINT('',(0.022270606,-0.0143358031245291,9.12955681283181E-5));
#13574=CARTESIAN_POINT('',(0.0222706060000003,-0.0141400790625998,-0.00190429616809196));
#13575=CARTESIAN_POINT('',(0.0202706060000006,-0.0148295139157988,1.29937272741341E-5));
#13576=CARTESIAN_POINT('',(0.0222706060000004,-0.0148295139157986,1.29937417160916E-5));
#13577=CARTESIAN_POINT('',(0.0222706060000003,-0.0142837724194235,-0.00192956074745619));
#13578=CARTESIAN_POINT('',(0.0202706060000002,-0.0154137490157512,-0.000236634783832513));
#13579=CARTESIAN_POINT('',(0.0222706060000003,-0.0154137490157513,-0.000236634787701793));
#13580=CARTESIAN_POINT('',(0.0222706060000003,-0.0144183662367055,-0.00198671119016686));
#13581=CARTESIAN_POINT('',(0.0202706060000003,-0.0157382087474241,-0.000464265667906789));
#13582=CARTESIAN_POINT('',(0.0222706060000003,-0.0157382087474241,-0.000464265666871686));
#13583=CARTESIAN_POINT('',(0.0222706060000003,-0.0145384001410691,-0.00206657226694685));
#13584=CARTESIAN_POINT('',(0.0202706060000003,-0.0159760405222163,-0.000658210961602307));
#13585=CARTESIAN_POINT('',(0.0222706060000003,-0.0159760405222163,-0.000658210961873498));
#13586=CARTESIAN_POINT('',(0.0222706060000003,-0.0146511482061147,-0.00215875205984181));
#13587=CARTESIAN_POINT('',(0.0202706060000003,-0.0162193281182056,-0.000887591487546523));
#13588=CARTESIAN_POINT('',(0.0222706060000003,-0.0162193281182056,-0.000887591487389969));
#13589=CARTESIAN_POINT('',(0.0222706060000003,-0.014791150586021,-0.00228971829541293));
#13590=CARTESIAN_POINT('',(0.0202706060000003,-0.0164547313146652,-0.00114072168328943));
#13591=CARTESIAN_POINT('',(0.0222706060000003,-0.0164547313146652,-0.00114072168334254));
#13592=CARTESIAN_POINT('',(0.0222706060000003,-0.0149547720705293,-0.00246468418599345));
#13593=CARTESIAN_POINT('',(0.0202706060000003,-0.0166866210976791,-0.00141465148449369));
#13594=CARTESIAN_POINT('',(0.0222706060000003,-0.0166866210976791,-0.00141465148447978));
#13595=CARTESIAN_POINT('',(0.0222706060000003,-0.0151408475699608,-0.0026840602639544));
#13596=CARTESIAN_POINT('',(0.0202706060000003,-0.0169564897412621,-0.00175029381964367));
#13597=CARTESIAN_POINT('',(0.0222706060000003,-0.0169564897412621,-0.00175029381965171));
#13598=CARTESIAN_POINT('',(0.0222706060000003,-0.0153817398479021,-0.00298338177104125));
#13599=CARTESIAN_POINT('',(0.0202706060000003,-0.0172531009548185,-0.00213195801202163));
#13600=CARTESIAN_POINT('',(0.0222706060000003,-0.0172531009548185,-0.00213195801201891));
#13601=CARTESIAN_POINT('',(0.0222706060000003,-0.0156771753265826,-0.00336344465312692));
#13602=CARTESIAN_POINT('',(0.0202706060000003,-0.0175760480817291,-0.00253352510410435));
#13603=CARTESIAN_POINT('',(0.0222706060000003,-0.0175760480817291,-0.00253352510410507));
#13604=CARTESIAN_POINT('',(0.0222706060000003,-0.0160379979307034,-0.00381284682522217));
#13605=CARTESIAN_POINT('',(0.0202706060000003,-0.0179907397720428,-0.00300732280850404));
#13606=CARTESIAN_POINT('',(0.0222706060000003,-0.0179907397720428,-0.00300732280850364));
#13607=CARTESIAN_POINT('',(0.0222706060000003,-0.0165417415844275,-0.00438955159762114));
#13608=CARTESIAN_POINT('',(0.0202706060000003,-0.0184949718089773,-0.00348512036804332));
#13609=CARTESIAN_POINT('',(0.0222706060000003,-0.0184949718089773,-0.00348512036804347));
#13610=CARTESIAN_POINT('',(0.0222706060000003,-0.0172279068052678,-0.00504636484335547));
#13611=CARTESIAN_POINT('',(0.0202706060000003,-0.0191455211545358,-0.00391340121739325));
#13612=CARTESIAN_POINT('',(0.0222706060000003,-0.0191455211545358,-0.00391340121739321));
#13613=CARTESIAN_POINT('',(0.0222706060000003,-0.018209825856356,-0.00569801943824467));
#13614=CARTESIAN_POINT('',(0.0202706060000003,-0.0197235847185602,-0.00414122719695096));
#13615=CARTESIAN_POINT('',(0.0222706060000003,-0.0197235847185602,-0.00414122719695096));
#13616=CARTESIAN_POINT('',(0.0222706060000003,-0.0191224990506517,-0.00605769402950775));
#13617=CARTESIAN_POINT('',(0.0202706060000003,-0.0202199488468156,-0.00425119086507417));
#13618=CARTESIAN_POINT('',(0.0222706060000003,-0.0202199488468157,-0.00425119086507418));
#13619=CARTESIAN_POINT('',(0.0222706060000002,-0.0198885069904552,-0.00622721175395842));
#13620=CARTESIAN_POINT('',(0.0202706060000003,-0.0205420540350286,-0.00428893044861446));
#13621=CARTESIAN_POINT('',(0.0222706060000002,-0.0205420540350286,-0.00428893044861446));
#13622=CARTESIAN_POINT('',(0.0222706060000003,-0.0203794905286809,-0.00628385404734789));
#13623=CARTESIAN_POINT('',(0.0202706060000003,-0.0207807035873965,-0.00429930063940953));
#13624=CARTESIAN_POINT('',(0.0222706060000003,-0.0207807035873965,-0.00429930063940953));
#13625=CARTESIAN_POINT('',(0.0222706060000003,-0.0207216303832223,-0.00629899077011591));
#13626=CARTESIAN_POINT('',(0.0202706060000003,-0.0209067418025259,-0.00430012807828961));
#13627=CARTESIAN_POINT('',(0.0222706060000002,-0.0209067418025259,-0.0043001280782896));
#13628=CARTESIAN_POINT('',(0.0222706060000002,-0.020917482385103,-0.00630018441816118));
#13629=CARTESIAN_POINT('',(0.0202706060000002,-0.0212246764725634,-0.00429984165713881));
#13630=CARTESIAN_POINT('',(0.0222706060000004,-0.0212246764725636,-0.00429984165713888));
#13631=CARTESIAN_POINT('',(0.0222706060000003,-0.021211250744342,-0.00629977123229935));
#13632=CARTESIAN_POINT('',(0.0202706060000006,-0.0214560602217302,-0.00430000078000037));
#13633=CARTESIAN_POINT('',(0.0222706059999988,-0.0214560602217284,-0.00430000077999971));
#13634=CARTESIAN_POINT('',(0.0222706060000003,-0.0214560602217302,-0.00630000078000037));
#13635=CARTESIAN_POINT('',(0.0202706060000003,-0.021651906999999,-0.00430000078000037));
#13636=CARTESIAN_POINT('',(0.0222706060000003,-0.021651906999999,-0.00430000078000037));
#13637=CARTESIAN_POINT('',(0.0222706060000003,-0.021651906999999,-0.00630000078000037));
#13638=CARTESIAN_POINT('',(1.20587567708672E-16,0.0164449999999986,-0.0019));
#13639=CARTESIAN_POINT('',(0.0137484398758478,0.0164449999999985,-0.0019));
#13640=CARTESIAN_POINT('',(0.00525277212415209,0.0164449999999986,0.0001));
#13641=CARTESIAN_POINT('',(0.00525277212415211,0.0184449999999986,9.99999999999998E-5));
#13642=CARTESIAN_POINT('',(0.00525277212415211,0.0184449999999986,-0.0019));
#13643=CARTESIAN_POINT('',(0.0059751474434167,0.0164450000160473,0.0001));
#13644=CARTESIAN_POINT('',(0.00573101165062329,0.0182190651582728,0.000100000000000143));
#13645=CARTESIAN_POINT('',(0.0057596415004765,0.0184449999999985,-0.00166053955066567));
#13646=CARTESIAN_POINT('',(0.00703488249674257,0.0166228919015046,0.0001));
#13647=CARTESIAN_POINT('',(0.00669295544999224,0.0180274865590559,9.99999999999704E-5));
#13648=CARTESIAN_POINT('',(0.0066454396862695,0.0185042973016691,-0.00126505368708214));
#13649=CARTESIAN_POINT('',(0.00845054218078139,0.0168729203467397,0.0001));
#13650=CARTESIAN_POINT('',(0.00827915228663043,0.0180076825150075,0.000100000000000006));
#13651=CARTESIAN_POINT('',(0.00820835819740759,0.0185876401154146,-0.000885279244985156));
#13652=CARTESIAN_POINT('',(0.00986771044204895,0.0169830664897315,0.0001));
#13653=CARTESIAN_POINT('',(0.00992144269736038,0.0180221686163906,9.99999999999918E-5));
#13654=CARTESIAN_POINT('',(0.00995629828175939,0.0186243554963931,-0.000737869922871209));
#13655=CARTESIAN_POINT('',(0.01162455196601,0.0166843806145134,0.0001));
#13656=CARTESIAN_POINT('',(0.0120371755675042,0.0179744317009991,0.00010000000000005));
#13657=CARTESIAN_POINT('',(0.012079061301518,0.0185247935406397,-0.00113298197876425));
#13658=CARTESIAN_POINT('',(0.0130309141172392,0.0164450000158585,0.0001));
#13659=CARTESIAN_POINT('',(0.0132732307434965,0.0182204968081323,9.99999999998846E-5));
#13660=CARTESIAN_POINT('',(0.0132449732927567,0.0184449999999985,-0.00166214713325843));
#13661=CARTESIAN_POINT('',(0.0137484398758478,0.0164449999999985,0.0001));
#13662=CARTESIAN_POINT('',(0.0137484398758478,0.0184449999999984,0.0001));
#13663=CARTESIAN_POINT('',(0.0137484398758478,0.0184449999999984,-0.00189999999999998));
#13664=CARTESIAN_POINT('',(0.00525277212415209,0.0164449999999986,-0.0019));
#13665=CARTESIAN_POINT('',(1.20587567708672E-16,0.0164449999999986,-0.0019));
#13666=CARTESIAN_POINT('',(-0.023129394,-0.0413209534999978,-0.00340000077999985));
#13667=CARTESIAN_POINT('',(-0.0231293939999999,-0.0209019069999986,-0.00340000077999967));
#13668=CARTESIAN_POINT('',(-0.0232186476919588,-0.0209019069999986,-0.00348925447195856));
#13669=CARTESIAN_POINT('',(-0.0233079013839177,-0.0209019069999986,-0.00357850816391746));
#13670=CARTESIAN_POINT('',(-0.0233971550758766,-0.0209019069999986,-0.00366776185587635));
#13671=CARTESIAN_POINT('',(-0.0233971550758766,-0.0209019069999986,-0.00366776185587625));
#13672=CARTESIAN_POINT('',(-0.0233971609529664,-0.0413209534999978,-0.00366776773296621));
#13673=CARTESIAN_POINT('',(-0.0233971609529664,-0.0567399999999975,-0.00366776773296621));
#13674=CARTESIAN_POINT('',(-0.023129394,-0.0567399999999975,-0.00340000077999985));
#13675=CARTESIAN_POINT('',(-0.023129394,-0.0139949999999986,0.00100000000000043));
#13676=CARTESIAN_POINT('',(-0.023129394,-0.0144568108506476,0.00100070960052398));
#13677=CARTESIAN_POINT('',(-0.023129394,-0.0149478459072605,0.000925070795514932));
#13678=CARTESIAN_POINT('',(-0.023129394,-0.0158861548871616,0.000550615851861693));
#13679=CARTESIAN_POINT('',(-0.023129394,-0.0162852151620037,0.000271542440518343));
#13680=CARTESIAN_POINT('',(-0.023129394,-0.016942831490228,-0.000322839914370557));
#13681=CARTESIAN_POINT('',(-0.023129394,-0.0172046792340712,-0.000627372099561598));
#13682=CARTESIAN_POINT('',(-0.0231293940000001,-0.0176849251916277,-0.00121653384057179));
#13683=CARTESIAN_POINT('',(-0.023129394,-0.0178991070304681,-0.00150025003125552));
#13684=CARTESIAN_POINT('',(-0.0231293940000001,-0.0185362369720042,-0.00228562993281874));
#13685=CARTESIAN_POINT('',(-0.023129394,-0.0189465106728028,-0.00271729392366997));
#13686=CARTESIAN_POINT('',(-0.0231293940000001,-0.0198497854823107,-0.00326866933432525));
#13687=CARTESIAN_POINT('',(-0.023129394,-0.0203444027807392,-0.00340097851236146));
#13688=CARTESIAN_POINT('',(-0.023129394,-0.0209019069999986,-0.0034000007799995));
#13689=CARTESIAN_POINT('',(-0.0233993266699724,-0.0139949999999986,0.000730067330028057));
#13690=CARTESIAN_POINT('',(-0.0233993266699724,-0.0144295103144188,0.000730618643496109));
#13691=CARTESIAN_POINT('',(-0.0233993266699724,-0.014883694960703,0.00066001506242498));
#13692=CARTESIAN_POINT('',(-0.0233993266699724,-0.0157499669214263,0.000314354414394926));
#13693=CARTESIAN_POINT('',(-0.0233993266699724,-0.0161213107646391,5.57073808120571E-5));
#13694=CARTESIAN_POINT('',(-0.0233993266699724,-0.0167455186030538,-0.000508223820597021));
#13695=CARTESIAN_POINT('',(-0.0233993266699724,-0.0169994694167244,-0.000802802211661878));
#13696=CARTESIAN_POINT('',(-0.0233993266699725,-0.0174714823658379,-0.00138196227635947));
#13697=CARTESIAN_POINT('',(-0.0233993266699724,-0.017686130528844,-0.00166596161183751));
#13698=CARTESIAN_POINT('',(-0.0233993266699725,-0.0183323063013523,-0.00246314623192469));
#13699=CARTESIAN_POINT('',(-0.0233993266699724,-0.0187641071813317,-0.00292135667171824));
#13700=CARTESIAN_POINT('',(-0.0233993266699725,-0.019750506531937,-0.00352516015235813));
#13701=CARTESIAN_POINT('',(-0.0233993266699724,-0.0203037426186171,-0.00367212333331594));
#13702=CARTESIAN_POINT('',(-0.0233993266699724,-0.0209019069999986,-0.00366993344997187));
#13703=CARTESIAN_POINT('',(-0.0233971609529664,-0.0139949999999986,0.000732233047033665));
#13704=CARTESIAN_POINT('',(-0.0233079053019776,-0.0139949999999986,0.000821488698022443));
#13705=CARTESIAN_POINT('',(-0.0232186496509888,-0.0139949999999986,0.000910744349011222));
#13706=CARTESIAN_POINT('',(-0.023129394,-0.0139949999999986,0.001));
#13707=CARTESIAN_POINT('',(-0.0233971609529665,-0.0139949999999986,0.000732233047033771));
#13708=CARTESIAN_POINT('',(-0.0233971602389256,-0.0139949999999986,0.000732233761074934));
#13709=CARTESIAN_POINT('',(-0.0233976033875476,-0.0143592747233373,0.000732253641451365));
#13710=CARTESIAN_POINT('',(-0.0233967223173454,-0.015087677966602,0.000637161858769497));
#13711=CARTESIAN_POINT('',(-0.0233973809004418,-0.0163972587839296,-3.56098020529647E-5));
#13712=CARTESIAN_POINT('',(-0.0233967645496808,-0.0172869202313856,-0.00114266341724974));
#13713=CARTESIAN_POINT('',(-0.0233979207516999,-0.0181556160581373,-0.00226165914534547));
#13714=CARTESIAN_POINT('',(-0.0233968718523927,-0.0188970345433561,-0.00303077026166187));
#13715=CARTESIAN_POINT('',(-0.0233947283253245,-0.0198391815710492,-0.00356321973515332));
#13716=CARTESIAN_POINT('',(-0.023399601540454,-0.020537659780643,-0.00367153661985708));
#13717=CARTESIAN_POINT('',(-0.0233971550758767,-0.0209019069999986,-0.00366776185587616));
#13718=CARTESIAN_POINT('',(-0.019129394,-0.0567399999999975,-0.00340000077999983));
#13719=CARTESIAN_POINT('',(-0.019129394,-0.0567399999999975,-0.0036677677329662));
#13720=CARTESIAN_POINT('',(-0.019129394,-0.0610077669529639,-0.0036677677329662));
#13721=CARTESIAN_POINT('',(-0.019129394,-0.0607399999999975,-0.00340000077999985));
#13722=CARTESIAN_POINT('',(-0.023129394,0.00137499999999989,0.001));
#13723=CARTESIAN_POINT('',(-0.024129394,0.0208611999999987,2.94902990966561E-17));
#13724=CARTESIAN_POINT('',(-0.0233971609529664,0.0208611999999987,0.000732233047033664));
#13725=CARTESIAN_POINT('',(-0.0233971609529664,0.00137499999999989,0.000732233047033664));
#13726=CARTESIAN_POINT('',(0.0242726060000002,-0.0617399999999975,-0.00440000077999983));
#13727=CARTESIAN_POINT('',(0.0192706060000002,-0.0610077669529638,-0.00366776773296619));
#13728=CARTESIAN_POINT('',(0.0192706060000002,-0.0610077669529638,-0.00366776773296619));
#13729=CARTESIAN_POINT('',(0.0192706060000002,-0.0607399999999975,-0.00340000077999985));
#13730=CARTESIAN_POINT('',(-0.019129394,0.0208611999999987,0.001));
#13731=CARTESIAN_POINT('',(-0.019129394,0.0258611999999987,2.94902990916053E-17));
#13732=CARTESIAN_POINT('',(-0.019129394,0.025128966952965,0.000732233047033665));
#13733=CARTESIAN_POINT('',(-0.019129394,0.0208611999999987,0.000732233047033667));
#13734=CARTESIAN_POINT('',(0.0192706060000002,-0.0567399999999975,-0.00340000077999983));
#13735=CARTESIAN_POINT('',(0.0192706060000002,-0.0567399999999975,-0.0036677677329662));
#13736=CARTESIAN_POINT('',(0.0235383729529666,-0.0567399999999975,-0.0036677677329662));
#13737=CARTESIAN_POINT('',(0.0232706060000002,-0.0567399999999975,-0.00340000077999985));
#13738=CARTESIAN_POINT('',(7.0606000000091E-5,0.0258611999999987,2.94902990916057E-17));
#13739=CARTESIAN_POINT('',(0.0192706060000002,0.0258611999999987,2.94902990880416E-17));
#13740=CARTESIAN_POINT('',(0.0192706060000002,0.025128966952965,0.000732233047033664));
#13741=CARTESIAN_POINT('',(7.0606000000091E-5,0.025128966952965,0.000732233047033664));
#13742=CARTESIAN_POINT('',(0.0242706060000002,-0.0179393999999994,-0.00440000077999983));
#13743=CARTESIAN_POINT('',(0.0235383729529666,-0.0179393999999994,-0.00366776773296619));
#13744=CARTESIAN_POINT('',(0.0235383670758769,-0.0209019069999986,-0.00366776185587626));
#13745=CARTESIAN_POINT('',(0.0235383670758768,-0.0209019069999985,-0.00366776185587635));
#13746=CARTESIAN_POINT('',(0.0234491133839179,-0.0209019069999985,-0.00357850816391746));
#13747=CARTESIAN_POINT('',(0.023359859691959,-0.0209019069999985,-0.00348925447195857));
#13748=CARTESIAN_POINT('',(0.0232706060000001,-0.0209019069999985,-0.00340000077999967));
#13749=CARTESIAN_POINT('',(0.0192706060000002,0.0208611999999987,0.001));
#13750=CARTESIAN_POINT('',(0.0242706060000002,0.0208611999999987,2.94902990916053E-17));
#13751=CARTESIAN_POINT('',(0.0235383729529666,0.0208611999999987,0.000732233047033665));
#13752=CARTESIAN_POINT('',(0.0192706060000002,0.0208611999999987,0.000732233047033665));
#13753=CARTESIAN_POINT('',(0.023540538507898,-0.0139949999999986,0.000730067492102695));
#13754=CARTESIAN_POINT('',(0.023540538507898,-0.0144295103308107,0.000730618805665784));
#13755=CARTESIAN_POINT('',(0.023540538507898,-0.0148836949992209,0.000660015221571382));
#13756=CARTESIAN_POINT('',(0.023540538507898,-0.0157499670031971,0.000314354556252469));
#13757=CARTESIAN_POINT('',(0.023540538507898,-0.0161213108630516,5.57075104050679E-5));
#13758=CARTESIAN_POINT('',(0.023540538507898,-0.0167455187215257,-0.000508223709287678));
#13759=CARTESIAN_POINT('',(0.023540538507898,-0.0169994695399377,-0.000802802106329055));
#13760=CARTESIAN_POINT('',(0.023540538507898,-0.0174714824939945,-0.0013819621770319));
#13761=CARTESIAN_POINT('',(0.023540538507898,-0.0176861306567206,-0.00166596151233994));
#13762=CARTESIAN_POINT('',(0.023540538507898,-0.0183323064237976,-0.00246314612533926));
#13763=CARTESIAN_POINT('',(0.023540538507898,-0.0187641072908515,-0.00292135654919363));
#13764=CARTESIAN_POINT('',(0.023540538507898,-0.0197505065915467,-0.00352515999835432));
#13765=CARTESIAN_POINT('',(0.023540538507898,-0.0203037426430305,-0.0036721231705135));
#13766=CARTESIAN_POINT('',(0.023540538507898,-0.0209019069999985,-0.00366993328789724));
#13767=CARTESIAN_POINT('',(0.0232706060000002,-0.0139949999999986,0.00100000000000043));
#13768=CARTESIAN_POINT('',(0.0232706060000002,-0.0144568108506476,0.00100070960052398));
#13769=CARTESIAN_POINT('',(0.0232706060000002,-0.0149478459072605,0.000925070795514932));
#13770=CARTESIAN_POINT('',(0.0232706060000002,-0.0158861548871616,0.000550615851861693));
#13771=CARTESIAN_POINT('',(0.0232706060000002,-0.0162852151620037,0.000271542440518343));
#13772=CARTESIAN_POINT('',(0.0232706060000002,-0.016942831490228,-0.000322839914370557));
#13773=CARTESIAN_POINT('',(0.0232706060000002,-0.0172046792340712,-0.000627372099561598));
#13774=CARTESIAN_POINT('',(0.0232706060000002,-0.0176849251916277,-0.00121653384057179));
#13775=CARTESIAN_POINT('',(0.0232706060000002,-0.0178991070304681,-0.00150025003125552));
#13776=CARTESIAN_POINT('',(0.0232706060000002,-0.0185362369720042,-0.00228562993281874));
#13777=CARTESIAN_POINT('',(0.0232706060000002,-0.0189465106728028,-0.00271729392366997));
#13778=CARTESIAN_POINT('',(0.0232706060000002,-0.0198497854823107,-0.00326866933432525));
#13779=CARTESIAN_POINT('',(0.0232706060000002,-0.0203444027807392,-0.00340097851236146));
#13780=CARTESIAN_POINT('',(0.0232706060000002,-0.0209019069999986,-0.0034000007799995));
#13781=CARTESIAN_POINT('',(0.0235383670758769,-0.0209019069999986,-0.00366776185587617));
#13782=CARTESIAN_POINT('',(0.0235407541539432,-0.0205465016598785,-0.00367144498968773));
#13783=CARTESIAN_POINT('',(0.0235359832432368,-0.01982568568213,-0.00356167268201773));
#13784=CARTESIAN_POINT('',(0.023538087227841,-0.0188870690174735,-0.00302137351534525));
#13785=CARTESIAN_POINT('',(0.0235391360647929,-0.0181468194915629,-0.00225174699167235));
#13786=CARTESIAN_POINT('',(0.0235381951392946,-0.0174937744915192,-0.00140764377622453));
#13787=CARTESIAN_POINT('',(0.0235385875063138,-0.0168283629522076,-0.000577042639892492));
#13788=CARTESIAN_POINT('',(0.0235383273227073,-0.0160373985545795,0.00015738986274178));
#13789=CARTESIAN_POINT('',(0.023537941699387,-0.015068047651036,0.000640048536401877));
#13790=CARTESIAN_POINT('',(0.0235388046303347,-0.0143504321764583,0.000732253158917762));
#13791=CARTESIAN_POINT('',(0.0235383722389258,-0.0139949999999986,0.000732233761074935));
#13792=CARTESIAN_POINT('',(0.0235383729529667,-0.0139949999999986,0.000732233047033774));
#13793=CARTESIAN_POINT('',(0.0232706060000002,-0.0139949999999986,0.000999999999999999));
#13794=CARTESIAN_POINT('',(0.023359861650989,-0.0139949999999986,0.000910744349011222));
#13795=CARTESIAN_POINT('',(0.0234491173019778,-0.0139949999999986,0.000821488698022444));
#13796=CARTESIAN_POINT('',(0.0235383729529666,-0.0139949999999986,0.000732233047033666));
#13797=CARTESIAN_POINT('',(0.0242706060000002,-0.0179393999999994,2.77555756156289E-17));
#13798=CARTESIAN_POINT('',(0.0235383729529666,-0.0179393999999994,0.000732233047033667));
#13799=CARTESIAN_POINT('',(-0.021629394,-0.0179393999999994,-0.00103553390593273));
#13800=CARTESIAN_POINT('',(-0.0241293939999996,-0.0139972470047416,-0.00103553247785058));
#13801=CARTESIAN_POINT('',(-0.0241293936261289,-0.0139964980035458,-0.000381034484379747));
#13802=CARTESIAN_POINT('',(-0.023859960922422,-0.01399574900235,0.000269433077578556));
#13803=CARTESIAN_POINT('',(-0.0233971609529655,-0.0139950000011542,0.000732233047034597));
#13804=CARTESIAN_POINT('',(-0.021629394,0.0208611999999987,-0.00103553390593273));
#13805=CARTESIAN_POINT('',(-0.019129394,0.0208611999999987,-0.00103553390593273));
#13806=CARTESIAN_POINT('',(-0.019129394,0.0233611999999987,-0.00103553390593273));
#13807=CARTESIAN_POINT('',(-0.0233968547628027,-0.0209534249052917,-0.00366727377459278));
#13808=CARTESIAN_POINT('',(-0.024129394,-0.0209560938614676,-0.00439955445161237));
#13809=CARTESIAN_POINT('',(-0.024129394,-0.0209598689893688,-0.00543533512130373));
#13810=CARTESIAN_POINT('',(-0.0233973794810202,-0.0208634474487897,-0.00366812625697893));
#13811=CARTESIAN_POINT('',(-0.0241293939999998,-0.0208661241420621,-0.00440031698870931));
#13812=CARTESIAN_POINT('',(-0.024129394,-0.0208698957380553,-0.0054356630483845));
#13813=CARTESIAN_POINT('',(-0.02339789936502,-0.0207617594259962,-0.00366773355905315));
#13814=CARTESIAN_POINT('',(-0.0241293940000002,-0.0207321425882945,-0.00439969968295839));
#13815=CARTESIAN_POINT('',(-0.024129394,-0.0206902670315844,-0.00543442358569197));
#13816=CARTESIAN_POINT('',(-0.0233976947147799,-0.0205189585598182,-0.00365243002992109));
#13817=CARTESIAN_POINT('',(-0.024129394,-0.0204424788575974,-0.00438117711575812));
#13818=CARTESIAN_POINT('',(-0.0241293940000001,-0.020334381579575,-0.0054114715851987));
#13819=CARTESIAN_POINT('',(-0.0233965185083251,-0.0202408991316073,-0.00361081103753108));
#13820=CARTESIAN_POINT('',(-0.0241293940000001,-0.020097740696428,-0.00433062789961209));
#13821=CARTESIAN_POINT('',(-0.024129394,-0.0198952988418825,-0.00534899323141532));
#13822=CARTESIAN_POINT('',(-0.0233959307410039,-0.0199129967088917,-0.00352654245463222));
#13823=CARTESIAN_POINT('',(-0.0241293940000001,-0.0196911857924351,-0.00422615710935133));
#13824=CARTESIAN_POINT('',(-0.0241293940000001,-0.0193772264396657,-0.00521623028339594));
#13825=CARTESIAN_POINT('',(-0.0233976329875741,-0.0194902693857472,-0.00336648657154294));
#13826=CARTESIAN_POINT('',(-0.024129394,-0.0191643208756789,-0.0040264390372188));
#13827=CARTESIAN_POINT('',(-0.024129394,-0.0187034076677421,-0.00495948506193061));
#13828=CARTESIAN_POINT('',(-0.0233959404456027,-0.019017212427709,-0.00308676909311783));
#13829=CARTESIAN_POINT('',(-0.0241293940000001,-0.0185712677218626,-0.00367415971142089));
#13830=CARTESIAN_POINT('',(-0.0241293940000001,-0.0179401954915673,-0.00450540388668052));
#13831=CARTESIAN_POINT('',(-0.023398176708105,-0.0184309893901805,-0.00256217501691066));
#13832=CARTESIAN_POINT('',(-0.024129394,-0.0178963465639119,-0.0030652467032721));
#13833=CARTESIAN_POINT('',(-0.024129394,-0.0171405912589987,-0.00377622695822854));
#13834=CARTESIAN_POINT('',(-0.023396747069365,-0.0178491528315516,-0.00187861548183029));
#13835=CARTESIAN_POINT('',(-0.0241293940000001,-0.017270025737221,-0.00232680423738653));
#13836=CARTESIAN_POINT('',(-0.0241293940000001,-0.0164509111969913,-0.00296087700235019));
#13837=CARTESIAN_POINT('',(-0.023397195521669,-0.0173089619403675,-0.00116245491323174));
#13838=CARTESIAN_POINT('',(-0.0241293940000001,-0.0167295935660184,-0.00161130320669916));
#13839=CARTESIAN_POINT('',(-0.024129394,-0.0159102371093721,-0.0022460331378668));
#13840=CARTESIAN_POINT('',(-0.0233972022858706,-0.0167264331047704,-0.000489642086055326));
#13841=CARTESIAN_POINT('',(-0.0241293939999999,-0.0161941987673784,-0.000994308798425816));
#13842=CARTESIAN_POINT('',(-0.024129394,-0.0154415285930765,-0.00170800421449121));
#13843=CARTESIAN_POINT('',(-0.0233971424269725,-0.016231260590739,-2.30825410948528E-5));
#13844=CARTESIAN_POINT('',(-0.0241293940000004,-0.0157692298029263,-0.000596119648841402));
#13845=CARTESIAN_POINT('',(-0.0241293940000001,-0.015115812155275,-0.00140652495226521));
#13846=CARTESIAN_POINT('',(-0.02339709043819,-0.0156363037152924,0.000362131768877561));
#13847=CARTESIAN_POINT('',(-0.0241293939999994,-0.0152909025999305,-0.000288212668117486));
#13848=CARTESIAN_POINT('',(-0.024129394,-0.0148024147526977,-0.00120797605404551));
#13849=CARTESIAN_POINT('',(-0.023396861760557,-0.0148574349267575,0.000680596563780101));
#13850=CARTESIAN_POINT('',(-0.0241293940000038,-0.0146937108752779,-4.39150088803382E-5));
#13851=CARTESIAN_POINT('',(-0.024129394,-0.0144621240030073,-0.00106870180837998));
#13852=CARTESIAN_POINT('',(-0.0233975656552564,-0.0143292162294585,0.000732253166440676));
#13853=CARTESIAN_POINT('',(-0.0241293939999836,-0.0142686501020507,1.20035165317699E-8));
#13854=CARTESIAN_POINT('',(-0.0241293940000001,-0.0141830275994447,-0.00103529632370734));
#13855=CARTESIAN_POINT('',(-0.0233971602389256,-0.0139949999999986,0.000732233761074953));
#13856=CARTESIAN_POINT('',(-0.0241293940000001,-0.0139959307396177,1.1830620474159E-9));
#13857=CARTESIAN_POINT('',(-0.0241293940000001,-0.0139972470047416,-0.00103553247785059));
#13858=CARTESIAN_POINT('',(-0.0233971609529664,-0.0209019069999985,-0.00366776773296622));
#13859=CARTESIAN_POINT('',(-0.0238599612590246,-0.0209019069999985,-0.00413056803902438));
#13860=CARTESIAN_POINT('',(-0.024129394,-0.0209019069999985,-0.00478103621643472));
#13861=CARTESIAN_POINT('',(-0.024129394,-0.0209019069999985,-0.00543553468593259));
#13862=CARTESIAN_POINT('',(7.0606000000091E-5,0.0233611999999987,-0.00103553390593273));
#13863=CARTESIAN_POINT('',(0.0192706060000002,0.0233611999999987,-0.00103553390593273));
#13864=CARTESIAN_POINT('',(-0.021629394,-0.0179393999999994,-0.00543553468593259));
#13865=CARTESIAN_POINT('',(-0.021629394,-0.0567399999999975,-0.00543553468593259));
#13866=CARTESIAN_POINT('',(0.0192706060000002,0.0208611999999987,-0.00103553390593273));
#13867=CARTESIAN_POINT('',(0.0217706060000003,0.0208611999999987,-0.00103553390593273));
#13868=CARTESIAN_POINT('',(-0.019129394,-0.0567399999999975,-0.00543553468593258));
#13869=CARTESIAN_POINT('',(-0.019129394,-0.0592399999999975,-0.00543553468593258));
#13870=CARTESIAN_POINT('',(0.0217706060000003,-0.0179393999999994,-0.00103553390593272));
#13871=CARTESIAN_POINT('',(0.0235383729529657,-0.0139950000011542,0.000732233047034607));
#13872=CARTESIAN_POINT('',(0.0240011729224222,-0.01399574900235,0.000269433077578564));
#13873=CARTESIAN_POINT('',(0.0242706056261291,-0.0139964980035459,-0.000381034484379741));
#13874=CARTESIAN_POINT('',(0.0242706059999998,-0.0139972470047417,-0.00103553247785058));
#13875=CARTESIAN_POINT('',(0.0242726060000002,-0.0592399999999975,-0.00543553468593258));
#13876=CARTESIAN_POINT('',(0.0192706060000002,-0.0592399999999975,-0.00543553468593258));
#13877=CARTESIAN_POINT('',(0.0235383722389258,-0.0139949999999986,0.000732233761074932));
#13878=CARTESIAN_POINT('',(0.0242706060000002,-0.0139959307396177,1.18306203202023E-9));
#13879=CARTESIAN_POINT('',(0.0242706060000002,-0.0139972470047417,-0.00103553247785059));
#13880=CARTESIAN_POINT('',(0.0235387691657369,-0.0143222155292431,0.000732252757381937));
#13881=CARTESIAN_POINT('',(0.0242706060000003,-0.0142629378184358,1.17724447046017E-8));
#13882=CARTESIAN_POINT('',(0.0242706060000003,-0.0141791361227021,-0.00103530127351693));
#13883=CARTESIAN_POINT('',(0.023538015188896,-0.0148277238938787,0.000686032620049216));
#13884=CARTESIAN_POINT('',(0.0242706060000003,-0.0146705301902855,-3.96012242871255E-5));
#13885=CARTESIAN_POINT('',(0.0242706060000002,-0.0144481737736258,-0.0010660098232834));
#13886=CARTESIAN_POINT('',(0.023538337264126,-0.0156050475544969,0.000377989548733923));
#13887=CARTESIAN_POINT('',(0.0242706060000002,-0.0152666462112131,-0.000275971583204579));
#13888=CARTESIAN_POINT('',(0.0242706060000002,-0.0147880672468895,-0.00120083163113563));
#13889=CARTESIAN_POINT('',(0.0235383010011515,-0.0161924931410031,7.3613713841118E-6));
#13890=CARTESIAN_POINT('',(0.0242706060000003,-0.0157371625363377,-0.000571124657476561));
#13891=CARTESIAN_POINT('',(0.0242706060000003,-0.0150931996566838,-0.00138925985811361));
#13892=CARTESIAN_POINT('',(0.0235384033169937,-0.0167121499665342,-0.000472765670506089));
#13893=CARTESIAN_POINT('',(0.0242706060000002,-0.0161810740963092,-0.000979034099978944));
#13894=CARTESIAN_POINT('',(0.0242706060000002,-0.015430039527471,-0.00169500088888188));
#13895=CARTESIAN_POINT('',(0.0235384273146785,-0.017296509334612,-0.00114740191068957));
#13896=CARTESIAN_POINT('',(0.0242706060000003,-0.0167177288406327,-0.00159683715904503));
#13897=CARTESIAN_POINT('',(0.0242706060000003,-0.0158992124065075,-0.00223238963283818));
#13898=CARTESIAN_POINT('',(0.0235379371742067,-0.0178411006599012,-0.00186800472025004));
#13899=CARTESIAN_POINT('',(0.0242706060000002,-0.0172614283673635,-0.0023155639230109));
#13900=CARTESIAN_POINT('',(0.0242706060000002,-0.016441532869785,-0.00294875437213252));
#13901=CARTESIAN_POINT('',(0.0235394115154951,-0.0184234223004552,-0.00255407669069103));
#13902=CARTESIAN_POINT('',(0.0242706060000002,-0.0178881189871414,-0.00305631149066967));
#13903=CARTESIAN_POINT('',(0.0242706060000003,-0.0171314404041142,-0.00376610038243372));
#13904=CARTESIAN_POINT('',(0.0235371382366764,-0.0190073769225448,-0.00307977761101948));
#13905=CARTESIAN_POINT('',(0.0242706060000003,-0.0185592825617966,-0.00366558225246169));
#13906=CARTESIAN_POINT('',(0.0242706060000003,-0.0179251649150034,-0.00449458911981223));
#13907=CARTESIAN_POINT('',(0.0235388709194525,-0.0194862730907205,-0.00336448915948666));
#13908=CARTESIAN_POINT('',(0.0242706060000003,-0.0191593081697927,-0.00402392214016924));
#13909=CARTESIAN_POINT('',(0.0242706060000003,-0.0186969661212955,-0.00495622067532458));
#13910=CARTESIAN_POINT('',(0.0235371482707092,-0.0199059345399722,-0.00352430694386076));
#13911=CARTESIAN_POINT('',(0.0242706060000002,-0.0196823937353153,-0.0042233735345475));
#13912=CARTESIAN_POINT('',(0.0242706060000002,-0.0193659856990071,-0.00521266735037518));
#13913=CARTESIAN_POINT('',(0.0235377146854882,-0.0202379230780125,-0.00361036523584739));
#13914=CARTESIAN_POINT('',(0.0242706060000003,-0.0200940689331086,-0.00433008747581749));
#13915=CARTESIAN_POINT('',(0.0242706060000002,-0.0198906414679673,-0.00534832830558895));
#13916=CARTESIAN_POINT('',(0.0235389030661277,-0.020517343695546,-0.00365227716982807));
#13917=CARTESIAN_POINT('',(0.0242706060000002,-0.0204405144075638,-0.00438099205606783));
#13918=CARTESIAN_POINT('',(0.0242706060000003,-0.0203319233149056,-0.00541124318092012));
#13919=CARTESIAN_POINT('',(0.0235391132381844,-0.0207612888961962,-0.00366773345359242));
#13920=CARTESIAN_POINT('',(0.0242706060000003,-0.0207315638025069,-0.00439969913254082));
#13921=CARTESIAN_POINT('',(0.0242706060000002,-0.0206895352408599,-0.00543442130741451));
#13922=CARTESIAN_POINT('',(0.0235385922056421,-0.0208633234286115,-0.00366812743222072));
#13923=CARTESIAN_POINT('',(0.024270606,-0.0208660001606795,-0.00440031803993732));
#13924=CARTESIAN_POINT('',(0.0242706060000002,-0.0208697717236961,-0.00543566349980521));
#13925=CARTESIAN_POINT('',(0.0235380657939914,-0.0209535910346151,-0.00366727220061698));
#13926=CARTESIAN_POINT('',(0.0242706060000002,-0.0209562599867183,-0.00439955304361975));
#13927=CARTESIAN_POINT('',(0.0242706060000002,-0.0209600351109279,-0.00543533451583812));
#13928=CARTESIAN_POINT('',(0.0242706060000002,-0.0209019069999985,-0.00543553468593258));
#13929=CARTESIAN_POINT('',(0.0242706060000002,-0.0209019069999985,-0.0047810362164347));
#13930=CARTESIAN_POINT('',(0.0240011732590248,-0.0209019069999985,-0.00413056803902436));
#13931=CARTESIAN_POINT('',(0.0235383729529666,-0.0209019069999985,-0.00366776773296619));
#13932=CARTESIAN_POINT('',(0.0192706060000002,-0.0567399999999975,-0.00543553468593258));
#13933=CARTESIAN_POINT('',(0.0217706060000003,-0.0567399999999975,-0.00543553468593257));
#13934=CARTESIAN_POINT('',(0.0217706060000003,-0.0179393999999994,-0.00543553468593258));
#13935=CARTESIAN_POINT('',(-0.022929394,-0.0179393999999991,-0.0135200007799997));
#13936=CARTESIAN_POINT('',(-0.022929394,-0.0162465636879209,-0.0134950007799997));
#13937=CARTESIAN_POINT('',(-0.0229293939999998,0.0137534363120791,-0.0134950007799997));
#13938=CARTESIAN_POINT('',(-0.022929394,-0.0179393999999991,-0.0135450007799997));
#13939=CARTESIAN_POINT('',(-0.0229293939999998,0.013753436312079,-0.0135450007799997));
#13940=CARTESIAN_POINT('',(-0.0229293939999998,0.0137534363120791,-0.0135200007799997));
#13941=CARTESIAN_POINT('',(-0.0219793939999998,0.013753436312079,-0.0135200007799997));
#13942=CARTESIAN_POINT('',(-0.0219793939999998,0.013753436312079,-0.0134950007799997));
#13943=CARTESIAN_POINT('',(-0.0219793939999998,0.013753436312079,-0.0135450007799997));
#13944=CARTESIAN_POINT('',(-0.0222833939999998,0.013753436312079,-0.0135200007799997));
#13945=CARTESIAN_POINT('',(-0.021979394,-0.0162465636879209,-0.0134950007799997));
#13946=CARTESIAN_POINT('',(-0.0222833939999998,0.00822213430311175,-0.0125949541145429));
#13947=CARTESIAN_POINT('',(-0.022387078001085,0.00812274439140574,-0.0126299744501983));
#13948=CARTESIAN_POINT('',(-0.0225218131052367,0.00808308305293644,-0.0127012486868265));
#13949=CARTESIAN_POINT('',(-0.0226293939999998,0.00808308305293644,-0.0128021804569721));
#13950=CARTESIAN_POINT('',(-0.021979394,-0.0179393999999991,-0.0135450007799997));
#13951=CARTESIAN_POINT('',(-0.0226293939999998,0.00808308305293644,-0.0142378211030272));
#13952=CARTESIAN_POINT('',(-0.0225216967302059,0.00808308305293644,-0.0143388620555503));
#13953=CARTESIAN_POINT('',(-0.0223873455496751,0.00812248792338226,-0.0144099367425188));
#13954=CARTESIAN_POINT('',(-0.0222833939999996,0.00822213430311116,-0.0144450474454569));
#13955=CARTESIAN_POINT('',(-0.0219793940000002,-0.046246563687921,-0.0135200007799997));
#13956=CARTESIAN_POINT('',(-0.0222833940000003,-0.046246563687921,-0.0135200007799997));
#13957=CARTESIAN_POINT('',(-0.0223793940000003,-0.046246563687921,-0.0135200007799997));
#13958=CARTESIAN_POINT('',(-0.0223793940000003,-0.046246563687921,-0.0147292727082324));
#13959=CARTESIAN_POINT('',(-0.0223793940000003,-0.046246563687921,-0.012310728851767));
#13960=CARTESIAN_POINT('',(-0.022379394,-0.0179393999999991,-0.0147292727082324));
#13961=CARTESIAN_POINT('',(-0.0222833939999999,-0.00159596819723852,-0.0144450474454565));
#13962=CARTESIAN_POINT('',(-0.0221838377401142,-0.00169140131880274,-0.0144786735941517));
#13963=CARTESIAN_POINT('',(-0.0221293939999998,-0.00181435949198093,-0.0145634414687135));
#13964=CARTESIAN_POINT('',(-0.0221293939999999,-0.00195691694706353,-0.0145634414687134));
#13965=CARTESIAN_POINT('',(-0.022379394,-0.0162465636879209,-0.012310728851767));
#13966=CARTESIAN_POINT('',(-0.0221293939999999,-0.00195691694706321,-0.0124765600912848));
#13967=CARTESIAN_POINT('',(-0.0221293939999999,-0.0018142219117724,-0.0124765600912848));
#13968=CARTESIAN_POINT('',(-0.0221838797857646,-0.00169136101447956,-0.0125613421671977));
#13969=CARTESIAN_POINT('',(-0.0222833939999999,-0.00159596819723853,-0.0125949541145429));
#13970=CARTESIAN_POINT('',(-0.0223793939999998,0.013753436312079,-0.0135200007799997));
#13971=CARTESIAN_POINT('',(0.0225206060000005,0.0137534363120787,-0.0135200007799997));
#13972=CARTESIAN_POINT('',(0.0225206060000005,0.0137534363120787,-0.0147292727082324));
#13973=CARTESIAN_POINT('',(0.0224246060000005,0.0137534363120787,-0.0144450474454565));
#13974=CARTESIAN_POINT('',(0.0224246060000005,0.0137534363120787,-0.0135200007799997));
#13975=CARTESIAN_POINT('',(0.0224246060000005,0.0137534363120787,-0.0125949541145428));
#13976=CARTESIAN_POINT('',(0.0225206060000005,0.0137534363120787,-0.012310728851767));
#13977=CARTESIAN_POINT('',(0.0225206060000003,-0.0162465636879213,-0.012310728851767));
#13978=CARTESIAN_POINT('',(0.0224246060000003,-0.0162465636879213,-0.0125949541145429));
#13979=CARTESIAN_POINT('',(0.022424606,-0.0462465636879213,-0.0125949541145429));
#13980=CARTESIAN_POINT('',(0.022520606,-0.0462465636879213,-0.012310728851767));
#13981=CARTESIAN_POINT('',(0.0225206060000002,-0.0179393999999994,-0.0147292727082324));
#13982=CARTESIAN_POINT('',(0.022520606,-0.0462465636879213,-0.0147292727082324));
#13983=CARTESIAN_POINT('',(0.022424606,-0.0462465636879213,-0.0144450474454566));
#13984=CARTESIAN_POINT('',(0.0224246060000002,-0.0179393999999994,-0.0144450474454565));
#13985=CARTESIAN_POINT('',(0.022520606,-0.0462465636879213,-0.0135200007799997));
#13986=CARTESIAN_POINT('',(0.022424606,-0.0462465636879213,-0.0135200007799997));
#13987=CARTESIAN_POINT('',(0.0230706060000003,-0.0179393999999994,-0.0135200007799997));
#13988=CARTESIAN_POINT('',(0.0230706060000003,-0.0179393999999994,-0.0134950007799997));
#13989=CARTESIAN_POINT('',(0.0230706060000005,0.0137534363120787,-0.0134950007799997));
#13990=CARTESIAN_POINT('',(0.023070606,-0.0462465636879213,-0.0134950007799997));
#13991=CARTESIAN_POINT('',(0.0230706060000005,0.0137534363120787,-0.0135200007799997));
#13992=CARTESIAN_POINT('',(0.0230706060000005,0.0137534363120787,-0.0135450007799997));
#13993=CARTESIAN_POINT('',(0.0230706060000003,-0.0179393999999994,-0.0135450007799997));
#13994=CARTESIAN_POINT('',(0.023070606,-0.0462465636879213,-0.0135450007799997));
#13995=CARTESIAN_POINT('',(0.023070606,-0.0462465636879213,-0.0135200007799997));
#13996=CARTESIAN_POINT('',(0.0221206060000005,0.0137534363120787,-0.0135200007799997));
#13997=CARTESIAN_POINT('',(0.0221206060000005,0.0137534363120787,-0.0135450007799997));
#13998=CARTESIAN_POINT('',(0.0221206060000005,0.0137534363120787,-0.0134950007799997));
#13999=CARTESIAN_POINT('',(0.0221206060000003,-0.0162465636879213,-0.0134950007799997));
#14000=CARTESIAN_POINT('',(0.022120606,-0.0462465636879213,-0.0134950007799997));
#14001=CARTESIAN_POINT('',(0.0221206060000003,-0.0179393999999994,-0.0135450007799997));
#14002=CARTESIAN_POINT('',(0.022120606,-0.0462465636879213,-0.0135450007799997));
#14003=CARTESIAN_POINT('',(0.022120606,-0.0462465636879213,-0.0135200007799997));
#14004=CARTESIAN_POINT('',(-0.0248476628357391,0.0065330830529365,-0.00740000076509879));
#14005=CARTESIAN_POINT('',(-0.0236293940000001,0.00653308305293649,-0.00740000076509879));
#14006=CARTESIAN_POINT('',(-0.0236293940000001,0.00653308305293649,-0.00895000076509876));
#14007=CARTESIAN_POINT('',(-0.0248476628357391,0.0065330830529365,-0.00895000076509877));
#14008=CARTESIAN_POINT('',(-0.0248476628357391,9.30830529367564E-5,-0.00895000076509877));
#14009=CARTESIAN_POINT('',(-0.0236293940000001,9.30830529367513E-5,-0.00895000076509876));
#14010=CARTESIAN_POINT('',(-0.0236293940000001,9.30830529367473E-5,-0.00895000076509877));
#14011=CARTESIAN_POINT('',(-0.0248476628357391,9.3083052936757E-5,-0.00895000076509877));
#14012=CARTESIAN_POINT('',(-0.0248476628357391,9.30830529367562E-5,-0.00740000076509879));
#14013=CARTESIAN_POINT('',(-0.0236293940000001,9.30830529367466E-5,-0.00740000076509879));
#14014=CARTESIAN_POINT('',(-0.0248476628357391,9.30830529367562E-5,-0.00669000076509881));
#14015=CARTESIAN_POINT('',(-0.0236293940000001,9.30830529367466E-5,-0.00669000076509881));
#14016=CARTESIAN_POINT('',(-0.0236293940000001,9.30830529367459E-5,-0.00514000076509883));
#14017=CARTESIAN_POINT('',(-0.0248476628357391,9.30830529367555E-5,-0.00514000076509883));
#14018=CARTESIAN_POINT('',(-0.0226293939999999,9.3083052936738E-5,-0.00514000076509883));
#14019=CARTESIAN_POINT('',(-0.0226293939999999,9.30830529367387E-5,-0.0066900007650988));
#14020=CARTESIAN_POINT('',(-0.0248476628357391,0.0065330830529365,-0.00514000076509883));
#14021=CARTESIAN_POINT('',(-0.0236293940000001,0.00653308305293649,-0.00514000076509883));
#14022=CARTESIAN_POINT('',(-0.0236293940000001,0.00653308305293649,-0.00514000076509883));
#14023=CARTESIAN_POINT('',(-0.0248476628357391,0.0065330830529365,-0.00514000076509883));
#14024=CARTESIAN_POINT('',(-0.0226293939999998,0.00653308305293648,-0.00514000076509883));
#14025=CARTESIAN_POINT('',(-0.0226293939999999,9.30830529367376E-5,-0.00514000076509883));
#14026=CARTESIAN_POINT('',(-0.0248476628357391,0.0065330830529365,-0.00669000076509881));
#14027=CARTESIAN_POINT('',(-0.0236293940000001,0.00653308305293649,-0.0066900007650988));
#14028=CARTESIAN_POINT('',(-0.0226293939999998,0.00653308305293648,-0.0066900007650988));
#14029=CARTESIAN_POINT('',(-0.0236293940000001,9.30830529367566E-5,-0.00945000076509876));
#14030=CARTESIAN_POINT('',(-0.0236293940000001,0.00653308305293649,-0.00945000076509876));
#14031=CARTESIAN_POINT('',(-0.0236293940000001,9.30830529367475E-5,-0.00945000076509876));
#14032=CARTESIAN_POINT('',(-0.0236293940000001,9.30830529367466E-5,-0.00740000076509879));
#14033=CARTESIAN_POINT('',(-0.0236293940000001,-0.00195691694706323,-0.00740000076509879));
#14034=CARTESIAN_POINT('',(-0.0236293940000001,0.00653308305293649,-0.00740000076509879));
#14035=CARTESIAN_POINT('',(-0.0236293940000001,0.00858308305293647,-0.00740000076509879));
#14036=CARTESIAN_POINT('',(-0.0236293940000001,-0.00195691694706321,-0.00683800076509881));
#14037=CARTESIAN_POINT('',(-0.0236293940000001,-0.00195691694706321,-0.00669000076509881));
#14038=CARTESIAN_POINT('',(-0.0236293940000001,0.00858308305293644,-0.00683800076509881));
#14039=CARTESIAN_POINT('',(-0.0236293940000001,0.00858308305293644,-0.0066900007650988));
#14040=CARTESIAN_POINT('',(-0.0236293940000001,9.30830529367466E-5,-0.00669000076509881));
#14041=CARTESIAN_POINT('',(-0.0236293940000001,9.30830529367457E-5,-0.00464000076509883));
#14042=CARTESIAN_POINT('',(-0.0236293940000001,0.00653308305293649,-0.0066900007650988));
#14043=CARTESIAN_POINT('',(-0.0236293940000001,0.00653308305293649,-0.00464000076509883));
#14044=CARTESIAN_POINT('',(-0.0236293940000001,0.0065330830529365,-0.00464000076509883));
#14045=CARTESIAN_POINT('',(-0.0226293939999998,0.00858308305293644,2.00000000000027E-6));
#14046=CARTESIAN_POINT('',(-0.0226293939999998,0.00858308305293644,-0.0066900007650988));
#14047=CARTESIAN_POINT('',(-0.0226293939999998,0.00653308305293648,-0.0066900007650988));
#14048=CARTESIAN_POINT('',(-0.0226293939999998,0.00653308305293648,-0.00464000076509882));
#14049=CARTESIAN_POINT('',(-0.0226293939999998,0.00653308305293648,-0.00464000076509883));
#14050=CARTESIAN_POINT('',(-0.0226293939999999,9.30830529367377E-5,-0.00464000076509883));
#14051=CARTESIAN_POINT('',(-0.0226293939999999,9.30830529367387E-5,-0.0066900007650988));
#14052=CARTESIAN_POINT('',(-0.0226293939999999,-0.00195691694706324,-0.00669000076509881));
#14053=CARTESIAN_POINT('',(-0.0226293939999999,-0.00195691694706321,-0.00683800076509881));
#14054=CARTESIAN_POINT('',(0.009500606,0.0228611999999987,-0.00662000077999985));
#14055=CARTESIAN_POINT('',(-0.0191293940000405,0.0213612000000394,-0.0153950007799997));
#14056=CARTESIAN_POINT('',(-0.0191293940000405,0.0243611999999987,-0.0148950007799997));
#14057=CARTESIAN_POINT('',(7.06060000000876E-5,-0.0607399999999975,-0.0153950007799997));
#14058=CARTESIAN_POINT('',(-0.0186293940000411,-0.0602399999999975,-0.0148950007799997));
#14059=CARTESIAN_POINT('',(0.0192706060000407,-0.0607399999999975,-0.0153950007799997));
#14060=CARTESIAN_POINT('',(7.06060000001153E-5,0.0243611999999987,-0.0148950007799997));
#14061=CARTESIAN_POINT('',(0.0192706060000413,0.0243611999999987,-0.0148950007799997));
#14062=CARTESIAN_POINT('',(0.0192706060000407,-0.0572400000000382,-0.0153950007799997));
#14063=CARTESIAN_POINT('',(0.022770606,-0.0572400000000382,-0.0153950007799997));
#14064=CARTESIAN_POINT('',(0.0192706060000413,0.0213612000000394,-0.0153950007799997));
#14065=CARTESIAN_POINT('',(0.0222706060000006,0.0213612000000394,-0.0148950007799997));
#14066=CARTESIAN_POINT('',(0.0227706060000002,-0.0179393999999996,-0.0153950007799997));
#14067=CARTESIAN_POINT('',(7.06060000000876E-5,-0.0179393999999994,-0.0143950007799997));
#14068=CARTESIAN_POINT('',(-0.0221293940000004,-0.0577400000000382,-0.0143950007799997));
#14069=CARTESIAN_POINT('',(-0.019629394,-0.0617400000000112,-0.0143950007799997));
#14070=CARTESIAN_POINT('',(-0.0196293940000206,-0.0609900000000112,-0.0148950007799997));
#14071=CARTESIAN_POINT('',(-0.0191293940000411,-0.0602399999999975,-0.0148950007799997));
#14072=CARTESIAN_POINT('',(-0.018629394001197,-0.0179394000005105,-0.0148950007799997));
#14073=CARTESIAN_POINT('',(-0.0231168625927647,-0.0577400000000382,-0.0148950007799997));
#14074=CARTESIAN_POINT('',(-0.0241043311855291,-0.0572400000000382,-0.0148950007799997));
#14075=CARTESIAN_POINT('',(7.06060000000876E-5,-0.0567400000000382,-0.0148950007799997));
#14076=CARTESIAN_POINT('',(0.0242726060000002,-0.0413209534999978,-0.00640000077999985));
#14077=CARTESIAN_POINT('',(7.06059999998024E-5,-0.0578399999999975,-0.00640000077999985));
#14078=CARTESIAN_POINT('',(-0.000829394000000237,-0.0578399999999975,-0.00640000077999985));
#14079=CARTESIAN_POINT('',(7.06059999998024E-5,-0.0578399999999975,0.245422620355332));
#14080=CARTESIAN_POINT('',(7.06059999998024E-5,-0.0578399999999975,-0.00690000077999983));
#14081=CARTESIAN_POINT('',(-0.0013293940000002,-0.0578399999999975,-0.00690000077999983));
#14082=CARTESIAN_POINT('',(7.06059999998024E-5,-0.0578399999999975,-0.0108950007799997));
#14083=CARTESIAN_POINT('',(-0.0013293940000002,-0.0578399999999975,-0.0108950007799997));
#14084=CARTESIAN_POINT('',(0.0242726060000002,-0.0413209534999978,-0.00640000077999985));
#14085=CARTESIAN_POINT('',(7.06060000004213E-5,0.0219611999999987,-0.00640000077999985));
#14086=CARTESIAN_POINT('',(-0.000829393999999618,0.0219611999999987,-0.00640000077999985));
#14087=CARTESIAN_POINT('',(7.06060000004213E-5,0.0219611999999987,0.245422620355332));
#14088=CARTESIAN_POINT('',(7.06060000004213E-5,0.0219611999999987,-0.00690000077999983));
#14089=CARTESIAN_POINT('',(-0.00132939399999958,0.0219611999999987,-0.00690000077999983));
#14090=CARTESIAN_POINT('',(7.06060000004213E-5,0.0219611999999987,-0.0108950007799997));
#14091=CARTESIAN_POINT('',(-0.00132939399999958,0.0219611999999987,-0.0108950007799997));
#14092=CARTESIAN_POINT('',(7.06060000004213E-5,0.0219611999999987,-0.00690000077999983));
#14093=CARTESIAN_POINT('',(7.06059999998024E-5,-0.0578399999999975,-0.00690000077999983));
#14094=CARTESIAN_POINT('',(7.06060000004213E-5,0.0219611999999987,-0.0108950007799997));
#14095=CARTESIAN_POINT('',(7.06059999998024E-5,-0.0578399999999975,-0.0108950007799997));
#14096=CARTESIAN_POINT('',(-0.0207441429589288,-0.000394979807499586,0.0004));
#14097=CARTESIAN_POINT('',(-0.0191441429589289,-0.000394979807499586,0.0004));
#14098=CARTESIAN_POINT('',(-0.0199441429589289,0.00140502019250041,0.0004));
#14099=CARTESIAN_POINT('',(-0.0199441429589289,-0.00239497980749959,0.0002));
#14100=CARTESIAN_POINT('',(0.00539454342694026,0.0213891999999987,-0.00679265748204816));
#14101=CARTESIAN_POINT('',(0.00539454342694026,0.0213911999999987,-0.00679265748204816));
#14102=CARTESIAN_POINT('',(0.009500606,0.0213911999999987,-0.00662000077999985));
#14103=CARTESIAN_POINT('',(0.0136066685730597,0.0213891999999987,-0.00679265748204816));
#14104=CARTESIAN_POINT('',(0.0136066685730597,0.0213911999999987,-0.00679265748204816));
#14105=CARTESIAN_POINT('',(0.009500606,0.0213911999999987,-0.00662000077999985));
#14106=CARTESIAN_POINT('',(-0.0226293939999998,0.00858308305293644,-0.0363950007799997));
#14107=CARTESIAN_POINT('',(-0.0226293939999999,-0.00195691694706321,-0.0363950007799997));
#14108=CARTESIAN_POINT('',(-0.0226649279059328,0.0243967339059314,-0.00719750038999985));
#14109=CARTESIAN_POINT('',(-0.0238178004040394,0.0208964002963573,-0.00570898999644384));
#14110=CARTESIAN_POINT('',(-0.0238414774329299,0.0213279422682251,-0.00565888653912511));
#14111=CARTESIAN_POINT('',(-0.0237079650774723,0.0222305648082521,-0.00590755413534202));
#14112=CARTESIAN_POINT('',(-0.0234135051963883,0.0227627362690105,-0.007196931358005));
#14113=CARTESIAN_POINT('',(-0.0237087614739939,0.0222277569385997,-0.00849029883459489));
#14114=CARTESIAN_POINT('',(-0.0238414707284404,0.0213278200709408,-0.00873610005336371));
#14115=CARTESIAN_POINT('',(-0.0238178004040394,0.0208964002963573,-0.00868601078355585));
#14116=CARTESIAN_POINT('',(-0.0238178004040394,0.0208964002963573,-0.00570898999644384));
#14117=CARTESIAN_POINT('',(-0.0238178004040394,0.0208964002963573,-0.00868601078355585));
#14118=CARTESIAN_POINT('',(-0.0238178004040394,0.0208964002963573,-0.00868601078355585));
#14119=CARTESIAN_POINT('',(-0.0237974827690357,0.0205260872679053,-0.00864301621008411));
#14120=CARTESIAN_POINT('',(-0.0237711483146988,0.0198179999747977,-0.00830333275031863));
#14121=CARTESIAN_POINT('',(-0.0237596373988557,0.0193690700110492,-0.00719697858909822));
#14122=CARTESIAN_POINT('',(-0.0237711870541527,0.0198191710293504,-0.00609069587211288));
#14123=CARTESIAN_POINT('',(-0.0237974862022952,0.0205261498431367,-0.00575197730472322));
#14124=CARTESIAN_POINT('',(-0.0238178004040394,0.0208964002963573,-0.00570898999644384));
#14125=CARTESIAN_POINT('',(-0.0191645942963587,0.025549606404038,-0.00868601078355585));
#14126=CARTESIAN_POINT('',(-0.0195961362682265,0.0255732834329285,-0.00873611424087456));
#14127=CARTESIAN_POINT('',(-0.0204987588082535,0.0254397710774709,-0.00848744664465768));
#14128=CARTESIAN_POINT('',(-0.0210309302690118,0.025145311196387,-0.00719806942199467));
#14129=CARTESIAN_POINT('',(-0.0204959509386011,0.0254405674739925,-0.00590470194540484));
#14130=CARTESIAN_POINT('',(-0.0195960140709422,0.025573276728439,-0.005658900726636));
#14131=CARTESIAN_POINT('',(-0.0191645942963586,0.025549606404038,-0.00570898999644384));
#14132=CARTESIAN_POINT('',(-0.0191645942963586,0.025549606404038,-0.00868601078355585));
#14133=CARTESIAN_POINT('',(-0.0191645942963586,0.025549606404038,-0.00570898999644384));
#14134=CARTESIAN_POINT('',(-0.0191645942963586,0.025549606404038,-0.00570898999644384));
#14135=CARTESIAN_POINT('',(-0.0187942812679067,0.0255292887690343,-0.00575198456991557));
#14136=CARTESIAN_POINT('',(-0.018086193974799,0.0255029543146974,-0.00609166802968106));
#14137=CARTESIAN_POINT('',(-0.0176372640110505,0.0254914433988543,-0.00719802219090146));
#14138=CARTESIAN_POINT('',(-0.0180873650293517,0.0255029930541514,-0.00830430490788684));
#14139=CARTESIAN_POINT('',(-0.0187943438431381,0.0255292922022938,-0.00864302347527648));
#14140=CARTESIAN_POINT('',(-0.0191645942963586,0.025549606404038,-0.00868601078355585));
#14141=CARTESIAN_POINT('',(-0.0238178004040394,0.0208964002963573,-0.00868601078355585));
#14142=CARTESIAN_POINT('',(-0.024129394,0.0208978153065927,-0.00867404351247971));
#14143=CARTESIAN_POINT('',(-0.024129394,0.0208611999999987,-0.00898371286226705));
#14144=CARTESIAN_POINT('',(-0.0238418038057466,0.0213338908356627,-0.00873680488940156));
#14145=CARTESIAN_POINT('',(-0.0241255630601784,0.0213414296797619,-0.00875064727221409));
#14146=CARTESIAN_POINT('',(-0.024129394,0.021409606078219,-0.00904466577443913));
#14147=CARTESIAN_POINT('',(-0.0237058063679915,0.0222347526913544,-0.0084823940182234));
#14148=CARTESIAN_POINT('',(-0.0239471363936003,0.0223623621380331,-0.00848061741636368));
#14149=CARTESIAN_POINT('',(-0.0239018321578738,0.0225365607316508,-0.0087393727508762));
#14150=CARTESIAN_POINT('',(-0.0234149822682986,0.0227592411716182,-0.00719692819345607));
#14151=CARTESIAN_POINT('',(-0.0236949341298482,0.0229023531923804,-0.00719683318782482));
#14152=CARTESIAN_POINT('',(-0.0235339374376136,0.0232068785279243,-0.00719681375188318));
#14153=CARTESIAN_POINT('',(-0.0237050118956518,0.0222375494454496,-0.00591546496802076));
#14154=CARTESIAN_POINT('',(-0.0239463287251961,0.0223653349990334,-0.00591726653168595));
#14155=CARTESIAN_POINT('',(-0.0239007037452049,0.0225400797411335,-0.00565905788567339));
#14156=CARTESIAN_POINT('',(-0.0238418091635921,0.0213339883791512,-0.00565818456570909));
#14157=CARTESIAN_POINT('',(-0.0241255622510787,0.0213415240210071,-0.00564433720041977));
#14158=CARTESIAN_POINT('',(-0.024129394,0.021409728349357,-0.00535032139758062));
#14159=CARTESIAN_POINT('',(-0.0238178004040394,0.0208964002963573,-0.00570898999644384));
#14160=CARTESIAN_POINT('',(-0.024129394,0.0208978153065927,-0.00572095726751998));
#14161=CARTESIAN_POINT('',(-0.024129394,0.0208611999999987,-0.00541128791773264));
#14162=CARTESIAN_POINT('',(-0.023829394,0.0208611999999987,-0.00898371286226705));
#14163=CARTESIAN_POINT('',(-0.023829394,0.0208611999999987,-0.00541128791773264));
#14164=CARTESIAN_POINT('',(-0.0238178004040394,0.0208964002963573,-0.00570898999644384));
#14165=CARTESIAN_POINT('',(-0.0241293940000001,0.0208978153065927,-0.00572095726751998));
#14166=CARTESIAN_POINT('',(-0.0241293940000001,0.0208611999999987,-0.00541128791773264));
#14167=CARTESIAN_POINT('',(-0.0237972030804382,0.0205209895389229,-0.00575257643334867));
#14168=CARTESIAN_POINT('',(-0.0241293939999941,0.0205140051012393,-0.00578872924402966));
#14169=CARTESIAN_POINT('',(-0.0241293940000001,0.020418847831069,-0.00546359165401473));
#14170=CARTESIAN_POINT('',(-0.0237711378514201,0.0198160643829702,-0.00609572452767039));
#14171=CARTESIAN_POINT('',(-0.0241293940000031,0.0198551010982219,-0.00617200022821761));
#14172=CARTESIAN_POINT('',(-0.0241293940000001,0.0195808094000916,-0.00587536934979972));
#14173=CARTESIAN_POINT('',(-0.0237596761294595,0.019371048331578,-0.00719620019121118));
#14174=CARTESIAN_POINT('',(-0.0241293939999988,0.0194719593311901,-0.00719638096425997));
#14175=CARTESIAN_POINT('',(-0.024129394,0.019049808081596,-0.00719594015237572));
#14176=CARTESIAN_POINT('',(-0.023771042672298,0.0198131960863848,-0.00829690753710934));
#14177=CARTESIAN_POINT('',(-0.0241293940000019,0.0198524193772937,-0.0082205420276189));
#14178=CARTESIAN_POINT('',(-0.0241293940000001,0.0195773955255536,-0.00851678896824689));
#14179=CARTESIAN_POINT('',(-0.0237971973149908,0.0205208844676295,-0.00864241214754777));
#14180=CARTESIAN_POINT('',(-0.0241293939999968,0.0205138936962129,-0.00860625187078744));
#14181=CARTESIAN_POINT('',(-0.0241293940000001,0.0204187240233173,-0.0089313944944393));
#14182=CARTESIAN_POINT('',(-0.0238178004040394,0.0208964002963573,-0.00868601078355585));
#14183=CARTESIAN_POINT('',(-0.0241293940000001,0.0208978153065927,-0.00867404351247971));
#14184=CARTESIAN_POINT('',(-0.0241293940000001,0.0208611999999987,-0.00898371286226705));
#14185=CARTESIAN_POINT('',(-0.0191645942963586,0.025549606404038,-0.00570898999644384));
#14186=CARTESIAN_POINT('',(-0.019166009306594,0.0258611999999987,-0.00572095726751998));
#14187=CARTESIAN_POINT('',(-0.019129394,0.0258611999999987,-0.00541128791773264));
#14188=CARTESIAN_POINT('',(-0.0196020848356631,0.0255736098057428,-0.00565819589059814));
#14189=CARTESIAN_POINT('',(-0.0196096236797659,0.0258573690601695,-0.00564435350779746));
#14190=CARTESIAN_POINT('',(-0.0196778000782203,0.0258611999999987,-0.00535033500556911));
#14191=CARTESIAN_POINT('',(-0.0205029466913562,0.0254376123679914,-0.00591260676177629));
#14192=CARTESIAN_POINT('',(-0.0206305561380304,0.025678942393603,-0.00591438336362957));
#14193=CARTESIAN_POINT('',(-0.0208047547316522,0.0256336381578725,-0.00565562802911923));
#14194=CARTESIAN_POINT('',(-0.0210274351716196,0.0251467882682966,-0.00719807258654366));
#14195=CARTESIAN_POINT('',(-0.0211705471923833,0.0254267401298448,-0.00719816759217911));
#14196=CARTESIAN_POINT('',(-0.0214750725279256,0.0252657434376123,-0.00719818702811869));
#14197=CARTESIAN_POINT('',(-0.0205057434454505,0.025436817895652,-0.00847953581197883));
#14198=CARTESIAN_POINT('',(-0.0206335289990351,0.025678134725197,-0.00847773424830796));
#14199=CARTESIAN_POINT('',(-0.0208082737411349,0.0256325097452035,-0.00873594289432193));
#14200=CARTESIAN_POINT('',(-0.0196021823791536,0.0255736151635877,-0.00873681621429084));
#14201=CARTESIAN_POINT('',(-0.0196097180210065,0.025857368251073,-0.00875066357959057));
#14202=CARTESIAN_POINT('',(-0.0196779223493583,0.0258611999999987,-0.00904467938242785));
#14203=CARTESIAN_POINT('',(-0.0191645942963586,0.025549606404038,-0.00868601078355585));
#14204=CARTESIAN_POINT('',(-0.019166009306594,0.0258611999999987,-0.00867404351247971));
#14205=CARTESIAN_POINT('',(-0.019129394,0.0258611999999987,-0.00898371286226705));
#14206=CARTESIAN_POINT('',(-0.019129394,0.0255611999999987,-0.00541128791773264));
#14207=CARTESIAN_POINT('',(-0.019129394,0.0255611999999987,-0.00898371286226705));
#14208=CARTESIAN_POINT('',(-0.0191645942963586,0.025549606404038,-0.00868601078355585));
#14209=CARTESIAN_POINT('',(-0.019166009306594,0.0258611999999987,-0.00867404351247971));
#14210=CARTESIAN_POINT('',(-0.0191293940000001,0.0258611999999987,-0.00898371286226705));
#14211=CARTESIAN_POINT('',(-0.0187891835389226,0.0255290090804367,-0.00864242434665084));
#14212=CARTESIAN_POINT('',(-0.0187821991012336,0.0258611999999987,-0.00860627153597413));
#14213=CARTESIAN_POINT('',(-0.018687041831068,0.0258611999999987,-0.00893140912599172));
#14214=CARTESIAN_POINT('',(-0.0180842583829724,0.0255029438514188,-0.0082992762523294));
#14215=CARTESIAN_POINT('',(-0.0181232950982274,0.0258611999999987,-0.00822300055178007));
#14216=CARTESIAN_POINT('',(-0.017849003400094,0.0258611999999987,-0.00851963143019661));
#14217=CARTESIAN_POINT('',(-0.0176392423315789,0.0254914821294582,-0.00719880058878851));
#14218=CARTESIAN_POINT('',(-0.0177401533311896,0.0258611999999987,-0.00719861981574104));
#14219=CARTESIAN_POINT('',(-0.0173180020815974,0.0258611999999987,-0.00719906062762565));
#14220=CARTESIAN_POINT('',(-0.0180813900863869,0.0255028486722966,-0.00609809324289028));
#14221=CARTESIAN_POINT('',(-0.0181206133772979,0.0258611999999987,-0.00617445875237701));
#14222=CARTESIAN_POINT('',(-0.0178455895255539,0.0258611999999987,-0.00587821181174943));
#14223=CARTESIAN_POINT('',(-0.0187890784676292,0.0255290033149897,-0.00575258863245212));
#14224=CARTESIAN_POINT('',(-0.0187820876962094,0.0258611999999988,-0.00578874890921992));
#14225=CARTESIAN_POINT('',(-0.018686918023321,0.0258611999999987,-0.00546360628556715));
#14226=CARTESIAN_POINT('',(-0.0191645942963586,0.025549606404038,-0.00570898999644384));
#14227=CARTESIAN_POINT('',(-0.019166009306594,0.0258611999999987,-0.00572095726751998));
#14228=CARTESIAN_POINT('',(-0.019129394,0.0258611999999987,-0.00541128791773264));
#14229=MECHANICAL_DESIGN_GEOMETRIC_PRESENTATION_REPRESENTATION('',(#7802),
#14230);
#14230=(
GEOMETRIC_REPRESENTATION_CONTEXT(3)
GLOBAL_UNCERTAINTY_ASSIGNED_CONTEXT((#14231))
GLOBAL_UNIT_ASSIGNED_CONTEXT((#14234,#14233,#14232))
REPRESENTATION_CONTEXT('Top_shell','TOP_LEVEL_ASSEMBLY_PART')
);
#14231=UNCERTAINTY_MEASURE_WITH_UNIT(LENGTH_MEASURE(2.00000000003044E-5),
#14234,'DISTANCE_ACCURACY_VALUE','Maximum Tolerance applied to model');
#14232=(
NAMED_UNIT(*)
SI_UNIT($,.STERADIAN.)
SOLID_ANGLE_UNIT()
);
#14233=(
NAMED_UNIT(*)
PLANE_ANGLE_UNIT()
SI_UNIT($,.RADIAN.)
);
#14234=(
LENGTH_UNIT()
NAMED_UNIT(*)
SI_UNIT($,.METRE.)
);
#14235=PRODUCT_DEFINITION_SHAPE('','',#14236);
#14236=PRODUCT_DEFINITION('','',#14238,#14237);
#14237=PRODUCT_DEFINITION_CONTEXT('',#14244,'design');
#14238=PRODUCT_DEFINITION_FORMATION_WITH_SPECIFIED_SOURCE('','',#14240,
 .NOT_KNOWN.);
#14239=PRODUCT_RELATED_PRODUCT_CATEGORY('','',(#14240));
#14240=PRODUCT('Top_shell','Top_shell','Top_shell',(#14242));
#14241=PRODUCT_CATEGORY('','');
#14242=PRODUCT_CONTEXT('',#14244,'mechanical');
#14243=APPLICATION_PROTOCOL_DEFINITION('international standard',
'ap242_managed_model_based_3d_engineering',2020,#14244);
#14244=APPLICATION_CONTEXT('managed model based 3d engineering');
ENDSEC;
END-ISO-10303-21;
